timestamp,rig_id,hour,day,day_of_week,base_load,power_consumption,temperature,vibration,pressure,flow_rate,bearing_temperature,operational_mode,failure_indicator,failure_flag,estimated_rul
2024-01-01 00:00:00,RIG_001,0,1,0,40.0,42.65570432661451,46.36784521499993,0.4463314786499106,40.57827931903048,66.06302026063437,51.308224308895,STANDBY,0,0,30.0
2024-01-01 01:00:00,RIG_001,1,1,0,40.0,39.50167436446459,45.198194888494235,0.5109705351668077,39.99146406073294,60.72160013456439,49.87640059106141,STANDBY,0,0,30.139082058414466
2024-01-01 02:00:00,RIG_001,2,1,0,40.0,43.452300869586146,49.714908072925994,0.42029625995748154,42.559936981807105,63.09214741009764,58.375756762179144,STANDBY,0,0,30.27816411682893
2024-01-01 03:00:00,RIG_001,3,1,0,40.0,47.84986976988498,53.72198119241266,0.42775275420471864,37.468688774502034,60.83999788901281,55.491943809999626,STANDBY,0,0,30.417246175243392
2024-01-01 04:00:00,RIG_001,4,1,0,42.5,41.584815922990344,52.26797809913987,0.4260087804092158,39.18280339121699,67.5626134103297,54.98042038170007,STANDBY,0,0,30.556328233657858
2024-01-01 05:00:00,RIG_001,5,1,0,50.94133342141177,50.04709374203507,61.97811296193357,0.4377639332526807,42.93434082006771,70.70599420692984,70.08702163815101,STANDBY,0,0,30.695410292072324
2024-01-01 06:00:00,RIG_001,6,1,0,60.0,68.19337149166832,70.5621284400129,0.5479151789740546,49.4485007857708,70.92809263224007,73.77552363446132,HIGH_PRODUCTION,0,0,30.834492350486787
2024-01-01 07:00:00,RIG_001,7,1,0,69.05866657858823,73.21400994724631,74.40236384009106,0.4427207970555145,47.31969759179917,75.03479491672992,82.10396307208583,HIGH_PRODUCTION,0,0,30.97357440890125
2024-01-01 08:00:00,RIG_001,8,1,0,77.5,75.49166010198093,76.5363576051595,0.4782414852178879,45.11980961341148,73.17335836739605,86.63466555418563,HIGH_PRODUCTION,0,0,31.112656467315716
2024-01-01 09:00:00,RIG_001,9,1,0,84.74873734152916,87.82143189987686,86.88785330953466,0.5150811037235916,53.19478086690149,72.33625325333526,90.68246822870977,HIGH_PRODUCTION,0,0,31.251738525730183
2024-01-01 10:00:00,RIG_001,10,1,0,90.31088913245534,88.37455731757308,89.88668367507177,0.6182023338879766,50.82291455174201,75.27689708838095,96.93077065479768,HIGH_PRODUCTION,0,0,31.390820584144645
2024-01-01 11:00:00,RIG_001,11,1,0,93.8074039201174,91.88037411020831,95.0,0.6672914015299577,50.59076020937136,77.95989613337836,96.53892315598043,HIGH_PRODUCTION,0,0,31.529902642559108
2024-01-01 12:00:00,RIG_001,12,1,0,95.0,96.63229262453456,94.9441529766484,0.5913503557506243,52.90938237670719,77.62604463113003,102.20835287085183,HIGH_PRODUCTION,0,0,31.668984700973574
2024-01-01 13:00:00,RIG_001,13,1,0,93.8074039201174,84.68434627229495,88.9855902769673,0.5528442196949365,50.80203585276203,74.74934404938337,94.58386223492761,HIGH_PRODUCTION,0,0,31.80806675938804
2024-01-01 14:00:00,RIG_001,14,1,0,90.31088913245536,82.15050585411892,86.18566095060136,0.5577427209892258,49.32813713445331,74.37095308370833,92.604775797082,HIGH_PRODUCTION,0,0,31.947148817802503
2024-01-01 15:00:00,RIG_001,15,1,0,84.74873734152916,82.42236788831518,87.48706152937767,0.6137059423002228,46.19445985788066,74.48407487289818,90.55034531327148,HIGH_PRODUCTION,0,0,32.086230876216966
2024-01-01 16:00:00,RIG_001,16,1,0,77.5,72.94177490008094,82.81892979179582,0.48135891972923983,50.029576118794495,72.03930794151674,82.83567954509431,HIGH_PRODUCTION,0,0,32.22531293463143
2024-01-01 17:00:00,RIG_001,17,1,0,69.05866657858823,71.15669605207982,73.70283244622743,0.5348461172651623,50.338924095577404,68.16519361643415,80.21258864047594,HIGH_PRODUCTION,0,0,32.3643949930459
2024-01-01 18:00:00,RIG_001,18,1,0,60.00000000000001,56.00753474167136,62.625641959966366,0.526796393919977,45.30492766809685,64.65121197511759,61.435432502528,HIGH_PRODUCTION,0,0,32.503477051460365
2024-01-01 19:00:00,RIG_001,19,1,0,50.94133342141177,44.44833234277488,56.68676879898291,0.4689699419648162,38.83671174484409,59.48074690573256,60.73471732225531,HIGH_PRODUCTION,0,0,32.642559109874824
2024-01-01 20:00:00,RIG_001,20,1,0,42.500000000000014,50.41762358140952,57.61435712809834,0.4718585162473229,42.20142282745734,68.05873372348145,65.43790272735825,HIGH_PRODUCTION,0,0,32.78164116828929
2024-01-01 21:00:00,RIG_001,21,1,0,40.0,39.48136054313123,51.725376727858425,0.48017927916456576,39.85729750532389,55.52746733741839,57.301069935477535,HIGH_PRODUCTION,0,0,32.92072322670376
2024-01-01 22:00:00,RIG_001,22,1,0,40.0,40.96874537776569,48.82090036703583,0.2999838426238081,41.43977512356524,65.75139464328048,59.66592830140527,STANDBY,0,0,33.059805285118216
2024-01-01 23:00:00,RIG_001,23,1,0,40.0,33.52822573202097,41.67094464732592,0.447273992546739,39.718737410441406,64.21751591139483,49.74627210507124,STANDBY,0,0,33.19888734353268
2024-01-02 00:00:00,RIG_001,0,2,1,38.26446504352977,36.38746294742339,45.013787429838644,0.3898104822936876,37.628518139298855,60.009697123279146,48.05209226486191,STANDBY,0,0,33.33796940194715
2024-01-02 01:00:00,RIG_001,1,2,1,38.26446504352977,39.6848518273608,48.30091164726974,0.341431116480706,40.08520406966732,54.09604428472634,53.38285178682406,STANDBY,0,0,33.477051460361615
2024-01-02 02:00:00,RIG_001,2,2,1,38.26446504352977,33.396133300462125,44.750441112396494,0.44021306395273974,39.26359413434601,58.934908304236764,49.608329004763185,STANDBY,0,0,33.61613351877608
2024-01-02 03:00:00,RIG_001,3,2,1,38.26446504352977,41.050453588064165,49.98796596556071,0.5068551503311025,43.17425804130957,62.12258359255279,50.24143567552233,STANDBY,0,0,33.75521557719054
2024-01-02 04:00:00,RIG_001,4,2,1,40.65599410875038,38.58116142072456,51.282046231613045,0.4244482490732091,41.05430343483059,58.54255376643063,53.460849482159986,STANDBY,0,0,33.89429763560501
2024-01-02 05:00:00,RIG_001,5,2,1,48.73107179936014,48.22182612072413,59.20113449250565,0.5084427244983972,43.633569904932074,62.92089265479252,62.51885177156607,STANDBY,0,0,34.03337969401947
2024-01-02 06:00:00,RIG_001,6,2,1,57.39669756529465,55.35824988324021,65.97926791201918,0.5633785095588887,44.007215726668775,71.19806056156212,64.87060640345138,HIGH_PRODUCTION,0,0,34.17246175243393
2024-01-02 07:00:00,RIG_001,7,2,1,66.06232333122918,76.31466194162859,79.1567693009766,0.6119358837474816,51.89958377581415,74.8891800693938,84.29924970573154,HIGH_PRODUCTION,0,0,34.3115438108484
2024-01-02 08:00:00,RIG_001,8,2,1,74.13740102183893,75.08172489476614,78.71479877622598,0.6250459046299196,49.58995681561053,69.75082512529555,82.96758324226685,HIGH_PRODUCTION,0,0,34.450625869262865
2024-01-02 09:00:00,RIG_001,9,2,1,81.07162743720572,76.81574509780528,82.03972868104219,0.5859124415577197,47.48176045410418,68.25192602055529,82.02104697710747,HIGH_PRODUCTION,0,0,34.58970792767733
2024-01-02 10:00:00,RIG_001,10,2,1,86.39244650647325,91.55870568113042,94.27644457197047,0.5973629589328381,55.696416360532986,76.4865597515098,100.48908316780246,HIGH_PRODUCTION,0,0,34.7287899860918
2024-01-02 11:00:00,RIG_001,11,2,1,89.73725320314024,84.70743187618852,86.91799439405118,0.49349549321173225,52.57266451412519,74.77185922480524,94.06561262812406,HIGH_PRODUCTION,0,0,34.86787204450626
2024-01-02 12:00:00,RIG_001,12,2,1,90.87810447838321,93.01768168507255,94.54795562878932,0.5867777370604031,52.36833237901117,79.39390206761172,100.22905906538399,HIGH_PRODUCTION,0,0,35.00695410292072
2024-01-02 13:00:00,RIG_001,13,2,1,89.73725320314024,81.05502412416911,85.57374346015929,0.5215868872520385,49.30477009624379,72.71055709954776,89.60153893453239,HIGH_PRODUCTION,0,0,35.14603616133519
2024-01-02 14:00:00,RIG_001,14,2,1,86.39244650647326,80.88850011117101,85.51879294284777,0.6723531090874023,50.81527611807428,75.8010487594369,92.29311939810333,HIGH_PRODUCTION,0,0,35.28511821974965
2024-01-02 15:00:00,RIG_001,15,2,1,81.07162743720572,83.21377977450342,88.14202583940903,0.5625438498145499,51.72981453416102,80.76959605253171,95.1826869208391,HIGH_PRODUCTION,0,0,35.424200278164115
2024-01-02 16:00:00,RIG_001,16,2,1,74.13740102183893,79.00844238853021,81.78726356915793,0.5654386968511291,50.14669512839497,76.14903578389185,87.70947427831699,HIGH_PRODUCTION,0,0,35.56328233657858
2024-01-02 17:00:00,RIG_001,17,2,1,66.06232333122918,68.11873551265545,73.03466676472574,0.5547399329199619,47.652301225049634,70.29135513180431,75.56083001342147,HIGH_PRODUCTION,0,0,35.70236439499305
2024-01-02 18:00:00,RIG_001,18,2,1,57.39669756529466,58.038889237592045,62.10362126059538,0.4996625758450289,47.90963705855078,66.86221535811772,67.93342355712892,HIGH_PRODUCTION,0,0,35.841446453407514
2024-01-02 19:00:00,RIG_001,19,2,1,48.73107179936014,48.466848714414446,58.50206399988294,0.5540752122120689,44.25979848307338,63.47003521178472,67.08850595235938,HIGH_PRODUCTION,0,0,35.98052851182197
2024-01-02 20:00:00,RIG_001,20,2,1,40.65599410875039,34.52554185867618,48.00629347748785,0.3969225997702517,39.012656647199094,63.89958529495929,51.21640630165266,HIGH_PRODUCTION,0,0,36.11961057023644
2024-01-02 21:00:00,RIG_001,21,2,1,38.26446504352977,35.94826401208132,50.23861360436733,0.44260993531270965,40.869687164555295,58.90253886577048,61.53243162176462,HIGH_PRODUCTION,0,0,36.258692628650905
2024-01-02 22:00:00,RIG_001,22,2,1,38.26446504352977,37.26515350801809,44.815332404629345,0.4002630299874133,37.251240569949445,61.31521417940537,48.23843960267319,STANDBY,0,0,36.397774687065365
2024-01-02 23:00:00,RIG_001,23,2,1,38.26446504352977,44.874820802673774,49.63578652661959,0.39477076382890536,42.01455930056206,63.61603994644538,54.73300756664,STANDBY,0,0,36.53685674547983
2024-01-03 00:00:00,RIG_001,0,3,2,36.872674070127886,40.10835301078687,46.56377917389363,0.41644035970267357,43.64570095216293,60.52715332480146,49.54632238587462,STANDBY,0,0,36.6759388038943
2024-01-03 01:00:00,RIG_001,1,3,2,36.872674070127886,29.595923094893074,43.18505380615024,0.41419601288149366,36.962888982938516,54.761380284815615,48.854866313911025,STANDBY,0,0,36.815020862308764
2024-01-03 02:00:00,RIG_001,2,3,2,36.872674070127886,40.052406027442885,46.91264932141632,0.42650851853935856,38.31783364962255,62.98464531908587,46.68598424351049,STANDBY,0,0,36.95410292072323
2024-01-03 03:00:00,RIG_001,3,3,2,36.872674070127886,36.527437087149494,46.817651054337986,0.4033340021843065,37.82768149460126,60.7752192105787,50.17952565788782,STANDBY,0,0,37.09318497913769
2024-01-03 04:00:00,RIG_001,4,3,2,39.17721619951087,37.39364292584644,49.65197877494094,0.37079412374415627,37.16914465677684,62.71881428606364,51.37561517389524,STANDBY,0,0,37.232267037552155
2024-01-03 05:00:00,RIG_001,5,3,2,46.958579598635716,51.638860079467584,59.2859819331731,0.4802466979908345,41.34019120361149,63.89085710452277,64.69199697684996,STANDBY,0,0,37.37134909596662
2024-01-03 06:00:00,RIG_001,6,3,2,55.30901110519182,62.106770063061276,66.37119480873571,0.44112601610515806,44.78567631858526,72.29449491535753,74.35453693526243,HIGH_PRODUCTION,0,0,37.51043115438108
2024-01-03 07:00:00,RIG_001,7,3,2,63.65944261174793,69.97946686148079,74.44641246350525,0.5785392516201048,44.68373267701291,68.3635187148087,81.38443102484891,HIGH_PRODUCTION,0,0,37.64951321279555
2024-01-03 08:00:00,RIG_001,8,3,2,71.44080601087278,68.92920435767363,77.50478611432371,0.542063981804586,47.263537757317614,75.81488215935576,75.38980803174704,HIGH_PRODUCTION,0,0,37.78859527121001
2024-01-03 09:00:00,RIG_001,9,3,2,78.12281424622702,78.28210063864717,80.57308403385856,0.49367943626119287,51.375079507235085,68.24172066210936,91.6992929926422,HIGH_PRODUCTION,0,0,37.92767732962448
2024-01-03 10:00:00,RIG_001,10,3,2,83.250099499112,86.6326272365682,89.17371892051018,0.5767044654093672,49.84264444884821,77.29409836464113,95.05955874237279,HIGH_PRODUCTION,0,0,38.066759388038946
2024-01-03 11:00:00,RIG_001,11,3,2,86.47324575278313,93.09804427759548,92.18599154699147,0.5745096783390709,56.31307891668241,79.35570533085851,94.85649412551247,HIGH_PRODUCTION,0,0,38.205841446453405
2024-01-03 12:00:00,RIG_001,12,3,2,87.57260091655372,86.94466492528998,92.55689221302367,0.6101724143163004,52.75775040837769,73.69672827376435,98.0282759699965,HIGH_PRODUCTION,0,0,38.34492350486787
2024-01-03 13:00:00,RIG_001,13,3,2,86.47324575278313,87.33374837618894,87.08128182645834,0.6629597896828533,53.89459826529535,77.47330632643971,92.60985129396641,HIGH_PRODUCTION,0,0,38.48400556328234
2024-01-03 14:00:00,RIG_001,14,3,2,83.25009949911201,79.52808444456893,83.52721020247368,0.47931798033820683,48.56635200343796,77.69698134265116,86.526664051619,HIGH_PRODUCTION,0,0,38.6230876216968
2024-01-03 15:00:00,RIG_001,15,3,2,78.12281424622702,73.9723032500729,80.79465994966516,0.5627168924280346,50.20212626665146,65.54123445695967,86.38840995169139,HIGH_PRODUCTION,0,0,38.76216968011126
2024-01-03 16:00:00,RIG_001,16,3,2,71.44080601087278,77.35481955585517,83.54393979198178,0.5596628258433365,47.15483708817317,74.714680289229,86.72152292912087,HIGH_PRODUCTION,0,0,38.90125173852573
2024-01-03 17:00:00,RIG_001,17,3,2,63.65944261174793,72.31288949637562,75.32678553649957,0.5866670074994109,49.85871737576692,64.21405438792245,79.1136995584295,HIGH_PRODUCTION,0,0,39.040333796940196
2024-01-03 18:00:00,RIG_001,18,3,2,55.30901110519183,56.84206954782589,62.99484267530914,0.5179037034767808,44.55419606654354,64.15562645377815,65.93600526804389,HIGH_PRODUCTION,0,0,39.17941585535466
2024-01-03 19:00:00,RIG_001,19,3,2,46.958579598635716,53.89021544739374,64.02589104649725,0.4613461714103168,44.57905630181801,71.05456372892095,64.72787717727829,HIGH_PRODUCTION,0,0,39.31849791376912
2024-01-03 20:00:00,RIG_001,20,3,2,39.17721619951089,42.92022999280914,48.856110194853,0.4506383130838309,38.37886828695258,61.13072289766658,54.29361960549915,HIGH_PRODUCTION,0,0,39.45757997218359
2024-01-03 21:00:00,RIG_001,21,3,2,36.872674070127886,35.60277127392451,41.30719660162217,0.40539366910399127,37.110553133927915,57.159191488950434,48.06309491117118,HIGH_PRODUCTION,0,0,39.596662030598054
2024-01-03 22:00:00,RIG_001,22,3,2,36.872674070127886,40.656210383254376,48.34555189978378,0.5147119644357431,41.35850903232036,61.603049928022266,54.89020268801289,STANDBY,0,0,39.73574408901251
2024-01-03 23:00:00,RIG_001,23,3,2,36.872674070127886,46.56027749680432,49.20465143906481,0.480245719513718,39.743373365752674,70.17180226353194,56.664427196970514,STANDBY,0,0,39.87482614742698
2024-01-04 00:00:00,RIG_001,0,4,3,36.10028835127271,38.111268654622364,42.82429555851199,0.5494489730748833,40.45422974785384,55.938333854768636,48.79731618855659,STANDBY,0,0,40.013908205841446
2024-01-04 01:00:00,RIG_001,1,4,3,36.10028835127271,46.13447943800433,51.36999394708875,0.4759823586803056,38.79934424658059,60.68641409648326,54.77181745243804,STANDBY,0,0,40.15299026425591
2024-01-04 02:00:00,RIG_001,2,4,3,36.10028835127271,25.233397947247738,38.69943696561554,0.38144814478690153,38.00469791214527,62.062314433713205,46.21842855890911,STANDBY,0,0,40.29207232267038
2024-01-04 03:00:00,RIG_001,3,4,3,36.10028835127271,42.46249829833475,48.69248746803501,0.3934263927887023,38.15057794504667,68.31185652011362,49.6199348485092,STANDBY,0,0,40.43115438108484
2024-01-04 04:00:00,RIG_001,4,4,3,38.35655637322725,41.0653514483662,48.078602071677935,0.3753200162902986,41.370937737450596,62.00931176163901,50.376587924140495,STANDBY,0,0,40.570236439499304
2024-01-04 05:00:00,RIG_001,5,4,3,45.97492063778226,46.77430592816319,57.73894585263804,0.40395339462587015,42.9448383493328,60.315133670869024,59.846345638368305,STANDBY,0,0,40.70931849791377
2024-01-04 06:00:00,RIG_001,6,4,3,54.15043252690906,56.92452076105901,65.45511481255272,0.5275234970590641,42.8375865534056,73.36488673374518,73.69528298997065,HIGH_PRODUCTION,0,0,40.84840055632823
2024-01-04 07:00:00,RIG_001,7,4,3,62.32594441603586,54.724246503266,64.70674853522101,0.5335589211302655,44.845114759985954,71.2006011262274,72.53511407764124,HIGH_PRODUCTION,0,0,40.987482614742696
2024-01-04 08:00:00,RIG_001,8,4,3,69.94430868059086,71.20295821040008,80.41504891833537,0.47905559822222216,48.32162407926713,73.39772842640672,86.87696462947036,HIGH_PRODUCTION,0,0,41.12656467315716
2024-01-04 09:00:00,RIG_001,9,4,3,76.48634638588689,80.64978052120456,81.90655302956282,0.6317638441937059,49.08476141791566,71.75772710954911,90.1223426251982,HIGH_PRODUCTION,0,0,41.26564673157163
2024-01-04 10:00:00,RIG_001,10,4,3,81.50622847353647,91.29443228376516,88.65381225868514,0.5953491594270679,50.80649870278887,77.24124166261544,91.01596391144918,HIGH_PRODUCTION,0,0,41.404728789986095
2024-01-04 11:00:00,RIG_001,11,4,3,84.66185827501369,84.49010307892873,87.03765231790729,0.6069852032296659,47.19727438638702,74.86595068054413,93.08343767749022,HIGH_PRODUCTION,0,0,41.543810848400554
2024-01-04 12:00:00,RIG_001,12,4,3,85.73818483427267,84.13617502385219,88.3905329816003,0.6797511281115879,51.733343850562434,76.23340642100239,93.0150096964508,HIGH_PRODUCTION,0,0,41.68289290681502
2024-01-04 13:00:00,RIG_001,13,4,3,84.66185827501369,84.61439356989862,88.98272165089709,0.6459730463638904,48.02399284975055,79.7373223853636,96.52336796255183,HIGH_PRODUCTION,0,0,41.82197496522949
2024-01-04 14:00:00,RIG_001,14,4,3,81.50622847353648,88.56542188361665,89.58498424473285,0.6001139613501342,52.33204386978677,79.2078776884972,94.23931154707626,HIGH_PRODUCTION,0,0,41.961057023643946
2024-01-04 15:00:00,RIG_001,15,4,3,76.48634638588689,80.63314706451727,84.74085328123134,0.5457403862510212,49.63139033396482,70.9578158884009,88.5860246160011,HIGH_PRODUCTION,0,0,42.10013908205841
2024-01-04 16:00:00,RIG_001,16,4,3,69.94430868059086,69.8194151008498,73.38857021212898,0.45082435979797564,48.81313932608884,75.07531388031356,80.01129576781196,HIGH_PRODUCTION,0,0,42.23922114047288
2024-01-04 17:00:00,RIG_001,17,4,3,62.32594441603586,67.43705132945894,75.42031236664205,0.5158667008218052,46.255171833385006,71.17051181887716,83.04881986821574,HIGH_PRODUCTION,0,0,42.378303198887345
2024-01-04 18:00:00,RIG_001,18,4,3,54.150432526909064,57.201452330267735,64.1565690413755,0.5111173860786257,43.64146750987275,69.22163308665708,67.1515334568351,HIGH_PRODUCTION,0,0,42.51738525730181
2024-01-04 19:00:00,RIG_001,19,4,3,45.97492063778226,53.40463995582735,62.20682327585249,0.46148081277278796,44.814901397533426,70.42101456458401,67.02359626179536,HIGH_PRODUCTION,0,0,42.65646731571627
2024-01-04 20:00:00,RIG_001,20,4,3,38.356556373227264,37.45364757798331,49.1576392395454,0.45698029187585765,40.03352795266406,57.90135352485434,50.98231733862044,HIGH_PRODUCTION,0,0,42.79554937413074
2024-01-04 21:00:00,RIG_001,21,4,3,36.10028835127271,37.09019660118885,47.5107701495285,0.46685170968168577,39.90486106466277,61.01958224423726,45.01658709704968,HIGH_PRODUCTION,0,0,42.9346314325452
2024-01-04 22:00:00,RIG_001,22,4,3,36.10028835127271,36.78882887727907,46.284628656556336,0.45141854150527194,40.13574239893682,59.44228500910607,51.88600755079752,STANDBY,0,0,43.07371349095966
2024-01-04 23:00:00,RIG_001,23,4,3,36.10028835127271,31.452657211041437,42.03960483634694,0.4147090247894478,34.792020056346146,54.732218887216064,48.86632090511083,STANDBY,0,0,43.21279554937413
2024-01-05 00:00:00,RIG_001,0,5,4,36.10028835127271,40.44331936513834,47.551437138818095,0.4831702021249058,41.62440720125855,63.17312574235626,53.33763756607827,STANDBY,0,0,43.351877607788595
2024-01-05 01:00:00,RIG_001,1,5,4,36.10028835127271,40.28885664947708,49.104212439638566,0.49692744109171394,41.29715175039647,69.6213266495964,48.25552728637547,STANDBY,0,0,43.49095966620306
2024-01-05 02:00:00,RIG_001,2,5,4,36.10028835127271,39.03000988055211,46.8828450374587,0.4170902426679841,37.72413621298504,56.188769730648374,50.830296747229276,STANDBY,0,0,43.63004172461753
2024-01-05 03:00:00,RIG_001,3,5,4,36.10028835127271,37.852369239226235,48.472574809220376,0.5391802218371202,38.97493136245815,61.25886893861946,46.81753152906713,STANDBY,0,0,43.769123783031986
2024-01-05 04:00:00,RIG_001,4,5,4,38.35655637322725,34.22558152656661,46.35587752736551,0.45338016133127257,38.477780806386384,62.189303263194304,55.46498085032806,STANDBY,0,0,43.90820584144645
2024-01-05 05:00:00,RIG_001,5,5,4,45.97492063778226,46.83843519630907,58.91274318786422,0.49764693833561324,41.4406152302738,64.42076516386126,60.654579441509966,STANDBY,0,0,44.04728789986092
2024-01-05 06:00:00,RIG_001,6,5,4,54.15043252690906,55.42446342539099,61.90189345111605,0.5584295912721023,44.52383578948482,66.28795487007008,70.66810427949574,HIGH_PRODUCTION,0,0,44.18636995827538
2024-01-05 07:00:00,RIG_001,7,5,4,62.32594441603586,61.32302385980571,72.46624754252522,0.5529316862093516,48.193489528613796,64.49925806760425,80.30385647357767,HIGH_PRODUCTION,0,0,44.325452016689844
2024-01-05 08:00:00,RIG_001,8,5,4,69.94430868059086,72.16720822090093,77.22000903125186,0.6220165926587823,50.20533551057089,72.34852269509076,79.51823797364368,HIGH_PRODUCTION,0,0,44.46453407510431
2024-01-05 09:00:00,RIG_001,9,5,4,76.48634638588689,81.55679107736185,81.7293786916734,0.6174410460262518,47.76475938247765,72.19674539216078,83.33102383787016,HIGH_PRODUCTION,0,0,44.60361613351878
2024-01-05 10:00:00,RIG_001,10,5,4,81.50622847353647,94.00821069575356,93.58933847754923,0.6103735561229717,54.74619265455049,71.63269809379041,99.64044912670825,HIGH_PRODUCTION,0,0,44.74269819193324
2024-01-05 11:00:00,RIG_001,11,5,4,84.66185827501369,88.6266623640995,89.54130071382248,0.6434822843539943,54.81453223009569,80.17177537077104,92.00832860227327,HIGH_PRODUCTION,0,0,44.8817802503477
2024-01-05 12:00:00,RIG_001,12,5,4,85.73818483427267,90.13871412157528,93.76451557092261,0.5733132812337415,53.30829557177223,79.9167716959987,99.07196949739723,HIGH_PRODUCTION,0,0,45.02086230876217
2024-01-05 13:00:00,RIG_001,13,5,4,84.66185827501369,87.4232683386338,88.87611965488804,0.6283375677734341,54.03777793503039,76.38196343214338,92.42763688246728,HIGH_PRODUCTION,0,0,45.159944367176635
2024-01-05 14:00:00,RIG_001,14,5,4,81.50622847353648,75.06687434825439,81.07596097279858,0.5847352292149045,52.79125947846512,73.20728636909342,80.73248572940169,HIGH_PRODUCTION,0,0,45.299026425591094
2024-01-05 15:00:00,RIG_001,15,5,4,76.48634638588689,79.5291412686161,79.59525754877097,0.5899340148782436,51.92970440936799,77.08169641873151,77.9038534913976,HIGH_PRODUCTION,0,0,45.43810848400556
2024-01-05 16:00:00,RIG_001,16,5,4,69.94430868059086,73.44168629903345,77.16039914092192,0.5762069454948339,48.85903876604182,72.70552486004429,82.84045188640572,HIGH_PRODUCTION,0,0,45.57719054242003
2024-01-05 17:00:00,RIG_001,17,5,4,62.32594441603586,77.85924385596192,73.93834002113941,0.5023503696963418,51.55498791215999,76.06982582107251,77.25366678214753,HIGH_PRODUCTION,0,0,45.71627260083449
2024-01-05 18:00:00,RIG_001,18,5,4,54.150432526909064,56.426578889265265,60.68814168658771,0.5052649099177435,44.3964203885101,66.03552706415803,64.02887223584531,HIGH_PRODUCTION,0,0,45.85535465924896
2024-01-05 19:00:00,RIG_001,19,5,4,45.97492063778226,50.7414708444743,59.89515945815301,0.5208444044611323,42.73317379768849,69.15839246906413,66.98275097543437,HIGH_PRODUCTION,0,0,45.99443671766342
2024-01-05 20:00:00,RIG_001,20,5,4,38.356556373227264,41.46267332848719,52.44920431439398,0.4969149146896431,39.66283986069433,63.40115917634421,60.96953114429132,HIGH_PRODUCTION,0,0,46.133518776077885
2024-01-05 21:00:00,RIG_001,21,5,4,36.10028835127271,33.55743627572337,45.328522639511576,0.41437895511884154,41.51618578659506,60.64938671353463,49.51088847542615,HIGH_PRODUCTION,0,0,46.27260083449235
2024-01-05 22:00:00,RIG_001,22,5,4,36.10028835127271,45.135802845158295,48.21932619056105,0.5643395321503372,39.647093379405575,59.7305575874114,52.197530069831465,STANDBY,0,0,46.41168289290681
2024-01-05 23:00:00,RIG_001,23,5,4,36.10028835127271,43.20221624477924,48.09850042427103,0.45250096612889784,43.865289510551044,63.8215324363389,54.59892952361268,STANDBY,0,0,46.55076495132128
2024-01-06 00:00:00,RIG_001,0,6,5,36.872674070127886,44.36232783127783,48.61019162058556,0.5483192315591132,42.0903102053002,60.81283359689999,49.539384911486835,STANDBY,0,0,46.68984700973574
2024-01-06 01:00:00,RIG_001,1,6,5,36.872674070127886,35.88109313085107,41.48451988981301,0.49631871375873826,36.17166093310888,58.84947975966984,47.1539790540561,STANDBY,0,0,46.82892906815021
2024-01-06 02:00:00,RIG_001,2,6,5,36.872674070127886,47.46286426826743,54.556311934219245,0.4779492718188708,42.6010146530497,61.792732395531864,61.21196984968571,STANDBY,0,0,46.968011126564676
2024-01-06 03:00:00,RIG_001,3,6,5,36.872674070127886,33.4604997083877,46.17417015669158,0.5575754164955552,34.16507191179368,56.83944511681864,53.214860781944466,STANDBY,0,0,47.107093184979135
2024-01-06 04:00:00,RIG_001,4,6,5,39.17721619951087,45.729444929495614,52.99573861003804,0.4464911941742372,42.683377266035976,70.09314768789956,52.185480502530645,STANDBY,0,0,47.2461752433936
2024-01-06 05:00:00,RIG_001,5,6,5,46.958579598635716,61.54966329743117,64.91301729562761,0.6001477277800258,47.15787879033577,72.45891617519456,67.62895148620079,STANDBY,0,0,47.38525730180807
2024-01-06 06:00:00,RIG_001,6,6,5,55.30901110519182,54.01599735804611,62.826364030722765,0.5821744654171774,42.31928742820742,71.9659017138466,65.19157427225237,HIGH_PRODUCTION,0,0,47.52433936022253
2024-01-06 07:00:00,RIG_001,7,6,5,63.65944261174793,64.50848415100397,66.69217311457396,0.5306481276737277,46.37421642966216,65.68386018663449,71.9918339778016,HIGH_PRODUCTION,0,0,47.66342141863699
2024-01-06 08:00:00,RIG_001,8,6,5,71.44080601087278,75.64045533234305,78.88991843436465,0.6677546449084514,52.81842870058633,72.9058978494356,85.3321521736686,HIGH_PRODUCTION,0,0,47.80250347705146
2024-01-06 09:00:00,RIG_001,9,6,5,78.12281424622702,79.32769078044028,81.88950022176095,0.5972470887532368,48.82042928658619,69.9177843585198,91.37963144409889,HIGH_PRODUCTION,0,0,47.941585535465926
2024-01-06 10:00:00,RIG_001,10,6,5,83.250099499112,79.23989945733774,82.46890288488834,0.6244770502115276,47.69215969022123,71.68488520561013,85.98400644378411,HIGH_PRODUCTION,0,0,48.08066759388039
2024-01-06 11:00:00,RIG_001,11,6,5,86.47324575278313,90.58004004913185,91.51323005401976,0.657635210695136,55.60833681720816,74.41963106448983,95.02051255909211,HIGH_PRODUCTION,0,0,48.21974965229485
2024-01-06 12:00:00,RIG_001,12,6,5,87.57260091655372,86.04592407900395,93.22292750110141,0.6248576620063216,55.436655400812576,79.53252924302586,101.67194355773765,HIGH_PRODUCTION,0,0,48.35883171070932
2024-01-06 13:00:00,RIG_001,13,6,5,86.47324575278313,92.64691194580196,94.59723950032773,0.69247280457189,53.16911933014618,76.6053845494353,100.48697031591864,HIGH_PRODUCTION,0,0,48.497913769123784
2024-01-06 14:00:00,RIG_001,14,6,5,83.25009949911201,82.47954467654809,85.27357205663877,0.6616610533674079,52.64281223995373,77.94900140404647,94.07652659020269,HIGH_PRODUCTION,0,0,48.63699582753824
2024-01-06 15:00:00,RIG_001,15,6,5,78.12281424622702,89.71991492868197,90.6339687694139,0.5568374576679477,55.11293056323226,78.72833714737015,96.50015277844341,HIGH_PRODUCTION,0,0,48.77607788595271
2024-01-06 16:00:00,RIG_001,16,6,5,71.44080601087278,71.39283051532102,79.63440918236462,0.6550561434673394,46.363239163753484,78.32876541091068,81.16305932622481,HIGH_PRODUCTION,0,0,48.915159944367176
2024-01-06 17:00:00,RIG_001,17,6,5,63.65944261174793,65.93828830561115,73.4827927100124,0.49090723352617627,45.51396040566705,65.34315382226418,74.48340764567898,HIGH_PRODUCTION,0,0,49.05424200278164
2024-01-06 18:00:00,RIG_001,18,6,5,55.30901110519183,63.286612775693946,68.09122840525671,0.6182604447889491,48.28340222023296,72.76368355206858,68.43669165807992,HIGH_PRODUCTION,0,0,49.19332406119611
2024-01-06 19:00:00,RIG_001,19,6,5,46.958579598635716,44.73513590888187,53.476655629097806,0.5678702890464671,44.55381253463749,66.85986338386674,60.46281113337322,HIGH_PRODUCTION,0,0,49.33240611961057
2024-01-06 20:00:00,RIG_001,20,6,5,39.17721619951089,44.26625607370964,53.95620027145296,0.45613639942246914,42.19232573877613,60.35974030803179,62.52199074071398,HIGH_PRODUCTION,0,0,49.471488178025034
2024-01-06 21:00:00,RIG_001,21,6,5,36.872674070127886,47.3809903514803,53.5587107322393,0.5000445376024696,40.085618880865965,67.23569711486357,64.10679715639844,HIGH_PRODUCTION,0,0,49.6105702364395
2024-01-06 22:00:00,RIG_001,22,6,5,36.872674070127886,32.82872271602419,44.55941683939447,0.42219954390319164,42.18130290240492,60.85705170388594,52.088732836364194,STANDBY,0,0,49.74965229485396
2024-01-06 23:00:00,RIG_001,23,6,5,36.872674070127886,41.810170490254016,48.6290392872038,0.49423939736939904,39.390600826939576,61.86062236721598,57.11755501980876,STANDBY,0,0,49.888734353268426
2024-01-07 00:00:00,RIG_001,0,7,6,38.26446504352977,43.770131925517845,50.361184585949374,0.496019947213998,40.272257419036556,60.65923311673935,53.62113558798832,STANDBY,0,0,50.02781641168289
2024-01-07 01:00:00,RIG_001,1,7,6,38.26446504352977,46.40069462192445,49.042539739720986,0.5588527043596297,42.28484932446036,61.76288003222978,50.573292289489416,STANDBY,0,0,50.16689847009736
2024-01-07 02:00:00,RIG_001,2,7,6,38.26446504352977,36.327689017409654,47.50319831143893,0.5557224264722567,42.19024309578196,67.04774299258067,55.05343630869159,STANDBY,0,0,50.305980528511824
2024-01-07 03:00:00,RIG_001,3,7,6,38.26446504352977,35.93102181514086,46.29695804897693,0.5593575063326256,40.690707406889665,60.78135500141471,52.550000305695136,STANDBY,0,0,50.445062586926284
2024-01-07 04:00:00,RIG_001,4,7,6,40.65599410875038,47.55540408262951,58.68376419482823,0.4968943895003364,42.718582021381195,66.61301122938323,64.0060973178509,STANDBY,0,0,50.58414464534075
2024-01-07 05:00:00,RIG_001,5,7,6,48.73107179936013,54.52655962008287,59.267007775050416,0.5360114919880432,44.55821696525693,63.985269741022194,65.42912221694938,STANDBY,0,0,50.723226703755216
2024-01-07 06:00:00,RIG_001,6,7,6,57.396697565294645,62.98058858034301,71.2602807545363,0.4882190911786602,45.83217648237269,66.55461773543799,77.22983720191091,HIGH_PRODUCTION,0,0,50.862308762169675
2024-01-07 07:00:00,RIG_001,7,7,6,66.06232333122917,72.14685345079519,75.75448599822258,0.5601526203099128,49.15299239173581,74.89001046298837,84.60593657778327,HIGH_PRODUCTION,0,0,51.00139082058414
2024-01-07 08:00:00,RIG_001,8,7,6,74.13740102183893,75.1104287947898,77.76342126964498,0.6581357595552366,43.71848704330885,68.48440000378234,86.64837802409585,HIGH_PRODUCTION,0,0,51.14047287899861
2024-01-07 09:00:00,RIG_001,9,7,6,81.0716274372057,86.62690961261622,86.66522834895348,0.7257780897649125,51.063512485014456,74.74243158006905,93.29788940597452,HIGH_PRODUCTION,0,0,51.279554937413074
2024-01-07 10:00:00,RIG_001,10,7,6,86.39244650647323,92.2726848713343,91.65111953668745,0.600775159003317,53.55081508766714,77.78388769461698,99.18852815437623,HIGH_PRODUCTION,0,0,51.41863699582754
2024-01-07 11:00:00,RIG_001,11,7,6,89.73725320314023,90.60123442013821,92.9364791551993,0.628411366519738,50.34828043779554,77.51448813156162,99.47866681247362,HIGH_PRODUCTION,0,0,51.557719054242
2024-01-07 12:00:00,RIG_001,12,7,6,90.8781044783832,104.66357764999897,95.0,0.6994576495526765,56.93854104812286,80.86179343995121,98.61649080389614,HIGH_PRODUCTION,0,0,51.696801112656466
2024-01-07 13:00:00,RIG_001,13,7,6,89.73725320314023,96.58388073235332,94.53033504184738,0.691103232822324,53.73702774111609,80.16262356299376,101.8000290665868,HIGH_PRODUCTION,0,0,51.83588317107093
2024-01-07 14:00:00,RIG_001,14,7,6,86.39244650647325,84.93425425387635,87.84004659807935,0.6022224476834882,54.74451496010007,77.55884354361633,88.65656139150157,HIGH_PRODUCTION,0,0,51.97496522948539
2024-01-07 15:00:00,RIG_001,15,7,6,81.0716274372057,88.87358302255335,93.26554478024813,0.676279990442464,55.36443520606805,78.865987543144,101.42721943713579,HIGH_PRODUCTION,0,0,52.11404728789986
2024-01-07 16:00:00,RIG_001,16,7,6,74.13740102183893,73.804042521643,81.73751185318721,0.5867326775966406,47.51939949217442,69.18380133048943,83.1539430338891,HIGH_PRODUCTION,0,0,52.253129346314324
2024-01-07 17:00:00,RIG_001,17,7,6,66.06232333122917,74.55865850964427,77.67839480595481,0.612522207603934,48.337989204277676,71.51513225910689,83.535804666339,HIGH_PRODUCTION,0,0,52.39221140472879
2024-01-07 18:00:00,RIG_001,18,7,6,57.39669756529465,67.77144992879668,70.73887691361442,0.6207537360391481,46.79496735098239,73.91572356426983,73.20341503833595,HIGH_PRODUCTION,0,0,52.53129346314326
2024-01-07 19:00:00,RIG_001,19,7,6,48.73107179936013,49.23029698482876,57.707688483513614,0.538693506531264,41.40425529388794,67.45303065817025,64.36785543273689,HIGH_PRODUCTION,0,0,52.670375521557716
2024-01-07 20:00:00,RIG_001,20,7,6,40.65599410875039,50.09637384096135,57.284860250037646,0.5197076573164443,42.91414342829659,60.910333797845205,62.18308457225392,HIGH_PRODUCTION,0,0,52.80945757997218
2024-01-07 21:00:00,RIG_001,21,7,6,38.26446504352977,44.97273107296379,49.28119926388909,0.5212318615761464,39.726618630465765,64.54625902294575,49.496931389399094,HIGH_PRODUCTION,0,0,52.94853963838665
2024-01-07 22:00:00,RIG_001,22,7,6,38.26446504352977,47.039989547015914,50.781037423087355,0.5290523074679855,39.498766716878926,58.177321115980334,57.04313631614279,STANDBY,0,0,53.08762169680111
2024-01-07 23:00:00,RIG_001,23,7,6,38.26446504352977,52.43451596907537,50.396134823377494,0.531709811433982,44.35405144006938,65.87115949690373,53.66237249287936,STANDBY,0,0,53.226703755215574
2024-01-08 00:00:00,RIG_001,0,8,0,40.0,43.6507150131628,48.98887525310823,0.5114754851606534,42.17173792173432,68.78851555418677,56.63231541554834,STANDBY,0,0,53.36578581363004
2024-01-08 01:00:00,RIG_001,1,8,0,40.0,41.12983708015187,48.244887517184054,0.5973413412538695,38.67382775071798,59.49527297223861,53.248864583387274,STANDBY,0,0,53.50486787204451
2024-01-08 02:00:00,RIG_001,2,8,0,40.0,40.47180806257388,46.388508682670064,0.5440371963066194,41.908662877168666,59.638573282297415,52.57477163883418,STANDBY,0,0,53.64394993045897
2024-01-08 03:00:00,RIG_001,3,8,0,40.0,40.86119109463647,52.00783393386956,0.5029416853379451,38.95214231532845,64.55044667310952,54.13512706882393,STANDBY,0,0,53.78303198887343
2024-01-08 04:00:00,RIG_001,4,8,0,42.5,47.075596281155306,51.7938264426885,0.5717629652581543,42.275229546364784,59.494274338717645,55.025829748406416,STANDBY,0,0,53.9221140472879
2024-01-08 05:00:00,RIG_001,5,8,0,50.94133342141177,57.62906043248299,59.57813413824998,0.5524409912324579,46.04795313334566,65.39045304008978,63.20221822994672,STANDBY,0,0,54.061196105702365
2024-01-08 06:00:00,RIG_001,6,8,0,60.0,66.38628344240027,70.28067370256011,0.6546161948630002,46.52934573119264,71.70520844546535,77.85078114328778,HIGH_PRODUCTION,0,0,54.200278164116824
2024-01-08 07:00:00,RIG_001,7,8,0,69.05866657858823,78.21827457828068,81.09571371301288,0.650494374234872,50.464050468852435,71.562624830416,91.12784497642934,HIGH_PRODUCTION,0,0,54.33936022253129
2024-01-08 08:00:00,RIG_001,8,8,0,77.5,82.60956352266405,86.93359349651416,0.6403773524915637,49.619531592890866,74.07495909516629,89.51807824128554,HIGH_PRODUCTION,0,0,54.47844228094576
2024-01-08 09:00:00,RIG_001,9,8,0,84.74873734152916,97.08182409935243,92.98818018336596,0.7121014159460122,53.877522857981916,81.35710436075084,101.21872461733899,HIGH_PRODUCTION,0,0,54.61752433936022
2024-01-08 10:00:00,RIG_001,10,8,0,90.31088913245534,94.07388364706442,95.0,0.6027042689288671,53.10675205000542,79.48680334472901,93.49096774682289,HIGH_PRODUCTION,0,0,54.75660639777469
2024-01-08 11:00:00,RIG_001,11,8,0,93.8074039201174,112.51539074262652,95.0,0.6807905526071458,56.63569099257615,84.55507241167416,96.41743179672314,HIGH_PRODUCTION,0,0,54.89568845618915
2024-01-08 12:00:00,RIG_001,12,8,0,95.0,103.25634003714822,95.0,0.6502118518499065,55.460536683055494,79.95953517333434,97.12366463143968,HIGH_PRODUCTION,0,0,55.034770514603615
2024-01-08 13:00:00,RIG_001,13,8,0,93.8074039201174,94.67048174512135,95.0,0.6918540102656217,50.57038383855284,79.51132786934326,95.94247393167784,HIGH_PRODUCTION,0,0,55.17385257301808
2024-01-08 14:00:00,RIG_001,14,8,0,90.31088913245536,90.12615455799732,92.30854172190075,0.7582559521739768,51.549231145215124,76.66664832709992,92.55777655253802,HIGH_PRODUCTION,0,0,55.31293463143254
2024-01-08 15:00:00,RIG_001,15,8,0,84.74873734152916,92.3516896423548,87.91508372093676,0.790428142996084,52.51817142384936,79.0789237224838,94.15408045735016,HIGH_PRODUCTION,0,0,55.45201668984701
2024-01-08 16:00:00,RIG_001,16,8,0,77.5,81.59413860674262,85.90956386349737,0.6790493658853117,49.88617514669489,72.98744550666885,90.26736077031379,HIGH_PRODUCTION,0,0,55.59109874826147
2024-01-08 17:00:00,RIG_001,17,8,0,69.05866657858823,77.86098389118274,81.54732540382473,0.6615458986474748,48.98225108105413,72.8105882442162,87.68554159664006,HIGH_PRODUCTION,0,0,55.73018080667594
2024-01-08 18:00:00,RIG_001,18,8,0,60.00000000000001,67.61936527376395,69.3204937612393,0.5162822605740165,46.78131291872073,67.31593620447315,76.39191181960385,HIGH_PRODUCTION,0,0,55.869262865090406
2024-01-08 19:00:00,RIG_001,19,8,0,50.94133342141177,55.85122831778578,62.23179169672613,0.5444533746606758,44.921690115618574,66.65034566531702,68.02864267624372,HIGH_PRODUCTION,0,0,56.008344923504865
2024-01-08 20:00:00,RIG_001,20,8,0,42.500000000000014,43.560933178078535,53.1246202794126,0.495883319866501,42.63926744278468,60.635277362537025,60.09790980786372,HIGH_PRODUCTION,0,0,56.14742698191933
2024-01-08 21:00:00,RIG_001,21,8,0,40.0,37.74152795375339,47.50941005440747,0.4873282401100395,38.13585153474182,57.980319035640036,52.30081319568066,HIGH_PRODUCTION,0,0,56.2865090403338
2024-01-08 22:00:00,RIG_001,22,8,0,40.0,43.10405162560978,47.83361743739952,0.526607328342583,38.36961119562415,63.707198931249096,49.272637272482285,STANDBY,0,0,56.42559109874826
2024-01-08 23:00:00,RIG_001,23,8,0,40.0,49.63948266632442,50.713036253606,0.5315726117427678,40.3257818420949,65.53006412747031,58.88647879606839,STANDBY,0,0,56.56467315716272
2024-01-09 00:00:00,RIG_001,0,9,1,38.26446504352977,44.883585253160184,48.87904300991322,0.4425007861029999,40.24649047090019,65.81369678079378,52.111706611569836,STANDBY,0,0,56.70375521557719
2024-01-09 01:00:00,RIG_001,1,9,1,38.26446504352977,37.60528494771139,47.181222396833014,0.5575827167449774,38.69747860129483,59.98820877558812,49.374433500545734,STANDBY,0,0,56.842837273991655
2024-01-09 02:00:00,RIG_001,2,9,1,38.26446504352977,44.72074577928941,50.991444546487,0.48845276338050236,39.64019431242744,64.6403822742971,55.45769091907381,STANDBY,0,0,56.98191933240612
2024-01-09 03:00:00,RIG_001,3,9,1,38.26446504352977,45.80229035743985,51.08329130079932,0.5578532198411594,38.85833926086018,65.39307982405295,53.344858542909776,STANDBY,0,0,57.12100139082058
2024-01-09 04:00:00,RIG_001,4,9,1,40.65599410875038,41.868807651772784,52.66468201236036,0.6383508902397573,39.55496025799482,63.89496371902662,56.41239086639206,STANDBY,0,0,57.26008344923505
2024-01-09 05:00:00,RIG_001,5,9,1,48.73107179936014,55.15266036187801,55.323958615046486,0.5290854135369109,44.15101833069745,64.06883706015698,61.356120379736886,STANDBY,0,0,57.39916550764951
2024-01-09 06:00:00,RIG_001,6,9,1,57.39669756529465,63.36156649907706,70.31447130019045,0.4737233136241706,47.0304505564404,69.45656039653669,76.35949651792883,HIGH_PRODUCTION,0,0,57.53824756606397
2024-01-09 07:00:00,RIG_001,7,9,1,66.06232333122918,66.04215949239064,68.21642049869834,0.5945355858810801,45.39569376688102,70.90506873588117,70.52293029942145,HIGH_PRODUCTION,0,0,57.67732962447844
2024-01-09 08:00:00,RIG_001,8,9,1,74.13740102183893,81.64188778265708,82.26025078678798,0.7112392918294714,49.5844763013774,74.51410173552094,85.79713466794175,HIGH_PRODUCTION,0,0,57.816411682892905
2024-01-09 09:00:00,RIG_001,9,9,1,81.07162743720572,89.61196233688581,87.1846918623716,0.7785752346869166,50.549593966526835,70.62415572595249,95.40769087668232,HIGH_PRODUCTION,0,0,57.95549374130737
2024-01-09 10:00:00,RIG_001,10,9,1,86.39244650647325,97.56497729895071,92.87782665820411,0.6435957553731186,54.32836598398812,79.75096206160565,99.36702701140594,HIGH_PRODUCTION,0,0,58.09457579972184
2024-01-09 11:00:00,RIG_001,11,9,1,89.73725320314024,100.784400348678,95.0,0.7401227936404052,53.49924281878787,86.87291322279513,106.22519511804563,HIGH_PRODUCTION,0,0,58.2336578581363
2024-01-09 12:00:00,RIG_001,12,9,1,90.87810447838321,89.78875683272317,90.93785169701012,0.6595917073253699,53.59344483466319,75.856509243546,99.4782362182347,HIGH_PRODUCTION,0,0,58.37273991655076
2024-01-09 13:00:00,RIG_001,13,9,1,89.73725320314024,90.86798950645222,92.94120807764531,0.6813538387040109,49.14526439274483,75.07616555836971,101.37408728332514,HIGH_PRODUCTION,0,0,58.51182197496523
2024-01-09 14:00:00,RIG_001,14,9,1,86.39244650647326,94.80834665416633,93.71937006501695,0.8312458234468696,52.98282731863665,79.56254967538409,94.55576441364954,HIGH_PRODUCTION,0,0,58.65090403337969
2024-01-09 15:00:00,RIG_001,15,9,1,81.07162743720572,89.50214331217869,90.31222189124584,0.6085178578839551,52.97775050642816,77.78777762505332,97.6038029461461,HIGH_PRODUCTION,0,0,58.789986091794155
2024-01-09 16:00:00,RIG_001,16,9,1,74.13740102183893,82.59508788254327,83.71069651164647,0.676188519323193,51.01644100328083,78.35673186101222,88.55137610655575,HIGH_PRODUCTION,0,0,58.92906815020862
2024-01-09 17:00:00,RIG_001,17,9,1,66.06232333122918,91.22929152243906,84.24214282590647,0.7133451339900811,58.193390208570754,73.59518298900505,87.58919741529172,HIGH_PRODUCTION,0,0,59.06815020862309
2024-01-09 18:00:00,RIG_001,18,9,1,57.39669756529466,66.17532316545893,71.69772753816964,0.6696442148114944,47.24343084050055,72.04673770736265,77.20177355976723,HIGH_PRODUCTION,0,0,59.207232267037554
2024-01-09 19:00:00,RIG_001,19,9,1,48.73107179936014,60.35393535572375,63.154295686291455,0.6033462210425241,43.08037464524692,69.87744679047151,70.98993029012591,HIGH_PRODUCTION,0,0,59.34631432545201
2024-01-09 20:00:00,RIG_001,20,9,1,40.65599410875039,51.39190059043919,53.721976556944014,0.5875198142819886,42.65704665343166,64.99113056631012,60.22447132995665,HIGH_PRODUCTION,0,0,59.48539638386648
2024-01-09 21:00:00,RIG_001,21,9,1,38.26446504352977,47.50818127304371,51.99182419240202,0.5414400292171654,38.32455265132802,65.26851633567819,54.35640278837584,HIGH_PRODUCTION,0,0,59.624478442280946
2024-01-09 22:00:00,RIG_001,22,9,1,38.26446504352977,42.69574110207517,51.69076101223822,0.5605978123712625,40.512735776925275,65.89709477541763,58.91813775301608,STANDBY,0,0,59.763560500695405
2024-01-09 23:00:00,RIG_001,23,9,1,38.26446504352977,48.0877957365054,52.82571431581768,0.5467143436710852,40.355836820124836,67.04328486103697,55.91295168958979,STANDBY,0,0,59.90264255910987
2024-01-10 00:00:00,RIG_001,0,10,2,36.872674070127886,39.22773813188345,44.83933861031435,0.5689287073585503,41.637715084091184,58.33926350334385,50.48938796720721,STANDBY,0,0,60.04172461752434
2024-01-10 01:00:00,RIG_001,1,10,2,36.872674070127886,41.92863347963344,46.731258068830655,0.5280286103404738,39.38307782071729,65.03906460415648,50.821207866399256,STANDBY,0,0,60.180806675938804
2024-01-10 02:00:00,RIG_001,2,10,2,36.872674070127886,40.706771082950134,46.85258931705981,0.5622548878813728,39.94316093914704,62.01796550978749,51.19599056185293,STANDBY,0,0,60.31988873435327
2024-01-10 03:00:00,RIG_001,3,10,2,36.872674070127886,43.56382182778943,54.634934814302966,0.5510642079701903,39.619839774138555,63.28776884238338,61.933663739424496,STANDBY,0,0,60.45897079276773
2024-01-10 04:00:00,RIG_001,4,10,2,39.17721619951087,57.053148402370525,60.99575994588541,0.6498541691504488,47.740989804299296,67.33553549371624,62.875178786437715,STANDBY,0,0,60.598052851182196
2024-01-10 05:00:00,RIG_001,5,10,2,46.958579598635716,43.94575531393125,55.15698412192072,0.5522161194007561,40.34395329624699,62.7329976277846,65.99256934475152,STANDBY,0,0,60.73713490959666
2024-01-10 06:00:00,RIG_001,6,10,2,55.30901110519182,65.08467604408084,71.11137253451218,0.530107272593943,49.93628309797861,73.10052530454544,70.6481143266287,HIGH_PRODUCTION,0,0,60.87621696801112
2024-01-10 07:00:00,RIG_001,7,10,2,63.65944261174793,61.96108955157829,69.72478440982019,0.6730405397961368,47.11857591213111,68.33717298592586,72.93178136005562,HIGH_PRODUCTION,0,0,61.01529902642559
2024-01-10 08:00:00,RIG_001,8,10,2,71.44080601087278,75.46723528646639,78.76225688023843,0.6057326151556285,49.830942276287374,69.28153220079041,84.87289255006365,HIGH_PRODUCTION,0,0,61.154381084840054
2024-01-10 09:00:00,RIG_001,9,10,2,78.12281424622702,89.9745181443668,89.2488654379425,0.6624090900736774,53.231095830726744,75.81176587540085,96.00180793724843,HIGH_PRODUCTION,0,0,61.29346314325452
2024-01-10 10:00:00,RIG_001,10,10,2,83.250099499112,89.99931281665444,90.78458840144005,0.6659450545544647,53.28742280059611,77.53587799542775,95.48316123972494,HIGH_PRODUCTION,0,0,61.43254520166899
2024-01-10 11:00:00,RIG_001,11,10,2,86.47324575278313,87.53319739396389,90.1728805736712,0.7576080058807663,48.02795418979975,79.94760357108032,95.00070846466656,HIGH_PRODUCTION,0,0,61.571627260083446
2024-01-10 12:00:00,RIG_001,12,10,2,87.57260091655372,90.46562020984335,93.73463121317997,0.591455987204587,52.05863826415932,78.9489701177995,99.96628146916282,HIGH_PRODUCTION,0,0,61.71070931849791
2024-01-10 13:00:00,RIG_001,13,10,2,86.47324575278313,96.36163464580814,95.0,0.8733714961280736,55.78072460382067,76.3568845575013,99.30679156762696,HIGH_PRODUCTION,0,0,61.84979137691238
2024-01-10 14:00:00,RIG_001,14,10,2,83.25009949911201,86.10952879764012,90.05920066329075,0.7390869205875303,51.42958783246181,83.28842838932871,99.23874443709548,HIGH_PRODUCTION,0,0,61.98887343532684
2024-01-10 15:00:00,RIG_001,15,10,2,78.12281424622702,85.73723196001286,86.93776026528293,0.6968854635614619,48.623928296396066,76.5154955209378,94.45580760797773,HIGH_PRODUCTION,0,0,62.127955493741304
2024-01-10 16:00:00,RIG_001,16,10,2,71.44080601087278,78.22165228502999,81.09026175165017,0.6609884070328987,49.45060417010256,77.29266789950603,88.70873480466707,HIGH_PRODUCTION,0,0,62.26703755215577
2024-01-10 17:00:00,RIG_001,17,10,2,63.65944261174793,66.97529025711916,68.25932514602745,0.6448280529565213,50.15203359679077,69.63744377640406,70.3608549759162,HIGH_PRODUCTION,0,0,62.40611961057024
2024-01-10 18:00:00,RIG_001,18,10,2,55.30901110519183,72.62344324398093,75.40672129579352,0.6741072578268485,50.649644242064674,73.38711070731063,80.16855602257641,HIGH_PRODUCTION,0,0,62.5452016689847
2024-01-10 19:00:00,RIG_001,19,10,2,46.958579598635716,56.74374871115042,62.66867381766607,0.6332291603405508,44.061929159055545,69.54153012690033,66.76727597150396,HIGH_PRODUCTION,0,0,62.68428372739916
2024-01-10 20:00:00,RIG_001,20,10,2,39.17721619951089,35.687939575909674,49.40878396526511,0.5661375051711559,40.82488344809359,64.36096600803567,51.39197983819671,HIGH_PRODUCTION,0,0,62.82336578581363
2024-01-10 21:00:00,RIG_001,21,10,2,36.872674070127886,44.462244262424015,45.22798155157466,0.5697155582269469,40.3825470248699,66.51077819486189,51.30847410341196,HIGH_PRODUCTION,0,0,62.962447844228095
2024-01-10 22:00:00,RIG_001,22,10,2,36.872674070127886,40.24190267349711,51.39368778338421,0.5432649066156953,36.652732494720844,64.68916180226806,54.78075051004476,STANDBY,0,0,63.101529902642554
2024-01-10 23:00:00,RIG_001,23,10,2,36.872674070127886,47.833863980082334,50.6937325214265,0.5689003756017995,40.10953401876147,63.40489900044237,57.659944010977206,STANDBY,0,0,63.24061196105702
2024-01-11 00:00:00,RIG_001,0,11,3,36.10028835127271,39.02690586046237,47.63250914975246,0.540854079641639,42.88250400213199,59.99283363227053,49.42193446106946,STANDBY,0,0,63.379694019471486
2024-01-11 01:00:00,RIG_001,1,11,3,36.10028835127271,42.43668965405355,45.65479532786852,0.6180736781170577,40.061186249854785,63.72882942718866,55.81191716639398,STANDBY,0,0,63.51877607788595
2024-01-11 02:00:00,RIG_001,2,11,3,36.10028835127271,45.5561705650525,51.63104691888113,0.6009777803544023,40.90227468251309,66.46623538653895,53.94204894310495,STANDBY,0,0,63.65785813630042
2024-01-11 03:00:00,RIG_001,3,11,3,36.10028835127271,47.38087244976299,50.6648380940181,0.4303109463949345,41.24554171989099,63.54609963259907,56.32274510561941,STANDBY,0,0,63.79694019471488
2024-01-11 04:00:00,RIG_001,4,11,3,38.35655637322725,39.327744774350215,48.34910894321852,0.5865223621620561,43.640209372733565,64.99383932944822,55.72468687438272,STANDBY,0,0,63.936022253129345
2024-01-11 05:00:00,RIG_001,5,11,3,45.97492063778226,51.29594720374154,62.53507866915833,0.5999250685933386,46.07590463165951,69.74663439758099,65.823157378558,STANDBY,0,0,64.07510431154381
2024-01-11 06:00:00,RIG_001,6,11,3,54.15043252690906,58.79010102503046,64.89269581349158,0.6122916107326296,49.13508572315388,64.88806755028888,72.45010174379044,HIGH_PRODUCTION,0,0,64.21418636995827
2024-01-11 07:00:00,RIG_001,7,11,3,62.32594441603586,66.09455561585565,72.162151476693,0.6162708179066136,46.20554848316381,67.31760457336786,73.47460068329175,HIGH_PRODUCTION,0,0,64.35326842837273
2024-01-11 08:00:00,RIG_001,8,11,3,69.94430868059086,85.82769955344686,87.23675519344563,0.7516581366067899,52.0481738658559,75.32718468931806,96.59310829099331,HIGH_PRODUCTION,0,0,64.4923504867872
2024-01-11 09:00:00,RIG_001,9,11,3,76.48634638588689,85.58823692090436,88.00116017798021,0.7426667640496628,48.36377413138451,76.5993090808389,93.04360797287748,HIGH_PRODUCTION,0,0,64.63143254520168
2024-01-11 10:00:00,RIG_001,10,11,3,81.50622847353647,82.2996529908361,86.60883283506432,0.6473371339957924,53.528782099945566,73.11619485594969,89.81959861115769,HIGH_PRODUCTION,0,0,64.77051460361614
2024-01-11 11:00:00,RIG_001,11,11,3,84.66185827501369,96.3698746080246,95.0,0.7491006248284229,51.75690954947028,82.96757041900881,99.10245468271769,HIGH_PRODUCTION,0,0,64.9095966620306
2024-01-11 12:00:00,RIG_001,12,11,3,85.73818483427267,103.48853472583502,95.0,0.702077482332221,56.30568480898401,82.31876100230585,102.42675780817815,HIGH_PRODUCTION,0,0,65.04867872044505
2024-01-11 13:00:00,RIG_001,13,11,3,84.66185827501369,96.98461579303078,95.0,0.6627239822550839,52.05154889299201,79.21372588263145,98.24663412444869,HIGH_PRODUCTION,0,0,65.18776077885953
2024-01-11 14:00:00,RIG_001,14,11,3,81.50622847353648,81.09067216778995,85.98480462437942,0.6532435266229676,49.094934388470094,70.01947307873141,88.7367315561111,HIGH_PRODUCTION,0,0,65.32684283727399
2024-01-11 15:00:00,RIG_001,15,11,3,76.48634638588689,81.26733185434134,86.5185621541124,0.7287853687649157,48.64230810148593,70.43275210701988,90.8539523613612,HIGH_PRODUCTION,0,0,65.46592489568846
2024-01-11 16:00:00,RIG_001,16,11,3,69.94430868059086,83.50188256807185,86.31218140675908,0.7405819277894317,49.65972012066632,75.89359252126698,87.78129506844918,HIGH_PRODUCTION,0,0,65.60500695410292
2024-01-11 17:00:00,RIG_001,17,11,3,62.32594441603586,66.03147753825199,74.06349949489211,0.6667250596696901,45.429623978265035,63.411656383011085,84.52513121871756,HIGH_PRODUCTION,0,0,65.74408901251738
2024-01-11 18:00:00,RIG_001,18,11,3,54.150432526909064,63.63427242671243,69.45802390008582,0.6706902909062646,44.812030516827946,72.12819395694595,72.75884012644165,HIGH_PRODUCTION,0,0,65.88317107093185
2024-01-11 19:00:00,RIG_001,19,11,3,45.97492063778226,57.133695972763334,59.92365539737687,0.6412990147914231,45.95009181675145,66.66564725871203,67.41850575591808,HIGH_PRODUCTION,0,0,66.02225312934631
2024-01-11 20:00:00,RIG_001,20,11,3,38.356556373227264,41.028371391933405,53.883885899762234,0.5356563751656958,38.04736726185831,72.03779032636422,59.51229615070555,HIGH_PRODUCTION,0,0,66.16133518776078
2024-01-11 21:00:00,RIG_001,21,11,3,36.10028835127271,43.129991256322434,47.92844971826371,0.5961877699873652,41.22358066810834,69.86274612874506,49.9748475668178,HIGH_PRODUCTION,0,0,66.30041724617524
2024-01-11 22:00:00,RIG_001,22,11,3,36.10028835127271,27.242143645048248,40.0223538872315,0.5675049044148877,39.24645421587318,57.62829588577193,45.00448975959331,STANDBY,0,0,66.4394993045897
2024-01-11 23:00:00,RIG_001,23,11,3,36.10028835127271,38.34740444748433,43.77248435813934,0.5990711052851484,38.560458382844295,61.18521032665136,51.124492696071584,STANDBY,0,0,66.57858136300416
2024-01-12 00:00:00,RIG_001,0,12,4,36.10028835127271,42.3961421062059,47.30940857053755,0.6335047485780244,39.16319774505627,65.70558717386785,51.74462456527863,STANDBY,0,0,66.71766342141864
2024-01-12 01:00:00,RIG_001,1,12,4,36.10028835127271,37.44092926210962,45.39467576756018,0.5951649620657145,38.8991830651669,66.341796608387,53.97401460511327,STANDBY,0,0,66.85674547983311
2024-01-12 02:00:00,RIG_001,2,12,4,36.10028835127271,51.86276400035422,54.832169600837574,0.621144012531132,45.32514141680998,60.64474202779821,62.89671577918317,STANDBY,0,0,66.99582753824757
2024-01-12 03:00:00,RIG_001,3,12,4,36.10028835127271,36.57086289965505,47.12950499877122,0.6117597390014347,39.53093098682048,55.61213247383246,54.88624956274621,STANDBY,0,0,67.13490959666203
2024-01-12 04:00:00,RIG_001,4,12,4,38.35655637322725,43.79847768669,55.50650915013129,0.579165336717923,39.88719083245731,61.27343888934386,59.1275388333123,STANDBY,0,0,67.27399165507649
2024-01-12 05:00:00,RIG_001,5,12,4,45.97492063778226,54.29162957992256,61.411493990161325,0.5684334510323457,44.54066069735672,68.03570162349837,63.17196664681686,STANDBY,0,0,67.41307371349096
2024-01-12 06:00:00,RIG_001,6,12,4,54.15043252690906,69.04066733671164,70.93608713144567,0.6491772769005684,45.055582534505064,72.20282097253627,74.09532431535729,HIGH_PRODUCTION,0,0,67.55215577190542
2024-01-12 07:00:00,RIG_001,7,12,4,62.32594441603586,62.851364333372835,71.70954529742059,0.6020739120810756,47.075560104229105,72.0647236649634,77.29826811942075,HIGH_PRODUCTION,0,0,67.69123783031989
2024-01-12 08:00:00,RIG_001,8,12,4,69.94430868059086,83.48572042336201,86.47037323186649,0.6680195270763044,51.68864472124404,71.44662354191269,93.10773337246356,HIGH_PRODUCTION,0,0,67.83031988873435
2024-01-12 09:00:00,RIG_001,9,12,4,76.48634638588689,84.28396698174335,83.7720188082644,0.6975035751980493,50.455374803158065,68.33675850561637,82.25730459398306,HIGH_PRODUCTION,0,0,67.96940194714881
2024-01-12 10:00:00,RIG_001,10,12,4,81.50622847353647,84.36600281781739,88.74260506066567,0.6659109484257073,49.41432910755989,77.88384343125166,93.71826545583042,HIGH_PRODUCTION,0,0,68.10848400556328
2024-01-12 11:00:00,RIG_001,11,12,4,84.66185827501369,94.76055555461289,95.0,0.7218738544377976,51.91677704408631,75.94357784748817,100.47426767596956,HIGH_PRODUCTION,0,0,68.24756606397774
2024-01-12 12:00:00,RIG_001,12,12,4,85.73818483427267,94.54252552918506,94.13038831079105,0.6424934357294347,54.70526605498809,72.3072940655896,98.2977555418444,HIGH_PRODUCTION,0,0,68.38664812239222
2024-01-12 13:00:00,RIG_001,13,12,4,84.66185827501369,89.4906784150269,94.17322728595192,0.7332396413369544,54.83063060873485,77.28239476238622,103.04704880299956,HIGH_PRODUCTION,0,0,68.52573018080668
2024-01-12 14:00:00,RIG_001,14,12,4,81.50622847353648,89.70600573305595,90.45169549604402,0.7238375399241637,51.151885939206394,79.29132878457281,96.71703571879664,HIGH_PRODUCTION,0,0,68.66481223922113
2024-01-12 15:00:00,RIG_001,15,12,4,76.48634638588689,82.43140754490962,85.36685168338124,0.6616553682718618,51.524625293330374,74.36325086710906,94.29742740762393,HIGH_PRODUCTION,0,0,68.8038942976356
2024-01-12 16:00:00,RIG_001,16,12,4,69.94430868059086,78.40438685894081,80.69648846679675,0.7239473494226429,45.42704267753107,72.14777089913477,85.04860690574606,HIGH_PRODUCTION,0,0,68.94297635605007
2024-01-12 17:00:00,RIG_001,17,12,4,62.32594441603586,73.54995154949697,76.23168138568128,0.723856595187677,47.21825242605984,71.58689876841137,84.04411386320206,HIGH_PRODUCTION,0,0,69.08205841446454
2024-01-12 18:00:00,RIG_001,18,12,4,54.150432526909064,70.01473267725387,69.81628943256192,0.5865507667048289,47.441565303571664,69.89267151597382,79.72148861614447,HIGH_PRODUCTION,0,0,69.221140472879
2024-01-12 19:00:00,RIG_001,19,12,4,45.97492063778226,47.74092152202823,53.693898787208184,0.5625274157629478,40.11586354654339,60.278135120787965,62.62897913502617,HIGH_PRODUCTION,0,0,69.36022253129346
2024-01-12 20:00:00,RIG_001,20,12,4,38.356556373227264,56.99766393365098,63.38760848664053,0.5905330926704198,42.37640323383356,64.95525714912401,65.11118370635432,HIGH_PRODUCTION,0,0,69.49930458970792
2024-01-12 21:00:00,RIG_001,21,12,4,36.10028835127271,34.33665234956475,43.25121446360982,0.5145683485857406,37.24860397445342,61.86483541991087,47.49018623098268,HIGH_PRODUCTION,0,0,69.63838664812239
2024-01-12 22:00:00,RIG_001,22,12,4,36.10028835127271,43.35902818076151,47.10442897926878,0.6306607014650194,41.42414250184313,63.97274407835795,51.06893486291939,STANDBY,0,0,69.77746870653685
2024-01-12 23:00:00,RIG_001,23,12,4,36.10028835127271,47.08040199712448,46.21405436075471,0.5912161021125386,41.395442462468374,64.6283000170378,52.68181796598369,STANDBY,0,0,69.91655076495132
2024-01-13 00:00:00,RIG_001,0,13,5,36.872674070127886,46.50519346234957,48.62519258203073,0.5865123696149812,37.14983589893745,60.96611259314473,55.684253247074324,STANDBY,0,0,70.05563282336578
2024-01-13 01:00:00,RIG_001,1,13,5,36.872674070127886,42.00759883333361,44.830973102872626,0.4866085378067842,36.26049940306327,62.057770163593084,47.31429508079542,STANDBY,0,0,70.19471488178024
2024-01-13 02:00:00,RIG_001,2,13,5,36.872674070127886,44.101347489412376,52.816635583644654,0.6254101317394773,39.81160651663874,56.69920910749514,58.020151125395465,STANDBY,0,0,70.33379694019472
2024-01-13 03:00:00,RIG_001,3,13,5,36.872674070127886,42.69781637666676,51.98146975519293,0.5280220453817633,41.589827266273794,63.34477490465619,50.921687758724524,STANDBY,0,0,70.47287899860918
2024-01-13 04:00:00,RIG_001,4,13,5,39.17721619951087,44.54140170338502,51.348540331675565,0.5990686808515661,35.640340740395786,67.6489936344562,60.67437534908123,STANDBY,0,0,70.61196105702365
2024-01-13 05:00:00,RIG_001,5,13,5,46.958579598635716,59.538461681098205,68.15739625852737,0.6554884044029566,43.88515506797129,63.43914210820314,71.6202735364973,STANDBY,0,0,70.75104311543811
2024-01-13 06:00:00,RIG_001,6,13,5,55.30901110519182,65.4468224411366,71.23162443866514,0.7279338978107527,45.3092098972493,67.87626371238771,76.39921625819862,HIGH_PRODUCTION,0,0,70.89012517385257
2024-01-13 07:00:00,RIG_001,7,13,5,63.65944261174793,68.56849085032638,72.56198410399875,0.6043812815240917,49.91879826899849,71.55786759122832,76.63303496203457,HIGH_PRODUCTION,0,0,71.02920723226703
2024-01-13 08:00:00,RIG_001,8,13,5,71.44080601087278,84.33326391168292,79.60114691726261,0.5666973411067335,50.313272354495005,79.05850707678734,88.03922964230286,HIGH_PRODUCTION,0,0,71.1682892906815
2024-01-13 09:00:00,RIG_001,9,13,5,78.12281424622702,88.07463268301612,93.08351900448355,0.738645860683117,52.78463614023589,75.0777159560044,89.57099968029141,HIGH_PRODUCTION,0,0,71.30737134909597
2024-01-13 10:00:00,RIG_001,10,13,5,83.250099499112,95.75059323447503,91.59941423743335,0.8430631524090095,54.22016258879369,76.64842698254482,96.54958321045562,HIGH_PRODUCTION,0,0,71.44645340751043
2024-01-13 11:00:00,RIG_001,11,13,5,86.47324575278313,98.07843541233159,93.28367036379771,0.8225247657476661,50.2584758934685,73.51676119645123,97.96621409130462,HIGH_PRODUCTION,0,0,71.58553546592489
2024-01-13 12:00:00,RIG_001,12,13,5,87.57260091655372,91.90553362063594,95.0,0.7530980417229965,54.51279783842246,77.8819744741151,98.63909083722496,HIGH_PRODUCTION,0,0,71.72461752433935
2024-01-13 13:00:00,RIG_001,13,13,5,86.47324575278313,92.17111061925303,95.0,0.719386320907172,53.47357066572583,83.77756130620715,105.17867963690689,HIGH_PRODUCTION,0,0,71.86369958275382
2024-01-13 14:00:00,RIG_001,14,13,5,83.25009949911201,95.50619990094522,95.0,0.7948858560993745,54.89308725458548,79.4839353561776,97.33801162343269,HIGH_PRODUCTION,0,0,72.00278164116828
2024-01-13 15:00:00,RIG_001,15,13,5,78.12281424622702,89.71516025837343,90.61376864462115,0.6890356255882278,60.28126547746601,76.84771113996088,97.92915717632813,HIGH_PRODUCTION,0,0,72.14186369958276
2024-01-13 16:00:00,RIG_001,16,13,5,71.44080601087278,79.89765503479327,83.12810170420654,0.7326346366041796,45.80618787970114,74.93554344273895,89.19686007032479,HIGH_PRODUCTION,0,0,72.28094575799722
2024-01-13 17:00:00,RIG_001,17,13,5,63.65944261174793,72.82829883079525,77.47436277685793,0.7134385157163639,51.65646800722102,71.81521363739277,86.25892053446448,HIGH_PRODUCTION,0,0,72.42002781641168
2024-01-13 18:00:00,RIG_001,18,13,5,55.30901110519183,70.30041719539953,73.69810749681324,0.7341481864604471,47.00020926004917,68.65108204183946,76.69654024248072,HIGH_PRODUCTION,0,0,72.55910987482615
2024-01-13 19:00:00,RIG_001,19,13,5,46.958579598635716,52.624666574484316,60.06663043180917,0.7666497694019693,43.73082445242709,68.25723971937842,62.867723734437895,HIGH_PRODUCTION,0,0,72.69819193324061
2024-01-13 20:00:00,RIG_001,20,13,5,39.17721619951089,50.55750933415099,56.54290780839435,0.6426424223280116,42.548352842935266,65.84453736958055,64.83111753082655,HIGH_PRODUCTION,0,0,72.83727399165508
2024-01-13 21:00:00,RIG_001,21,13,5,36.872674070127886,44.527379345510504,50.93438710201488,0.5800393809514347,40.28337216958154,63.411053559454125,57.21035102700521,HIGH_PRODUCTION,0,0,72.97635605006954
2024-01-13 22:00:00,RIG_001,22,13,5,36.872674070127886,44.47079890030604,48.24634693217477,0.6045954335252544,39.97803386859899,60.41514158825706,48.61153489214449,STANDBY,0,0,73.115438108484
2024-01-13 23:00:00,RIG_001,23,13,5,36.872674070127886,51.07395148514026,52.35561412703806,0.5377861398785588,43.42750534243108,69.23270924134636,55.737699083648245,STANDBY,0,0,73.25452016689846
2024-01-14 00:00:00,RIG_001,0,14,6,38.26446504352977,51.287314782326355,49.386475241005044,0.5927006966937778,39.78748130223823,67.38030267069723,55.54562320254923,STANDBY,0,0,73.39360222531293
2024-01-14 01:00:00,RIG_001,1,14,6,38.26446504352977,51.24864352615157,52.82510025178889,0.6074125458077091,44.31331921658143,63.715830545743565,60.33839291642866,STANDBY,0,0,73.5326842837274
2024-01-14 02:00:00,RIG_001,2,14,6,38.26446504352977,53.729351690682186,53.33222556983197,0.6096707005438844,42.59994911290004,69.12428006825047,56.294533610253104,STANDBY,0,0,73.67176634214186
2024-01-14 03:00:00,RIG_001,3,14,6,38.26446504352977,47.32783917183651,50.53267061917798,0.624844654719421,39.57182111487841,62.70563923639532,46.78990264972715,STANDBY,0,0,73.81084840055632
2024-01-14 04:00:00,RIG_001,4,14,6,40.65599410875038,53.04497619413032,58.18677401878515,0.5938136537991642,42.36121833254096,63.56748238070598,64.75644357599626,STANDBY,0,0,73.94993045897078
2024-01-14 05:00:00,RIG_001,5,14,6,48.73107179936013,56.179817554060136,64.42134274430512,0.700947036097945,46.55925282224018,64.57483591377718,65.7603806744732,STANDBY,0,0,74.08901251738526
2024-01-14 06:00:00,RIG_001,6,14,6,57.396697565294645,68.03847117416632,72.65971591650442,0.6810381450716076,45.938947619509136,65.09833569298563,71.6076995221372,HIGH_PRODUCTION,0,0,74.22809457579972
2024-01-14 07:00:00,RIG_001,7,14,6,66.06232333122917,74.45341221458237,73.60159848232323,0.7003639271236731,49.330260290064835,73.75065080562932,70.1046207073708,HIGH_PRODUCTION,0,0,74.36717663421419
2024-01-14 08:00:00,RIG_001,8,14,6,74.13740102183893,83.68504731075632,82.23177211331311,0.7126854408771377,49.45934927625813,69.61207955821185,89.67371469390633,HIGH_PRODUCTION,0,0,74.50625869262865
2024-01-14 09:00:00,RIG_001,9,14,6,81.0716274372057,93.13094133710625,93.41696142773257,0.7657337212084402,54.798579034123804,74.25395090733458,98.80281377894747,HIGH_PRODUCTION,0,0,74.64534075104311
2024-01-14 10:00:00,RIG_001,10,14,6,86.39244650647323,91.40573417178402,89.80666894626931,0.794609806986564,54.22244902052641,71.1949562242996,94.12969980413256,HIGH_PRODUCTION,0,0,74.78442280945758
2024-01-14 11:00:00,RIG_001,11,14,6,89.73725320314023,109.32444297180784,95.0,0.7643108376013666,61.028328409544784,82.53912381316968,104.16707308888829,HIGH_PRODUCTION,0,0,74.92350486787204
2024-01-14 12:00:00,RIG_001,12,14,6,90.8781044783832,94.99413326988716,95.0,0.7323269230610447,53.397405426473355,78.04727860015053,101.91197404906922,HIGH_PRODUCTION,0,0,75.06258692628651
2024-01-14 13:00:00,RIG_001,13,14,6,89.73725320314023,92.83328814696623,91.490690588765,0.7441202389408694,54.54563164625737,76.86989780453078,101.33959071693076,HIGH_PRODUCTION,0,0,75.20166898470097
2024-01-14 14:00:00,RIG_001,14,14,6,86.39244650647325,101.3708411905004,95.0,0.7181819815703022,55.538845376702994,77.2835192731384,95.82179358349902,HIGH_PRODUCTION,0,0,75.34075104311543
2024-01-14 15:00:00,RIG_001,15,14,6,81.0716274372057,94.23864353230938,89.53198937904162,0.7236723700169729,56.15140444680337,74.7548917993829,94.42833750717973,HIGH_PRODUCTION,0,0,75.47983310152989
2024-01-14 16:00:00,RIG_001,16,14,6,74.13740102183893,86.48756504115087,84.6898037367881,0.7181273120859971,50.184226485070255,77.33937910298498,84.83966361194405,HIGH_PRODUCTION,0,0,75.61891515994436
2024-01-14 17:00:00,RIG_001,17,14,6,66.06232333122917,78.4544781203639,79.7828031013236,0.7621148822701633,51.103630155845536,71.88468764098371,84.0946561057572,HIGH_PRODUCTION,0,0,75.75799721835884
2024-01-14 18:00:00,RIG_001,18,14,6,57.39669756529465,66.60675325263558,66.77806448451801,0.6965366433150962,46.262293720925534,70.9311009403991,71.03221692321799,HIGH_PRODUCTION,0,0,75.8970792767733
2024-01-14 19:00:00,RIG_001,19,14,6,48.73107179936013,53.53695180226863,60.932568196461816,0.6544349963159342,43.25586159635016,63.40533948230792,67.81240910825103,HIGH_PRODUCTION,0,0,76.03616133518776
2024-01-14 20:00:00,RIG_001,20,14,6,40.65599410875039,50.34803106881886,56.169543043437955,0.6782899648892641,42.770512736101466,65.6475975489589,61.30623468686365,HIGH_PRODUCTION,0,0,76.17524339360222
2024-01-14 21:00:00,RIG_001,21,14,6,38.26446504352977,44.21253296383121,51.975645437640644,0.6110263112795906,41.55761403381116,67.17359400109756,58.84586685248039,HIGH_PRODUCTION,0,0,76.31432545201669
2024-01-14 22:00:00,RIG_001,22,14,6,38.26446504352977,52.494802497242695,55.01650653619943,0.6628212800298972,42.891242538066756,67.50693815035115,62.12682693561611,STANDBY,0,0,76.45340751043115
2024-01-14 23:00:00,RIG_001,23,14,6,38.26446504352977,46.90477923140542,53.14374178847839,0.621923208322974,42.15562117419241,62.83419231477219,64.60852782062781,STANDBY,0,0,76.59248956884562
2024-01-15 00:00:00,RIG_001,0,15,0,40.0,45.435782711288326,49.511918632068806,0.6365017521128867,44.51518179294645,64.40233172445429,53.566028666210435,STANDBY,0,0,76.73157162726008
2024-01-15 01:00:00,RIG_001,1,15,0,40.0,47.97720179574809,50.20010338488579,0.6022762872493633,43.96519982016746,63.671165015133795,52.37703528288665,STANDBY,0,0,76.87065368567454
2024-01-15 02:00:00,RIG_001,2,15,0,40.0,51.669650584153345,54.31818212628106,0.5211070368149946,44.65572183103213,65.52453572933018,60.05643297223028,STANDBY,0,0,77.00973574408901
2024-01-15 03:00:00,RIG_001,3,15,0,40.0,46.80723285751752,53.5140815230909,0.6223030116732513,40.790729162331644,63.06533670080975,56.10724144167227,STANDBY,0,0,77.14881780250347
2024-01-15 04:00:00,RIG_001,4,15,0,42.5,48.0356159524674,54.91908971213185,0.704395854106071,40.2304223316602,63.91767916808404,64.36497201744146,STANDBY,0,0,77.28789986091795
2024-01-15 05:00:00,RIG_001,5,15,0,50.94133342141177,61.82734971793307,65.10704085234744,0.7215007469432084,47.36743854595877,69.18448497460246,69.25738673551174,STANDBY,0,0,77.4269819193324
2024-01-15 06:00:00,RIG_001,6,15,0,60.0,70.9132754033675,71.14398186640699,0.7512739563506485,49.480412435901464,68.2939065222644,74.44725276278501,HIGH_PRODUCTION,0,0,77.56606397774686
2024-01-15 07:00:00,RIG_001,7,15,0,69.05866657858823,76.23325555831866,76.48470386070946,0.7813268869099121,52.00365524108163,69.82234018652565,80.0707566972561,HIGH_PRODUCTION,0,0,77.70514603616132
2024-01-15 08:00:00,RIG_001,8,15,0,77.5,84.87497563725663,82.1197748387546,0.7504347188381449,50.0107826573757,71.29686502968336,89.27502710916951,HIGH_PRODUCTION,0,0,77.8442280945758
2024-01-15 09:00:00,RIG_001,9,15,0,84.74873734152916,95.66001650242775,95.0,0.7887790754895241,53.45590681488625,73.89719163721719,99.52675905030554,HIGH_PRODUCTION,0,0,77.98331015299027
2024-01-15 10:00:00,RIG_001,10,15,0,90.31088913245534,92.8423592078413,90.14589228419771,0.7401340516974253,49.931621476909456,74.20085968569096,93.22089182380657,HIGH_PRODUCTION,0,0,78.12239221140473
2024-01-15 11:00:00,RIG_001,11,15,0,93.8074039201174,96.56283913986937,94.27929969864233,0.7669307716975323,53.35576757284559,79.44723926237319,104.27535545151292,HIGH_PRODUCTION,0,0,78.26147426981919
2024-01-15 12:00:00,RIG_001,12,15,0,95.0,101.22139529413475,95.0,0.8280549686838958,57.29848984469258,77.68805604176477,97.43149047801475,HIGH_PRODUCTION,0,0,78.40055632823365
2024-01-15 13:00:00,RIG_001,13,15,0,93.8074039201174,102.57464687071725,95.0,0.862076716017185,54.71067095922291,82.31323745390847,100.10669822209898,HIGH_PRODUCTION,0,0,78.53963838664812
2024-01-15 14:00:00,RIG_001,14,15,0,90.31088913245536,101.72076797836664,95.0,0.7929048719313003,56.71115158499331,80.62037163976767,101.95691845483069,HIGH_PRODUCTION,0,0,78.67872044506258
2024-01-15 15:00:00,RIG_001,15,15,0,84.74873734152916,102.00172175296035,95.0,0.7787669120302187,55.11942422624446,74.69500388557395,95.10599466874878,HIGH_PRODUCTION,0,0,78.81780250347705
2024-01-15 16:00:00,RIG_001,16,15,0,77.5,91.6853637514557,87.66423700238568,0.770910027444763,53.569454994307044,79.47053587810177,94.10501850660344,HIGH_PRODUCTION,0,0,78.95688456189151
2024-01-15 17:00:00,RIG_001,17,15,0,69.05866657858823,78.17690187297886,79.53468180905509,0.7609749095466163,47.24884268861339,75.88546649866878,81.36935878261374,HIGH_PRODUCTION,0,0,79.09596662030597
2024-01-15 18:00:00,RIG_001,18,15,0,60.00000000000001,69.84370921345649,70.23553142155437,0.6342785815485742,47.631346202631924,67.97152473953238,77.70387976405638,HIGH_PRODUCTION,0,0,79.23504867872045
2024-01-15 19:00:00,RIG_001,19,15,0,50.94133342141177,55.88833915995483,65.7527493906995,0.5503524927715422,37.989812848187256,68.02707637667143,67.86479635494258,HIGH_PRODUCTION,0,0,79.3741307371349
2024-01-15 20:00:00,RIG_001,20,15,0,42.500000000000014,52.38794919053234,55.05757267626038,0.6276898562792154,42.72319498130911,63.14689004493211,62.135879771806955,HIGH_PRODUCTION,0,0,79.51321279554938
2024-01-15 21:00:00,RIG_001,21,15,0,40.0,48.55808398465575,54.09763756175512,0.5832478100741147,38.87857450873366,64.86043632564173,62.41513676063926,HIGH_PRODUCTION,0,0,79.65229485396384
2024-01-15 22:00:00,RIG_001,22,15,0,40.0,51.63583228970906,55.32084990541412,0.6286659946362748,45.3209471055209,61.69725446604782,62.905159482312534,STANDBY,0,0,79.7913769123783
2024-01-15 23:00:00,RIG_001,23,15,0,40.0,45.906947079019176,50.64435983200195,0.630053661179355,43.03155147528382,58.39276476610202,56.39830977671626,STANDBY,0,0,79.93045897079276
2024-01-16 00:00:00,RIG_001,0,16,1,38.26446504352977,51.09121034445777,52.28415088891924,0.6308893746990516,43.70614455004661,64.17891153449843,56.59024806013014,STANDBY,0,0,80.06954102920723
2024-01-16 01:00:00,RIG_001,1,16,1,38.26446504352977,56.17903464702697,55.720372778436776,0.741994973015105,47.086771116075504,66.48252355528358,58.99111404943224,STANDBY,0,0,80.2086230876217
2024-01-16 02:00:00,RIG_001,2,16,1,38.26446504352977,47.992401648491956,51.95486070277788,0.6617052637597365,40.10026737047331,63.204681413703774,61.36796477522919,STANDBY,0,0,80.34770514603616
2024-01-16 03:00:00,RIG_001,3,16,1,38.26446504352977,50.565623310033125,54.38851573327051,0.6686677367284433,46.136132223339395,61.617595318342254,57.29003007276758,STANDBY,0,0,80.48678720445062
2024-01-16 04:00:00,RIG_001,4,16,1,40.65599410875038,54.42017603207675,60.57986385283587,0.6968743623498608,45.46942713653996,65.12635562322961,62.468665632125884,STANDBY,0,0,80.62586926286508
2024-01-16 05:00:00,RIG_001,5,16,1,48.73107179936014,57.059293713463944,66.58606987044092,0.6172960305364716,43.7917128539281,67.92567237178139,73.58217667553942,STANDBY,0,0,80.76495132127955
2024-01-16 06:00:00,RIG_001,6,16,1,57.39669756529465,68.87234655664189,70.20842436396946,0.7621887625597151,49.489326933526364,70.52702487662495,72.82001395440997,HIGH_PRODUCTION,0,0,80.90403337969401
2024-01-16 07:00:00,RIG_001,7,16,1,66.06232333122918,76.50133422619548,75.23174693737928,0.7298882501042474,46.912746531725595,73.49790335965628,77.3815564449809,HIGH_PRODUCTION,0,0,81.04311543810849
2024-01-16 08:00:00,RIG_001,8,16,1,74.13740102183893,85.02269271440258,84.83705153193904,0.7933208989913602,49.6066448555453,73.49646221295808,85.50623874542974,HIGH_PRODUCTION,0,0,81.18219749652295
2024-01-16 09:00:00,RIG_001,9,16,1,81.07162743720572,87.62435202651005,93.39088414070706,0.714565312647272,50.688908560148114,79.8024593521015,96.9421546223255,HIGH_PRODUCTION,0,0,81.3212795549374
2024-01-16 10:00:00,RIG_001,10,16,1,86.39244650647325,96.9536331951118,93.49303401140314,0.7190144077379397,53.180452882649924,75.55756994886919,98.24488893971366,HIGH_PRODUCTION,0,0,81.46036161335188
2024-01-16 11:00:00,RIG_001,11,16,1,89.73725320314024,102.68674278547348,95.0,0.8553524859447372,53.558570410847864,82.26870372690219,100.7292751829821,HIGH_PRODUCTION,0,0,81.59944367176634
2024-01-16 12:00:00,RIG_001,12,16,1,90.87810447838321,108.61418295222659,95.0,0.8516171280822787,59.5997118722473,86.12992816454786,102.85391873289845,HIGH_PRODUCTION,0,0,81.73852573018081
2024-01-16 13:00:00,RIG_001,13,16,1,89.73725320314024,105.03483007719663,95.0,0.7775123436680954,55.740998718559496,82.95317330140567,101.58069377099739,HIGH_PRODUCTION,0,0,81.87760778859527
2024-01-16 14:00:00,RIG_001,14,16,1,86.39244650647326,107.68044384642356,95.0,0.7876249368635749,57.62512089831964,81.69656047273259,99.42738334134046,HIGH_PRODUCTION,0,0,82.01668984700973
2024-01-16 15:00:00,RIG_001,15,16,1,81.07162743720572,87.77783698392017,91.58034968610156,0.8282283377941958,50.80375651315268,74.74845995518712,95.9857626569624,HIGH_PRODUCTION,0,0,82.15577190542419
2024-01-16 16:00:00,RIG_001,16,16,1,74.13740102183893,89.06281387535917,86.67943284324053,0.7168972628380659,48.62449686774276,79.82710711574651,93.20990524998608,HIGH_PRODUCTION,0,0,82.29485396383866
2024-01-16 17:00:00,RIG_001,17,16,1,66.06232333122918,77.56370533859996,78.20161484377542,0.8245605077676106,49.931041051432835,69.00018682579497,87.01932533256112,HIGH_PRODUCTION,0,0,82.43393602225314
2024-01-16 18:00:00,RIG_001,18,16,1,57.39669756529466,78.9512465188242,76.20738608339724,0.7021147751467496,45.913301678866496,70.77500117450833,81.58632868184684,HIGH_PRODUCTION,0,0,82.5730180806676
2024-01-16 19:00:00,RIG_001,19,16,1,48.73107179936014,55.315976968787744,59.089520359066746,0.7087159277431105,43.691726150026,65.40211979416117,62.68212779643552,HIGH_PRODUCTION,0,0,82.71210013908205
2024-01-16 20:00:00,RIG_001,20,16,1,40.65599410875039,47.10464380281204,52.964231191555214,0.6362877364109729,39.039530873037386,67.8443544133796,54.98563318829858,HIGH_PRODUCTION,0,0,82.85118219749651
2024-01-16 21:00:00,RIG_001,21,16,1,38.26446504352977,45.935623030037355,49.45663903500553,0.6799272976678731,45.458457755970954,64.9199898171339,50.12102324176885,HIGH_PRODUCTION,0,0,82.99026425591099
2024-01-16 22:00:00,RIG_001,22,16,1,38.26446504352977,38.3339699444706,46.14034567292531,0.600313594985004,41.40621793046709,58.59605370781045,53.13915468905588,STANDBY,0,0,83.12934631432545
2024-01-16 23:00:00,RIG_001,23,16,1,38.26446504352977,46.345535766378,48.53996838739696,0.6439706754864789,41.79789152413746,62.97273761375869,55.27390395831563,STANDBY,0,0,83.26842837273992
2024-01-17 00:00:00,RIG_001,0,17,2,36.872674070127886,43.97296165583864,48.85134881708468,0.6475948854619196,43.520653769268996,61.348919064462706,55.583439392404664,STANDBY,0,0,83.40751043115438
2024-01-17 01:00:00,RIG_001,1,17,2,36.872674070127886,48.54145620475034,48.2856758201304,0.6097013657834528,40.442732096256115,62.433069884724496,52.899697481074234,STANDBY,0,0,83.54659248956884
2024-01-17 02:00:00,RIG_001,2,17,2,36.872674070127886,49.519129460017275,53.44503491016377,0.7003413038429913,43.4667411223445,67.79240751367551,62.66583914783902,STANDBY,0,0,83.68567454798331
2024-01-17 03:00:00,RIG_001,3,17,2,36.872674070127886,57.21206608597308,60.33744332530932,0.6612745463599311,44.7026373889307,63.048390438001405,63.88508784155487,STANDBY,0,0,83.82475660639777
2024-01-17 04:00:00,RIG_001,4,17,2,39.17721619951087,54.90873551896905,54.95777002623852,0.6691515654491552,44.2552240424096,71.29896322289383,62.823577737860134,STANDBY,0,0,83.96383866481224
2024-01-17 05:00:00,RIG_001,5,17,2,46.958579598635716,55.0743237576138,61.72215503344325,0.6319171854353226,46.313287939616984,69.006986197838,66.60592634847463,STANDBY,0,0,84.1029207232267
2024-01-17 06:00:00,RIG_001,6,17,2,55.30901110519182,61.838062494502296,69.55817548164795,0.574365515670306,46.92449982918518,71.82400376016177,72.73312318760993,HIGH_PRODUCTION,0,0,84.24200278164116
2024-01-17 07:00:00,RIG_001,7,17,2,63.65944261174793,77.1610255240949,75.9478856378947,0.7394560278024987,49.86770370667377,71.7594891211527,82.72547655984798,HIGH_PRODUCTION,0,0,84.38108484005562
2024-01-17 08:00:00,RIG_001,8,17,2,71.44080601087278,75.90248933934618,82.8866383772831,0.8664189066925647,45.66584746237995,72.32092464456653,89.1155467333351,HIGH_PRODUCTION,0,0,84.5201668984701
2024-01-17 09:00:00,RIG_001,9,17,2,78.12281424622702,98.36381974783757,95.0,0.8529586694659521,52.67086234640046,75.20969048077714,101.07091827780079,HIGH_PRODUCTION,0,0,84.65924895688457
2024-01-17 10:00:00,RIG_001,10,17,2,83.250099499112,100.25187408381937,95.0,0.8189859273259346,54.81755065376339,78.50157500394539,100.2438352661686,HIGH_PRODUCTION,0,0,84.79833101529903
2024-01-17 11:00:00,RIG_001,11,17,2,86.47324575278313,95.25280378212273,94.76755072427076,0.7923635221808089,53.99994569408398,80.05680567756627,99.65387147912027,HIGH_PRODUCTION,0,0,84.93741307371349
2024-01-17 12:00:00,RIG_001,12,17,2,87.57260091655372,90.15322686972462,93.20858994687822,0.791888955778288,50.27789926808331,80.93415724626158,105.37370592548953,HIGH_PRODUCTION,0,0,85.07649513212795
2024-01-17 13:00:00,RIG_001,13,17,2,86.47324575278313,104.40976853099765,95.0,0.8614475701139231,60.925795483906256,78.00146010889193,103.55276993558851,HIGH_PRODUCTION,0,0,85.21557719054242
2024-01-17 14:00:00,RIG_001,14,17,2,83.25009949911201,93.86542348899854,94.32496930856738,0.743974266697381,56.499143982756785,77.06310923574377,101.49344999352391,HIGH_PRODUCTION,0,0,85.35465924895688
2024-01-17 15:00:00,RIG_001,15,17,2,78.12281424622702,95.52078133100612,91.12797586193733,0.8642533939559474,55.084431973536496,78.20233673860427,96.46337333654749,HIGH_PRODUCTION,0,0,85.49374130737135
2024-01-17 16:00:00,RIG_001,16,17,2,71.44080601087278,74.69841555057491,79.15777097841709,0.7823956058869301,48.81867761021122,68.22215705859502,87.1792425802071,HIGH_PRODUCTION,0,0,85.63282336578581
2024-01-17 17:00:00,RIG_001,17,17,2,63.65944261174793,71.9131776394152,72.39102995065933,0.7747364409004434,47.5538764700515,73.34800101709975,78.94501427983369,HIGH_PRODUCTION,0,0,85.77190542420027
2024-01-17 18:00:00,RIG_001,18,17,2,55.30901110519183,66.60670205498104,69.74156911029121,0.7453878430358885,44.74783859370079,67.81003962126648,74.82018336861331,HIGH_PRODUCTION,0,0,85.91098748261474
2024-01-17 19:00:00,RIG_001,19,17,2,46.958579598635716,58.4858173274199,61.2131227527022,0.700638563031076,44.7764153688927,66.9595741446949,65.30242977690445,HIGH_PRODUCTION,0,0,86.0500695410292
2024-01-17 20:00:00,RIG_001,20,17,2,39.17721619951089,48.24008591083731,53.472991661322844,0.7031199259286276,42.57552655799483,63.11617765751556,58.23023964833478,HIGH_PRODUCTION,0,0,86.18915159944368
2024-01-17 21:00:00,RIG_001,21,17,2,36.872674070127886,51.320983109350195,57.60792196653861,0.7088665906465521,40.346724626374304,63.02827941564604,53.096644758904446,HIGH_PRODUCTION,0,0,86.32823365785814
2024-01-17 22:00:00,RIG_001,22,17,2,36.872674070127886,42.889493609461894,50.98811317659016,0.636835708146425,41.39072623685527,62.8457131263969,56.61991569448308,STANDBY,0,0,86.4673157162726
2024-01-17 23:00:00,RIG_001,23,17,2,36.872674070127886,47.53656064003057,52.01280601552015,0.640355184373995,41.57362206235815,63.614139456305104,55.54737777518907,STANDBY,0,0,86.60639777468705
2024-01-18 00:00:00,RIG_001,0,18,3,36.10028835127271,48.26280073136032,48.773054909471036,0.6768631362895865,38.2500850670853,63.3632665725721,58.55106490431969,STANDBY,0,0,86.74547983310153
2024-01-18 01:00:00,RIG_001,1,18,3,36.10028835127271,50.254379051856745,51.79240392141189,0.7557523922963937,40.84282474140518,62.89092885051599,56.850436133847154,STANDBY,0,0,86.884561891516
2024-01-18 02:00:00,RIG_001,2,18,3,36.10028835127271,51.26112158076961,56.25466511814463,0.6199225867593356,41.98806932834911,66.33691048657974,57.68777485953974,STANDBY,0,0,87.02364394993046
2024-01-18 03:00:00,RIG_001,3,18,3,36.10028835127271,42.10069903989799,49.88699900172622,0.5815767378654517,44.30055007465488,67.59106151744625,54.73735853934186,STANDBY,0,0,87.16272600834492
2024-01-18 04:00:00,RIG_001,4,18,3,38.35655637322725,42.33046897612593,56.03694046563895,0.6644366812572412,41.695723493098996,63.11880239135516,57.898577210451435,STANDBY,0,0,87.30180806675938
2024-01-18 05:00:00,RIG_001,5,18,3,45.97492063778226,64.02865051261378,67.13327362553684,0.7243938971313376,43.336199489953664,72.19694979851752,73.55349587267425,STANDBY,0,0,87.44089012517385
2024-01-18 06:00:00,RIG_001,6,18,3,54.15043252690906,67.49821066090816,70.88302462952497,0.7414816039355981,47.84662524406232,66.07879742281206,76.75586672254343,HIGH_PRODUCTION,0,0,87.57997218358831
2024-01-18 07:00:00,RIG_001,7,18,3,62.32594441603586,70.2905821161164,73.626668702085,0.7539456232117854,44.47803755115237,71.56045895271623,81.5001875954098,HIGH_PRODUCTION,0,0,87.71905424200278
2024-01-18 08:00:00,RIG_001,8,18,3,69.94430868059086,89.42800124982897,87.92388255946193,0.7885564362194157,54.522382420231395,73.53629541803548,90.55123718437824,HIGH_PRODUCTION,0,0,87.85813630041724
2024-01-18 09:00:00,RIG_001,9,18,3,76.48634638588689,88.81351455773883,88.64002331137458,0.8729225890386474,51.26112933579895,72.21327958472594,93.74204760005901,HIGH_PRODUCTION,0,0,87.9972183588317
2024-01-18 10:00:00,RIG_001,10,18,3,81.50622847353647,99.17237170300542,95.0,0.7500171178541752,54.60582054827301,77.53359728852452,95.90493461372009,HIGH_PRODUCTION,0,0,88.13630041724618
2024-01-18 11:00:00,RIG_001,11,18,3,84.66185827501369,96.78997029997622,95.0,0.7820465895635589,56.84908587007844,82.61268909323358,102.10448434577414,HIGH_PRODUCTION,0,0,88.27538247566063
2024-01-18 12:00:00,RIG_001,12,18,3,85.73818483427267,107.85330638535677,95.0,0.8520550392849184,54.38899945917069,85.20603940161597,101.55661354132036,HIGH_PRODUCTION,0,0,88.41446453407511
2024-01-18 13:00:00,RIG_001,13,18,3,84.66185827501369,105.27080672266602,95.0,0.767867165980248,53.52346531044052,82.310256182963,101.48741506308271,HIGH_PRODUCTION,0,0,88.55354659248957
2024-01-18 14:00:00,RIG_001,14,18,3,81.50622847353648,92.11451427533962,88.52450104927269,0.8023213372080313,51.861429916142896,73.0362526029321,93.52935814334352,HIGH_PRODUCTION,0,0,88.69262865090403
2024-01-18 15:00:00,RIG_001,15,18,3,76.48634638588689,93.21816999361933,92.60373889948907,0.8980548611045329,55.38130020044346,77.37660904392199,98.84805757185545,HIGH_PRODUCTION,0,0,88.83171070931849
2024-01-18 16:00:00,RIG_001,16,18,3,69.94430868059086,85.06601959023943,82.83287854179592,0.7921255542564483,48.22781274660617,76.42490590377705,92.6458958667217,HIGH_PRODUCTION,0,0,88.97079276773296
2024-01-18 17:00:00,RIG_001,17,18,3,62.32594441603586,81.0847956741826,76.41564857942477,0.7912289316130717,44.606887722324515,74.85204739099058,80.56036580829873,HIGH_PRODUCTION,0,0,89.10987482614743
2024-01-18 18:00:00,RIG_001,18,18,3,54.150432526909064,61.262371003255716,67.53457981101536,0.6577747022893857,44.41327503399593,62.84733055053448,72.95051536214561,HIGH_PRODUCTION,0,0,89.24895688456189
2024-01-18 19:00:00,RIG_001,19,18,3,45.97492063778226,61.3625960257838,69.73300428951569,0.690821873447283,46.44413060626779,65.73782526367552,71.47462539197146,HIGH_PRODUCTION,0,0,89.38803894297635
2024-01-18 20:00:00,RIG_001,20,18,3,38.356556373227264,55.62695920424671,59.36403369946824,0.6862295426021066,46.30726330053933,66.49585446882786,61.75925081467324,HIGH_PRODUCTION,0,0,89.52712100139081
2024-01-18 21:00:00,RIG_001,21,18,3,36.10028835127271,39.30573362469082,49.60356747422541,0.6406962582754819,38.90011068200191,63.40059281595882,54.89700735350533,HIGH_PRODUCTION,0,0,89.66620305980528
2024-01-18 22:00:00,RIG_001,22,18,3,36.10028835127271,42.20400080223968,48.55785596816343,0.7299153326297865,39.728146986327914,56.07281677737206,56.86965660826915,STANDBY,0,0,89.80528511821974
2024-01-18 23:00:00,RIG_001,23,18,3,36.10028835127271,37.94499478553023,44.8418109546233,0.6814970060993837,41.79405016489405,60.89712650921949,49.07296848186858,STANDBY,0,0,89.94436717663422
2024-01-19 00:00:00,RIG_001,0,19,4,36.10028835127271,46.978468181230866,52.02523387471406,0.6256963036370358,38.00513364591688,64.52268676400612,56.31748428677769,STANDBY,0,0,90.08344923504868
2024-01-19 01:00:00,RIG_001,1,19,4,36.10028835127271,51.93407594119564,52.852489866027526,0.7090175919190398,42.206477434932886,68.12905874790732,56.6318341325144,STANDBY,0,0,90.22253129346313
2024-01-19 02:00:00,RIG_001,2,19,4,36.10028835127271,55.879012231458134,57.133988736743184,0.7339945775267241,44.35060083771465,68.84227642214974,60.52971872421021,STANDBY,0,0,90.36161335187761
2024-01-19 03:00:00,RIG_001,3,19,4,36.10028835127271,48.75856318183904,54.24167927200307,0.7452859231127487,43.08807823802983,66.37528291097811,60.12659363912953,STANDBY,0,0,90.50069541029207
2024-01-19 04:00:00,RIG_001,4,19,4,38.35655637322725,58.80829733831333,59.9487974957019,0.7980110362181847,43.68246094819657,65.2426676813882,60.45702456016597,STANDBY,0,0,90.63977746870654
2024-01-19 05:00:00,RIG_001,5,19,4,45.97492063778226,51.4039388926996,60.75589567387264,0.6465725451951894,42.919866746586585,59.697175256439955,69.59871440387282,STANDBY,0,0,90.778859527121
2024-01-19 06:00:00,RIG_001,6,19,4,54.15043252690906,57.98390818488725,64.44042539754153,0.6770806153362867,39.51932233939583,66.21601418428196,67.44415850315315,HIGH_PRODUCTION,0,0,90.91794158553546
2024-01-19 07:00:00,RIG_001,7,19,4,62.32594441603586,74.41945608506892,75.21073569287583,0.7046075698852757,47.28836719659954,75.33073230114636,82.37644614919026,HIGH_PRODUCTION,0,0,91.05702364394992
2024-01-19 08:00:00,RIG_001,8,19,4,69.94430868059086,84.25674839756572,85.62706872568025,0.7858536750468056,51.971204524500365,79.45738810184301,86.81707293349862,HIGH_PRODUCTION,0,0,91.19610570236439
2024-01-19 09:00:00,RIG_001,9,19,4,76.48634638588689,88.7358474264569,87.10142674178445,0.8348662120448028,50.21937378810487,78.75240153483043,94.10794713342311,HIGH_PRODUCTION,0,0,91.33518776077887
2024-01-19 10:00:00,RIG_001,10,19,4,81.50622847353647,83.60285506313973,87.1462785828976,0.8460723702956476,51.01868220896412,76.36887898734712,94.16211240634108,HIGH_PRODUCTION,0,0,91.47426981919332
2024-01-19 11:00:00,RIG_001,11,19,4,84.66185827501369,96.67095747601455,95.0,0.8326687287563487,55.06148437060904,80.14020618796226,101.15260621601769,HIGH_PRODUCTION,0,0,91.61335187760778
2024-01-19 12:00:00,RIG_001,12,19,4,85.73818483427267,91.69139903907539,95.0,0.806091556698573,52.23775135805332,75.83906347144028,97.01671443460063,HIGH_PRODUCTION,0,0,91.75243393602224
2024-01-19 13:00:00,RIG_001,13,19,4,84.66185827501369,100.50664503525304,95.0,0.856673898695943,55.467588800806396,79.76181262991506,100.74864456879423,HIGH_PRODUCTION,0,0,91.89151599443672
2024-01-19 14:00:00,RIG_001,14,19,4,81.50622847353648,95.85650602887205,94.39205293010845,0.7939347652165196,52.03866137664879,83.7641603861406,95.84288437590529,HIGH_PRODUCTION,0,0,92.03059805285118
2024-01-19 15:00:00,RIG_001,15,19,4,76.48634638588689,84.32509608786361,87.88744450061112,0.9061309447933921,50.66805146257381,72.46985480898346,92.12915473532257,HIGH_PRODUCTION,0,0,92.16968011126565
2024-01-19 16:00:00,RIG_001,16,19,4,69.94430868059086,79.93398503628306,84.74080611980446,0.7086539524316667,51.203928598249206,78.82453188301449,92.82904542267045,HIGH_PRODUCTION,0,0,92.30876216968011
2024-01-19 17:00:00,RIG_001,17,19,4,62.32594441603586,69.60975005772893,74.95202300816126,0.7678576560303513,47.71638343636911,69.9168405538425,82.34212878937349,HIGH_PRODUCTION,0,0,92.44784422809457
2024-01-19 18:00:00,RIG_001,18,19,4,54.150432526909064,66.43777260044321,69.88336879995269,0.8508413339088476,45.43638061098294,73.9076281074182,74.928917627574,HIGH_PRODUCTION,0,0,92.58692628650904
2024-01-19 19:00:00,RIG_001,19,19,4,45.97492063778226,63.372230108950625,63.329113239849896,0.7413607159345459,46.29149033581924,64.79122400419257,65.40469351208137,HIGH_PRODUCTION,0,0,92.7260083449235
2024-01-19 20:00:00,RIG_001,20,19,4,38.356556373227264,46.07038631897388,51.51200446523359,0.6801695688201987,42.946816161016706,65.57882849918612,58.44876760175617,HIGH_PRODUCTION,0,0,92.86509040333797
2024-01-19 21:00:00,RIG_001,21,19,4,36.10028835127271,51.28384341504844,54.50300239082735,0.6879959489516336,38.72107829660715,63.174842616671654,59.56114610392142,HIGH_PRODUCTION,0,0,93.00417246175243
2024-01-19 22:00:00,RIG_001,22,19,4,36.10028835127271,46.13318505435918,49.53268339802143,0.6819529891556249,43.851444393501595,59.59415394053519,47.571736603330166,STANDBY,0,0,93.14325452016689
2024-01-19 23:00:00,RIG_001,23,19,4,36.10028835127271,44.840971293671835,48.80323355991966,0.7562946839291674,40.537733346055816,64.10789351533438,56.151123038869216,STANDBY,0,0,93.28233657858135
2024-01-20 00:00:00,RIG_001,0,20,5,36.872674070127886,71.68837821298209,82.27040927923632,1.040592863782495,50.03121556833732,64.58137163752161,110.0,STANDBY,0,0,93.42141863699582
2024-01-20 01:00:00,RIG_001,1,20,5,36.872674070127886,50.924419417030684,72.35215858493504,1.1801057882501107,37.08132022199057,51.207596145897526,87.42134567573763,STANDBY,0,0,93.5605006954103
2024-01-20 02:00:00,RIG_001,2,20,5,36.872674070127886,56.249110575561126,72.56247333532912,1.0149190177972889,35.234541949347395,43.31064679871601,92.91357565569513,STANDBY,0,0,93.69958275382476
2024-01-20 03:00:00,RIG_001,3,20,5,36.872674070127886,69.78042607714238,80.34926548902884,1.1265899897840965,42.27556262873486,62.37298783792567,89.31656532674832,STANDBY,0,0,93.83866481223922
2024-01-20 04:00:00,RIG_001,4,20,5,39.17721619951087,83.33965639565554,86.99479156376997,1.274390992147245,45.09610216014526,63.34784775914177,110.0,STANDBY,0,0,93.97774687065368
2024-01-20 05:00:00,RIG_001,5,20,5,46.958579598635716,78.65578400297429,86.60270432348854,1.2144983328471186,40.14952821736277,67.78776089655146,110.0,STANDBY,0,0,94.11682892906815
2024-01-20 06:00:00,RIG_001,6,20,5,55.30901110519182,84.97147067381557,88.7435165567238,1.3343396482340828,53.078314388818924,72.572023515673,92.07561086577395,HIGH_PRODUCTION,0,0,94.25591098748261
2024-01-20 07:00:00,RIG_001,7,20,5,63.65944261174793,100.5444737611381,92.50230908858676,1.605408950071489,55.38269641868271,72.9096348516128,110.0,HIGH_PRODUCTION,0,0,94.39499304589708
2024-01-20 08:00:00,RIG_001,8,20,5,71.44080601087278,99.6164285815316,95.0,1.3711930811206772,49.38140796348088,77.84523137645071,110.0,HIGH_PRODUCTION,0,0,94.53407510431154
2024-01-20 09:00:00,RIG_001,9,20,5,78.12281424622702,103.86773101569244,95.0,1.3380477965486475,48.66350594792106,70.03564455057797,110.0,HIGH_PRODUCTION,0,0,94.673157162726
2024-01-20 10:00:00,RIG_001,10,20,5,83.250099499112,120.98475991922277,95.0,1.50664131156819,48.19500935249309,63.510769524242335,110.0,HIGH_PRODUCTION,0,0,94.81223922114047
2024-01-20 11:00:00,RIG_001,11,20,5,86.47324575278313,115.55172926997376,95.0,1.4441617046762016,53.870498837644455,73.41103388506285,110.0,HIGH_PRODUCTION,0,0,94.95132127955493
2024-01-20 12:00:00,RIG_001,12,20,5,87.57260091655372,121.32490672085339,95.0,1.4570239840115025,59.277765232662475,77.69261998338483,110.0,HIGH_PRODUCTION,0,0,95.0904033379694
2024-01-20 13:00:00,RIG_001,13,20,5,86.47324575278313,103.13313752105572,95.0,1.4826771057734485,51.54306681098505,70.24639548563955,110.0,HIGH_PRODUCTION,0,0,95.22948539638386
2024-01-20 14:00:00,RIG_001,14,20,5,83.25009949911201,123.28860022611981,95.0,1.471603067947436,55.62816481597349,77.88850021313162,109.470539886056,HIGH_PRODUCTION,0,0,95.36856745479832
2024-01-20 15:00:00,RIG_001,15,20,5,78.12281424622702,103.59536470477649,95.0,1.2115609430616399,48.07236199592946,71.14830622385958,109.82812410459468,HIGH_PRODUCTION,0,0,95.5076495132128
2024-01-20 16:00:00,RIG_001,16,20,5,71.44080601087278,99.13532730607625,95.0,1.5805837233524658,43.478400310003266,59.78201185718443,110.0,HIGH_PRODUCTION,0,0,95.64673157162726
2024-01-20 17:00:00,RIG_001,17,20,5,63.65944261174793,111.59844286098205,95.0,1.5214870191067593,56.047051116898636,86.12825637020377,110.0,HIGH_PRODUCTION,0,0,95.78581363004172
2024-01-20 18:00:00,RIG_001,18,20,5,55.30901110519183,110.12160857760843,95.0,1.315559389967272,58.78158315185334,86.98572543944805,110.0,HIGH_PRODUCTION,0,0,95.92489568845619
2024-01-20 19:00:00,RIG_001,19,20,5,46.958579598635716,87.1131855789706,91.54223139806189,1.2666224951479763,42.17791029623733,73.19744061190542,109.35909255564098,HIGH_PRODUCTION,0,0,96.06397774687065
2024-01-20 20:00:00,RIG_001,20,20,5,39.17721619951089,60.63869513087046,75.29064742971184,1.3014058546945118,45.37971895175477,55.367619503784766,99.30769104055165,HIGH_PRODUCTION,0,0,96.20305980528511
2024-01-20 21:00:00,RIG_001,21,20,5,36.872674070127886,61.51885938445603,71.4939103801945,1.2421483865652811,43.48737401902972,68.56643793629922,99.02108947013235,HIGH_PRODUCTION,0,0,96.34214186369958
2024-01-20 22:00:00,RIG_001,22,20,5,36.872674070127886,80.61594207509688,87.92858993424929,1.5429252305054468,46.8141084611182,79.40320230484335,104.09556490745247,STANDBY,0,0,96.48122392211404
2024-01-20 23:00:00,RIG_001,23,20,5,36.872674070127886,76.04755192200786,93.40580938481264,1.6669854213203248,43.390534051305835,61.123304561776656,109.8948331625048,STANDBY,0,0,96.62030598052851
2024-01-21 00:00:00,RIG_001,0,21,6,38.26446504352977,75.31681867748408,85.70459584295324,1.159437201766819,40.13638979597031,65.12527418685012,110.0,STANDBY,0,0,96.75938803894297
2024-01-21 01:00:00,RIG_001,1,21,6,38.26446504352977,61.25234407166725,69.79243638515655,1.044158792402533,43.12989188679314,59.82841306305837,92.98123697901671,STANDBY,0,0,96.89847009735743
2024-01-21 02:00:00,RIG_001,2,21,6,38.26446504352977,65.31876160318804,70.69615511725567,1.2471588960748972,41.37197769043461,63.475008502910185,91.76097652725267,STANDBY,0,0,97.0375521557719
2024-01-21 03:00:00,RIG_001,3,21,6,38.26446504352977,66.85197611793097,73.50701720026144,1.4077226072972282,50.73820034337928,62.58660518728393,109.24391082943531,STANDBY,0,0,97.17663421418636
2024-01-21 04:00:00,RIG_001,4,21,6,40.65599410875038,65.61621662104712,82.05152146153324,1.2755982119929998,45.07260188477674,60.269647755122804,106.09879675966968,STANDBY,0,0,97.31571627260084
2024-01-21 05:00:00,RIG_001,5,21,6,48.73107179936013,64.021495448002,80.50362811913166,1.4572682625245683,41.383410203269115,66.02869154226799,103.02941559835912,STANDBY,0,0,97.4547983310153
2024-01-21 06:00:00,RIG_001,6,21,6,57.396697565294645,80.45381045537295,90.02966065315191,1.0874439755773755,42.502393899551855,59.87490068157106,103.3811867486956,HIGH_PRODUCTION,0,0,97.59388038942976
2024-01-21 07:00:00,RIG_001,7,21,6,66.06232333122917,83.53781205716686,95.0,1.4387769909002215,49.077397496300264,72.16356382926371,110.0,HIGH_PRODUCTION,0,0,97.73296244784423
2024-01-21 08:00:00,RIG_001,8,21,6,74.13740102183893,108.48369107108559,95.0,1.2842241413224278,51.627869807467,75.59270441189126,110.0,HIGH_PRODUCTION,0,0,97.87204450625869
2024-01-21 09:00:00,RIG_001,9,21,6,81.0716274372057,127.64739080128037,95.0,1.7095867338623372,62.077973104333154,86.6649082409916,106.2987058712944,HIGH_PRODUCTION,0,0,98.01112656467315
2024-01-21 10:00:00,RIG_001,10,21,6,86.39244650647323,112.51668470446145,95.0,1.8140142810392783,48.34187782012153,76.64959851205053,110.0,HIGH_PRODUCTION,0,0,98.15020862308762
2024-01-21 11:00:00,RIG_001,11,21,6,89.73725320314023,150.0,95.0,1.3958073895212064,65.03737329443955,88.97479753588243,110.0,HIGH_PRODUCTION,0,0,98.28929068150208
2024-01-21 12:00:00,RIG_001,12,21,6,90.8781044783832,129.01250635641958,95.0,1.360400432041577,58.91822895489723,73.87455310182361,110.0,HIGH_PRODUCTION,0,0,98.42837273991654
2024-01-21 13:00:00,RIG_001,13,21,6,89.73725320314023,120.73140062757126,95.0,1.5330251138412503,55.39186165489655,81.67901183791231,110.0,HIGH_PRODUCTION,0,0,98.56745479833101
2024-01-21 14:00:00,RIG_001,14,21,6,86.39244650647325,120.98394640164736,95.0,1.4169179877384934,53.57462050713367,77.61360950371383,110.0,HIGH_PRODUCTION,0,0,98.70653685674547
2024-01-21 15:00:00,RIG_001,15,21,6,81.0716274372057,123.23226074993862,95.0,1.4292063665597148,57.22328313503374,71.67515067881918,110.0,HIGH_PRODUCTION,0,0,98.84561891515995
2024-01-21 16:00:00,RIG_001,16,21,6,74.13740102183893,98.23053400810433,95.0,1.3419700170839008,46.940379851074546,66.7382132197629,110.0,HIGH_PRODUCTION,0,0,98.9847009735744
2024-01-21 17:00:00,RIG_001,17,21,6,66.06232333122917,99.99203713453606,95.0,1.154585471715566,50.51665464529749,74.11796262089175,110.0,HIGH_PRODUCTION,0,0,99.12378303198886
2024-01-21 18:00:00,RIG_001,18,21,6,57.39669756529465,107.42547358984544,95.0,1.468232369442696,46.43897572248093,68.8634041475292,110.0,HIGH_PRODUCTION,0,0,99.26286509040334
2024-01-21 19:00:00,RIG_001,19,21,6,48.73107179936013,74.99564724082764,92.38577991058887,1.1691143859211928,44.77144217022234,69.68385239289422,107.99322157065862,HIGH_PRODUCTION,0,0,99.4019471488178
2024-01-21 20:00:00,RIG_001,20,21,6,40.65599410875039,88.44898405954257,95.0,1.1762156480795602,47.159059675159085,78.21564361958713,110.0,HIGH_PRODUCTION,0,0,99.54102920723227
2024-01-21 21:00:00,RIG_001,21,21,6,38.26446504352977,76.17491475648404,88.99490383395519,1.5741656743442072,38.49674634992481,57.91009678197146,110.0,HIGH_PRODUCTION,0,0,99.68011126564673
2024-01-21 22:00:00,RIG_001,22,21,6,38.26446504352977,65.00135947083126,79.44166745967576,1.05157332627885,40.89707829089438,62.87871063607959,101.76859955032278,STANDBY,0,0,99.81919332406119
2024-01-21 23:00:00,RIG_001,23,21,6,38.26446504352977,89.27621884120177,84.74000550130775,1.509173816023843,46.938820899465526,61.44955071260055,110.0,STANDBY,0,0,99.95827538247566
2024-01-22 00:00:00,RIG_001,0,22,0,40.0,65.94289973712898,72.46142617830706,1.1378684985395844,40.10917705278271,64.45498914926186,97.94962931846422,STANDBY,0,0,100.09735744089012
2024-01-22 01:00:00,RIG_001,1,22,0,40.0,86.29667289895437,92.43079578891208,1.3425016183346719,42.67922378943024,68.96081322750989,110.0,STANDBY,0,0,100.23643949930458
2024-01-22 02:00:00,RIG_001,2,22,0,40.0,76.95361952501405,82.22419970435337,1.370360132749636,38.59769289392297,53.88992164934562,92.91163291901583,STANDBY,0,0,100.37552155771905
2024-01-22 03:00:00,RIG_001,3,22,0,40.0,65.45474791577354,80.02116914404644,1.3659685583505143,38.45705904019678,59.844415360852416,101.76896492812023,STANDBY,0,0,100.51460361613351
2024-01-22 04:00:00,RIG_001,4,22,0,42.5,82.09716833225723,82.73888581674485,1.4152118506697149,41.98344407419814,61.42156344938765,99.3737446172731,STANDBY,0,0,100.65368567454797
2024-01-22 05:00:00,RIG_001,5,22,0,50.94133342141177,88.88317902522152,95.0,1.4473513361176114,54.79168348692651,67.71152018667829,110.0,STANDBY,0,0,100.79276773296245
2024-01-22 06:00:00,RIG_001,6,22,0,60.0,100.66378672425003,95.0,1.3156706862144203,51.88726944202474,78.98687327633415,110.0,HIGH_PRODUCTION,0,0,100.9318497913769
2024-01-22 07:00:00,RIG_001,7,22,0,69.05866657858823,90.60356347859432,95.0,1.298574830506621,50.325362308411044,54.73425648873811,110.0,HIGH_PRODUCTION,0,0,101.07093184979138
2024-01-22 08:00:00,RIG_001,8,22,0,77.5,104.86690987420661,95.0,1.2419629289275353,50.95896668845582,80.56018649266923,110.0,HIGH_PRODUCTION,0,0,101.21001390820584
2024-01-22 09:00:00,RIG_001,9,22,0,84.74873734152916,112.6303797708089,95.0,1.3286965927056889,54.273625135895976,75.13863103209522,110.0,HIGH_PRODUCTION,0,0,101.3490959666203
2024-01-22 10:00:00,RIG_001,10,22,0,90.31088913245534,121.25203717947525,95.0,1.9908950166606478,52.49439582517354,82.99919673826089,108.13113702097607,HIGH_PRODUCTION,0,0,101.48817802503477
2024-01-22 11:00:00,RIG_001,11,22,0,93.8074039201174,136.9910712710757,95.0,1.6059721106719895,56.80666714932255,83.68781048249403,110.0,HIGH_PRODUCTION,0,0,101.62726008344923
2024-01-22 12:00:00,RIG_001,12,22,0,95.0,133.3883906957742,95.0,1.3654300144720055,63.601087144506266,73.88376505403176,110.0,HIGH_PRODUCTION,0,0,101.7663421418637
2024-01-22 13:00:00,RIG_001,13,22,0,93.8074039201174,112.71993188539228,95.0,1.2326305958219148,54.861940223197394,75.81258410865009,110.0,HIGH_PRODUCTION,0,0,101.90542420027816
2024-01-22 14:00:00,RIG_001,14,22,0,90.31088913245536,128.3530548353598,95.0,1.5005778963824672,49.71671993864717,72.3065459160849,110.0,HIGH_PRODUCTION,0,0,102.04450625869262
2024-01-22 15:00:00,RIG_001,15,22,0,84.74873734152916,127.91514259713148,95.0,1.4880538193795685,53.34042208313619,79.3404282630143,110.0,HIGH_PRODUCTION,0,0,102.1835883171071
2024-01-22 16:00:00,RIG_001,16,22,0,77.5,108.17694316307642,95.0,1.4866980667500684,50.603085269356434,83.18129478163,110.0,HIGH_PRODUCTION,0,0,102.32267037552155
2024-01-22 17:00:00,RIG_001,17,22,0,69.05866657858823,114.98822163892201,95.0,1.4426508112156782,48.434488154162324,74.37804559119341,110.0,HIGH_PRODUCTION,0,0,102.46175243393601
2024-01-22 18:00:00,RIG_001,18,22,0,60.00000000000001,97.94562904442131,95.0,1.3590446300833543,51.78226138017729,74.03745991749037,110.0,HIGH_PRODUCTION,0,0,102.60083449235049
2024-01-22 19:00:00,RIG_001,19,22,0,50.94133342141177,92.07600030972654,95.0,1.4919273422685104,46.33713068809282,60.98038952860291,110.0,HIGH_PRODUCTION,0,0,102.73991655076495
2024-01-22 20:00:00,RIG_001,20,22,0,42.500000000000014,72.7514737459019,85.68681405355936,1.2500955821158448,49.29449837593825,65.78707634420752,105.5964164192251,HIGH_PRODUCTION,0,0,102.8789986091794
2024-01-22 21:00:00,RIG_001,21,22,0,40.0,52.33785955759528,67.47319428031898,0.9155863980387284,40.14452767211288,68.3387926974578,94.71478160941784,HIGH_PRODUCTION,0,0,103.01808066759388
2024-01-22 22:00:00,RIG_001,22,22,0,40.0,69.97005340145286,82.66619231378289,1.205449194301457,45.22764969509298,69.62571239711929,97.28637482268266,STANDBY,0,0,103.15716272600834
2024-01-22 23:00:00,RIG_001,23,22,0,40.0,76.59360837718195,80.39632062579727,1.2134364332614385,50.54017511043128,48.626484702671796,110.0,STANDBY,0,0,103.29624478442281
2024-01-23 00:00:00,RIG_001,0,23,1,38.26446504352977,76.60764133856183,87.83366417953842,1.3941903137281764,46.502488640019315,61.246006148447066,110.0,STANDBY,0,0,103.43532684283727
2024-01-23 01:00:00,RIG_001,1,23,1,38.26446504352977,58.42168870906909,79.18666495533418,1.696313462438673,36.6892458787829,51.567799268181076,94.39083128552973,STANDBY,0,0,103.57440890125173
2024-01-23 02:00:00,RIG_001,2,23,1,38.26446504352977,67.72263272053655,72.942020473024,1.2229334189900634,40.464421777332234,56.59952027551411,88.99412761848626,STANDBY,0,0,103.7134909596662
2024-01-23 03:00:00,RIG_001,3,23,1,38.26446504352977,73.31660757399638,89.40186371228049,1.278278069208277,42.84752232291406,59.29703905168304,110.0,STANDBY,0,0,103.85257301808066
2024-01-23 04:00:00,RIG_001,4,23,1,40.65599410875038,74.96453620857089,89.87004448278248,1.4809673818149565,46.04724802431009,67.21202709573214,110.0,STANDBY,0,0,103.99165507649514
2024-01-23 05:00:00,RIG_001,5,23,1,48.73107179936014,83.10424101220136,90.25842153452396,1.4384535924057094,47.672547752459934,68.06555325440019,110.0,STANDBY,0,0,104.1307371349096
2024-01-23 06:00:00,RIG_001,6,23,1,57.39669756529465,89.36117097676222,90.40825590690321,1.4899660728624669,38.790591122602976,60.57156205017888,106.29353526397153,HIGH_PRODUCTION,0,0,104.26981919332405
2024-01-23 07:00:00,RIG_001,7,23,1,66.06232333122918,101.55533505397408,95.0,1.4397765151687745,50.616965081346336,63.87559221199993,110.0,HIGH_PRODUCTION,0,0,104.40890125173853
2024-01-23 08:00:00,RIG_001,8,23,1,74.13740102183893,112.38043620218616,95.0,1.777825581844124,53.01855150842209,71.96797830750455,110.0,HIGH_PRODUCTION,0,0,104.54798331015299
2024-01-23 09:00:00,RIG_001,9,23,1,81.07162743720572,110.0801857580388,95.0,1.3189809290733976,51.47006333740785,68.15487498469884,110.0,HIGH_PRODUCTION,0,0,104.68706536856745
2024-01-23 10:00:00,RIG_001,10,23,1,86.39244650647325,127.27343294455667,95.0,1.46324032086299,62.5575164580657,72.44531086532366,110.0,HIGH_PRODUCTION,0,0,104.82614742698192
2024-01-23 11:00:00,RIG_001,11,23,1,89.73725320314024,118.25601003112969,95.0,1.3316543698336927,50.33089739062646,80.00102331058108,110.0,HIGH_PRODUCTION,0,0,104.96522948539638
2024-01-23 12:00:00,RIG_001,12,23,1,90.87810447838321,126.70287601325809,95.0,1.5386437796159713,54.7300841219323,66.7892669598076,110.0,HIGH_PRODUCTION,0,0,105.10431154381084
2024-01-23 13:00:00,RIG_001,13,23,1,89.73725320314024,116.7584850448729,95.0,1.3093699191655235,61.64683704110956,75.50062327854329,110.0,HIGH_PRODUCTION,0,0,105.24339360222531
2024-01-23 14:00:00,RIG_001,14,23,1,86.39244650647326,125.98254298065143,95.0,1.4342563337206675,63.39263624597248,78.9273229241785,110.0,HIGH_PRODUCTION,0,0,105.38247566063977
2024-01-23 15:00:00,RIG_001,15,23,1,81.07162743720572,119.63434928748161,95.0,1.3923643633972982,54.58139931321327,78.43104162184456,110.0,HIGH_PRODUCTION,0,0,105.52155771905424
2024-01-23 16:00:00,RIG_001,16,23,1,74.13740102183893,107.03095755484703,95.0,1.5363225357180417,55.13512728802044,69.81793716920883,110.0,HIGH_PRODUCTION,0,0,105.6606397774687
2024-01-23 17:00:00,RIG_001,17,23,1,66.06232333122918,90.14758097393931,95.0,1.513117417731114,47.203851399960165,64.48286280369308,110.0,HIGH_PRODUCTION,0,0,105.79972183588316
2024-01-23 18:00:00,RIG_001,18,23,1,57.39669756529466,94.03453969448721,95.0,1.1446389312505545,50.04202391635213,66.80992723652946,110.0,HIGH_PRODUCTION,0,0,105.93880389429764
2024-01-23 19:00:00,RIG_001,19,23,1,48.73107179936014,79.46631335829466,90.11009332690124,1.2966593440914504,44.03476055405816,75.2354439472773,110.0,HIGH_PRODUCTION,0,0,106.0778859527121
2024-01-23 20:00:00,RIG_001,20,23,1,40.65599410875039,89.37672581454186,95.0,1.3005297354235812,50.34564917256859,68.31866135499203,110.0,HIGH_PRODUCTION,0,0,106.21696801112657
2024-01-23 21:00:00,RIG_001,21,23,1,38.26446504352977,72.12701889491049,94.55594203686833,1.0755898186036625,31.180561627365577,58.76875756606106,110.0,HIGH_PRODUCTION,0,0,106.35605006954103
2024-01-23 22:00:00,RIG_001,22,23,1,38.26446504352977,82.28307417827274,91.14615930666764,1.3535928185284454,47.418788414273536,57.23243030318124,110.0,STANDBY,0,0,106.49513212795549
2024-01-23 23:00:00,RIG_001,23,23,1,38.26446504352977,60.95336207266516,73.54218932585877,1.2662540893378,39.411232917584265,59.01501147856522,103.02435861972515,STANDBY,0,0,106.63421418636996
2024-01-24 00:00:00,RIG_001,0,24,2,36.872674070127886,80.37886083415839,87.35999320197223,1.6259469039939114,45.29181641947311,69.44170679918025,110.0,STANDBY,0,0,106.77329624478442
2024-01-24 01:00:00,RIG_001,1,24,2,36.872674070127886,80.81356128916102,86.176936688956,1.3811559382676002,52.28406528418533,71.54273047134126,110.0,STANDBY,0,0,106.91237830319888
2024-01-24 02:00:00,RIG_001,2,24,2,36.872674070127886,74.79155824100901,81.4851592635043,1.1856433612087134,40.25783571423654,72.61435323014304,99.12233464082198,STANDBY,0,0,107.05146036161335
2024-01-24 03:00:00,RIG_001,3,24,2,36.872674070127886,78.93059349510227,89.33896976875624,1.2117795729827927,42.09907267822839,59.96889248046947,106.02321638952483,STANDBY,0,0,107.19054242002781
2024-01-24 04:00:00,RIG_001,4,24,2,39.17721619951087,68.2152010421715,77.11051382760314,1.443951382239224,47.807129430042416,60.501768838105654,93.49749221196254,STANDBY,0,0,107.32962447844227
2024-01-24 05:00:00,RIG_001,5,24,2,46.958579598635716,91.70575405361049,95.0,1.721361548901342,43.63697014422264,72.94070569965194,110.0,STANDBY,0,0,107.46870653685674
2024-01-24 06:00:00,RIG_001,6,24,2,55.30901110519182,111.3285049873877,95.0,1.2456886979716841,52.86574778894157,73.5019665964624,110.0,HIGH_PRODUCTION,0,0,107.6077885952712
2024-01-24 07:00:00,RIG_001,7,24,2,63.65944261174793,94.32872221424192,95.0,1.099408047184387,47.40268988237304,64.74139118110165,110.0,HIGH_PRODUCTION,0,0,107.74687065368568
2024-01-24 08:00:00,RIG_001,8,24,2,71.44080601087278,105.02343292302342,95.0,1.677383376188656,47.96408523850123,59.59853884732136,110.0,HIGH_PRODUCTION,0,0,107.88595271210013
2024-01-24 09:00:00,RIG_001,9,24,2,78.12281424622702,135.84552916403274,95.0,1.6491973462647176,58.835145699824515,90.40157983850375,110.0,HIGH_PRODUCTION,0,0,108.0250347705146
2024-01-24 10:00:00,RIG_001,10,24,2,83.250099499112,135.98179759851524,95.0,1.4773029335196861,53.04048571648408,73.44455634444432,110.0,HIGH_PRODUCTION,0,0,108.16411682892907
2024-01-24 11:00:00,RIG_001,11,24,2,86.47324575278313,116.42060759987903,95.0,1.5916118838064663,49.2460945796663,69.79640074280113,110.0,HIGH_PRODUCTION,0,0,108.30319888734353
2024-01-24 12:00:00,RIG_001,12,24,2,87.57260091655372,125.99839802453002,95.0,1.1006680641323416,52.20268293005073,88.20479286848413,110.0,HIGH_PRODUCTION,0,0,108.442280945758
2024-01-24 13:00:00,RIG_001,13,24,2,86.47324575278313,117.9806763594769,95.0,1.4283605210026484,54.48232289786603,70.10697522426113,110.0,HIGH_PRODUCTION,0,0,108.58136300417246
2024-01-24 14:00:00,RIG_001,14,24,2,83.25009949911201,98.12681938639629,95.0,1.4169131940081712,53.466517478985025,66.17068386788299,110.0,HIGH_PRODUCTION,0,0,108.72044506258692
2024-01-24 15:00:00,RIG_001,15,24,2,78.12281424622702,101.57697607997636,95.0,1.584935262917897,52.275230235387966,71.89541891629504,110.0,HIGH_PRODUCTION,0,0,108.85952712100139
2024-01-24 16:00:00,RIG_001,16,24,2,71.44080601087278,89.91839154069906,95.0,1.254585129540314,40.938555846598085,57.39393321130467,110.0,HIGH_PRODUCTION,0,0,108.99860917941585
2024-01-24 17:00:00,RIG_001,17,24,2,63.65944261174793,91.64502824844263,95.0,1.4744188535544744,52.014888415134635,63.51076472814836,110.0,HIGH_PRODUCTION,0,0,109.13769123783031
2024-01-24 18:00:00,RIG_001,18,24,2,55.30901110519183,91.03001978854178,95.0,1.2839059632684733,47.597030864687326,62.422494936001975,110.0,HIGH_PRODUCTION,0,0,109.27677329624478
2024-01-24 19:00:00,RIG_001,19,24,2,46.958579598635716,93.14174221556291,95.0,1.3602421963284823,51.04983095834616,69.31466884213954,110.0,HIGH_PRODUCTION,0,0,109.41585535465924
2024-01-24 20:00:00,RIG_001,20,24,2,39.17721619951089,89.16397751486511,95.0,1.3040071147285826,46.31486402412232,78.96509091537023,110.0,HIGH_PRODUCTION,0,0,109.5549374130737
2024-01-24 21:00:00,RIG_001,21,24,2,36.872674070127886,63.759321912956196,83.25936570105964,1.1989358863850677,40.7401417379429,62.57652300244325,110.0,HIGH_PRODUCTION,0,0,109.69401947148818
2024-01-24 22:00:00,RIG_001,22,24,2,36.872674070127886,84.88412628540314,93.15782978705171,1.205413912159668,46.84082009258227,62.01886764696229,110.0,STANDBY,0,0,109.83310152990263
2024-01-24 23:00:00,RIG_001,23,24,2,36.872674070127886,60.11579420159168,80.3603246925232,1.4104165635441768,44.38373279884643,61.4218963760478,96.28936043069459,STANDBY,0,0,109.97218358831711
2024-01-25 00:00:00,RIG_001,0,25,3,36.10028835127271,73.07127733772899,84.21762222461477,1.5682099365878113,44.6413239024558,63.74336883254355,106.33619240036435,STANDBY,0,0,110.11126564673157
2024-01-25 01:00:00,RIG_001,1,25,3,36.10028835127271,81.56265843993545,87.35084789552667,1.4859922084470467,44.26498501476043,55.320222872354016,92.39358532774611,STANDBY,0,0,110.25034770514603
2024-01-25 02:00:00,RIG_001,2,25,3,36.10028835127271,55.95593144053235,75.37026725746497,1.3254973655766524,43.914794900080175,59.28191089314775,101.64734674146148,STANDBY,0,0,110.3894297635605
2024-01-25 03:00:00,RIG_001,3,25,3,36.10028835127271,81.12954933619918,94.92662113079152,1.1390541521654463,49.16599108425941,71.17159159559279,110.0,STANDBY,0,0,110.52851182197496
2024-01-25 04:00:00,RIG_001,4,25,3,38.35655637322725,77.65273118458535,87.72784588234362,1.3374023542983233,43.500152219266404,66.9646518112616,110.0,STANDBY,0,0,110.66759388038943
2024-01-25 05:00:00,RIG_001,5,25,3,45.97492063778226,84.1310285972872,87.23270448661529,1.4124718682845072,43.75589972739374,71.40285581128053,110.0,STANDBY,0,0,110.80667593880389
2024-01-25 06:00:00,RIG_001,6,25,3,54.15043252690906,95.94149073440894,95.0,1.788693086568737,43.11601579335817,73.58615560025036,110.0,HIGH_PRODUCTION,0,0,110.94575799721835
2024-01-25 07:00:00,RIG_001,7,25,3,62.32594441603586,129.6564718588131,95.0,1.4362742897284622,56.78739393642277,73.31314534598117,110.0,HIGH_PRODUCTION,0,0,111.08484005563282
2024-01-25 08:00:00,RIG_001,8,25,3,69.94430868059086,102.10724442510306,95.0,1.6623475455039343,48.029804318349136,77.7832988858911,110.0,HIGH_PRODUCTION,0,0,111.22392211404728
2024-01-25 09:00:00,RIG_001,9,25,3,76.48634638588689,109.85586032936646,95.0,1.6294355681523873,49.61879309354539,83.24375360972596,110.0,HIGH_PRODUCTION,0,0,111.36300417246174
2024-01-25 10:00:00,RIG_001,10,25,3,81.50622847353647,110.62154872519173,95.0,1.5332646643753236,55.02896019709007,71.48892915299557,110.0,HIGH_PRODUCTION,0,0,111.50208623087622
2024-01-25 11:00:00,RIG_001,11,25,3,84.66185827501369,112.38693074392445,95.0,1.748597868548929,58.89386964699981,70.95524477414016,106.35083833327285,HIGH_PRODUCTION,0,0,111.64116828929068
2024-01-25 12:00:00,RIG_001,12,25,3,85.73818483427267,121.2297404768207,95.0,1.5885730687357928,59.35048676691214,80.15083579589465,110.0,HIGH_PRODUCTION,0,0,111.78025034770513
2024-01-25 13:00:00,RIG_001,13,25,3,84.66185827501369,126.35340728137086,95.0,1.5342487714914343,54.209611382952374,78.98362670809924,109.56800340892856,HIGH_PRODUCTION,0,0,111.91933240611961
2024-01-25 14:00:00,RIG_001,14,25,3,81.50622847353648,129.70879183935554,95.0,1.4814768477262694,54.88533182134932,80.79294540059037,110.0,HIGH_PRODUCTION,0,0,112.05841446453407
2024-01-25 15:00:00,RIG_001,15,25,3,76.48634638588689,106.03364930663095,95.0,1.5754185547258965,48.43193443544494,88.9825952897052,110.0,HIGH_PRODUCTION,0,0,112.19749652294854
2024-01-25 16:00:00,RIG_001,16,25,3,69.94430868059086,102.20278603781661,95.0,1.6224001190415458,47.82719850199355,67.87427916350914,110.0,HIGH_PRODUCTION,0,0,112.336578581363
2024-01-25 17:00:00,RIG_001,17,25,3,62.32594441603586,104.30886451565162,95.0,1.3879244681572385,52.49751894010206,70.55540534769324,105.64977507357379,HIGH_PRODUCTION,0,0,112.47566063977746
2024-01-25 18:00:00,RIG_001,18,25,3,54.150432526909064,91.48449532480274,95.0,1.229914020884955,44.04460979053604,67.27771971693524,110.0,HIGH_PRODUCTION,0,0,112.61474269819193
2024-01-25 19:00:00,RIG_001,19,25,3,45.97492063778226,85.07330292516674,95.0,1.4395127338599543,44.29031499414972,61.0361218063741,110.0,HIGH_PRODUCTION,0,0,112.75382475660639
2024-01-25 20:00:00,RIG_001,20,25,3,38.356556373227264,75.23643791194709,81.18775726897773,1.2369953553948254,45.21205317364974,69.58922674329624,110.0,HIGH_PRODUCTION,0,0,112.89290681502086
2024-01-25 21:00:00,RIG_001,21,25,3,36.10028835127271,55.707251209521786,75.74881058451712,1.3231581057096289,40.904230295270686,51.65715741739909,96.05134546534575,HIGH_PRODUCTION,0,0,113.03198887343532
2024-01-25 22:00:00,RIG_001,22,25,3,36.10028835127271,82.90646032743328,84.71780922604216,1.512434341105354,36.11889582659252,61.04038381112714,110.0,STANDBY,0,0,113.17107093184978
2024-01-25 23:00:00,RIG_001,23,25,3,36.10028835127271,89.02227117592395,93.02520417822893,1.3123571921020905,54.8391281866463,69.0085296161444,110.0,STANDBY,0,0,113.31015299026426
2024-01-26 00:00:00,RIG_001,0,26,4,36.10028835127271,56.73037261730559,54.877176670773906,0.8387649459249205,48.74589682740408,71.4056996013446,64.86837516720433,STANDBY,0,0,113.44923504867872
2024-01-26 01:00:00,RIG_001,1,26,4,36.10028835127271,48.355465221952876,52.46302933170039,0.8218747696313886,40.85358295162082,65.85254686012944,58.37875871129445,STANDBY,0,0,113.58831710709318
2024-01-26 02:00:00,RIG_001,2,26,4,36.10028835127271,57.33518375213147,60.81271602970619,0.7922168005352159,41.26371544296814,70.08651669285496,67.57489112912423,STANDBY,0,0,113.72739916550765
2024-01-26 03:00:00,RIG_001,3,26,4,36.10028835127271,59.786205754390096,61.00421226278763,0.8112445795659555,41.186531370782,67.22482581627915,70.2467741277809,STANDBY,0,0,113.86648122392211
2024-01-26 04:00:00,RIG_001,4,26,4,38.35655637322725,57.352321307200555,58.019626660249955,0.7321855297169075,45.763504384522804,69.45539711043129,64.36180847145688,STANDBY,0,0,114.00556328233657
2024-01-26 05:00:00,RIG_001,5,26,4,45.97492063778226,72.30835242718955,72.20366443193384,0.8356521786042423,44.31078769068022,72.53030924280644,75.69996210856321,STANDBY,0,0,114.14464534075104
2024-01-26 06:00:00,RIG_001,6,26,4,54.15043252690906,67.25180156677033,72.74434391335349,0.8834094724729623,46.06831228581674,67.3228082809694,76.3987154037699,HIGH_PRODUCTION,0,0,114.2837273991655
2024-01-26 07:00:00,RIG_001,7,26,4,62.32594441603586,73.09384824362007,74.70729549835346,0.8857330333665083,49.14808843498294,72.88371748748264,80.42296035967468,HIGH_PRODUCTION,0,0,114.42280945757997
2024-01-26 08:00:00,RIG_001,8,26,4,69.94430868059086,78.06274708897294,80.56961392003792,0.8974690933999571,49.88603784590306,70.44373413637095,81.69792965419927,HIGH_PRODUCTION,0,0,114.56189151599443
2024-01-26 09:00:00,RIG_001,9,26,4,76.48634638588689,100.99946990499845,95.0,0.944290988371679,56.100757204617956,78.40120014684516,99.57022325390741,HIGH_PRODUCTION,0,0,114.70097357440889
2024-01-26 10:00:00,RIG_001,10,26,4,81.50622847353647,101.83182102573456,95.0,0.9452088435399059,55.90253496803534,81.11753122959749,103.28964135469076,HIGH_PRODUCTION,0,0,114.84005563282336
2024-01-26 11:00:00,RIG_001,11,26,4,84.66185827501369,101.4585614996514,95.0,0.9112761782902332,57.92237200153964,81.3293012700358,93.42623844650416,HIGH_PRODUCTION,0,0,114.97913769123782
2024-01-26 12:00:00,RIG_001,12,26,4,85.73818483427267,104.23351685382393,95.0,0.9881148505702078,54.153746451978385,77.7023576609158,104.60344630538354,HIGH_PRODUCTION,0,0,115.1182197496523
2024-01-26 13:00:00,RIG_001,13,26,4,84.66185827501369,96.15076423523612,95.0,0.9505301471574449,52.68370078189197,82.00718658411947,103.36712265610947,HIGH_PRODUCTION,0,0,115.25730180806676
2024-01-26 14:00:00,RIG_001,14,26,4,81.50622847353648,110.87220187709711,95.0,0.9988030834968562,56.17273157873262,84.97767939803056,98.62070615250857,HIGH_PRODUCTION,0,0,115.39638386648122
2024-01-26 15:00:00,RIG_001,15,26,4,76.48634638588689,94.29052811000169,91.35625451484657,0.8987117058962089,55.23301565122564,76.17297312616786,97.986426998462,HIGH_PRODUCTION,0,0,115.53546592489569
2024-01-26 16:00:00,RIG_001,16,26,4,69.94430868059086,87.67022077661616,88.04689518162525,0.798041708269527,53.71835237094417,71.68831184363732,93.05633836234422,HIGH_PRODUCTION,0,0,115.67454798331015
2024-01-26 17:00:00,RIG_001,17,26,4,62.32594441603586,83.15457796729233,81.21763283701205,0.9475758896564602,51.69109513046009,74.51165965294341,89.9076039423281,HIGH_PRODUCTION,0,0,115.81363004172461
2024-01-26 18:00:00,RIG_001,18,26,4,54.150432526909064,73.77614142611779,77.71961255813748,0.8411973998784895,50.8110226903093,70.79501128625185,85.66766198644731,HIGH_PRODUCTION,0,0,115.95271210013908
2024-01-26 19:00:00,RIG_001,19,26,4,45.97492063778226,64.33586580846526,65.73169475302977,0.7942359858574539,43.72788471736355,69.64018111369865,66.53148258348074,HIGH_PRODUCTION,0,0,116.09179415855354
2024-01-26 20:00:00,RIG_001,20,26,4,38.356556373227264,51.66657145405022,57.4493123239339,0.8345971648257224,46.25109108661483,64.41062145274836,64.21109956432643,HIGH_PRODUCTION,0,0,116.230876216968
2024-01-26 21:00:00,RIG_001,21,26,4,36.10028835127271,55.74087980376437,59.65285529651242,0.7931018405168666,46.98169719436561,60.699893358894286,64.03597173558268,HIGH_PRODUCTION,0,0,116.36995827538247
2024-01-26 22:00:00,RIG_001,22,26,4,36.10028835127271,62.814522809221735,57.92377898939146,0.8874765489651841,47.17487469679693,67.67931602786304,63.17227670094576,STANDBY,0,0,116.50904033379693
2024-01-26 23:00:00,RIG_001,23,26,4,36.10028835127271,60.15236286638362,54.84239348555606,0.8578998756468312,48.60168853413802,67.12885152671014,57.657877782646615,STANDBY,0,0,116.6481223922114
2024-01-27 00:00:00,RIG_001,0,27,5,36.872674070127886,62.338981288322856,56.35207614385352,0.8683442278274959,42.271498906725164,70.60267746081902,66.59648735121603,STANDBY,0,0,116.78720445062586
2024-01-27 01:00:00,RIG_001,1,27,5,36.872674070127886,51.837832081732124,55.900460845581094,0.734920856721331,41.91056174790773,63.45675060068648,64.02064630528882,STANDBY,0,0,116.92628650904032
2024-01-27 02:00:00,RIG_001,2,27,5,36.872674070127886,49.46674867135731,51.64812968075399,0.8572589195532112,40.89608024647543,69.87604862152489,54.428816188835086,STANDBY,0,0,117.0653685674548
2024-01-27 03:00:00,RIG_001,3,27,5,36.872674070127886,53.806700480914145,61.74356461039261,0.8233004305079124,44.89463376774322,60.40708849231897,62.739732789661915,STANDBY,0,0,117.20445062586926
2024-01-27 04:00:00,RIG_001,4,27,5,39.17721619951087,57.039664081001014,59.09530325128583,0.8020292660178278,42.15963454104596,71.04540171770817,62.93828535835228,STANDBY,0,0,117.34353268428373
2024-01-27 05:00:00,RIG_001,5,27,5,46.958579598635716,70.0342228197993,70.31908393745348,0.8672025507973032,49.0235460036248,70.33730993330546,76.62259187572741,STANDBY,0,0,117.48261474269819
2024-01-27 06:00:00,RIG_001,6,27,5,55.30901110519182,64.47223589418873,71.767561441649,0.7550917332421008,48.859131261540604,71.92042538528729,77.48817897348766,HIGH_PRODUCTION,0,0,117.62169680111265
2024-01-27 07:00:00,RIG_001,7,27,5,63.65944261174793,88.95360445538418,89.45490081036891,0.9383365693782947,53.62880691401404,76.92548578879145,98.21429928467364,HIGH_PRODUCTION,0,0,117.76077885952712
2024-01-27 08:00:00,RIG_001,8,27,5,71.44080601087278,88.31803907307318,91.1138305971167,0.8650849854818823,52.6470118155913,79.91407832999836,98.48358976365925,HIGH_PRODUCTION,0,0,117.89986091794158
2024-01-27 09:00:00,RIG_001,9,27,5,78.12281424622702,93.67654376034744,94.27951296688714,0.8655518888942899,51.443389258285364,76.94087723444581,102.18822004414587,HIGH_PRODUCTION,0,0,118.03894297635604
2024-01-27 10:00:00,RIG_001,10,27,5,83.250099499112,95.89857479543085,95.0,0.8642898652144801,52.28094176660698,75.47371116309581,100.98056620183131,HIGH_PRODUCTION,0,0,118.17802503477051
2024-01-27 11:00:00,RIG_001,11,27,5,86.47324575278313,95.92882187483613,95.0,0.9966893127467447,56.48144327930237,83.04015942426402,95.83210380936703,HIGH_PRODUCTION,0,0,118.31710709318497
2024-01-27 12:00:00,RIG_001,12,27,5,87.57260091655372,109.43917562650732,95.0,0.9506791138012803,58.918491914437496,82.49131075030577,99.41290440655929,HIGH_PRODUCTION,0,0,118.45618915159943
2024-01-27 13:00:00,RIG_001,13,27,5,86.47324575278313,104.61141968763134,95.0,1.0449017293987746,56.074815883152745,82.04810132716203,103.180269219726,HIGH_PRODUCTION,0,0,118.5952712100139
2024-01-27 14:00:00,RIG_001,14,27,5,83.25009949911201,94.5927414080751,92.04745030827596,0.9119255641453239,52.81236626048699,82.0820781645569,96.89288152270201,HIGH_PRODUCTION,0,0,118.73435326842836
2024-01-27 15:00:00,RIG_001,15,27,5,78.12281424622702,89.46072910233949,89.32654279607416,0.8385080307347426,48.31356652936212,73.74235300441853,95.8358139019454,HIGH_PRODUCTION,0,0,118.87343532684284
2024-01-27 16:00:00,RIG_001,16,27,5,71.44080601087278,87.59605353961484,86.21726287871905,0.8630120081624408,49.757308547534834,78.06528875480222,90.26101793298065,HIGH_PRODUCTION,0,0,119.0125173852573
2024-01-27 17:00:00,RIG_001,17,27,5,63.65944261174793,89.85958357214976,85.07984640545548,0.9879757294914833,56.28773406731688,75.18819080225626,86.99041085982995,HIGH_PRODUCTION,0,0,119.15159944367176
2024-01-27 18:00:00,RIG_001,18,27,5,55.30901110519183,71.88694999109084,74.52494488956793,0.865028667084784,45.410826355767774,71.16957693039414,79.15491269742961,HIGH_PRODUCTION,0,0,119.29068150208623
2024-01-27 19:00:00,RIG_001,19,27,5,46.958579598635716,57.339622784524394,64.24383172703547,0.8023235577710459,44.713865338573264,67.41872373151018,70.17097405613343,HIGH_PRODUCTION,0,0,119.42976356050069
2024-01-27 20:00:00,RIG_001,20,27,5,39.17721619951089,55.86612113932255,59.69648645617722,0.8338746571862676,45.981418231221035,62.25917075745595,62.72942329779289,HIGH_PRODUCTION,0,0,119.56884561891516
2024-01-27 21:00:00,RIG_001,21,27,5,36.872674070127886,53.44753879039309,59.366729186853995,0.8442634638888751,40.85203936159368,63.69775050865662,63.65959545228399,HIGH_PRODUCTION,0,0,119.70792767732962
2024-01-27 22:00:00,RIG_001,22,27,5,36.872674070127886,41.34758573318575,45.596969981368936,0.8393007369376566,40.70631738285861,66.45749439719515,47.778580255410986,STANDBY,0,0,119.84700973574408
2024-01-27 23:00:00,RIG_001,23,27,5,36.872674070127886,54.58140692406672,54.63411862556804,0.8961135494434807,45.52118280603799,69.0329956429744,62.99185337826033,STANDBY,0,0,119.98609179415855
2024-01-28 00:00:00,RIG_001,0,28,6,38.26446504352977,55.26407117940084,53.72479806643489,0.8083044766590404,43.84101643866471,66.39130262183855,57.84143079367079,STANDBY,0,0,120.12517385257301
2024-01-28 01:00:00,RIG_001,1,28,6,38.26446504352977,59.920637963273485,54.49190293350542,0.7745165532296685,50.71696560215191,68.70556176452072,63.85016956888397,STANDBY,0,0,120.26425591098747
2024-01-28 02:00:00,RIG_001,2,28,6,38.26446504352977,65.70524892269529,62.32958475165626,0.8380558405895299,43.08911371291743,68.82884715989921,71.91582830327899,STANDBY,0,0,120.40333796940195
2024-01-28 03:00:00,RIG_001,3,28,6,38.26446504352977,62.11415590446952,61.368144276422754,0.8615261731538185,47.64599603588514,72.70399692882481,66.12500638225752,STANDBY,0,0,120.5424200278164
2024-01-28 04:00:00,RIG_001,4,28,6,40.65599410875038,57.54927867793937,63.5564666932479,0.7871858980682112,44.04171619469191,66.66372586999933,65.53112049560585,STANDBY,0,0,120.68150208623086
2024-01-28 05:00:00,RIG_001,5,28,6,48.73107179936013,61.45703258637709,66.06529056011564,0.7997958885929605,46.90809845626762,69.13263605231768,64.80759692691564,STANDBY,0,0,120.82058414464534
2024-01-28 06:00:00,RIG_001,6,28,6,57.396697565294645,88.54294922103144,81.07739588396045,0.9466569065528279,53.01835160865635,80.00097519873562,81.66128466488007,HIGH_PRODUCTION,0,0,120.9596662030598
2024-01-28 07:00:00,RIG_001,7,28,6,66.06232333122917,84.65873044955127,86.5739757632193,0.9159385668160285,49.69837021816783,73.06550468032766,87.45247128852331,HIGH_PRODUCTION,0,0,121.09874826147427
2024-01-28 08:00:00,RIG_001,8,28,6,74.13740102183893,92.52822473841549,91.95900223409998,0.9441758452653807,53.59004896952255,82.43483497501532,101.0944111164845,HIGH_PRODUCTION,0,0,121.23783031988873
2024-01-28 09:00:00,RIG_001,9,28,6,81.0716274372057,99.2930415674297,95.0,0.9254620074804984,51.10745748906085,75.19652824099877,100.34747376168085,HIGH_PRODUCTION,0,0,121.37691237830319
2024-01-28 10:00:00,RIG_001,10,28,6,86.39244650647323,105.74577218484868,95.0,0.9717812585911283,57.64293804735496,86.612658048793,101.16881357227597,HIGH_PRODUCTION,0,0,121.51599443671766
2024-01-28 11:00:00,RIG_001,11,28,6,89.73725320314023,107.39921532681885,95.0,0.9426062947475699,57.44612076368576,81.10173784618974,93.33873697319463,HIGH_PRODUCTION,0,0,121.65507649513212
2024-01-28 12:00:00,RIG_001,12,28,6,90.8781044783832,106.41442093604252,95.0,1.0309298175785533,57.880925571296835,81.1962300373369,96.40610071234822,HIGH_PRODUCTION,0,0,121.7941585535466
2024-01-28 13:00:00,RIG_001,13,28,6,89.73725320314023,105.42844729776094,95.0,1.0357807710773148,58.47334847461454,75.95850367577945,102.66123932933885,HIGH_PRODUCTION,0,0,121.93324061196105
2024-01-28 14:00:00,RIG_001,14,28,6,86.39244650647325,104.6750312649781,95.0,0.8900049913645318,56.90399749666394,80.03812522736035,100.86032233714776,HIGH_PRODUCTION,0,0,122.07232267037551
2024-01-28 15:00:00,RIG_001,15,28,6,81.0716274372057,96.82171699988389,95.0,0.9128352269051911,54.501608089567526,75.92709550688451,99.5583841639432,HIGH_PRODUCTION,0,0,122.21140472878999
2024-01-28 16:00:00,RIG_001,16,28,6,74.13740102183893,89.06124783556228,86.45904985776481,0.8617592279010008,50.503175285567984,74.89543531454827,93.15357693356518,HIGH_PRODUCTION,0,0,122.35048678720445
2024-01-28 17:00:00,RIG_001,17,28,6,66.06232333122917,85.10341250556,80.89336499757816,0.8927673161788108,49.851411599091904,75.11909085430136,90.8007584159856,HIGH_PRODUCTION,0,0,122.4895688456189
2024-01-28 18:00:00,RIG_001,18,28,6,57.39669756529465,74.6516118228239,75.07273958751674,0.8902975405950871,51.03637219606063,75.26885839026589,79.40961219690558,HIGH_PRODUCTION,0,0,122.62865090403338
2024-01-28 19:00:00,RIG_001,19,28,6,48.73107179936013,74.80169939566926,69.27358854545568,0.8229937690518727,51.57309566032927,73.06331987290265,74.48169795342989,HIGH_PRODUCTION,0,0,122.76773296244784
2024-01-28 20:00:00,RIG_001,20,28,6,40.65599410875039,45.972670028943185,54.229937445735466,0.7634522795140131,41.016946634611685,64.71483096888629,59.80772820192938,HIGH_PRODUCTION,0,0,122.9068150208623
2024-01-28 21:00:00,RIG_001,21,28,6,38.26446504352977,62.3143865740621,61.436572522347554,0.8089288794352185,45.670602138022076,65.40775780568194,73.61290142816954,HIGH_PRODUCTION,0,0,123.04589707927677
2024-01-28 22:00:00,RIG_001,22,28,6,38.26446504352977,63.10814058570011,60.004608117408075,0.8724277047778125,43.967806396437496,66.29017990690184,58.706539324150995,STANDBY,0,0,123.18497913769123
2024-01-28 23:00:00,RIG_001,23,28,6,38.26446504352977,46.531625769933385,47.00216271711389,0.8163583389460356,43.97842013301823,69.35566278603395,54.051831761480315,STANDBY,0,0,123.3240611961057
2024-01-29 00:00:00,RIG_001,0,29,0,40.0,57.09337191893417,57.28322336449993,0.8090458111080205,45.6041766271171,64.92240847139051,61.93881661822274,STANDBY,0,0,123.46314325452016
2024-01-29 01:00:00,RIG_001,1,29,0,40.0,56.97046786811912,55.389472431235106,0.8541613484630658,48.12505183995728,72.05976511660762,62.08978760978764,STANDBY,0,0,123.60222531293462
2024-01-29 02:00:00,RIG_001,2,29,0,40.0,51.81097603327114,51.8185487182666,0.8030641533558465,41.19609785395831,64.81410921333874,54.84643105628243,STANDBY,0,0,123.7413073713491
2024-01-29 03:00:00,RIG_001,3,29,0,40.0,54.98031337766804,51.58680935054514,0.8268797423357557,42.98906254638057,66.50095782173092,56.43991425796979,STANDBY,0,0,123.88038942976355
2024-01-29 04:00:00,RIG_001,4,29,0,42.5,55.83737989705544,59.44739812813199,0.9272626301588054,44.422236819315,69.96230944980643,66.58162986652847,STANDBY,0,0,124.01947148817803
2024-01-29 05:00:00,RIG_001,5,29,0,50.94133342141177,78.61380707167665,78.64223507552532,0.9794986879909173,50.946430843370706,77.39981938731896,92.98096567865684,STANDBY,0,0,124.15855354659249
2024-01-29 06:00:00,RIG_001,6,29,0,60.0,83.61037570764623,83.48874385368347,0.8630426076965867,50.47125865181629,74.75067503145661,90.91285242188968,HIGH_PRODUCTION,0,0,124.29763560500695
2024-01-29 07:00:00,RIG_001,7,29,0,69.05866657858823,94.36928810423012,87.7779327101857,1.0023413558603347,51.84639984515013,77.14605727070442,90.23373591609418,HIGH_PRODUCTION,0,0,124.43671766342142
2024-01-29 08:00:00,RIG_001,8,29,0,77.5,100.08206867964944,92.8448170870661,1.0191192326508713,56.7833322277595,79.85685925832819,96.57353804099799,HIGH_PRODUCTION,0,0,124.57579972183588
2024-01-29 09:00:00,RIG_001,9,29,0,84.74873734152916,98.09804915363846,95.0,0.9157405101442859,55.96678301350077,80.4432873307879,98.63975767484844,HIGH_PRODUCTION,0,0,124.71488178025034
2024-01-29 10:00:00,RIG_001,10,29,0,90.31088913245534,106.70372077801409,95.0,1.0404658998764447,54.84338199337607,84.6850272940135,94.61307048210996,HIGH_PRODUCTION,0,0,124.85396383866481
2024-01-29 11:00:00,RIG_001,11,29,0,93.8074039201174,115.29057201197676,95.0,1.1027404955448752,61.533528605205184,84.59986118057547,99.00972942489568,HIGH_PRODUCTION,0,0,124.99304589707927
2024-01-29 12:00:00,RIG_001,12,29,0,95.0,107.94651855002222,95.0,0.9482408271598209,59.32702705589877,84.24061445907611,102.19848724546523,HIGH_PRODUCTION,0,0,125.13212795549373
2024-01-29 13:00:00,RIG_001,13,29,0,93.8074039201174,116.45041597422345,95.0,0.98456094692759,59.38119698805145,89.85020398907986,96.17730364276962,HIGH_PRODUCTION,0,0,125.2712100139082
2024-01-29 14:00:00,RIG_001,14,29,0,90.31088913245536,108.20814435367097,95.0,1.0571486746924788,57.21123181316982,83.60637214289565,103.14544795315177,HIGH_PRODUCTION,0,0,125.41029207232266
2024-01-29 15:00:00,RIG_001,15,29,0,84.74873734152916,101.99437782454963,95.0,1.00175539553788,56.606709998369226,81.53327191537923,101.46332446325302,HIGH_PRODUCTION,0,0,125.54937413073714
2024-01-29 16:00:00,RIG_001,16,29,0,77.5,100.19540667054808,92.36127882881573,1.0109138585302269,53.32544552712451,75.50188952589421,95.15857886290262,HIGH_PRODUCTION,0,0,125.6884561891516
2024-01-29 17:00:00,RIG_001,17,29,0,69.05866657858823,90.44145227431122,84.68166301732718,0.9716639706332227,52.67042602690597,69.24024527180617,89.25707410531363,HIGH_PRODUCTION,0,0,125.82753824756605
2024-01-29 18:00:00,RIG_001,18,29,0,60.00000000000001,77.37750061795957,75.97354258697268,0.935533779124208,45.03960806527154,74.37837737307837,85.76850800989578,HIGH_PRODUCTION,0,0,125.96662030598053
2024-01-29 19:00:00,RIG_001,19,29,0,50.94133342141177,75.94117619405013,74.22888436924225,0.8459227316241763,50.7382053395184,72.49788016437242,81.42952780975985,HIGH_PRODUCTION,0,0,126.10570236439499
2024-01-29 20:00:00,RIG_001,20,29,0,42.500000000000014,56.318739426579825,61.6184129084144,0.9063012413020497,40.95669841176124,65.35127380322972,66.64476387310884,HIGH_PRODUCTION,0,0,126.24478442280946
2024-01-29 21:00:00,RIG_001,21,29,0,40.0,62.32459640806279,60.1315456939846,0.9309887547704727,48.5879887588737,69.42796953497786,64.41849574310164,HIGH_PRODUCTION,0,0,126.38386648122392
2024-01-29 22:00:00,RIG_001,22,29,0,40.0,62.23128697194556,63.395946090810874,0.8613161178709888,44.89758155505349,68.48817490399296,68.62577330216585,STANDBY,0,0,126.52294853963838
2024-01-29 23:00:00,RIG_001,23,29,0,40.0,57.73891079429586,56.37369266417982,0.857691007284406,44.01139373471161,70.70501399019045,59.83840199035291,STANDBY,0,0,126.66203059805285
2024-01-30 00:00:00,RIG_001,0,30,1,38.26446504352977,59.353052554810226,57.569096944189255,0.7887082331625138,43.58279532653355,68.06424837122,56.254848427032215,STANDBY,0,0,126.80111265646731
2024-01-30 01:00:00,RIG_001,1,30,1,38.26446504352977,51.487681870435296,51.67077915365298,0.8679365622717248,42.29584271976467,63.20553470592009,62.79731288525717,STANDBY,0,0,126.94019471488177
2024-01-30 02:00:00,RIG_001,2,30,1,38.26446504352977,62.384247157158484,55.65386454347369,0.9040727206503677,48.43312447958569,71.68577286402541,61.11983954107189,STANDBY,0,0,127.07927677329624
2024-01-30 03:00:00,RIG_001,3,30,1,38.26446504352977,56.860463687671206,60.227514755832445,0.8563452755398909,39.23949860884764,66.40674588146274,66.42195655120005,STANDBY,0,0,127.2183588317107
2024-01-30 04:00:00,RIG_001,4,30,1,40.65599410875038,57.58375064127373,62.02393817894911,0.918398683477847,46.94986843249481,68.85473524339905,66.85021492931838,STANDBY,0,0,127.35744089012516
2024-01-30 05:00:00,RIG_001,5,30,1,48.73107179936014,73.5383518724253,71.48980364839858,0.8938972858624374,49.06063493030974,70.62927344314919,74.28445324622481,STANDBY,0,0,127.49652294853963
2024-01-30 06:00:00,RIG_001,6,30,1,57.39669756529465,73.45807536522373,74.20882665358397,0.9391469424181675,45.95047554559151,70.0879419530748,78.65105321073766,HIGH_PRODUCTION,0,0,127.6356050069541
2024-01-30 07:00:00,RIG_001,7,30,1,66.06232333122918,78.62397541081643,80.27681604271822,0.8759874575593178,47.50536906660563,73.83969731380202,80.47863175613529,HIGH_PRODUCTION,0,0,127.77468706536857
2024-01-30 08:00:00,RIG_001,8,30,1,74.13740102183893,85.97907602438663,82.46235390085889,0.9484146970245801,54.847555060513066,75.83220873794704,94.2936133950188,HIGH_PRODUCTION,0,0,127.91376912378303
2024-01-30 09:00:00,RIG_001,9,30,1,81.07162743720572,103.74736037286331,95.0,0.9947357729522381,54.04582633333037,82.56368921795949,96.29646400473281,HIGH_PRODUCTION,0,0,128.0528511821975
2024-01-30 10:00:00,RIG_001,10,30,1,86.39244650647325,99.65684523168339,95.0,1.003003664759545,52.60751028672893,79.0911163095758,96.90410114845847,HIGH_PRODUCTION,0,0,128.19193324061195
2024-01-30 11:00:00,RIG_001,11,30,1,89.73725320314024,118.1986319095158,95.0,1.0294436104829852,61.82428706210841,79.95051022154355,98.67922238684079,HIGH_PRODUCTION,0,0,128.33101529902643
2024-01-30 12:00:00,RIG_001,12,30,1,90.87810447838321,100.1767275441805,95.0,0.9878369422787217,55.72128763861695,78.75469661248898,103.86422717455713,HIGH_PRODUCTION,0,0,128.4700973574409
2024-01-30 13:00:00,RIG_001,13,30,1,89.73725320314024,117.94866745856851,95.0,1.0895850786112022,57.61131571156933,87.766055639002,100.04352699778796,HIGH_PRODUCTION,0,0,128.60917941585535
2024-01-30 14:00:00,RIG_001,14,30,1,86.39244650647326,107.19752856522659,95.0,0.9947474197308482,57.23263209211589,81.26713033183866,96.29159261190861,HIGH_PRODUCTION,0,0,128.7482614742698
2024-01-30 15:00:00,RIG_001,15,30,1,81.07162743720572,100.35891890935618,95.0,0.9162972758218717,53.03822436005849,79.3685254652632,103.76301508227202,HIGH_PRODUCTION,0,0,128.88734353268427
2024-01-30 16:00:00,RIG_001,16,30,1,74.13740102183893,91.20452492805876,85.49245132502425,1.0571984723588423,55.0027740288599,80.32048699613544,92.6854532053807,HIGH_PRODUCTION,0,0,129.02642559109876
2024-01-30 17:00:00,RIG_001,17,30,1,66.06232333122918,87.8705855520163,87.12238240094429,1.029346491188626,54.09038831775034,74.22525598382812,93.73768727259365,HIGH_PRODUCTION,0,0,129.1655076495132
2024-01-30 18:00:00,RIG_001,18,30,1,57.39669756529466,77.04196801095934,74.7559976529795,0.8637311281093077,50.324504400383724,68.4841807485591,81.90320037649202,HIGH_PRODUCTION,0,0,129.30458970792768
2024-01-30 19:00:00,RIG_001,19,30,1,48.73107179936014,74.10188747599383,70.77007525074735,0.9545657397556098,49.24879399149249,71.74867288422166,82.9531609524947,HIGH_PRODUCTION,0,0,129.44367176634213
2024-01-30 20:00:00,RIG_001,20,30,1,40.65599410875039,61.10230092737386,63.0625189508862,0.856489179553581,48.79795148157821,66.87816842446595,74.61780363599453,HIGH_PRODUCTION,0,0,129.5827538247566
2024-01-30 21:00:00,RIG_001,21,30,1,38.26446504352977,58.91200473491459,61.98762329031381,0.888797718503981,44.7273738385051,64.77486246121461,64.92747726130392,HIGH_PRODUCTION,0,0,129.72183588317108
2024-01-30 22:00:00,RIG_001,22,30,1,38.26446504352977,56.363297175298094,54.85813143694656,0.8832447697429111,41.72707604298292,66.38285378489336,64.72978641538002,STANDBY,0,0,129.8609179415855
2024-01-30 23:00:00,RIG_001,23,30,1,38.26446504352977,57.917492426524205,57.14644854529791,0.8620320872637566,45.378320932295665,68.8497646696976,63.29595311457461,STANDBY,0,0,130.0
