timestamp,rig_id,hour,day,day_of_week,base_load,power_consumption,temperature,vibration,pressure,flow_rate,bearing_temperature,operational_mode,failure_indicator,failure_flag,estimated_rul
2024-01-01 00:00:00,RIG_ANOMALIES,0,1,0,40.0,36.68560905761342,45.82361843337581,0.3815058376767988,39.63562273805223,57.52597829868932,48.18780835739486,STANDBY,0,0,90.0
2024-01-01 01:00:00,RIG_ANOMALIES,1,1,0,40.0,37.533237547803154,40.796131869509516,0.3112797475007849,43.369457303406804,65.25595671645169,49.16728596253078,STANDBY,0,0,90.0463177396943
2024-01-01 02:00:00,RIG_ANOMALIES,2,1,0,40.0,48.63121177122432,51.95134618737151,0.46347080510912075,40.44404934708269,70.44210676282421,61.015270350858984,STANDBY,0,0,90.0926354793886
2024-01-01 03:00:00,RIG_ANOMALIES,3,1,0,40.0,45.36285119344212,51.5629809592575,0.5107480203746474,41.28217810404032,65.3687664659116,57.07823061733848,STANDBY,0,0,90.13895321908291
2024-01-01 04:00:00,RIG_ANOMALIES,4,1,0,42.5,52.4539032488421,58.10005191827948,0.5368318795136162,41.94789396966549,66.14364012346022,64.15762132838846,STANDBY,0,0,90.18527095877721
2024-01-01 05:00:00,RIG_ANOMALIES,5,1,0,50.94133342141177,51.67643338765652,58.10602726287549,0.4223061045791917,44.68502490746433,62.678837964489894,61.75604102776759,STANDBY,0,0,90.23158869847151
2024-01-01 06:00:00,RIG_ANOMALIES,6,1,0,60.0,54.947588180405795,61.58044547131987,0.3725758957387963,41.438390291138276,64.68703327635343,64.14826053331505,HIGH_PRODUCTION,0,0,90.27790643816581
2024-01-01 07:00:00,RIG_ANOMALIES,7,1,0,69.05866657858823,69.43925991519487,72.51050940738472,0.5039944646932617,48.1255338539706,76.00660454665619,77.57584671109981,HIGH_PRODUCTION,0,0,90.32422417786012
2024-01-01 08:00:00,RIG_ANOMALIES,8,1,0,77.5,75.6852809943771,83.19684085327897,0.5985365591492111,49.74274210459647,74.3269241219003,89.42728019883717,HIGH_PRODUCTION,0,0,90.37054191755442
2024-01-01 09:00:00,RIG_ANOMALIES,9,1,0,84.74873734152916,90.83457381377875,92.26467405630355,0.6558988301516456,52.89865070188304,74.22931147029854,98.53931620358289,HIGH_PRODUCTION,0,0,90.41685965724872
2024-01-01 10:00:00,RIG_ANOMALIES,10,1,0,90.31088913245534,97.93643720891701,95.0,0.531892421670974,54.12959721389795,74.44772003625432,97.89386297970633,HIGH_PRODUCTION,0,0,90.46317739694302
2024-01-01 11:00:00,RIG_ANOMALIES,11,1,0,93.8074039201174,87.63121197148973,90.14191603177646,0.5110218929628085,51.70765246175983,75.61232554760745,89.67252577631395,HIGH_PRODUCTION,0,0,90.50949513663733
2024-01-01 12:00:00,RIG_ANOMALIES,12,1,0,95.0,100.13524082889812,95.0,0.5021145067448636,52.48410699552859,83.78912192873848,96.8235756206714,HIGH_PRODUCTION,0,0,90.55581287633163
2024-01-01 13:00:00,RIG_ANOMALIES,13,1,0,93.8074039201174,99.33416067391408,95.0,0.6055315025758478,55.79277547123142,83.03293059003994,100.29937889849697,HIGH_PRODUCTION,0,0,90.60213061602593
2024-01-01 14:00:00,RIG_ANOMALIES,14,1,0,90.31088913245536,97.66543417224581,95.0,0.5358472999645065,53.80200651048611,81.0137232714014,98.85768154116975,HIGH_PRODUCTION,0,0,90.64844835572023
2024-01-01 15:00:00,RIG_ANOMALIES,15,1,0,84.74873734152916,89.68077669977686,88.15153425737779,0.5369993191206885,59.31651013248213,71.59642623506126,92.57424223920296,HIGH_PRODUCTION,0,0,90.69476609541455
2024-01-01 16:00:00,RIG_ANOMALIES,16,1,0,77.5,67.95491816707397,75.93601519985302,0.4713056176281238,47.53490728885255,65.8601260827655,83.1142205161404,HIGH_PRODUCTION,0,0,90.74108383510885
2024-01-01 17:00:00,RIG_ANOMALIES,17,1,0,69.05866657858823,72.5189813423592,75.2706051727247,0.44952385748604795,46.594031821779126,73.07515103484103,81.05713411895744,HIGH_PRODUCTION,0,0,90.78740157480316
2024-01-01 18:00:00,RIG_ANOMALIES,18,1,0,60.00000000000001,62.82708086916158,66.73730349638711,0.4159031139651492,45.916182115690575,65.67229795784506,72.19004416525591,HIGH_PRODUCTION,0,0,90.83371931449746
2024-01-01 19:00:00,RIG_ANOMALIES,19,1,0,50.94133342141177,50.668568373403794,60.68906011722368,0.5166994766609424,43.61426947074592,61.09144997467643,65.60883964399201,HIGH_PRODUCTION,0,0,90.88003705419176
2024-01-01 20:00:00,RIG_ANOMALIES,20,1,0,42.500000000000014,47.7645417946836,52.49250455123426,0.5340929830226097,42.27532113221837,59.37662959024347,54.863657712841686,HIGH_PRODUCTION,0,0,90.92635479388606
2024-01-01 21:00:00,RIG_ANOMALIES,21,1,0,40.0,37.76853443484587,50.65463188110549,0.4544287254129229,39.31857653733087,67.32307850027632,51.7252118098092,HIGH_PRODUCTION,0,0,90.97267253358036
2024-01-01 22:00:00,RIG_ANOMALIES,22,1,0,40.0,35.62571690600651,46.18365598125318,0.4041137083978546,36.98711528426028,61.341546919453144,49.915826851211186,STANDBY,0,0,91.01899027327467
2024-01-01 23:00:00,RIG_ANOMALIES,23,1,0,40.0,41.82982085938342,45.468926694093774,0.45822821304995665,41.98928673779845,67.06323862628199,53.62490748885435,STANDBY,0,0,91.06530801296897
2024-01-02 00:00:00,RIG_ANOMALIES,0,2,1,38.26446504352977,34.402940305879696,46.7487048296353,0.4623941234809151,37.32439662114813,57.23714338008776,55.74710128527005,STANDBY,0,0,91.11162575266327
2024-01-02 01:00:00,RIG_ANOMALIES,1,2,1,38.26446504352977,38.86252725968646,45.59478724551694,0.45323524933428616,40.198829547271195,55.191804614401455,51.95481714149676,STANDBY,0,0,91.15794349235757
2024-01-02 02:00:00,RIG_ANOMALIES,2,2,1,38.26446504352977,43.6966025158073,50.52054817193593,0.45856973135190776,42.076384699037035,65.52666075274612,54.113972101360915,STANDBY,0,0,91.20426123205188
2024-01-02 03:00:00,RIG_ANOMALIES,3,2,1,38.26446504352977,38.08777851535417,46.213237715145056,0.48222145980560605,45.756137803700625,65.50538004536854,45.58367912728239,STANDBY,0,0,91.25057897174618
2024-01-02 04:00:00,RIG_ANOMALIES,4,2,1,40.65599410875038,34.98344991496802,48.20117096415983,0.4590789672841448,36.918869424000675,61.64732415860168,49.257846227127985,STANDBY,0,0,91.29689671144048
2024-01-02 05:00:00,RIG_ANOMALIES,5,2,1,48.73107179936014,50.46671642900923,59.12617593466498,0.4274260556093512,46.333920798716335,67.41878593295439,64.38047549702544,STANDBY,0,0,91.34321445113478
2024-01-02 06:00:00,RIG_ANOMALIES,6,2,1,57.39669756529465,57.217889179965994,63.77683279569177,0.5009714736757153,42.523847874008695,65.6643730895698,68.55321624707622,HIGH_PRODUCTION,0,0,91.38953219082909
2024-01-02 07:00:00,RIG_ANOMALIES,7,2,1,66.06232333122918,66.32324187921763,75.44350616044522,0.5790440842906511,48.14426435710962,64.82409887800432,83.20240486205131,HIGH_PRODUCTION,0,0,91.43584993052339
2024-01-02 08:00:00,RIG_ANOMALIES,8,2,1,74.13740102183893,77.25248840586441,81.09682712825014,0.5588840346219467,48.014914873166944,71.88557293839082,86.72068864127272,HIGH_PRODUCTION,0,0,91.48216767021769
2024-01-02 09:00:00,RIG_ANOMALIES,9,2,1,81.07162743720572,89.80613443460177,90.909835568725,0.5706560261065864,54.069171032009166,78.73375241111428,97.80160952248542,HIGH_PRODUCTION,0,0,91.528485409912
2024-01-02 10:00:00,RIG_ANOMALIES,10,2,1,86.39244650647325,86.75581966510988,87.88654620238401,0.6185260962543169,51.75105989108519,77.49667262539293,96.50704591317471,HIGH_PRODUCTION,0,0,91.5748031496063
2024-01-02 11:00:00,RIG_ANOMALIES,11,2,1,89.73725320314024,85.22243435655318,88.39827346881344,0.6656488840256791,54.011781270273744,76.75717912394329,93.01634467711995,HIGH_PRODUCTION,0,0,91.6211208893006
2024-01-02 12:00:00,RIG_ANOMALIES,12,2,1,90.87810447838321,91.54414823948535,92.51275855199698,0.5713714224090894,52.83129942674455,76.03515103876727,96.641784810896,HIGH_PRODUCTION,0,0,91.6674386289949
2024-01-02 13:00:00,RIG_ANOMALIES,13,2,1,89.73725320314024,85.5511057007461,87.32466034289632,0.618901719055385,51.509340005679114,76.7856868013991,95.49012805458388,HIGH_PRODUCTION,0,0,91.7137563686892
2024-01-02 14:00:00,RIG_ANOMALIES,14,2,1,86.39244650647326,86.97580862452872,86.90566119563428,0.5509222121532684,56.65678113974114,78.21542773889801,93.75858522510171,HIGH_PRODUCTION,0,0,91.7600741083835
2024-01-02 15:00:00,RIG_ANOMALIES,15,2,1,81.07162743720572,88.84618401771421,88.07151745604142,0.6294415149404984,53.75484372532936,76.65639987238158,92.18888746257102,HIGH_PRODUCTION,0,0,91.80639184807781
2024-01-02 16:00:00,RIG_ANOMALIES,16,2,1,74.13740102183893,73.78285464549808,79.50243397875269,0.5171516481663585,49.397881853765945,76.14243093310039,80.8283870229952,HIGH_PRODUCTION,0,0,91.85270958777211
2024-01-02 17:00:00,RIG_ANOMALIES,17,2,1,66.06232333122918,59.83284229761233,71.08060644562134,0.43554082621638635,51.54804347571836,70.59253698812275,73.6998643322776,HIGH_PRODUCTION,0,0,91.89902732746641
2024-01-02 18:00:00,RIG_ANOMALIES,18,2,1,57.39669756529466,68.34786246286767,68.36332090684377,0.5161585394618093,45.13897966697391,67.60243016217176,74.2064860058241,HIGH_PRODUCTION,0,0,91.94534506716072
2024-01-02 19:00:00,RIG_ANOMALIES,19,2,1,48.73107179936014,47.55932658091045,60.249803962339804,0.47016474950159315,42.37954522040238,60.74298843135452,66.81491923576166,HIGH_PRODUCTION,0,0,91.99166280685503
2024-01-02 20:00:00,RIG_ANOMALIES,20,2,1,40.65599410875039,48.539677111551924,55.103885226380264,0.4741470894366146,41.28846655948584,65.19703668995503,56.043893997624664,HIGH_PRODUCTION,0,0,92.03798054654933
2024-01-02 21:00:00,RIG_ANOMALIES,21,2,1,38.26446504352977,33.80950687609124,45.248451644929,0.4957141554378294,37.57796483065566,58.10594447631557,52.79786715334186,HIGH_PRODUCTION,0,0,92.08429828624364
2024-01-02 22:00:00,RIG_ANOMALIES,22,2,1,38.26446504352977,47.859472089758086,51.40901374891985,0.48535401736937633,42.96941695171226,64.1936065799292,55.013077632984924,STANDBY,0,0,92.13061602593794
2024-01-02 23:00:00,RIG_ANOMALIES,23,2,1,38.26446504352977,34.95720015646669,42.533879128931126,0.3210727547879473,36.45698750237786,56.1731236643158,43.67016822763625,STANDBY,0,0,92.17693376563224
2024-01-03 00:00:00,RIG_ANOMALIES,0,3,2,36.872674070127886,42.271866355382095,52.26097109017046,0.4778704666445132,42.08976723379802,57.45849894538727,54.509730203888246,STANDBY,0,0,92.22325150532654
2024-01-03 01:00:00,RIG_ANOMALIES,1,3,2,36.872674070127886,49.50469764800964,51.96930258239253,0.5569913008132121,41.334195664781696,67.21007766506634,59.17732761028215,STANDBY,0,0,92.26956924502085
2024-01-03 02:00:00,RIG_ANOMALIES,2,3,2,36.872674070127886,42.248341050036814,50.89007250711831,0.5382196586086039,44.075458385302376,61.046252905689684,61.37780690900012,STANDBY,0,0,92.31588698471515
2024-01-03 03:00:00,RIG_ANOMALIES,3,3,2,36.872674070127886,36.576028051758506,51.95785411064948,0.5163945227702676,37.363382346638865,61.366619316916555,60.7732975063289,STANDBY,0,0,92.36220472440945
2024-01-03 04:00:00,RIG_ANOMALIES,4,3,2,39.17721619951087,43.85894021180964,52.13730208657224,0.34983285917029855,42.042790733385964,65.29513601098708,59.13429927770431,STANDBY,0,0,92.40852246410375
2024-01-03 05:00:00,RIG_ANOMALIES,5,3,2,46.958579598635716,36.730651344090624,53.58591685051456,0.38893322892590454,38.90562945173882,62.681272313311865,62.52144025140895,STANDBY,0,0,92.45484020379806
2024-01-03 06:00:00,RIG_ANOMALIES,6,3,2,55.30901110519182,58.21523204770972,62.70503666103594,0.4965800829954078,45.856671425901006,66.47571417092254,66.49791675134878,HIGH_PRODUCTION,0,0,92.50115794349236
2024-01-03 07:00:00,RIG_ANOMALIES,7,3,2,63.65944261174793,61.600088072482976,67.03464962219223,0.5353667039991711,44.46377721964971,64.65474770976189,74.82761285903258,HIGH_PRODUCTION,0,0,92.54747568318666
2024-01-03 08:00:00,RIG_ANOMALIES,8,3,2,71.44080601087278,70.51482091944789,75.07768898955857,0.6247745192212001,49.71078441911034,69.32319677793733,78.70884458877374,HIGH_PRODUCTION,0,0,92.59379342288096
2024-01-03 09:00:00,RIG_ANOMALIES,9,3,2,78.12281424622702,81.09630095732982,85.63366947240227,0.6257002922819738,49.400539783658196,68.9831309267843,86.24217995663301,HIGH_PRODUCTION,0,0,92.64011116257527
2024-01-03 10:00:00,RIG_ANOMALIES,10,3,2,83.250099499112,85.0696086106989,84.85050111087408,0.5692956362016413,50.84131756931731,75.88187925558123,93.26251991848656,HIGH_PRODUCTION,0,0,92.68642890226957
2024-01-03 11:00:00,RIG_ANOMALIES,11,3,2,86.47324575278313,91.53820001108276,90.39243963422055,0.6254076749418672,52.33936252631719,75.26866879791554,92.95733448176821,HIGH_PRODUCTION,0,0,92.73274664196387
2024-01-03 12:00:00,RIG_ANOMALIES,12,3,2,87.57260091655372,86.65078589225816,90.01865683508106,0.667195216893922,50.26624031209843,79.721663135748,93.63281259082844,HIGH_PRODUCTION,0,0,92.77906438165817
2024-01-03 13:00:00,RIG_ANOMALIES,13,3,2,86.47324575278313,88.87030421561248,90.83477653700172,0.6151554966027422,51.88667953563203,73.22598486537163,97.38475585850703,HIGH_PRODUCTION,0,0,92.82538212135248
2024-01-03 14:00:00,RIG_ANOMALIES,14,3,2,83.25009949911201,77.78659737944454,84.98190992788138,0.533178947605901,51.75737716547609,74.2861769365269,88.74229757089401,HIGH_PRODUCTION,0,0,92.87169986104678
2024-01-03 15:00:00,RIG_ANOMALIES,15,3,2,78.12281424622702,77.95373242070562,78.30251492740196,0.579876361347729,47.345904385907815,69.25346352348443,85.32399179001514,HIGH_PRODUCTION,0,0,92.91801760074108
2024-01-03 16:00:00,RIG_ANOMALIES,16,3,2,71.44080601087278,78.5800072449825,79.06468813245253,0.6511826119329099,50.542412574816495,80.597333512982,79.06152972303909,HIGH_PRODUCTION,0,0,92.96433534043538
2024-01-03 17:00:00,RIG_ANOMALIES,17,3,2,63.65944261174793,61.1464349767819,69.219553129437,0.4937115968592781,46.802492982784244,71.152608574035,76.02780382614016,HIGH_PRODUCTION,0,0,93.01065308012969
2024-01-03 18:00:00,RIG_ANOMALIES,18,3,2,55.30901110519183,60.98081726841279,68.01109551958542,0.5639893766500537,43.43320917182085,70.54984913251951,74.76771776588714,HIGH_PRODUCTION,0,0,93.05697081982399
2024-01-03 19:00:00,RIG_ANOMALIES,19,3,2,46.958579598635716,42.83081236476573,56.365859054590764,0.4077261786650038,40.82582035451922,61.75744711032122,58.12281615967336,HIGH_PRODUCTION,0,0,93.10328855951829
2024-01-03 20:00:00,RIG_ANOMALIES,20,3,2,39.17721619951089,50.38412927616889,55.026944736805056,0.417846924194127,40.08467925526432,63.54875009200316,61.180181330642284,HIGH_PRODUCTION,0,0,93.14960629921259
2024-01-03 21:00:00,RIG_ANOMALIES,21,3,2,36.872674070127886,47.133861017559525,54.74035368049367,0.44129630042498913,38.959480946062605,63.03045836439969,59.08044524813879,HIGH_PRODUCTION,0,0,93.1959240389069
2024-01-03 22:00:00,RIG_ANOMALIES,22,3,2,36.872674070127886,36.883333641670006,43.37080505848579,0.5394485487332514,41.64629655432246,55.190045022657976,47.79491961893898,STANDBY,0,0,93.2422417786012
2024-01-03 23:00:00,RIG_ANOMALIES,23,3,2,36.872674070127886,42.35934347636133,47.08066529507343,0.40777100985392434,38.881580768796645,66.82023025567138,49.49684230382824,STANDBY,0,0,93.2885595182955
2024-01-04 00:00:00,RIG_ANOMALIES,0,4,3,36.10028835127271,40.575162726290344,46.015512338899235,0.5064869887249503,39.760035013910766,59.02161676474704,57.23700125121457,STANDBY,0,0,93.33487725798982
2024-01-04 01:00:00,RIG_ANOMALIES,1,4,3,36.10028835127271,32.087130068501104,39.67891667585895,0.45127007487894544,37.37084572814059,60.61744363649775,42.87616866264175,STANDBY,0,0,93.38119499768412
2024-01-04 02:00:00,RIG_ANOMALIES,2,4,3,36.10028835127271,39.16808927437915,47.29452394003032,0.4362531515339545,39.24177032604085,66.00846508355751,53.37788507938479,STANDBY,0,0,93.42751273737842
2024-01-04 03:00:00,RIG_ANOMALIES,3,4,3,36.10028835127271,39.67662254761033,47.42417197069676,0.3084973316612539,41.45769157244242,61.44936965929361,51.642116451625675,STANDBY,0,0,93.47383047707272
2024-01-04 04:00:00,RIG_ANOMALIES,4,4,3,38.35655637322725,35.987727116028026,47.60191805315152,0.45733541400166017,38.4068932889428,62.184049415720054,50.85354757197443,STANDBY,0,0,93.52014821676703
2024-01-04 05:00:00,RIG_ANOMALIES,5,4,3,45.97492063778226,47.65601982548921,59.6677417375786,0.4617132208056789,45.00857725748137,62.92436716728575,64.59348685319019,STANDBY,0,0,93.56646595646133
2024-01-04 06:00:00,RIG_ANOMALIES,6,4,3,54.15043252690906,57.7671858287151,64.9589676786334,0.45540461576222807,45.85741837712877,68.6888654141543,65.3345847453047,HIGH_PRODUCTION,0,0,93.61278369615563
2024-01-04 07:00:00,RIG_ANOMALIES,7,4,3,62.32594441603586,57.054711201416616,65.18972097885191,0.5319035398715213,44.302107402844065,65.17124900378613,69.03978625931593,HIGH_PRODUCTION,0,0,93.65910143584993
2024-01-04 08:00:00,RIG_ANOMALIES,8,4,3,69.94430868059086,72.44198834120323,76.96145784064166,0.4955170810930602,49.202595084395156,71.33917503503334,79.7933739996663,HIGH_PRODUCTION,0,0,93.70541917554424
2024-01-04 09:00:00,RIG_ANOMALIES,9,4,3,76.48634638588689,78.30338725964938,83.3436229906333,0.5457815039304972,48.60829351663702,71.71654053499257,90.90714690876506,HIGH_PRODUCTION,0,0,93.75173691523854
2024-01-04 10:00:00,RIG_ANOMALIES,10,4,3,81.50622847353647,83.88227589727222,89.0564667958498,0.6013600224776396,51.23590408169468,72.85529655837722,96.77869529929157,HIGH_PRODUCTION,0,0,93.79805465493284
2024-01-04 11:00:00,RIG_ANOMALIES,11,4,3,84.66185827501369,93.70297014867032,92.70366269949109,0.6474173511428478,50.937704174755154,82.28258713867345,96.86477870492496,HIGH_PRODUCTION,0,0,93.84437239462714
2024-01-04 12:00:00,RIG_ANOMALIES,12,4,3,85.73818483427267,80.7564206817436,86.18951447492007,0.6209402853041437,52.605589977533114,73.54940575600145,86.81577751508868,HIGH_PRODUCTION,0,0,93.89069013432145
2024-01-04 13:00:00,RIG_ANOMALIES,13,4,3,84.66185827501369,88.26757568879508,92.16921623137877,0.6091111836786258,56.278759710597186,70.59639954082402,93.85401553751028,HIGH_PRODUCTION,0,0,93.93700787401575
2024-01-04 14:00:00,RIG_ANOMALIES,14,4,3,81.50622847353648,80.84970409905165,86.11039818184669,0.5206360074416783,52.69399658272418,72.48427342997029,97.29888021200544,HIGH_PRODUCTION,0,0,93.98332561371005
2024-01-04 15:00:00,RIG_ANOMALIES,15,4,3,76.48634638588689,75.89947073555975,80.99002976909247,0.5011081521593383,47.80931049857492,72.76362772450665,87.91010424391202,HIGH_PRODUCTION,0,0,94.02964335340435
2024-01-04 16:00:00,RIG_ANOMALIES,16,4,3,69.94430868059086,69.69295126575621,77.72933328859249,0.45471530972439833,46.99629376623934,71.32374628448085,81.7418091705775,HIGH_PRODUCTION,0,0,94.07596109309866
2024-01-04 17:00:00,RIG_ANOMALIES,17,4,3,62.32594441603586,69.58633721454477,77.57713791230927,0.48180732384434033,50.92956899797598,67.54424126139497,86.76008739605581,HIGH_PRODUCTION,0,0,94.12227883279296
2024-01-04 18:00:00,RIG_ANOMALIES,18,4,3,54.150432526909064,62.6412966549681,69.94947688909599,0.47242426117172437,44.7853834720895,60.36581035714029,77.62408037756275,HIGH_PRODUCTION,0,0,94.16859657248726
2024-01-04 19:00:00,RIG_ANOMALIES,19,4,3,45.97492063778226,48.18011466905313,58.501723731035376,0.45054472140079893,43.39104495766129,65.12634072149423,62.86847267729531,HIGH_PRODUCTION,0,0,94.21491431218156
2024-01-04 20:00:00,RIG_ANOMALIES,20,4,3,38.356556373227264,36.603312737677186,47.42942051314006,0.45206307488702063,36.370290032139614,59.252149345524884,55.790747051373614,HIGH_PRODUCTION,0,0,94.26123205187587
2024-01-04 21:00:00,RIG_ANOMALIES,21,4,3,36.10028835127271,34.515547824688916,47.05859206707474,0.410427967359023,38.609685972847075,59.99507823251418,48.595132012702216,HIGH_PRODUCTION,0,0,94.30754979157017
2024-01-04 22:00:00,RIG_ANOMALIES,22,4,3,36.10028835127271,42.315556000239084,44.7370167169318,0.44821679646442925,39.36680002979426,57.43266187322319,50.10679708462293,STANDBY,0,0,94.35386753126447
2024-01-04 23:00:00,RIG_ANOMALIES,23,4,3,36.10028835127271,37.37931717013781,42.262944367982,0.36878828954615783,40.71382889778603,57.119315038282586,49.4694740271193,STANDBY,0,0,94.40018527095877
2024-01-05 00:00:00,RIG_ANOMALIES,0,5,4,36.10028835127271,36.14594557017924,41.72544856340792,0.4260340910860431,38.43078249131626,63.176421658224825,53.260290315511575,STANDBY,0,0,94.44650301065307
2024-01-05 01:00:00,RIG_ANOMALIES,1,5,4,36.10028835127271,37.90468309392176,47.91776228525137,0.48739660925309747,35.82638207780313,58.355985701429894,55.39624801023114,STANDBY,0,0,94.49282075034738
2024-01-05 02:00:00,RIG_ANOMALIES,2,5,4,36.10028835127271,43.0456854380975,50.704022653331194,0.49926038272539697,40.48901559704215,63.307070786856784,62.17477814732584,STANDBY,0,0,94.53913849004168
2024-01-05 03:00:00,RIG_ANOMALIES,3,5,4,36.10028835127271,46.06126101659593,55.07837033241344,0.40268686021906797,38.329860756724905,66.08862031086089,59.48366328856871,STANDBY,0,0,94.585456229736
2024-01-05 04:00:00,RIG_ANOMALIES,4,5,4,38.35655637322725,32.621197081942306,45.17409844360308,0.4171877704437038,38.35122850763447,57.951748672902674,45.729021972611996,STANDBY,0,0,94.6317739694303
2024-01-05 05:00:00,RIG_ANOMALIES,5,5,4,45.97492063778226,40.78423695214174,50.54519629472783,0.43078501843778216,43.380862588990986,69.59230266366797,55.5415822044603,STANDBY,0,0,94.6780917091246
2024-01-05 06:00:00,RIG_ANOMALIES,6,5,4,54.15043252690906,55.79059941391381,59.581369404027754,0.43511967214301905,44.672105938817445,65.42494561591744,66.74566437152724,HIGH_PRODUCTION,0,0,94.7244094488189
2024-01-05 07:00:00,RIG_ANOMALIES,7,5,4,62.32594441603586,61.70158666168284,70.73510954077508,0.4871768156975216,45.977619933989104,65.61415994556685,70.32205383666273,HIGH_PRODUCTION,0,0,94.7707271885132
2024-01-05 08:00:00,RIG_ANOMALIES,8,5,4,69.94430868059086,71.50257166137906,74.51555156907179,0.5540136666902374,50.10514899535794,70.9383890467806,81.1340191616546,HIGH_PRODUCTION,0,0,94.81704492820751
2024-01-05 09:00:00,RIG_ANOMALIES,9,5,4,76.48634638588689,71.68825725551716,79.21595779358846,0.5019715678213306,47.34696431992663,73.64955438192325,81.89479148990013,HIGH_PRODUCTION,0,0,94.86336266790181
2024-01-05 10:00:00,RIG_ANOMALIES,10,5,4,81.50622847353647,78.90279751129762,83.67327050537708,0.6060299931250273,50.87624111024576,71.52933077057865,86.82528686578151,HIGH_PRODUCTION,0,0,94.90968040759611
2024-01-05 11:00:00,RIG_ANOMALIES,11,5,4,84.66185827501369,86.4148312554439,92.01459084689631,0.6131151520549132,49.47868019873767,74.52994868091356,96.4462880791593,HIGH_PRODUCTION,0,0,94.95599814729042
2024-01-05 12:00:00,RIG_ANOMALIES,12,5,4,85.73818483427267,91.88866477025077,93.00091263593801,0.600074604081056,53.197367080962785,80.52837327529502,103.8106028053659,HIGH_PRODUCTION,0,0,95.00231588698472
2024-01-05 13:00:00,RIG_ANOMALIES,13,5,4,84.66185827501369,86.57426249915834,91.80398654393429,0.57680419266336,48.14846200847525,75.80113359056638,90.30067744864992,HIGH_PRODUCTION,0,0,95.04863362667902
2024-01-05 14:00:00,RIG_ANOMALIES,14,5,4,81.50622847353648,83.25848729516683,86.42406582121785,0.6190227060073794,49.28144727820007,73.4238004057892,88.19641835047358,HIGH_PRODUCTION,0,0,95.09495136637332
2024-01-05 15:00:00,RIG_ANOMALIES,15,5,4,76.48634638588689,76.6967481094955,80.51617724339297,0.4204805180327963,51.62953790430157,75.47923562444889,91.76054121505713,HIGH_PRODUCTION,0,0,95.14126910606763
2024-01-05 16:00:00,RIG_ANOMALIES,16,5,4,69.94430868059086,73.85143910364529,75.26990323075877,0.5756104465969161,46.42038421269339,65.68035344771198,81.24661113130557,HIGH_PRODUCTION,0,0,95.18758684576193
2024-01-05 17:00:00,RIG_ANOMALIES,17,5,4,62.32594441603586,59.74402483311127,66.04127420795422,0.5129966463964728,45.31877248985698,72.29791692666545,72.96302665155599,HIGH_PRODUCTION,0,0,95.23390458545623
2024-01-05 18:00:00,RIG_ANOMALIES,18,5,4,54.150432526909064,57.43005987746741,67.00171036771843,0.502211709932423,42.73023836545,61.13399757937712,73.27066376684749,HIGH_PRODUCTION,0,0,95.28022232515053
2024-01-05 19:00:00,RIG_ANOMALIES,19,5,4,45.97492063778226,42.875023600522745,55.047106727162166,0.4127075248565988,41.528783010840606,66.30872036233107,59.62280318849712,HIGH_PRODUCTION,0,0,95.32654006484483
2024-01-05 20:00:00,RIG_ANOMALIES,20,5,4,38.356556373227264,40.473647176579114,49.54861919356344,0.4920159525767387,42.95262654003622,65.14310962213933,54.81725470686978,HIGH_PRODUCTION,0,0,95.37285780453914
2024-01-05 21:00:00,RIG_ANOMALIES,21,5,4,36.10028835127271,40.982729409467325,48.34163661975386,0.41385156118270194,38.6943397966062,59.34115853469529,51.5667949399609,HIGH_PRODUCTION,0,0,95.41917554423344
2024-01-05 22:00:00,RIG_ANOMALIES,22,5,4,36.10028835127271,37.50007780651765,46.0173423882705,0.4805135872790533,39.82040500494895,62.7808335411456,51.28603637618832,STANDBY,0,0,95.46549328392774
2024-01-05 23:00:00,RIG_ANOMALIES,23,5,4,36.10028835127271,33.806398446374764,39.77649456448542,0.4373969080783656,36.57074067346011,58.94704061376572,42.87450068448747,STANDBY,0,0,95.51181102362204
2024-01-06 00:00:00,RIG_ANOMALIES,0,6,5,36.872674070127886,27.306391244034945,39.74962182384208,0.46764462834481196,38.877809418579794,58.33909808659665,43.940560000307556,STANDBY,0,0,95.55812876331635
2024-01-06 01:00:00,RIG_ANOMALIES,1,6,5,36.872674070127886,35.572122735286264,43.7520721084457,0.47337217486882444,38.351372627312735,65.58597594122642,51.23267309403165,STANDBY,0,0,95.60444650301065
2024-01-06 02:00:00,RIG_ANOMALIES,2,6,5,36.872674070127886,36.2924502611039,47.75166207314402,0.4705390050624205,40.99465358664097,61.85204417942073,56.78194716478232,STANDBY,0,0,95.65076424270495
2024-01-06 03:00:00,RIG_ANOMALIES,3,6,5,36.872674070127886,42.14739490215813,48.71153529991128,0.37007017890664184,42.50392848188973,65.65277369923483,47.775140171889824,STANDBY,0,0,95.69708198239925
2024-01-06 04:00:00,RIG_ANOMALIES,4,6,5,39.17721619951087,48.45883343106148,60.9615443962263,0.43048716601378695,40.45891406764767,64.41460332415724,67.06099169108985,STANDBY,0,0,95.74339972209356
2024-01-06 05:00:00,RIG_ANOMALIES,5,6,5,46.958579598635716,55.84283677520708,61.906431547407976,0.4246520322713371,42.187161150240016,60.95977642263746,67.19108666913992,STANDBY,0,0,95.78971746178786
2024-01-06 06:00:00,RIG_ANOMALIES,6,6,5,55.30901110519182,59.94116800890989,66.90503523542975,0.471895049688912,43.237035056189534,62.16855913030773,72.96578974368474,HIGH_PRODUCTION,0,0,95.83603520148216
2024-01-06 07:00:00,RIG_ANOMALIES,7,6,5,63.65944261174793,60.092303259233276,67.25089046216507,0.5218722697914341,43.52235083659869,66.48613648808349,76.65765112470811,HIGH_PRODUCTION,0,0,95.88235294117646
2024-01-06 08:00:00,RIG_ANOMALIES,8,6,5,71.44080601087278,68.73915668380744,74.59558425486934,0.5088480637104279,50.48377914623575,71.28321672616201,81.78645806372553,HIGH_PRODUCTION,0,0,95.92867068087077
2024-01-06 09:00:00,RIG_ANOMALIES,9,6,5,78.12281424622702,79.57352555014727,83.88370001856389,0.5854584026861424,50.505955939216854,78.45166584251335,87.86412246984558,HIGH_PRODUCTION,0,0,95.97498842056508
2024-01-06 10:00:00,RIG_ANOMALIES,10,6,5,83.250099499112,78.18664146906632,83.03779854155576,0.5104012105214941,50.45777704400134,76.5778889166733,86.72824393121124,HIGH_PRODUCTION,0,0,96.02130616025939
2024-01-06 11:00:00,RIG_ANOMALIES,11,6,5,86.47324575278313,87.16148063113567,90.84161783584081,0.5971028502659752,52.253933709072385,74.95438994790288,95.16885842193973,HIGH_PRODUCTION,0,0,96.06762389995369
2024-01-06 12:00:00,RIG_ANOMALIES,12,6,5,87.57260091655372,88.64181986987828,93.20351692676331,0.5305465188490234,54.041177488115636,73.3379792926705,95.23307447003245,HIGH_PRODUCTION,0,0,96.11394163964799
2024-01-06 13:00:00,RIG_ANOMALIES,13,6,5,86.47324575278313,79.49764805653106,83.09009928586354,0.5269299586714007,52.211151521282616,74.2684030494862,86.85248518401296,HIGH_PRODUCTION,0,0,96.16025937934229
2024-01-06 14:00:00,RIG_ANOMALIES,14,6,5,83.25009949911201,86.18211418035115,90.7642811162583,0.6316698708232042,53.27279431983087,77.80798996791677,90.41515784990887,HIGH_PRODUCTION,0,0,96.2065771190366
2024-01-06 15:00:00,RIG_ANOMALIES,15,6,5,78.12281424622702,84.87086066764613,85.28226449547539,0.6661470143495993,50.51350194482206,78.48379305739786,96.89229770963411,HIGH_PRODUCTION,0,0,96.2528948587309
2024-01-06 16:00:00,RIG_ANOMALIES,16,6,5,71.44080601087278,68.2647827138592,72.42371302789822,0.5672696373280369,43.94047400017179,73.33126687198275,80.15114157046715,HIGH_PRODUCTION,0,0,96.2992125984252
2024-01-06 17:00:00,RIG_ANOMALIES,17,6,5,63.65944261174793,63.1635711744023,69.98710675342174,0.4928248209997679,44.161556966617844,69.06667219618396,77.66249128814933,HIGH_PRODUCTION,0,0,96.3455303381195
2024-01-06 18:00:00,RIG_ANOMALIES,18,6,5,55.30901110519183,63.783276677193555,70.05930048236559,0.5204608654234235,47.273968588993554,72.59472283291097,73.46504589492201,HIGH_PRODUCTION,0,0,96.3918480778138
2024-01-06 19:00:00,RIG_ANOMALIES,19,6,5,46.958579598635716,48.18879100929807,53.73606801395269,0.4942391812180801,42.388710654621924,62.51494504149582,58.48990872755749,HIGH_PRODUCTION,0,0,96.43816581750811
2024-01-06 20:00:00,RIG_ANOMALIES,20,6,5,39.17721619951089,38.67921575684116,52.73162528547498,0.44878130073357747,39.43409830226568,67.15130508447501,56.072004019454674,HIGH_PRODUCTION,0,0,96.48448355720241
2024-01-06 21:00:00,RIG_ANOMALIES,21,6,5,36.872674070127886,43.96168621751952,46.296445481867,0.44340163355433115,41.050438101588135,65.62298177601124,52.25102906898474,HIGH_PRODUCTION,0,0,96.53080129689671
2024-01-06 22:00:00,RIG_ANOMALIES,22,6,5,36.872674070127886,44.717002018733226,48.338454622070465,0.43240301362014416,37.40604477074269,69.24089751761373,52.00333587774648,STANDBY,0,0,96.57711903659101
2024-01-06 23:00:00,RIG_ANOMALIES,23,6,5,36.872674070127886,34.78760582945541,39.76199891568043,0.38969361149969717,39.20617074806344,60.167020467694165,53.82513006115262,STANDBY,0,0,96.62343677628532
2024-01-07 00:00:00,RIG_ANOMALIES,0,7,6,38.26446504352977,42.567757566840946,43.982957110823364,0.38649807537504227,38.74242972310846,60.75987719059217,50.17992128839008,STANDBY,0,0,96.66975451597962
2024-01-07 01:00:00,RIG_ANOMALIES,1,7,6,38.26446504352977,40.094452793253026,46.06846526601753,0.3820445214139704,36.546900620779006,63.94742989360862,52.69867336266367,STANDBY,0,0,96.71607225567392
2024-01-07 02:00:00,RIG_ANOMALIES,2,7,6,38.26446504352977,32.635517374267174,42.66907912578513,0.5011032302144566,38.0454759725448,62.653856664191835,45.425173796570746,STANDBY,0,0,96.76238999536822
2024-01-07 03:00:00,RIG_ANOMALIES,3,7,6,38.26446504352977,38.806287256609835,44.28458561752642,0.39474481495854385,38.59931546628667,61.677866398107724,41.35768157925079,STANDBY,0,0,96.80870773506253
2024-01-07 04:00:00,RIG_ANOMALIES,4,7,6,40.65599410875038,42.67632598934346,49.951392388482574,0.4331555108978692,38.1166333856133,62.22718571531639,53.582443213821875,STANDBY,0,0,96.85502547475683
2024-01-07 05:00:00,RIG_ANOMALIES,5,7,6,48.73107179936013,48.20328476101,53.601910208639154,0.42861329784784064,43.364025799103786,65.03676773074012,62.59334239862687,STANDBY,0,0,96.90134321445113
2024-01-07 06:00:00,RIG_ANOMALIES,6,7,6,57.396697565294645,65.85903160039578,70.22583887125069,0.5057407167174925,45.30632318051384,70.27146312570177,74.77924945035217,HIGH_PRODUCTION,0,0,96.94766095414543
2024-01-07 07:00:00,RIG_ANOMALIES,7,7,6,66.06232333122917,66.50942858442998,69.19106191154412,0.5350204912210423,47.62399196559632,72.71299612948465,77.78108403121766,HIGH_PRODUCTION,0,0,96.99397869383974
2024-01-07 08:00:00,RIG_ANOMALIES,8,7,6,74.13740102183893,86.94871974738813,85.46737242816394,0.6728445253806292,46.14227673078388,82.75176177355829,92.97022947973373,HIGH_PRODUCTION,0,0,97.04029643353404
2024-01-07 09:00:00,RIG_ANOMALIES,9,7,6,81.0716274372057,90.43577002479581,88.4762702821221,0.6760608667322325,52.32488172743593,79.47140519332363,98.30592018446211,HIGH_PRODUCTION,0,0,97.08661417322834
2024-01-07 10:00:00,RIG_ANOMALIES,10,7,6,86.39244650647323,90.61615844926449,90.88541643004105,0.5613386694456419,55.00563275335647,74.67735886389013,95.96345327364975,HIGH_PRODUCTION,0,0,97.13293191292264
2024-01-07 11:00:00,RIG_ANOMALIES,11,7,6,89.73725320314023,98.84669666230342,95.0,0.641208478130618,55.16290249264864,81.20702925034921,98.7579238018164,HIGH_PRODUCTION,0,0,97.17924965261695
2024-01-07 12:00:00,RIG_ANOMALIES,12,7,6,90.8781044783832,96.89905997169141,95.0,0.6393048842884433,56.37389594745971,76.3653489503287,95.02569415230212,HIGH_PRODUCTION,0,0,97.22556739231126
2024-01-07 13:00:00,RIG_ANOMALIES,13,7,6,89.73725320314023,92.5999624756379,94.94693258936275,0.6038057156860829,55.2955194286096,75.64827832735287,100.46791493529673,HIGH_PRODUCTION,0,0,97.27188513200556
2024-01-07 14:00:00,RIG_ANOMALIES,14,7,6,86.39244650647325,98.67227843116504,94.28988203425689,0.597045281345085,55.87054624162506,82.61897135233005,99.51067760434991,HIGH_PRODUCTION,0,0,97.31820287169987
2024-01-07 15:00:00,RIG_ANOMALIES,15,7,6,81.0716274372057,78.70518911850132,81.47324402463164,0.6059463611335899,49.92894311701992,71.38917782614382,89.38309257960063,HIGH_PRODUCTION,0,0,97.36452061139417
2024-01-07 16:00:00,RIG_ANOMALIES,16,7,6,74.13740102183893,84.254750892017,85.96522350692588,0.5865376317068821,52.95218392396369,76.47821749882947,92.57203072127065,HIGH_PRODUCTION,0,0,97.41083835108847
2024-01-07 17:00:00,RIG_ANOMALIES,17,7,6,66.06232333122917,62.3924061137186,69.23816273800834,0.5768027438580544,45.928025351389536,69.19954926384274,70.63861803660429,HIGH_PRODUCTION,0,0,97.45715609078277
2024-01-07 18:00:00,RIG_ANOMALIES,18,7,6,57.39669756529465,61.68456401322029,66.06020039956043,0.5325326732901341,43.02284620110448,67.36282642467583,70.11778117982257,HIGH_PRODUCTION,0,0,97.50347383047708
2024-01-07 19:00:00,RIG_ANOMALIES,19,7,6,48.73107179936013,52.52924014857219,57.829206290726866,0.5078639819383929,44.77467858330547,67.45017024176556,66.23366072396533,HIGH_PRODUCTION,0,0,97.54979157017138
2024-01-07 20:00:00,RIG_ANOMALIES,20,7,6,40.65599410875039,33.78078716569995,46.61429060581119,0.4546718594335919,40.35317843311579,58.739550822170955,52.07153085301624,HIGH_PRODUCTION,0,0,97.59610930986568
2024-01-07 21:00:00,RIG_ANOMALIES,21,7,6,38.26446504352977,40.60563104684746,47.476707673042796,0.5319913054370751,40.88870262185339,60.46904760802035,48.16956372136911,HIGH_PRODUCTION,0,0,97.64242704955998
2024-01-07 22:00:00,RIG_ANOMALIES,22,7,6,38.26446504352977,41.69332018486532,47.411052382026625,0.46891771214061023,38.0090107958767,64.26564721082808,52.691256634645995,STANDBY,0,0,97.68874478925429
2024-01-07 23:00:00,RIG_ANOMALIES,23,7,6,38.26446504352977,41.331299745950695,45.3040290679367,0.41264925516469186,43.456189022844924,62.45364143533792,54.84014435533683,STANDBY,0,0,97.73506252894859
2024-01-08 00:00:00,RIG_ANOMALIES,0,8,0,40.0,46.81667741785553,52.97266218910545,0.46687525377858957,41.84836922639831,69.03752982014478,56.86276450990846,STANDBY,0,0,97.78138026864289
2024-01-08 01:00:00,RIG_ANOMALIES,1,8,0,40.0,45.34394280838401,51.61576472216295,0.518735187049843,42.214620546921495,64.07017371383817,57.819660467518204,STANDBY,0,0,97.8276980083372
2024-01-08 02:00:00,RIG_ANOMALIES,2,8,0,40.0,50.81550195997135,51.618828542648224,0.5063121852245219,44.31057327511953,63.76293361097945,59.82713887739972,STANDBY,0,0,97.8740157480315
2024-01-08 03:00:00,RIG_ANOMALIES,3,8,0,40.0,33.22100933003834,44.503791200185255,0.5310638100042643,38.84748590246655,62.22858848105718,48.35049860389094,STANDBY,0,0,97.9203334877258
2024-01-08 04:00:00,RIG_ANOMALIES,4,8,0,42.5,47.049634533437924,52.58038442716172,0.55701829415094,37.91973401383271,62.928816400467554,61.350142872337805,STANDBY,0,0,97.9666512274201
2024-01-08 05:00:00,RIG_ANOMALIES,5,8,0,50.94133342141177,65.48039779278483,68.47476542458617,0.611832100270317,43.05368269172552,68.74769973307146,74.54817248135092,STANDBY,0,0,98.0129689671144
2024-01-08 06:00:00,RIG_ANOMALIES,6,8,0,60.0,61.5944469343169,69.03370911084733,0.6135868170638092,49.46589040792292,68.42387856381498,72.79667046401346,HIGH_PRODUCTION,0,0,98.0592867068087
2024-01-08 07:00:00,RIG_ANOMALIES,7,8,0,69.05866657858823,70.16127124795798,75.2772094447669,0.562041655665751,48.987861454616585,69.30903240166656,85.57164605663765,HIGH_PRODUCTION,0,0,98.10560444650301
2024-01-08 08:00:00,RIG_ANOMALIES,8,8,0,77.5,81.16995272351814,80.43480400370356,0.5454744943859466,50.650222355957354,77.2841322023585,85.28656152004471,HIGH_PRODUCTION,0,0,98.15192218619731
2024-01-08 09:00:00,RIG_ANOMALIES,9,8,0,84.74873734152916,86.17097566217572,84.6210361056285,0.656950583669943,51.480920984011185,75.08877200415942,86.24959324053239,HIGH_PRODUCTION,0,0,98.19823992589161
2024-01-08 10:00:00,RIG_ANOMALIES,10,8,0,90.31088913245534,85.7297212991791,89.45892588459229,0.5725213743838478,53.44522230514657,77.53431119587054,91.431892668866,HIGH_PRODUCTION,0,0,98.24455766558592
2024-01-08 11:00:00,RIG_ANOMALIES,11,8,0,93.8074039201174,92.10239949241786,94.88899288607755,0.5484911061428608,51.66668445153263,73.35714639660031,102.85641370941713,HIGH_PRODUCTION,0,0,98.29087540528022
2024-01-08 12:00:00,RIG_ANOMALIES,12,8,0,95.0,101.15160178919763,95.0,0.6795294306183443,58.592187956606644,81.95030079990104,104.33933435720593,HIGH_PRODUCTION,0,0,98.33719314497452
2024-01-08 13:00:00,RIG_ANOMALIES,13,8,0,93.8074039201174,91.52266813612633,94.01229145944708,0.6424523979502317,50.53185156441973,82.2682053072412,97.64910429561078,HIGH_PRODUCTION,0,0,98.38351088466882
2024-01-08 14:00:00,RIG_ANOMALIES,14,8,0,90.31088913245536,105.57018131176781,95.0,0.5951938036868394,56.41614599589653,78.09677210662059,101.84219540285254,HIGH_PRODUCTION,0,0,98.42982862436313
2024-01-08 15:00:00,RIG_ANOMALIES,15,8,0,84.74873734152916,90.14413159922289,90.47710564034236,0.622610886402988,54.16809199137201,79.1221797193968,96.2200827090537,HIGH_PRODUCTION,0,0,98.47614636405743
2024-01-08 16:00:00,RIG_ANOMALIES,16,8,0,77.5,85.462991208796,85.27841860967449,0.5990701214271689,52.50407955525878,74.26520281171531,96.28607270939415,HIGH_PRODUCTION,0,0,98.52246410375173
2024-01-08 17:00:00,RIG_ANOMALIES,17,8,0,69.05866657858823,77.64103563254255,77.03508189658186,0.5794971911584708,51.1780662535924,70.30086250081209,80.77563979232275,HIGH_PRODUCTION,0,0,98.56878184344603
2024-01-08 18:00:00,RIG_ANOMALIES,18,8,0,60.00000000000001,69.01626734535391,68.61667400263363,0.5755034201342846,49.21953347270932,69.8936571042003,71.32530478497999,HIGH_PRODUCTION,0,0,98.61509958314033
2024-01-08 19:00:00,RIG_ANOMALIES,19,8,0,50.94133342141177,60.821900474759325,63.96980569678251,0.5872349031590477,44.99563361644717,63.59815293164501,74.12989764280431,HIGH_PRODUCTION,0,0,98.66141732283465
2024-01-08 20:00:00,RIG_ANOMALIES,20,8,0,42.500000000000014,52.600315410067545,56.41223639106599,0.5306870647581787,42.64313024062467,66.73661884365518,58.614849331174234,HIGH_PRODUCTION,0,0,98.70773506252895
2024-01-08 21:00:00,RIG_ANOMALIES,21,8,0,40.0,47.61378316403429,52.538013373173996,0.43869464909829015,41.64867582333473,63.7760164905252,57.786567894894986,HIGH_PRODUCTION,0,0,98.75405280222326
2024-01-08 22:00:00,RIG_ANOMALIES,22,8,0,40.0,45.26422599549366,53.55538817100254,0.4519004720421026,43.49709498400182,63.837168549916264,58.33738562290334,STANDBY,0,0,98.80037054191756
2024-01-08 23:00:00,RIG_ANOMALIES,23,8,0,40.0,46.51550155302096,50.836265625943625,0.48977080600832,43.15179950914615,63.138342645634594,56.38622089103381,STANDBY,0,0,98.84668828161186
2024-01-09 00:00:00,RIG_ANOMALIES,0,9,1,38.26446504352977,34.378572759899484,43.759670499151554,0.38619300985594857,44.85152072215835,64.1442159455933,45.198080228011285,STANDBY,0,0,98.89300602130616
2024-01-09 01:00:00,RIG_ANOMALIES,1,9,1,38.26446504352977,43.529204646612456,49.05193402930602,0.44237638669558066,39.4730693246684,65.31308839260778,55.90418619869552,STANDBY,0,0,98.93932376100047
2024-01-09 02:00:00,RIG_ANOMALIES,2,9,1,38.26446504352977,37.34059108320643,48.74322513846328,0.4378562931984372,41.642697299989216,65.29119776733185,54.31005716769658,STANDBY,0,0,98.98564150069477
2024-01-09 03:00:00,RIG_ANOMALIES,3,9,1,38.26446504352977,45.23457838274749,52.453672846975195,0.446027645286289,40.655959253967914,64.54054070226597,61.18887039404784,STANDBY,0,0,99.03195924038907
2024-01-09 04:00:00,RIG_ANOMALIES,4,9,1,40.65599410875038,39.502025589571055,48.22827173770491,0.4146124795750714,39.47975106905883,64.11442653576765,49.392823608503576,STANDBY,0,0,99.07827698008337
2024-01-09 05:00:00,RIG_ANOMALIES,5,9,1,48.73107179936014,53.64629710704468,61.11263725672147,0.4103479164970276,39.594288608379024,69.77694844214528,65.25560042156125,STANDBY,0,0,99.12459471977768
2024-01-09 06:00:00,RIG_ANOMALIES,6,9,1,57.39669756529465,71.78101713283365,75.8690681247305,0.5205203311550597,48.430103062988316,72.12505004618947,78.23121407051843,HIGH_PRODUCTION,0,0,99.17091245947198
2024-01-09 07:00:00,RIG_ANOMALIES,7,9,1,66.06232333122918,69.85429035975258,74.73237012342435,0.5483594425106332,52.855584156218626,75.14804360851642,80.16048034218306,HIGH_PRODUCTION,0,0,99.21723019916628
2024-01-09 08:00:00,RIG_ANOMALIES,8,9,1,74.13740102183893,79.97432565061618,81.35345737209117,0.6558931934453438,48.9946314078218,70.5711237450627,86.75558338270366,HIGH_PRODUCTION,0,0,99.26354793886058
2024-01-09 09:00:00,RIG_ANOMALIES,9,9,1,81.07162743720572,88.53078885414962,91.85596216602438,0.6173560109475479,54.08586785336651,75.6553133516454,99.617154181341,HIGH_PRODUCTION,0,0,99.30986567855489
2024-01-09 10:00:00,RIG_ANOMALIES,10,9,1,86.39244650647325,91.25055210085226,91.85125241686993,0.5881887010945575,48.409978711816834,78.71366940194329,98.89941912332287,HIGH_PRODUCTION,0,0,99.35618341824919
2024-01-09 11:00:00,RIG_ANOMALIES,11,9,1,89.73725320314024,94.33981662565446,93.0252980363888,0.6279093594915293,53.72984182960199,78.9933604746153,103.65551860337918,HIGH_PRODUCTION,0,0,99.40250115794349
2024-01-09 12:00:00,RIG_ANOMALIES,12,9,1,90.87810447838321,97.82732062980958,95.0,0.5747008064057684,53.90746496761003,78.60077372400552,102.11084052500871,HIGH_PRODUCTION,0,0,99.44881889763779
2024-01-09 13:00:00,RIG_ANOMALIES,13,9,1,89.73725320314024,89.64092986560665,93.92967312727083,0.6421459464180048,52.58532787246054,74.41070769521006,93.22059106438657,HIGH_PRODUCTION,0,0,99.4951366373321
2024-01-09 14:00:00,RIG_ANOMALIES,14,9,1,86.39244650647326,90.10120718787677,91.66932895716535,0.6519958485433379,50.879023115534864,77.53475732426976,97.72537162586558,HIGH_PRODUCTION,0,0,99.5414543770264
2024-01-09 15:00:00,RIG_ANOMALIES,15,9,1,81.07162743720572,83.45194182297256,87.24711338347795,0.6324086817742087,49.38984928458189,76.27315082316679,89.47385524166948,HIGH_PRODUCTION,0,0,99.5877721167207
2024-01-09 16:00:00,RIG_ANOMALIES,16,9,1,74.13740102183893,74.87597558852615,78.96165254373986,0.5166822033977683,48.331296209672225,74.78012453570136,83.46458748043209,HIGH_PRODUCTION,0,0,99.634089856415
2024-01-09 17:00:00,RIG_ANOMALIES,17,9,1,66.06232333122918,75.25491366210812,76.9360093189789,0.5571426673794588,50.65123867773767,73.37347861693416,77.96744811402404,HIGH_PRODUCTION,0,0,99.6804075961093
2024-01-09 18:00:00,RIG_ANOMALIES,18,9,1,57.39669756529466,55.36150157054389,62.11467865207172,0.47725180062795114,46.260736408307224,63.192102112257,71.63770954680106,HIGH_PRODUCTION,0,0,99.72672533580361
2024-01-09 19:00:00,RIG_ANOMALIES,19,9,1,48.73107179936014,47.47380268791112,53.07606557334492,0.469680702799109,39.372061870831786,72.81956579656878,59.06369544563601,HIGH_PRODUCTION,0,0,99.77304307549791
2024-01-09 20:00:00,RIG_ANOMALIES,20,9,1,40.65599410875039,46.267663706980805,54.557713107566094,0.4631316997400805,42.141685410054045,63.92002072880435,59.47554265431992,HIGH_PRODUCTION,0,0,99.81936081519223
2024-01-09 21:00:00,RIG_ANOMALIES,21,9,1,38.26446504352977,43.5877361796059,48.89960216844538,0.4825894598126488,42.2391078289954,63.347559011514555,51.445473970548136,HIGH_PRODUCTION,0,0,99.86567855488653
2024-01-09 22:00:00,RIG_ANOMALIES,22,9,1,38.26446504352977,42.88171552931769,50.43759106996326,0.4930277029009465,39.684850179108146,63.39649036176098,56.344334689214655,STANDBY,0,0,99.91199629458083
2024-01-09 23:00:00,RIG_ANOMALIES,23,9,1,38.26446504352977,49.48359247270066,56.66122218392713,0.44481000651816593,43.281470660430244,65.65694390784775,61.13045524938445,STANDBY,0,0,99.95831403427513
2024-01-10 00:00:00,RIG_ANOMALIES,0,10,2,36.872674070127886,64.45428345580267,68.2082939178964,1.1004626612986947,42.00460382766729,69.8339772462933,93.91558096799109,STANDBY,0,0,100.00463177396944
2024-01-10 01:00:00,RIG_ANOMALIES,1,10,2,36.872674070127886,68.69260925702399,75.66122126611869,1.1788246043089674,44.57895720458802,57.761080097369586,108.52297209106845,STANDBY,0,0,100.05094951366374
2024-01-10 02:00:00,RIG_ANOMALIES,2,10,2,36.872674070127886,58.5712879661554,78.26051303348025,1.276619948061955,37.29696477917872,59.06667961805697,105.99626736649927,STANDBY,0,0,100.09726725335804
2024-01-10 03:00:00,RIG_ANOMALIES,3,10,2,36.872674070127886,62.51013926905454,77.19861540887808,0.9067240602391647,37.05205122584536,60.85064585284772,102.00207140013475,STANDBY,0,0,100.14358499305234
2024-01-10 04:00:00,RIG_ANOMALIES,4,10,2,39.17721619951087,60.75078006707301,76.90137488217349,1.1001283691280657,40.20721883983169,71.72223012904142,98.06559329027434,STANDBY,0,0,100.18990273274665
2024-01-10 05:00:00,RIG_ANOMALIES,5,10,2,46.958579598635716,68.24950038653215,79.52684739852099,0.8063829909629054,56.286785574507824,56.41308750875943,108.8274020408319,STANDBY,0,0,100.23622047244095
2024-01-10 06:00:00,RIG_ANOMALIES,6,10,2,55.30901110519182,83.1443921925771,93.41761558951548,1.2370988564226495,46.2499095446275,66.01587758486056,110.0,HIGH_PRODUCTION,0,0,100.28253821213525
2024-01-10 07:00:00,RIG_ANOMALIES,7,10,2,63.65944261174793,91.01763234056813,95.0,0.9358185901140214,45.04715036926576,77.58953208347327,110.0,HIGH_PRODUCTION,0,0,100.32885595182955
2024-01-10 08:00:00,RIG_ANOMALIES,8,10,2,71.44080601087278,88.57103584234036,95.0,1.0490292555958758,48.722256585467754,67.82471392257669,110.0,HIGH_PRODUCTION,0,0,100.37517369152386
2024-01-10 09:00:00,RIG_ANOMALIES,9,10,2,78.12281424622702,116.7310033505125,95.0,1.1431195985023304,52.86596264827181,80.34222068684443,110.0,HIGH_PRODUCTION,0,0,100.42149143121816
2024-01-10 10:00:00,RIG_ANOMALIES,10,10,2,83.250099499112,116.65911790648218,95.0,1.0610728197678074,52.62835217764373,79.4235022054339,110.0,HIGH_PRODUCTION,0,0,100.46780917091246
2024-01-10 11:00:00,RIG_ANOMALIES,11,10,2,86.47324575278313,114.49718475012537,95.0,1.373636762122071,58.87966822638127,75.73678617320002,110.0,HIGH_PRODUCTION,0,0,100.51412691060676
2024-01-10 12:00:00,RIG_ANOMALIES,12,10,2,87.57260091655372,113.52327758743309,95.0,1.3039310131108481,54.94013647142359,82.97764574120065,110.0,HIGH_PRODUCTION,0,0,100.56044465030106
2024-01-10 13:00:00,RIG_ANOMALIES,13,10,2,86.47324575278313,105.52597071974542,95.0,1.0367587858048983,48.28878295111621,76.90474107060729,110.0,HIGH_PRODUCTION,0,0,100.60676238999537
2024-01-10 14:00:00,RIG_ANOMALIES,14,10,2,83.25009949911201,110.0991800295718,95.0,0.9716494259893063,53.96902686578548,74.18363232291497,110.0,HIGH_PRODUCTION,0,0,100.65308012968967
2024-01-10 15:00:00,RIG_ANOMALIES,15,10,2,78.12281424622702,106.77865937957975,95.0,1.0704221597173018,54.34495497947688,78.13716431626176,110.0,HIGH_PRODUCTION,0,0,100.69939786938397
2024-01-10 16:00:00,RIG_ANOMALIES,16,10,2,71.44080601087278,107.55141366518208,95.0,0.9913424885739958,52.58690857818262,71.7789716181665,110.0,HIGH_PRODUCTION,0,0,100.74571560907827
2024-01-10 17:00:00,RIG_ANOMALIES,17,10,2,63.65944261174793,68.43519520512632,84.73251798715124,1.197896361940993,45.65254491737516,58.38372700373246,110.0,HIGH_PRODUCTION,0,0,100.79203334877258
2024-01-10 18:00:00,RIG_ANOMALIES,18,10,2,55.30901110519183,88.65545940841758,93.08887052914767,1.0663396789705806,49.080167050755065,74.56828806442567,110.0,HIGH_PRODUCTION,0,0,100.83835108846688
2024-01-10 19:00:00,RIG_ANOMALIES,19,10,2,46.958579598635716,76.68573695478207,88.18990900767889,1.21164544891429,44.99259470080801,64.48428312978106,106.73580630336026,HIGH_PRODUCTION,0,0,100.88466882816118
2024-01-10 20:00:00,RIG_ANOMALIES,20,10,2,39.17721619951089,59.4677346128391,78.0440800387608,1.0030897998983173,36.06343917838597,67.65909150570513,101.71936529874488,HIGH_PRODUCTION,0,0,100.93098656785548
2024-01-10 21:00:00,RIG_ANOMALIES,21,10,2,36.872674070127886,70.84395219799076,84.54865124886264,1.0959736472290045,46.93408506201219,64.64565051249873,103.93645553964993,HIGH_PRODUCTION,0,0,100.97730430754979
2024-01-10 22:00:00,RIG_ANOMALIES,22,10,2,36.872674070127886,65.2086505416431,77.35065403016083,0.7628557183720768,42.95171413557355,60.970336052199166,92.7956709699662,STANDBY,0,0,101.02362204724409
2024-01-10 23:00:00,RIG_ANOMALIES,23,10,2,36.872674070127886,34.98700241633441,65.16978938084142,1.1373909650848277,38.425786691447875,55.197118562305505,85.8201171332614,STANDBY,0,0,101.06993978693839
2024-01-11 00:00:00,RIG_ANOMALIES,0,11,3,36.10028835127271,73.43201427513719,80.79408741484318,0.7954460183287644,39.81217522234822,71.62231319861671,99.50474274983767,STANDBY,0,0,101.1162575266327
2024-01-11 01:00:00,RIG_ANOMALIES,1,11,3,36.10028835127271,55.6743431081692,70.85161169089355,0.9912278404964481,40.95576022920605,52.98977932404456,102.68966065616674,STANDBY,0,0,101.162575266327
2024-01-11 02:00:00,RIG_ANOMALIES,2,11,3,36.10028835127271,49.16967886728383,62.592015656298315,1.221043549677067,36.698813699001136,63.65234271659184,97.80095884988432,STANDBY,0,0,101.2088930060213
2024-01-11 03:00:00,RIG_ANOMALIES,3,11,3,36.10028835127271,61.726929510260966,73.63245058892731,0.9209215488250624,41.47792840793164,58.28544744334151,93.57630654544576,STANDBY,0,0,101.2552107457156
2024-01-11 04:00:00,RIG_ANOMALIES,4,11,3,38.35655637322725,57.66622963588551,69.22196153040774,1.1524903581627832,37.31562186184669,61.420861034310036,91.41201047038751,STANDBY,0,0,101.30152848540992
2024-01-11 05:00:00,RIG_ANOMALIES,5,11,3,45.97492063778226,52.59797903545306,69.19360391216553,0.9504764189676098,35.68659224986125,53.5774369525535,99.3181053886083,STANDBY,0,0,101.34784622510422
2024-01-11 06:00:00,RIG_ANOMALIES,6,11,3,54.15043252690906,73.69019269487082,94.66545209731984,1.107735251527242,44.05046412159983,55.69805164269127,110.0,HIGH_PRODUCTION,0,0,101.39416396479852
2024-01-11 07:00:00,RIG_ANOMALIES,7,11,3,62.32594441603586,82.85384824437016,95.0,0.88641243812557,46.472694162139845,61.6137279440706,110.0,HIGH_PRODUCTION,0,0,101.44048170449283
2024-01-11 08:00:00,RIG_ANOMALIES,8,11,3,69.94430868059086,92.61760694319622,91.43196141976277,0.9415765798902194,49.907028229765075,70.30517338135427,110.0,HIGH_PRODUCTION,0,0,101.48679944418713
2024-01-11 09:00:00,RIG_ANOMALIES,9,11,3,76.48634638588689,81.84712395382901,94.15585980576395,1.239693842931283,48.031106211034434,60.03057137918801,110.0,HIGH_PRODUCTION,0,0,101.53311718388143
2024-01-11 10:00:00,RIG_ANOMALIES,10,11,3,81.50622847353647,115.40708631002659,95.0,1.0347379149589653,52.220822626351335,69.73098609263356,110.0,HIGH_PRODUCTION,0,0,101.57943492357573
2024-01-11 11:00:00,RIG_ANOMALIES,11,11,3,84.66185827501369,105.96394579110564,95.0,1.0726962728818752,50.59235749758692,66.28719365450911,110.0,HIGH_PRODUCTION,0,0,101.62575266327003
2024-01-11 12:00:00,RIG_ANOMALIES,12,11,3,85.73818483427267,112.13380405217582,95.0,1.470027075295547,51.924875869493846,73.21456982695592,110.0,HIGH_PRODUCTION,0,0,101.67207040296434
2024-01-11 13:00:00,RIG_ANOMALIES,13,11,3,84.66185827501369,97.37410333038989,95.0,1.0096751261102228,44.476228145895035,61.31343533041884,110.0,HIGH_PRODUCTION,0,0,101.71838814265864
2024-01-11 14:00:00,RIG_ANOMALIES,14,11,3,81.50622847353648,116.54374234428289,95.0,1.230326254244226,60.82228999532058,74.49616595808384,110.0,HIGH_PRODUCTION,0,0,101.76470588235294
2024-01-11 15:00:00,RIG_ANOMALIES,15,11,3,76.48634638588689,97.45730382297717,94.69576254339887,0.6878366745071152,47.27183213852432,59.09184750356214,110.0,HIGH_PRODUCTION,0,0,101.81102362204724
2024-01-11 16:00:00,RIG_ANOMALIES,16,11,3,69.94430868059086,72.8656942846438,83.2689365004405,1.122559106437794,47.99547923301243,51.50099725033899,110.0,HIGH_PRODUCTION,0,0,101.85734136174155
2024-01-11 17:00:00,RIG_ANOMALIES,17,11,3,62.32594441603586,70.18026645312185,87.09896888828996,1.0274916381970827,44.57506006939272,51.696176816487466,110.0,HIGH_PRODUCTION,0,0,101.90365910143585
2024-01-11 18:00:00,RIG_ANOMALIES,18,11,3,54.150432526909064,70.10955755756147,92.71437653410877,1.132238395806347,39.036842720546815,63.003451197804964,110.0,HIGH_PRODUCTION,0,0,101.94997684113015
2024-01-11 19:00:00,RIG_ANOMALIES,19,11,3,45.97492063778226,80.18452190682333,94.97660597444008,1.0558482482979814,50.25412289285465,63.09049263908998,110.0,HIGH_PRODUCTION,0,0,101.99629458082445
2024-01-11 20:00:00,RIG_ANOMALIES,20,11,3,38.356556373227264,73.19797257930591,88.33187774151497,1.1075782173633981,41.40253209933078,57.46172416874054,107.23297065641427,HIGH_PRODUCTION,0,0,102.04261232051876
2024-01-11 21:00:00,RIG_ANOMALIES,21,11,3,36.10028835127271,66.18733989213922,79.53835562808425,0.769431959476568,34.43138632619058,68.20694852099194,110.0,HIGH_PRODUCTION,0,0,102.08893006021306
2024-01-11 22:00:00,RIG_ANOMALIES,22,11,3,36.10028835127271,48.61192320804652,64.80930426402121,1.2681100973626065,30.47882162647462,68.20439172543122,89.27837252887176,STANDBY,0,0,102.13524779990736
2024-01-11 23:00:00,RIG_ANOMALIES,23,11,3,36.10028835127271,76.32525182987165,81.22717763278159,0.9822001583126632,40.51132862673732,64.2664227400704,105.79896031070375,STANDBY,0,0,102.18156553960166
2024-01-12 00:00:00,RIG_ANOMALIES,0,12,4,36.10028835127271,59.28754882347811,74.48240239937952,0.8849968387944576,39.536643077404975,64.41579620122572,107.21856067049568,STANDBY,0,0,102.22788327929597
2024-01-12 01:00:00,RIG_ANOMALIES,1,12,4,36.10028835127271,49.1254484258142,65.33034894971263,0.9752992829691153,36.9061990011666,50.787254949649025,108.64665348121652,STANDBY,0,0,102.27420101899027
2024-01-12 02:00:00,RIG_ANOMALIES,2,12,4,36.10028835127271,63.58716295790481,76.49931300443592,1.0911676345377956,39.851263613103654,63.41423887990075,107.53541783556594,STANDBY,0,0,102.32051875868457
2024-01-12 03:00:00,RIG_ANOMALIES,3,12,4,36.10028835127271,60.92918788167335,74.1066530799615,1.0028439352661256,40.64130275815458,44.540968305536836,95.75522820969815,STANDBY,0,0,102.36683649837887
2024-01-12 04:00:00,RIG_ANOMALIES,4,12,4,38.35655637322725,71.48655639160111,81.47336954640822,1.0695635374212022,43.545111675236356,65.24378662387072,96.432372870038,STANDBY,0,0,102.41315423807318
2024-01-12 05:00:00,RIG_ANOMALIES,5,12,4,45.97492063778226,65.24666967397211,87.3282050692313,1.1710598177923857,37.06146768990756,51.628647113109366,105.59991033745109,STANDBY,0,0,102.45947197776749
2024-01-12 06:00:00,RIG_ANOMALIES,6,12,4,54.15043252690906,70.14392675845258,85.57712708719993,0.8422030778726232,41.56720359067227,46.43708019236837,106.41096632368283,HIGH_PRODUCTION,0,0,102.5057897174618
2024-01-12 07:00:00,RIG_ANOMALIES,7,12,4,62.32594441603586,82.95950408958866,93.56061347795259,1.1101902488405893,41.43703611724434,56.75750419398477,110.0,HIGH_PRODUCTION,0,0,102.5521074571561
2024-01-12 08:00:00,RIG_ANOMALIES,8,12,4,69.94430868059086,99.30299733405879,95.0,1.2211710981498358,47.358137302936576,71.95036389498297,110.0,HIGH_PRODUCTION,0,0,102.5984251968504
2024-01-12 09:00:00,RIG_ANOMALIES,9,12,4,76.48634638588689,99.74626789862357,95.0,0.7826968578018365,45.42021742293263,74.64986775428375,110.0,HIGH_PRODUCTION,0,0,102.6447429365447
2024-01-12 10:00:00,RIG_ANOMALIES,10,12,4,81.50622847353647,99.27957690247375,95.0,0.8639960855392812,49.279510370493405,69.249975831147,110.0,HIGH_PRODUCTION,0,0,102.691060676239
2024-01-12 11:00:00,RIG_ANOMALIES,11,12,4,84.66185827501369,108.9496603223515,95.0,1.2209492551540662,51.788112351062594,78.22478629146188,110.0,HIGH_PRODUCTION,0,0,102.7373784159333
2024-01-12 12:00:00,RIG_ANOMALIES,12,12,4,85.73818483427267,108.29181851418743,95.0,1.142607357846057,50.45072195570529,73.0808243390627,109.15343196227619,HIGH_PRODUCTION,0,0,102.78369615562761
2024-01-12 13:00:00,RIG_ANOMALIES,13,12,4,84.66185827501369,125.6767087029591,95.0,0.9581903405016332,55.43014907376176,71.55835264844893,110.0,HIGH_PRODUCTION,0,0,102.83001389532191
2024-01-12 14:00:00,RIG_ANOMALIES,14,12,4,81.50622847353648,99.55739948994326,95.0,1.093222443180081,48.63922705053166,72.31462924935451,110.0,HIGH_PRODUCTION,0,0,102.87633163501621
2024-01-12 15:00:00,RIG_ANOMALIES,15,12,4,76.48634638588689,97.5728917318926,95.0,1.04284740820175,49.94609878796726,70.49738357500705,110.0,HIGH_PRODUCTION,0,0,102.92264937471052
2024-01-12 16:00:00,RIG_ANOMALIES,16,12,4,69.94430868059086,77.54611339797104,95.0,1.1765906726431974,46.15343992150983,62.82782606091739,110.0,HIGH_PRODUCTION,0,0,102.96896711440482
2024-01-12 17:00:00,RIG_ANOMALIES,17,12,4,62.32594441603586,84.84635752788901,90.34368474792345,0.9342626097102351,46.342384537433574,60.38434695819227,110.0,HIGH_PRODUCTION,0,0,103.01528485409912
2024-01-12 18:00:00,RIG_ANOMALIES,18,12,4,54.150432526909064,83.60945510935375,91.40032006538767,1.153593134811751,42.74603048902772,60.75399148949853,105.98352714372334,HIGH_PRODUCTION,0,0,103.06160259379342
2024-01-12 19:00:00,RIG_ANOMALIES,19,12,4,45.97492063778226,69.81104745443719,84.85062829656849,0.8302567823218397,42.434210658698504,61.74302738848497,110.0,HIGH_PRODUCTION,0,0,103.10792033348773
2024-01-12 20:00:00,RIG_ANOMALIES,20,12,4,38.356556373227264,70.09780006389306,89.3278564542097,1.2928735056616474,37.926944748811025,57.957129667723514,110.0,HIGH_PRODUCTION,0,0,103.15423807318203
2024-01-12 21:00:00,RIG_ANOMALIES,21,12,4,36.10028835127271,55.737331114962736,73.4886357719329,0.8243531121351083,42.94614785255894,55.74161337898542,102.5001736649241,HIGH_PRODUCTION,0,0,103.20055581287633
2024-01-12 22:00:00,RIG_ANOMALIES,22,12,4,36.10028835127271,74.93756269579201,78.57087875263244,0.872546592054293,47.882679166540896,51.05020500056097,110.0,STANDBY,0,0,103.24687355257063
2024-01-12 23:00:00,RIG_ANOMALIES,23,12,4,36.10028835127271,62.25651714590615,74.7570176343997,0.8177204186063898,41.952150746502156,57.810121020679226,108.79526504880411,STANDBY,0,0,103.29319129226494
2024-01-13 00:00:00,RIG_ANOMALIES,0,13,5,36.872674070127886,76.99372115729328,85.08604080631406,1.1985640022185995,40.13211878718751,69.76975656406611,110.0,STANDBY,0,0,103.33950903195924
2024-01-13 01:00:00,RIG_ANOMALIES,1,13,5,36.872674070127886,71.59379647024268,82.81130313683302,1.2315065926388788,46.66412460489888,57.284935640923,110.0,STANDBY,0,0,103.38582677165354
2024-01-13 02:00:00,RIG_ANOMALIES,2,13,5,36.872674070127886,62.80497688088498,70.36934656417854,0.9647717855316388,43.800194002412944,61.258743308543394,101.04926240523102,STANDBY,0,0,103.43214451134784
2024-01-13 03:00:00,RIG_ANOMALIES,3,13,5,36.872674070127886,48.719210080148244,75.0173866961516,0.7246902809110067,36.815989084952314,64.71476945246945,110.0,STANDBY,0,0,103.47846225104215
2024-01-13 04:00:00,RIG_ANOMALIES,4,13,5,39.17721619951087,62.811962495407414,66.37486128558228,1.3433003168660305,49.00550828171059,57.41935097102065,109.64543726381063,STANDBY,0,0,103.52477999073645
2024-01-13 05:00:00,RIG_ANOMALIES,5,13,5,46.958579598635716,68.19024024607141,86.18832124204377,1.0918173281270387,39.70603306019172,57.97280376075557,105.3901904188018,STANDBY,0,0,103.57109773043075
2024-01-13 06:00:00,RIG_ANOMALIES,6,13,5,55.30901110519182,79.91102408635788,95.0,0.8718157256840198,40.274307699406116,62.908104377426234,110.0,HIGH_PRODUCTION,0,0,103.61741547012505
2024-01-13 07:00:00,RIG_ANOMALIES,7,13,5,63.65944261174793,86.15244760767621,95.0,0.9706894173160636,47.835192543044386,69.41586587883866,110.0,HIGH_PRODUCTION,0,0,103.66373320981936
2024-01-13 08:00:00,RIG_ANOMALIES,8,13,5,71.44080601087278,92.18090078133055,95.0,0.9304047730600471,45.964862722191995,69.47403332481765,109.96617507612771,HIGH_PRODUCTION,0,0,103.71005094951366
2024-01-13 09:00:00,RIG_ANOMALIES,9,13,5,78.12281424622702,84.27280534950849,95.0,0.9851349169375088,47.042562361695026,69.51612725327357,110.0,HIGH_PRODUCTION,0,0,103.75636868920796
2024-01-13 10:00:00,RIG_ANOMALIES,10,13,5,83.250099499112,102.9547455609173,95.0,1.2144954549164682,53.90674340934262,71.61160081078283,108.44943229669855,HIGH_PRODUCTION,0,0,103.80268642890226
2024-01-13 11:00:00,RIG_ANOMALIES,11,13,5,86.47324575278313,97.05933714703143,95.0,1.082740644005741,54.07030132188518,58.72483927166445,110.0,HIGH_PRODUCTION,0,0,103.84900416859657
2024-01-13 12:00:00,RIG_ANOMALIES,12,13,5,87.57260091655372,114.42882558443722,95.0,1.1450575895791668,56.379927106136066,77.17638019248245,110.0,HIGH_PRODUCTION,0,0,103.89532190829087
2024-01-13 13:00:00,RIG_ANOMALIES,13,13,5,86.47324575278313,96.51179282905204,95.0,1.2533770945656468,49.786387788920436,74.73483569134086,105.01427333895036,HIGH_PRODUCTION,0,0,103.94163964798518
2024-01-13 14:00:00,RIG_ANOMALIES,14,13,5,83.25009949911201,99.06469198375206,95.0,1.0927722498141341,47.28809169304605,65.70444811841641,110.0,HIGH_PRODUCTION,0,0,103.98795738767949
2024-01-13 15:00:00,RIG_ANOMALIES,15,13,5,78.12281424622702,86.74135703512788,95.0,1.0859166827464104,42.65694499320706,62.33775796107487,110.0,HIGH_PRODUCTION,0,0,104.03427512737379
2024-01-13 16:00:00,RIG_ANOMALIES,16,13,5,71.44080601087278,124.91694956048259,95.0,0.897643472384475,57.68028725151698,71.82909423353871,110.0,HIGH_PRODUCTION,0,0,104.08059286706809
2024-01-13 17:00:00,RIG_ANOMALIES,17,13,5,63.65944261174793,78.0719770913767,95.0,0.913679784166241,46.86304614993285,65.38597450180075,110.0,HIGH_PRODUCTION,0,0,104.1269106067624
2024-01-13 18:00:00,RIG_ANOMALIES,18,13,5,55.30901110519183,71.06785602545233,82.20114088443788,0.9355672098612647,44.02270528717253,68.29769078881345,89.50940336031795,HIGH_PRODUCTION,0,0,104.1732283464567
2024-01-13 19:00:00,RIG_ANOMALIES,19,13,5,46.958579598635716,69.91482333029408,85.92661679955187,1.1556161578617785,45.401875039925564,58.52056835940982,105.82491426120187,HIGH_PRODUCTION,0,0,104.219546086151
2024-01-13 20:00:00,RIG_ANOMALIES,20,13,5,39.17721619951089,61.35412354482396,75.90879533262579,1.2700720530224898,44.227040725448,50.576096828831744,104.05688958215646,HIGH_PRODUCTION,0,0,104.2658638258453
2024-01-13 21:00:00,RIG_ANOMALIES,21,13,5,36.872674070127886,65.2533329086738,70.41574090391313,1.0376659535009507,43.43104919187101,65.25782631698965,107.96118644387988,HIGH_PRODUCTION,0,0,104.3121815655396
2024-01-13 22:00:00,RIG_ANOMALIES,22,13,5,36.872674070127886,55.69931853689367,77.41932401086342,0.8999831453663912,43.2207217797466,60.33781062194061,104.87522096096397,STANDBY,0,0,104.3584993052339
2024-01-13 23:00:00,RIG_ANOMALIES,23,13,5,36.872674070127886,52.57018199958348,59.783154451043124,1.4043122296419743,44.32233741668292,49.672858788867075,84.08246368612564,STANDBY,0,0,104.40481704492821
2024-01-14 00:00:00,RIG_ANOMALIES,0,14,6,38.26446504352977,52.6181283296391,74.25775846179758,0.9117542935521363,37.8016118721277,61.95967777381306,93.72099514558458,STANDBY,0,0,104.45113478462251
2024-01-14 01:00:00,RIG_ANOMALIES,1,14,6,38.26446504352977,66.50459109883334,75.26977942024912,1.0563306517659588,39.653793704626054,60.81699682787408,106.0262586275153,STANDBY,0,0,104.49745252431681
2024-01-14 02:00:00,RIG_ANOMALIES,2,14,6,38.26446504352977,59.02420683779837,68.00519009149929,1.1821420835792065,39.69896091213757,57.83562673809958,89.49514085671113,STANDBY,0,0,104.54377026401112
2024-01-14 03:00:00,RIG_ANOMALIES,3,14,6,38.26446504352977,70.98461922770215,85.42125669114654,0.89088060160438,40.614822061483196,63.92088103765295,110.0,STANDBY,0,0,104.59008800370542
2024-01-14 04:00:00,RIG_ANOMALIES,4,14,6,40.65599410875038,57.72810193426831,73.65545053419878,1.0016018176214874,46.25317537017391,54.49015264334297,84.98716295066357,STANDBY,0,0,104.63640574339972
2024-01-14 05:00:00,RIG_ANOMALIES,5,14,6,48.73107179936013,74.25487970399323,92.91911090389905,0.9746935944538462,41.66221862212921,59.96772878486514,110.0,STANDBY,0,0,104.68272348309402
2024-01-14 06:00:00,RIG_ANOMALIES,6,14,6,57.396697565294645,68.21653402603451,80.67513003655512,1.1255332000626337,46.209051906860616,49.81835539649207,105.01160397723953,HIGH_PRODUCTION,0,0,104.72904122278833
2024-01-14 07:00:00,RIG_ANOMALIES,7,14,6,66.06232333122917,87.72223615829807,94.27897572183873,1.081914934879641,45.02897722614996,63.38549712843399,110.0,HIGH_PRODUCTION,0,0,104.77535896248263
2024-01-14 08:00:00,RIG_ANOMALIES,8,14,6,74.13740102183893,100.16333419848696,95.0,1.4079308430150346,48.359305755914725,76.31333590150395,110.0,HIGH_PRODUCTION,0,0,104.82167670217693
2024-01-14 09:00:00,RIG_ANOMALIES,9,14,6,81.0716274372057,92.93052983556558,95.0,1.2527565134673546,54.770822649973205,71.25742722067424,110.0,HIGH_PRODUCTION,0,0,104.86799444187123
2024-01-14 10:00:00,RIG_ANOMALIES,10,14,6,86.39244650647323,108.49408360968278,95.0,0.9586289064751574,54.965779257347364,60.92856642311028,110.0,HIGH_PRODUCTION,0,0,104.91431218156553
2024-01-14 11:00:00,RIG_ANOMALIES,11,14,6,89.73725320314023,112.79730998003008,95.0,1.4034893925327916,53.7672243390309,75.73756978265608,110.0,HIGH_PRODUCTION,0,0,104.96062992125984
2024-01-14 12:00:00,RIG_ANOMALIES,12,14,6,90.8781044783832,122.61652857504512,95.0,1.2203665539338804,50.30269643009143,81.09591852765722,110.0,HIGH_PRODUCTION,0,0,105.00694766095414
2024-01-14 13:00:00,RIG_ANOMALIES,13,14,6,89.73725320314023,118.58629498418438,95.0,1.0549865760512642,55.80022693904463,80.4968598347732,110.0,HIGH_PRODUCTION,0,0,105.05326540064844
2024-01-14 14:00:00,RIG_ANOMALIES,14,14,6,86.39244650647325,117.73768600098592,95.0,1.3236844517452804,58.826820660146836,76.65952170914272,110.0,HIGH_PRODUCTION,0,0,105.09958314034276
2024-01-14 15:00:00,RIG_ANOMALIES,15,14,6,81.0716274372057,86.01753308773493,95.0,1.2678346660529032,49.64119511767693,59.50564542592023,110.0,HIGH_PRODUCTION,0,0,105.14590088003706
2024-01-14 16:00:00,RIG_ANOMALIES,16,14,6,74.13740102183893,95.04766918001795,95.0,1.4560012491224208,49.00231545028838,65.94078372961617,110.0,HIGH_PRODUCTION,0,0,105.19221861973136
2024-01-14 17:00:00,RIG_ANOMALIES,17,14,6,66.06232333122917,89.92415988293222,95.0,1.0729604286775276,45.366141351708755,75.58825578241701,105.63988836038932,HIGH_PRODUCTION,0,0,105.23853635942567
2024-01-14 18:00:00,RIG_ANOMALIES,18,14,6,57.39669756529465,77.51242763839595,95.0,1.1208391977656214,43.60028946575425,79.6215119795595,110.0,HIGH_PRODUCTION,0,0,105.28485409911997
2024-01-14 19:00:00,RIG_ANOMALIES,19,14,6,48.73107179936013,88.5426805060365,91.5763045022111,1.3271412735188857,42.35057998772484,72.68049977671525,98.99634577797315,HIGH_PRODUCTION,0,0,105.33117183881427
2024-01-14 20:00:00,RIG_ANOMALIES,20,14,6,40.65599410875039,71.66129287920869,79.29585149210561,1.2046271701129836,34.35367367726708,59.8512258769681,110.0,HIGH_PRODUCTION,0,0,105.37748957850857
2024-01-14 21:00:00,RIG_ANOMALIES,21,14,6,38.26446504352977,78.49955653143044,82.24606582352376,1.0808428841170148,42.65286733812129,64.80324261050653,102.45703462791553,HIGH_PRODUCTION,0,0,105.42380731820288
2024-01-14 22:00:00,RIG_ANOMALIES,22,14,6,38.26446504352977,55.816479942131465,68.59139094774811,1.1952471974498695,46.38512662105621,61.941514083293725,96.14126762643133,STANDBY,0,0,105.47012505789718
2024-01-14 23:00:00,RIG_ANOMALIES,23,14,6,38.26446504352977,61.16816764311285,71.14684313977546,1.2247407792681706,40.01491720919876,59.29053968962363,93.9532558334653,STANDBY,0,0,105.51644279759148
2024-01-15 00:00:00,RIG_ANOMALIES,0,15,0,40.0,57.961396143396485,57.05975571387654,1.0584913663012459,40.65510673169563,57.6030186370168,97.29738691234431,STANDBY,0,0,105.56276053728578
2024-01-15 01:00:00,RIG_ANOMALIES,1,15,0,40.0,55.987256909530615,64.20329490123879,0.8953759910169217,41.157607865573524,53.006992542653634,86.62192336777913,STANDBY,0,0,105.60907827698009
2024-01-15 02:00:00,RIG_ANOMALIES,2,15,0,40.0,61.65041576142336,70.11989201009872,1.083597729335625,45.89599288622531,55.382580018616956,98.46480243847637,STANDBY,0,0,105.65539601667439
2024-01-15 03:00:00,RIG_ANOMALIES,3,15,0,40.0,75.5589271855408,83.73373257650367,1.2655191080567203,39.895821058384,57.91858678217101,106.28838615444582,STANDBY,0,0,105.70171375636869
2024-01-15 04:00:00,RIG_ANOMALIES,4,15,0,42.5,78.00821178684072,92.41254552135246,0.9163021280367637,39.08371887197346,66.95319607163324,110.0,STANDBY,0,0,105.74803149606299
2024-01-15 05:00:00,RIG_ANOMALIES,5,15,0,50.94133342141177,70.41297937351847,78.80742374372966,1.0589224173771834,40.53593086084995,71.05064372947622,103.28918586053541,STANDBY,0,0,105.7943492357573
2024-01-15 06:00:00,RIG_ANOMALIES,6,15,0,60.0,73.50569672947347,85.13191643249027,1.4502254289769696,46.307647267056005,62.31647817538702,107.05216347718701,HIGH_PRODUCTION,0,0,105.8406669754516
2024-01-15 07:00:00,RIG_ANOMALIES,7,15,0,69.05866657858823,101.99182232252853,95.0,0.9416444366852705,53.119520327571585,62.90393086793995,110.0,HIGH_PRODUCTION,0,0,105.8869847151459
2024-01-15 08:00:00,RIG_ANOMALIES,8,15,0,77.5,98.23499842976801,95.0,1.0441925912843182,49.22797332019127,74.98687917537299,110.0,HIGH_PRODUCTION,0,0,105.9333024548402
2024-01-15 09:00:00,RIG_ANOMALIES,9,15,0,84.74873734152916,106.7206349995103,95.0,1.3731863396454242,52.27530273939155,73.78745125449568,110.0,HIGH_PRODUCTION,0,0,105.9796201945345
2024-01-15 10:00:00,RIG_ANOMALIES,10,15,0,90.31088913245534,115.78792832967588,95.0,1.251722277525289,49.589934341055844,77.4979335153259,110.0,HIGH_PRODUCTION,0,0,106.0259379342288
2024-01-15 11:00:00,RIG_ANOMALIES,11,15,0,93.8074039201174,112.75981466539278,95.0,1.1113681708767564,55.077521017566475,71.30503784693624,110.0,HIGH_PRODUCTION,0,0,106.07225567392311
2024-01-15 12:00:00,RIG_ANOMALIES,12,15,0,95.0,107.28901269141038,95.0,0.9737670519347142,52.02303778135781,75.18026475560565,104.37010521729403,HIGH_PRODUCTION,0,0,106.11857341361741
2024-01-15 13:00:00,RIG_ANOMALIES,13,15,0,93.8074039201174,113.16682200315202,95.0,1.2961075588082533,45.06514635103582,81.98574541176711,110.0,HIGH_PRODUCTION,0,0,106.16489115331171
2024-01-15 14:00:00,RIG_ANOMALIES,14,15,0,90.31088913245536,122.08007863588736,95.0,1.1556491804307423,48.16285305146192,83.51301992226254,110.0,HIGH_PRODUCTION,0,0,106.21120889300602
2024-01-15 15:00:00,RIG_ANOMALIES,15,15,0,84.74873734152916,104.76375986913885,95.0,1.0083109441548235,45.18918604670052,75.02836617572754,110.0,HIGH_PRODUCTION,0,0,106.25752663270032
2024-01-15 16:00:00,RIG_ANOMALIES,16,15,0,77.5,93.07085450013625,95.0,1.1735817083768778,49.96572926750291,73.28530584564031,110.0,HIGH_PRODUCTION,0,0,106.30384437239462
2024-01-15 17:00:00,RIG_ANOMALIES,17,15,0,69.05866657858823,94.5321616145597,95.0,1.0145089325506575,50.19138922304418,77.05564244500022,110.0,HIGH_PRODUCTION,0,0,106.35016211208892
2024-01-15 18:00:00,RIG_ANOMALIES,18,15,0,60.00000000000001,75.6265761014901,76.04139770694087,1.0258922133861523,47.95543895502505,67.74621865184584,91.5762768069322,HIGH_PRODUCTION,0,0,106.39647985178323
2024-01-15 19:00:00,RIG_ANOMALIES,19,15,0,50.94133342141177,78.12502264471937,95.0,1.0249856536280546,48.905347058269555,61.358512783259854,110.0,HIGH_PRODUCTION,0,0,106.44279759147753
2024-01-15 20:00:00,RIG_ANOMALIES,20,15,0,42.500000000000014,67.85097508875725,79.22891309245853,1.0778722101495886,43.16592496781017,59.96728210736087,104.93114133506828,HIGH_PRODUCTION,0,0,106.48911533117183
2024-01-15 21:00:00,RIG_ANOMALIES,21,15,0,40.0,54.71805213373915,72.54337040973205,0.9742689801286731,34.89850232806788,62.64507167707914,104.35759768015939,HIGH_PRODUCTION,0,0,106.53543307086613
2024-01-15 22:00:00,RIG_ANOMALIES,22,15,0,40.0,69.2133608550219,76.18347378609349,1.1471244990761909,35.37194889507792,56.069689285130664,109.68141672261,STANDBY,0,0,106.58175081056044
2024-01-15 23:00:00,RIG_ANOMALIES,23,15,0,40.0,55.08807993894349,68.32697011701282,1.1648098336914439,30.1849201686844,54.0559181894251,95.96270883434134,STANDBY,0,0,106.62806855025474
2024-01-16 00:00:00,RIG_ANOMALIES,0,16,1,38.26446504352977,43.08431989123495,49.394520336579305,0.5291009140383625,42.236562048374886,64.89407880537,53.577213974189135,STANDBY,0,0,106.67438628994906
2024-01-16 01:00:00,RIG_ANOMALIES,1,16,1,38.26446504352977,45.681101103176346,50.78746657734286,0.5203222146958307,40.414026366400236,64.21422942482648,55.91800107778744,STANDBY,0,0,106.72070402964336
2024-01-16 02:00:00,RIG_ANOMALIES,2,16,1,38.26446504352977,32.768847056043555,42.19200446081425,0.4317918178692115,38.8747440101384,56.9158859767658,47.26868156225852,STANDBY,0,0,106.76702176933766
2024-01-16 03:00:00,RIG_ANOMALIES,3,16,1,38.26446504352977,37.7956664314762,50.60833342345243,0.4548952384117305,41.484485220195126,60.93247429975068,61.89710270056394,STANDBY,0,0,106.81333950903196
2024-01-16 04:00:00,RIG_ANOMALIES,4,16,1,40.65599410875038,39.50656780890484,51.2330018419025,0.5339253236179571,39.35584211779815,61.0784714018096,56.78062207710829,STANDBY,0,0,106.85965724872626
2024-01-16 05:00:00,RIG_ANOMALIES,5,16,1,48.73107179936014,49.50256239023071,56.87823753086386,0.48682848914448096,40.96533466621833,66.94297830841573,62.54666038669159,STANDBY,0,0,106.90597498842057
2024-01-16 06:00:00,RIG_ANOMALIES,6,16,1,57.39669756529465,58.782568901102685,61.81382462645522,0.4990642945672345,44.23847731498431,64.61388531428686,68.22369956140074,HIGH_PRODUCTION,0,0,106.95229272811487
2024-01-16 07:00:00,RIG_ANOMALIES,7,16,1,66.06232333122918,67.7368970874633,75.50344298764958,0.5819086071311388,48.08401129250085,76.47482115246726,76.78476656024759,HIGH_PRODUCTION,0,0,106.99861046780917
2024-01-16 08:00:00,RIG_ANOMALIES,8,16,1,74.13740102183893,73.45501939672158,75.38773917913292,0.6471930611162575,47.471915340189554,72.55348901436736,76.73387678384222,HIGH_PRODUCTION,0,0,107.04492820750347
2024-01-16 09:00:00,RIG_ANOMALIES,9,16,1,81.07162743720572,82.35047789300465,81.2412128579966,0.6157875645916486,49.048945994293696,71.67568053220178,75.5294636052347,HIGH_PRODUCTION,0,0,107.09124594719778
2024-01-16 10:00:00,RIG_ANOMALIES,10,16,1,86.39244650647325,91.3392629383654,89.98654821123458,0.7117493088801028,50.37002478444916,81.44031900464883,100.25881952683505,HIGH_PRODUCTION,0,0,107.13756368689208
2024-01-16 11:00:00,RIG_ANOMALIES,11,16,1,89.73725320314024,94.39821808544023,92.86737982430371,0.6727663499107691,54.47248077605924,75.60007893796156,96.92929878444895,HIGH_PRODUCTION,0,0,107.18388142658638
2024-01-16 12:00:00,RIG_ANOMALIES,12,16,1,90.87810447838321,91.79163036439682,92.16050698004231,0.6148128058260462,51.169910181162116,73.28271310748255,93.09907846674064,HIGH_PRODUCTION,0,0,107.23019916628068
2024-01-16 13:00:00,RIG_ANOMALIES,13,16,1,89.73725320314024,98.10412040793955,95.0,0.7048034354731573,52.497772894543665,77.46620300854515,99.69889690484179,HIGH_PRODUCTION,0,0,107.27651690597499
2024-01-16 14:00:00,RIG_ANOMALIES,14,16,1,86.39244650647326,97.57806377937595,95.0,0.7723799489440706,59.49408564374872,75.07484534169217,100.51507599486547,HIGH_PRODUCTION,0,0,107.32283464566929
2024-01-16 15:00:00,RIG_ANOMALIES,15,16,1,81.07162743720572,87.69398872263392,88.12399222272226,0.5863165835661079,52.67387040329374,79.28921912488018,88.90998670316566,HIGH_PRODUCTION,0,0,107.36915238536359
2024-01-16 16:00:00,RIG_ANOMALIES,16,16,1,74.13740102183893,79.8595315778508,80.07059409360238,0.5975690296411902,50.83947408413047,74.8084801402168,86.31577434847635,HIGH_PRODUCTION,0,0,107.4154701250579
2024-01-16 17:00:00,RIG_ANOMALIES,17,16,1,66.06232333122918,66.4457887949643,74.48418392548517,0.6659574100281692,46.47012309754759,61.574418064230045,81.58795535062245,HIGH_PRODUCTION,0,0,107.4617878647522
2024-01-16 18:00:00,RIG_ANOMALIES,18,16,1,57.39669756529466,58.56615032308619,65.802035543366,0.5477718127654095,42.63363898352568,62.84184540262261,74.88210064115769,HIGH_PRODUCTION,0,0,107.5081056044465
2024-01-16 19:00:00,RIG_ANOMALIES,19,16,1,48.73107179936014,45.959995587150885,53.34637951977356,0.5341921561404012,43.17974477282444,58.77816139229743,57.21774324874181,HIGH_PRODUCTION,0,0,107.5544233441408
2024-01-16 20:00:00,RIG_ANOMALIES,20,16,1,40.65599410875039,39.253063314343905,48.30357398798273,0.5865138427495061,43.080709926038026,61.381748772259776,52.22216452120332,HIGH_PRODUCTION,0,0,107.6007410838351
2024-01-16 21:00:00,RIG_ANOMALIES,21,16,1,38.26446504352977,57.44129946628651,58.6702702322117,0.5298798500652021,43.34404728850581,66.80367895422216,62.09485067965321,HIGH_PRODUCTION,0,0,107.64705882352942
2024-01-16 22:00:00,RIG_ANOMALIES,22,16,1,38.26446504352977,43.96692695637078,47.11646711725538,0.5356416755175625,38.643610126292735,65.0170822423157,50.25931691088077,STANDBY,0,0,107.69337656322372
2024-01-16 23:00:00,RIG_ANOMALIES,23,16,1,38.26446504352977,47.7981950914756,50.6282814090611,0.5135137155570292,42.16779250030376,67.54126641029981,56.696072551904294,STANDBY,0,0,107.73969430291802
2024-01-17 00:00:00,RIG_ANOMALIES,0,17,2,36.872674070127886,45.38208880819968,49.668175114801656,0.4992376311013866,39.200225078027394,61.4479030166465,50.396292792490215,STANDBY,0,0,107.78601204261233
2024-01-17 01:00:00,RIG_ANOMALIES,1,17,2,36.872674070127886,51.828002934601436,52.25764638255416,0.4931009206098368,44.381289101046875,67.03950112882893,60.28994778076601,STANDBY,0,0,107.83232978230663
2024-01-17 02:00:00,RIG_ANOMALIES,2,17,2,36.872674070127886,35.84768019678424,44.54340048092146,0.5362427819163722,39.61722456472941,57.64732903983704,51.01061125706442,STANDBY,0,0,107.87864752200093
2024-01-17 03:00:00,RIG_ANOMALIES,3,17,2,36.872674070127886,40.299731649236655,48.6114427786233,0.4713264932618235,38.73098251704576,69.03573853553412,60.99406252739418,STANDBY,0,0,107.92496526169523
2024-01-17 04:00:00,RIG_ANOMALIES,4,17,2,39.17721619951087,45.95615676826966,53.95884352669973,0.533596966081804,41.72089856409034,64.56947823316445,55.69998395436129,STANDBY,0,0,107.97128300138954
2024-01-17 05:00:00,RIG_ANOMALIES,5,17,2,46.958579598635716,49.716163261665635,57.85465854434335,0.5064290950670142,42.91472711686007,65.83069363272993,64.07485425908415,STANDBY,0,0,108.01760074108384
2024-01-17 06:00:00,RIG_ANOMALIES,6,17,2,55.30901110519182,58.87838414499068,67.47630290315509,0.49297343394810006,44.76596068565977,59.62807516232313,69.30143425114946,HIGH_PRODUCTION,0,0,108.06391848077814
2024-01-17 07:00:00,RIG_ANOMALIES,7,17,2,63.65944261174793,69.69915776709797,74.57925026547014,0.5712523701299242,46.38025448427411,68.98770336494395,81.85675248734618,HIGH_PRODUCTION,0,0,108.11023622047244
2024-01-17 08:00:00,RIG_ANOMALIES,8,17,2,71.44080601087278,77.48681388121437,81.06214536087494,0.6900643035469071,47.617171988546104,78.46832492327896,87.03191914477785,HIGH_PRODUCTION,0,0,108.15655396016675
2024-01-17 09:00:00,RIG_ANOMALIES,9,17,2,78.12281424622702,91.74035403933627,91.6556928237572,0.6236926539258597,52.611653184966734,72.48815164602826,99.84192264167521,HIGH_PRODUCTION,0,0,108.20287169986105
2024-01-17 10:00:00,RIG_ANOMALIES,10,17,2,83.250099499112,86.65414255386443,90.73624294239185,0.6206368813489407,51.657416959835146,84.08205935401932,93.36706998650594,HIGH_PRODUCTION,0,0,108.24918943955535
2024-01-17 11:00:00,RIG_ANOMALIES,11,17,2,86.47324575278313,99.1803177624912,91.87112577387656,0.639266823479542,55.535589689572895,86.62588750504021,95.41434657378096,HIGH_PRODUCTION,0,0,108.29550717924965
2024-01-17 12:00:00,RIG_ANOMALIES,12,17,2,87.57260091655372,97.17089528301918,95.0,0.6742980878461345,53.66888512300355,80.18202268459335,99.24577122778389,HIGH_PRODUCTION,0,0,108.34182491894396
2024-01-17 13:00:00,RIG_ANOMALIES,13,17,2,86.47324575278313,95.40169459018685,93.84590530144428,0.6868861600556646,55.167763862204545,82.92511041969198,97.49581136845241,HIGH_PRODUCTION,0,0,108.38814265863826
2024-01-17 14:00:00,RIG_ANOMALIES,14,17,2,83.25009949911201,91.3268309548145,90.9614005511341,0.638027150227364,51.1912351072411,77.79634581269111,88.29185748137844,HIGH_PRODUCTION,0,0,108.43446039833256
2024-01-17 15:00:00,RIG_ANOMALIES,15,17,2,78.12281424622702,84.0202878667204,82.73900320001977,0.587120434469984,50.25720164679021,77.72463126291102,82.30193455128276,HIGH_PRODUCTION,0,0,108.48077813802686
2024-01-17 16:00:00,RIG_ANOMALIES,16,17,2,71.44080601087278,78.6532726034615,79.61368748089663,0.6092588922212211,52.98037732579372,75.5500115249903,83.68355588382342,HIGH_PRODUCTION,0,0,108.52709587772117
2024-01-17 17:00:00,RIG_ANOMALIES,17,17,2,63.65944261174793,68.66075091453021,74.25480698415588,0.5848157481664975,47.33901809122054,70.10544228419302,79.3948871662077,HIGH_PRODUCTION,0,0,108.57341361741547
2024-01-17 18:00:00,RIG_ANOMALIES,18,17,2,55.30901110519183,51.233441723977585,62.2704831250324,0.4527915498144142,43.77149715661812,62.59115965048112,73.19071825044813,HIGH_PRODUCTION,0,0,108.61973135710977
2024-01-17 19:00:00,RIG_ANOMALIES,19,17,2,46.958579598635716,56.39792112840769,62.12361726410213,0.5507736209980022,47.374125235260905,66.44366032577524,71.36641861071955,HIGH_PRODUCTION,0,0,108.66604909680407
2024-01-17 20:00:00,RIG_ANOMALIES,20,17,2,39.17721619951089,45.97896416862811,51.294938034002165,0.5612255657564309,42.9299724405244,61.29920289727066,57.694925736990776,HIGH_PRODUCTION,0,0,108.71236683649838
2024-01-17 21:00:00,RIG_ANOMALIES,21,17,2,36.872674070127886,40.09295566320173,45.335850039666724,0.4454886677796802,41.09919245826612,59.83659757196878,48.490823121680066,HIGH_PRODUCTION,0,0,108.75868457619268
2024-01-17 22:00:00,RIG_ANOMALIES,22,17,2,36.872674070127886,48.477491120967265,53.01964530515284,0.5124944033557316,42.01961153192411,68.3917086353339,58.11780651028761,STANDBY,0,0,108.80500231588698
2024-01-17 23:00:00,RIG_ANOMALIES,23,17,2,36.872674070127886,47.17155184078994,48.694865042547754,0.5276396112122259,39.6349259063838,61.902191773864566,54.28981667927726,STANDBY,0,0,108.85132005558128
2024-01-18 00:00:00,RIG_ANOMALIES,0,18,3,36.10028835127271,39.29999576720779,48.81707584033017,0.4467751419756856,39.986618977509536,61.255704972926765,51.21090953822684,STANDBY,0,0,108.89763779527559
2024-01-18 01:00:00,RIG_ANOMALIES,1,18,3,36.10028835127271,43.6994542326156,49.04077412128554,0.4440895546479777,41.33482423601314,65.69802494201583,52.0885549594428,STANDBY,0,0,108.94395553496989
2024-01-18 02:00:00,RIG_ANOMALIES,2,18,3,36.10028835127271,48.881847101602744,53.48698779374649,0.4963717775721429,42.64788724565872,61.77123666068357,58.3954985741318,STANDBY,0,0,108.99027327466419
2024-01-18 03:00:00,RIG_ANOMALIES,3,18,3,36.10028835127271,43.534032484377924,49.14314525824268,0.47853687951059243,41.077124542496804,62.540357496471856,51.105774524382504,STANDBY,0,0,109.03659101435849
2024-01-18 04:00:00,RIG_ANOMALIES,4,18,3,38.35655637322725,39.174681251302104,50.53232911281791,0.5304002484413325,39.72184877472209,57.62658161553445,55.1945574738103,STANDBY,0,0,109.0829087540528
2024-01-18 05:00:00,RIG_ANOMALIES,5,18,3,45.97492063778226,46.64563318697813,57.19303631599637,0.42050364207255186,39.07595102616484,67.86521962361299,61.22671916965464,STANDBY,0,0,109.1292264937471
2024-01-18 06:00:00,RIG_ANOMALIES,6,18,3,54.15043252690906,60.50387317062755,64.09292837768191,0.5990010984391758,47.270363136909886,66.740210771789,75.21568726646721,HIGH_PRODUCTION,0,0,109.1755442334414
2024-01-18 07:00:00,RIG_ANOMALIES,7,18,3,62.32594441603586,77.52932798450041,75.99827294665846,0.5649927238367761,48.33482614297536,71.23783874946714,82.91455181719626,HIGH_PRODUCTION,0,0,109.2218619731357
2024-01-18 08:00:00,RIG_ANOMALIES,8,18,3,69.94430868059086,78.74747644266773,83.72266359135696,0.6360431791322554,53.20975568866638,72.70705562711623,99.3437749349675,HIGH_PRODUCTION,0,0,109.26817971283
2024-01-18 09:00:00,RIG_ANOMALIES,9,18,3,76.48634638588689,81.76406960330162,86.04970059549797,0.6870352585724462,46.075327295343385,71.85142611087907,86.40059738156496,HIGH_PRODUCTION,0,0,109.31449745252432
2024-01-18 10:00:00,RIG_ANOMALIES,10,18,3,81.50622847353647,93.43006808134884,92.45780797694113,0.7740165819246727,54.248034709008785,77.49385769863797,98.98394872558723,HIGH_PRODUCTION,0,0,109.36081519221862
2024-01-18 11:00:00,RIG_ANOMALIES,11,18,3,84.66185827501369,91.95416363933599,95.0,0.6351963726564734,51.0910951549287,81.2147365634094,99.95700221420654,HIGH_PRODUCTION,0,0,109.40713293191293
2024-01-18 12:00:00,RIG_ANOMALIES,12,18,3,85.73818483427267,91.73130932569353,92.54685101897907,0.6569228886467382,53.37718692713472,79.65020680381963,91.31998002056785,HIGH_PRODUCTION,0,0,109.45345067160723
2024-01-18 13:00:00,RIG_ANOMALIES,13,18,3,84.66185827501369,93.32330086242264,91.46395352727218,0.6207015337038377,51.5724801867428,76.36349376822974,95.20556351734179,HIGH_PRODUCTION,0,0,109.49976841130153
2024-01-18 14:00:00,RIG_ANOMALIES,14,18,3,81.50622847353648,87.46830935875056,87.68259099727092,0.6481140888502686,51.75620831732804,71.14179891532191,93.05907739727508,HIGH_PRODUCTION,0,0,109.54608615099583
2024-01-18 15:00:00,RIG_ANOMALIES,15,18,3,76.48634638588689,82.66519538208605,87.06084652819727,0.6616019103002382,55.96378992129213,76.2217821500831,91.56709135486639,HIGH_PRODUCTION,0,0,109.59240389069014
2024-01-18 16:00:00,RIG_ANOMALIES,16,18,3,69.94430868059086,79.6025207895434,79.77398954304896,0.5298727797530745,51.16722206542062,72.17315370994885,88.0443768643192,HIGH_PRODUCTION,0,0,109.63872163038444
2024-01-18 17:00:00,RIG_ANOMALIES,17,18,3,62.32594441603586,71.2588420557139,74.14242387364179,0.6529773226034021,46.201246090484176,79.4327995940261,78.1642491372939,HIGH_PRODUCTION,0,0,109.68503937007874
2024-01-18 18:00:00,RIG_ANOMALIES,18,18,3,54.150432526909064,55.952461102716086,63.749224183956706,0.5442254116079315,44.55926632726097,65.70764000959073,77.34025659491498,HIGH_PRODUCTION,0,0,109.73135710977304
2024-01-18 19:00:00,RIG_ANOMALIES,19,18,3,45.97492063778226,50.4614334760848,58.38484868028537,0.4586878738115733,41.540143007309645,69.9621860450194,62.7945527162702,HIGH_PRODUCTION,0,0,109.77767484946735
2024-01-18 20:00:00,RIG_ANOMALIES,20,18,3,38.356556373227264,48.908586707947386,55.620236098614505,0.5701295307396801,45.73151774599349,59.31631842199299,54.972048464909605,HIGH_PRODUCTION,0,0,109.82399258916165
2024-01-18 21:00:00,RIG_ANOMALIES,21,18,3,36.10028835127271,49.149712797662865,50.67984899329368,0.6079787482780838,39.38736730625688,66.53628738579077,54.19373347423865,HIGH_PRODUCTION,0,0,109.87031032885595
2024-01-18 22:00:00,RIG_ANOMALIES,22,18,3,36.10028835127271,42.489511738156686,49.332796882945885,0.5558028772265562,39.33481972764546,64.5325924106026,55.9265238696252,STANDBY,0,0,109.91662806855025
2024-01-18 23:00:00,RIG_ANOMALIES,23,18,3,36.10028835127271,38.830408698049226,46.82335253276811,0.5434162503267123,40.725640629076885,62.64932477944582,48.05267704179377,STANDBY,0,0,109.96294580824456
2024-01-19 00:00:00,RIG_ANOMALIES,0,19,4,36.10028835127271,39.88844093073164,44.43623455565172,0.435120023236079,37.95481688308025,59.26862039635229,47.067759665199375,STANDBY,0,0,110.00926354793886
2024-01-19 01:00:00,RIG_ANOMALIES,1,19,4,36.10028835127271,40.72675791703794,43.33233037767511,0.5276489956570004,37.7243873458401,62.32841970375315,54.49002085050417,STANDBY,0,0,110.05558128763316
2024-01-19 02:00:00,RIG_ANOMALIES,2,19,4,36.10028835127271,39.73097877195297,47.07564769748295,0.4874739297284154,37.57488174544018,60.158714366315614,49.987647829933316,STANDBY,0,0,110.10189902732746
2024-01-19 03:00:00,RIG_ANOMALIES,3,19,4,36.10028835127271,39.48476090945482,50.11122008920829,0.4801452070471661,42.00872982070718,60.49045772248454,61.42316091935538,STANDBY,0,0,110.14821676702176
2024-01-19 04:00:00,RIG_ANOMALIES,4,19,4,38.35655637322725,42.76816637215538,50.272587782548484,0.5394243548629305,40.66350413811997,63.76319068485927,56.359704969512876,STANDBY,0,0,110.19453450671607
2024-01-19 05:00:00,RIG_ANOMALIES,5,19,4,45.97492063778226,50.26727226462634,59.67511111352295,0.509294507008626,43.84980248366256,64.86385383672673,61.50398444003198,STANDBY,0,0,110.24085224641037
2024-01-19 06:00:00,RIG_ANOMALIES,6,19,4,54.15043252690906,57.40447796057649,59.156075369254566,0.5503840618688108,43.90578323484093,65.78156073708382,59.757780048572705,HIGH_PRODUCTION,0,0,110.28716998610469
2024-01-19 07:00:00,RIG_ANOMALIES,7,19,4,62.32594441603586,68.84156865718073,75.88059973412174,0.6354763875774578,45.655800502151514,73.37824266496773,82.76710954238035,HIGH_PRODUCTION,0,0,110.33348772579899
2024-01-19 08:00:00,RIG_ANOMALIES,8,19,4,69.94430868059086,73.04464197921769,80.11547979319951,0.68110347255415,48.02786006065314,76.20696932805185,85.82775613800943,HIGH_PRODUCTION,0,0,110.37980546549329
2024-01-19 09:00:00,RIG_ANOMALIES,9,19,4,76.48634638588689,81.1265901176537,86.29305222828872,0.6248728169626517,49.49600447908648,71.02709660514526,87.71800167494054,HIGH_PRODUCTION,0,0,110.4261232051876
2024-01-19 10:00:00,RIG_ANOMALIES,10,19,4,81.50622847353647,90.41937538635553,89.50812819749025,0.6676320149967527,52.92383397257007,74.97144472428366,98.17737706939779,HIGH_PRODUCTION,0,0,110.4724409448819
2024-01-19 11:00:00,RIG_ANOMALIES,11,19,4,84.66185827501369,91.66689664150526,92.15613949367281,0.6093802770450475,49.97922046350805,74.94051530515087,95.91088890365687,HIGH_PRODUCTION,0,0,110.5187586845762
2024-01-19 12:00:00,RIG_ANOMALIES,12,19,4,85.73818483427267,93.34009761848365,95.0,0.6518496845000227,51.56578104640353,79.75766803289412,98.28177976764879,HIGH_PRODUCTION,0,0,110.5650764242705
2024-01-19 13:00:00,RIG_ANOMALIES,13,19,4,84.66185827501369,98.73449329611267,95.0,0.8075564628154596,53.63260795788009,85.44313052248717,97.30374793020034,HIGH_PRODUCTION,0,0,110.6113941639648
2024-01-19 14:00:00,RIG_ANOMALIES,14,19,4,81.50622847353648,87.00419191753382,86.35625139812069,0.6526341590453386,45.44306099376863,78.98896628691394,91.69744320502724,HIGH_PRODUCTION,0,0,110.6577119036591
2024-01-19 15:00:00,RIG_ANOMALIES,15,19,4,76.48634638588689,84.1565450631482,85.74516045890621,0.6722233441143799,50.71546564283899,80.8104614904777,91.19275851020507,HIGH_PRODUCTION,0,0,110.70402964335341
2024-01-19 16:00:00,RIG_ANOMALIES,16,19,4,69.94430868059086,76.7852316782294,82.86800021273274,0.5820294660363976,48.49789122500953,75.38248238325102,92.13990063389156,HIGH_PRODUCTION,0,0,110.75034738304771
2024-01-19 17:00:00,RIG_ANOMALIES,17,19,4,62.32594441603586,74.25080463482047,76.01062124931518,0.7221974291591958,49.42756535530215,68.17553990176464,84.29513255856774,HIGH_PRODUCTION,0,0,110.79666512274201
2024-01-19 18:00:00,RIG_ANOMALIES,18,19,4,54.150432526909064,53.99684219165669,61.23103620178259,0.5113585181342437,43.052555091625194,64.31914161866759,61.90763472368582,HIGH_PRODUCTION,0,0,110.84298286243632
2024-01-19 19:00:00,RIG_ANOMALIES,19,19,4,45.97492063778226,47.82517990313542,54.34380142008349,0.4864450292704804,43.77306073299448,64.60988962048292,55.94124321234349,HIGH_PRODUCTION,0,0,110.88930060213062
2024-01-19 20:00:00,RIG_ANOMALIES,20,19,4,38.356556373227264,47.92350143134343,53.74375367988734,0.4914419529263553,44.18320461438385,63.43565121370319,60.16325157543748,HIGH_PRODUCTION,0,0,110.93561834182492
2024-01-19 21:00:00,RIG_ANOMALIES,21,19,4,36.10028835127271,48.096911760088126,56.04429618864504,0.5552240557176761,40.146894502844304,61.4709930337039,56.24407309842766,HIGH_PRODUCTION,0,0,110.98193608151922
2024-01-19 22:00:00,RIG_ANOMALIES,22,19,4,36.10028835127271,44.25209270115426,46.83933241611573,0.43146781926941036,45.34239942875277,59.75633685778199,54.50247006030049,STANDBY,0,0,111.02825382121353
2024-01-19 23:00:00,RIG_ANOMALIES,23,19,4,36.10028835127271,47.877916865544385,51.686980477568135,0.5477019745939211,39.860255486254395,61.13298118782632,55.75372425242314,STANDBY,0,0,111.07457156090783
2024-01-20 00:00:00,RIG_ANOMALIES,0,20,5,36.872674070127886,36.73587287628719,43.274058863273666,0.5054566473494619,37.691233513545505,61.79888043520636,51.726473125407345,STANDBY,0,0,111.12088930060213
2024-01-20 01:00:00,RIG_ANOMALIES,1,20,5,36.872674070127886,36.550269951061146,45.80613389696338,0.44269363100889036,41.843492424472835,58.9510921794588,55.549095212047604,STANDBY,0,0,111.16720704029643
2024-01-20 02:00:00,RIG_ANOMALIES,2,20,5,36.872674070127886,44.7152220765886,47.10711723743191,0.4771251580416793,37.88084574490007,62.58266987084283,51.84889236597745,STANDBY,0,0,111.21352477999073
2024-01-20 03:00:00,RIG_ANOMALIES,3,20,5,36.872674070127886,46.60136640483371,51.96913781534423,0.49039384720721657,44.05132751125483,63.17136352327474,63.32564199616838,STANDBY,0,0,111.25984251968504
2024-01-20 04:00:00,RIG_ANOMALIES,4,20,5,39.17721619951087,48.086954349071775,54.25594742164783,0.5832880814476935,42.208174426383934,73.03176681477402,55.88304861866047,STANDBY,0,0,111.30616025937934
2024-01-20 05:00:00,RIG_ANOMALIES,5,20,5,46.958579598635716,56.59642095140039,59.08331898500346,0.6926726116405815,44.82851138753899,63.77147639218865,64.68784503971465,STANDBY,0,0,111.35247799907364
2024-01-20 06:00:00,RIG_ANOMALIES,6,20,5,55.30901110519182,60.80941261039349,65.09228081335125,0.5583178093444392,45.205311932785946,70.93620086927118,72.08594928815333,HIGH_PRODUCTION,0,0,111.39879573876794
2024-01-20 07:00:00,RIG_ANOMALIES,7,20,5,63.65944261174793,63.18629424607022,70.1803221244545,0.6260214914512554,47.28614340106475,70.07819924100967,73.83526453102414,HIGH_PRODUCTION,0,0,111.44511347846225
2024-01-20 08:00:00,RIG_ANOMALIES,8,20,5,71.44080601087278,82.25092648929343,83.185733567417,0.6607673204114073,47.627473362242725,68.75514724015349,84.18252917888593,HIGH_PRODUCTION,0,0,111.49143121815655
2024-01-20 09:00:00,RIG_ANOMALIES,9,20,5,78.12281424622702,85.33422338958896,85.0904874883977,0.5826124186595024,51.28985810640736,73.77717724816513,94.62576745908763,HIGH_PRODUCTION,0,0,111.53774895785085
2024-01-20 10:00:00,RIG_ANOMALIES,10,20,5,83.250099499112,88.97565532017393,92.32008100119724,0.6264794326970844,48.328243355325654,78.42806640858079,93.1126212154825,HIGH_PRODUCTION,0,0,111.58406669754515
2024-01-20 11:00:00,RIG_ANOMALIES,11,20,5,86.47324575278313,101.0264882553475,95.0,0.7133283280918704,54.68183816916754,80.47335759753959,100.69783217196233,HIGH_PRODUCTION,0,0,111.63038443723946
2024-01-20 12:00:00,RIG_ANOMALIES,12,20,5,87.57260091655372,95.82437533284232,94.06199980780535,0.739756469410822,53.56293998119862,81.11248379147942,97.82746253578853,HIGH_PRODUCTION,0,0,111.67670217693376
2024-01-20 13:00:00,RIG_ANOMALIES,13,20,5,86.47324575278313,92.19701099124964,94.19126218734087,0.6696894926144111,52.74894571619792,77.94106214892315,96.01947805677318,HIGH_PRODUCTION,0,0,111.72301991662806
2024-01-20 14:00:00,RIG_ANOMALIES,14,20,5,83.25009949911201,87.39354266569441,86.11276225131776,0.6781567073313268,50.78129397313982,74.32374065270925,92.37087723656812,HIGH_PRODUCTION,0,0,111.76933765632236
2024-01-20 15:00:00,RIG_ANOMALIES,15,20,5,78.12281424622702,86.96833378099326,88.32912041487049,0.6853641112410435,50.050737409163595,79.74847775714935,96.28890973256661,HIGH_PRODUCTION,0,0,111.81565539601667
2024-01-20 16:00:00,RIG_ANOMALIES,16,20,5,71.44080601087278,78.29236551736741,81.37071382071177,0.5533649708495746,50.58331578565244,73.4963832178954,90.51380616461711,HIGH_PRODUCTION,0,0,111.86197313571097
2024-01-20 17:00:00,RIG_ANOMALIES,17,20,5,63.65944261174793,73.49362937977142,76.76281452492198,0.47808284765761344,47.213872040903546,69.37309053019187,82.78817117340458,HIGH_PRODUCTION,0,0,111.90829087540529
2024-01-20 18:00:00,RIG_ANOMALIES,18,20,5,55.30901110519183,71.80003136026438,75.67720400103465,0.6327657221537173,44.90123891428784,73.23505344532197,87.14949773450024,HIGH_PRODUCTION,0,0,111.95460861509959
2024-01-20 19:00:00,RIG_ANOMALIES,19,20,5,46.958579598635716,56.41559341227461,58.32374639348717,0.6020976341985291,45.88781026994955,66.3697110993687,67.64450058217925,HIGH_PRODUCTION,0,0,112.00092635479389
2024-01-20 20:00:00,RIG_ANOMALIES,20,20,5,39.17721619951089,36.562361642010664,48.81127663198027,0.4343048731672895,39.114675729708395,59.468172000465884,55.74252590488848,HIGH_PRODUCTION,0,0,112.04724409448819
2024-01-20 21:00:00,RIG_ANOMALIES,21,20,5,36.872674070127886,37.89224182274337,46.533558919284026,0.6108774662167702,39.69180142750998,60.36321259044098,50.90325995221909,HIGH_PRODUCTION,0,0,112.0935618341825
2024-01-20 22:00:00,RIG_ANOMALIES,22,20,5,36.872674070127886,43.279676036581705,48.11424866364568,0.5076567708364216,40.65515122245515,62.14555335389514,57.36999738067548,STANDBY,0,0,112.1398795738768
2024-01-20 23:00:00,RIG_ANOMALIES,23,20,5,36.872674070127886,51.66546841931018,51.90445175852976,0.5731935756996014,43.113720970608924,68.73822396548557,63.14770477409235,STANDBY,0,0,112.1861973135711
2024-01-21 00:00:00,RIG_ANOMALIES,0,21,6,38.26446504352977,35.847313100535445,42.36097011639491,0.5014679365622516,39.71905646455829,56.834184861580674,43.142966857793624,STANDBY,0,0,112.2325150532654
2024-01-21 01:00:00,RIG_ANOMALIES,1,21,6,38.26446504352977,50.213344389894225,51.54683511164122,0.592854837546755,41.810141031167674,62.767324616946084,58.064101443989614,STANDBY,0,0,112.2788327929597
2024-01-21 02:00:00,RIG_ANOMALIES,2,21,6,38.26446504352977,53.7903893909707,52.8338044125192,0.536195781090991,42.53642211119611,70.85460639548214,54.9922167135128,STANDBY,0,0,112.325150532654
2024-01-21 03:00:00,RIG_ANOMALIES,3,21,6,38.26446504352977,50.1460302627537,53.07180481181361,0.5639093614185611,41.87626780595987,66.66831615745365,59.59967500764316,STANDBY,0,0,112.37146827234831
2024-01-21 04:00:00,RIG_ANOMALIES,4,21,6,40.65599410875038,48.72637529355182,56.68673046176998,0.47146014114064444,42.21510256736333,66.72131106754057,60.89934860522658,STANDBY,0,0,112.41778601204261
2024-01-21 05:00:00,RIG_ANOMALIES,5,21,6,48.73107179936013,54.941803750750765,60.92401908050482,0.5588876644994396,43.78245576282116,65.77870157884146,63.07297901599303,STANDBY,0,0,112.46410375173691
2024-01-21 06:00:00,RIG_ANOMALIES,6,21,6,57.396697565294645,52.73640949345048,63.54311371000885,0.5040183533221836,38.64672087294677,67.44624697985387,72.20741315298194,HIGH_PRODUCTION,0,0,112.51042149143122
2024-01-21 07:00:00,RIG_ANOMALIES,7,21,6,66.06232333122917,73.95001784937212,75.6857158979794,0.688076987070042,49.91629874414081,77.33997616696112,80.4934414028805,HIGH_PRODUCTION,0,0,112.55673923112552
2024-01-21 08:00:00,RIG_ANOMALIES,8,21,6,74.13740102183893,82.8311631386475,86.2508415388101,0.7113424984533537,51.40648051802577,74.34870200747956,93.74234762267534,HIGH_PRODUCTION,0,0,112.60305697081982
2024-01-21 09:00:00,RIG_ANOMALIES,9,21,6,81.0716274372057,88.79707746760154,93.35040969238551,0.628220556589809,50.1932230036621,75.19425933234749,100.05657363167141,HIGH_PRODUCTION,0,0,112.64937471051412
2024-01-21 10:00:00,RIG_ANOMALIES,10,21,6,86.39244650647323,83.41984515952959,85.85705182246234,0.6806260570599749,48.42813803231381,75.9776752891901,85.84695267780414,HIGH_PRODUCTION,0,0,112.69569245020843
2024-01-21 11:00:00,RIG_ANOMALIES,11,21,6,89.73725320314023,99.31414734870954,95.0,0.6611774447776095,54.46269061792997,79.65850989205528,103.40948685589913,HIGH_PRODUCTION,0,0,112.74201018990273
2024-01-21 12:00:00,RIG_ANOMALIES,12,21,6,90.8781044783832,100.7866999698763,95.0,0.6844957931153162,51.703949602858884,75.89279513059495,99.94730493567575,HIGH_PRODUCTION,0,0,112.78832792959703
2024-01-21 13:00:00,RIG_ANOMALIES,13,21,6,89.73725320314023,97.84502072913803,95.0,0.6188570861583208,52.839928755299866,77.4243580936289,101.78174306518751,HIGH_PRODUCTION,0,0,112.83464566929133
2024-01-21 14:00:00,RIG_ANOMALIES,14,21,6,86.39244650647325,94.07200734367476,92.44357280747565,0.5672479398228749,53.62260648490316,80.51314542336014,99.32025770096499,HIGH_PRODUCTION,0,0,112.88096340898564
2024-01-21 15:00:00,RIG_ANOMALIES,15,21,6,81.0716274372057,81.4372755332796,85.44502395046092,0.6559895667585457,47.29162642847777,77.90661132633495,93.53838389491398,HIGH_PRODUCTION,0,0,112.92728114867995
2024-01-21 16:00:00,RIG_ANOMALIES,16,21,6,74.13740102183893,82.01929404568106,86.02552793075662,0.6226828156936176,51.5201572775569,74.88500373274601,89.92520696122433,HIGH_PRODUCTION,0,0,112.97359888837426
2024-01-21 17:00:00,RIG_ANOMALIES,17,21,6,66.06232333122917,65.49932680829596,70.46899273011074,0.5633938364847734,44.600178348691855,74.22939894183115,78.97608567041732,HIGH_PRODUCTION,0,0,113.01991662806856
2024-01-21 18:00:00,RIG_ANOMALIES,18,21,6,57.39669756529465,67.67743158758918,70.7516730791038,0.5813056862770624,45.81176064086575,70.23869599835714,70.49939069263533,HIGH_PRODUCTION,0,0,113.06623436776286
2024-01-21 19:00:00,RIG_ANOMALIES,19,21,6,48.73107179936013,58.726996163866175,64.1746224086824,0.5336955108912114,46.80079011394524,63.602897720298024,69.74228401386945,HIGH_PRODUCTION,0,0,113.11255210745716
2024-01-21 20:00:00,RIG_ANOMALIES,20,21,6,40.65599410875039,44.37925723164145,53.32993745105875,0.5308802220706162,42.7396898871703,66.96911115498389,53.56074658428964,HIGH_PRODUCTION,0,0,113.15886984715146
2024-01-21 21:00:00,RIG_ANOMALIES,21,21,6,38.26446504352977,40.67368340708716,44.9842877119878,0.44549322312518835,42.801687588839016,62.27942598263332,45.698352296959406,HIGH_PRODUCTION,0,0,113.20518758684577
2024-01-21 22:00:00,RIG_ANOMALIES,22,21,6,38.26446504352977,41.462698739864706,49.82449021837752,0.5185778731560895,39.28495844673829,63.792667992843235,58.47186432640308,STANDBY,0,0,113.25150532654007
2024-01-21 23:00:00,RIG_ANOMALIES,23,21,6,38.26446504352977,44.963808233042926,50.55620826139003,0.5347373878764224,39.938708793386255,59.46393007087916,59.80017592898675,STANDBY,0,0,113.29782306623437
2024-01-22 00:00:00,RIG_ANOMALIES,0,22,0,40.0,55.915871459523785,53.71715711275323,0.5642774712480916,44.05688552730138,66.70322694347978,53.029992331875334,STANDBY,0,0,113.34414080592867
2024-01-22 01:00:00,RIG_ANOMALIES,1,22,0,40.0,46.87614434951536,52.2489944459304,0.49958034631213966,42.09628820380725,64.44274884368751,56.27174714503159,STANDBY,0,0,113.39045854562298
2024-01-22 02:00:00,RIG_ANOMALIES,2,22,0,40.0,58.15591721719317,59.11358270434042,0.565897757828068,50.525696114083495,67.05667567806307,64.24912406881374,STANDBY,0,0,113.43677628531728
2024-01-22 03:00:00,RIG_ANOMALIES,3,22,0,40.0,46.99451998519217,51.88760126608094,0.5383897254710959,43.3429416911295,66.34776675567461,57.24779786781342,STANDBY,0,0,113.48309402501158
2024-01-22 04:00:00,RIG_ANOMALIES,4,22,0,42.5,50.7872663134943,56.210566381164426,0.5588028840852907,43.86197800996865,66.5636589692522,54.231457402782425,STANDBY,0,0,113.52941176470588
2024-01-22 05:00:00,RIG_ANOMALIES,5,22,0,50.94133342141177,59.21471029063584,62.87566015281123,0.598469947876152,41.29635174025899,63.85793272222973,69.23072382402964,STANDBY,0,0,113.57572950440019
2024-01-22 06:00:00,RIG_ANOMALIES,6,22,0,60.0,62.01734218209919,63.134058037287616,0.5021138159573028,49.83536779326104,68.89414406040274,75.15379889370764,HIGH_PRODUCTION,0,0,113.62204724409449
2024-01-22 07:00:00,RIG_ANOMALIES,7,22,0,69.05866657858823,69.41488146630515,72.45401406245327,0.6178851386742507,45.968529694793204,66.39986464427784,74.94761702763255,HIGH_PRODUCTION,0,0,113.66836498378879
2024-01-22 08:00:00,RIG_ANOMALIES,8,22,0,77.5,88.48465994643294,86.73636617840239,0.6228262134736544,50.658432643666856,78.13062458971116,90.8090774677618,HIGH_PRODUCTION,0,0,113.7146827234831
2024-01-22 09:00:00,RIG_ANOMALIES,9,22,0,84.74873734152916,89.76730679086586,90.25129940457376,0.6767821843308295,52.71843895246676,74.858433203094,96.06583095040139,HIGH_PRODUCTION,0,0,113.7610004631774
2024-01-22 10:00:00,RIG_ANOMALIES,10,22,0,90.31088913245534,98.20550210544043,94.55246159933807,0.7042075950968767,53.858214045216926,79.11315480031783,95.71898730386127,HIGH_PRODUCTION,0,0,113.8073182028717
2024-01-22 11:00:00,RIG_ANOMALIES,11,22,0,93.8074039201174,97.90143490589564,95.0,0.6796629377590598,55.257245148183195,80.19062843233974,95.62156724542716,HIGH_PRODUCTION,0,0,113.853635942566
2024-01-22 12:00:00,RIG_ANOMALIES,12,22,0,95.0,103.42469357000392,95.0,0.6730013738287282,58.19282945966002,85.02849070789507,99.05579963556244,HIGH_PRODUCTION,0,0,113.8999536822603
2024-01-22 13:00:00,RIG_ANOMALIES,13,22,0,93.8074039201174,97.95038817995412,95.0,0.6268535176357144,52.168311686960095,79.28148670568787,102.17155026244289,HIGH_PRODUCTION,0,0,113.9462714219546
2024-01-22 14:00:00,RIG_ANOMALIES,14,22,0,90.31088913245536,101.62280116957331,95.0,0.6749924248076491,57.1672906389564,81.79747032279222,100.64951375800639,HIGH_PRODUCTION,0,0,113.99258916164891
2024-01-22 15:00:00,RIG_ANOMALIES,15,22,0,84.74873734152916,88.42029164581398,87.39903401492973,0.6024761799604156,50.55118640900299,76.4552937842169,94.23801227205446,HIGH_PRODUCTION,0,0,114.03890690134321
2024-01-22 16:00:00,RIG_ANOMALIES,16,22,0,77.5,88.90974487520906,87.45044251690817,0.6304952898439192,54.37458402738394,77.36537746861157,90.88263355497821,HIGH_PRODUCTION,0,0,114.08522464103751
2024-01-22 17:00:00,RIG_ANOMALIES,17,22,0,69.05866657858823,77.57459860233534,75.97079324238626,0.536500730503135,52.411269951358335,75.7714444072743,81.70722563007565,HIGH_PRODUCTION,0,0,114.13154238073182
2024-01-22 18:00:00,RIG_ANOMALIES,18,22,0,60.00000000000001,55.790526884095264,61.27884965616164,0.5301080877152176,46.59872131552001,66.70519900473691,61.51766838143304,HIGH_PRODUCTION,0,0,114.17786012042612
2024-01-22 19:00:00,RIG_ANOMALIES,19,22,0,50.94133342141177,54.45782637810658,64.84124847755497,0.5323166430399597,44.6193016516936,69.0667901625444,67.38133593679028,HIGH_PRODUCTION,0,0,114.22417786012042
2024-01-22 20:00:00,RIG_ANOMALIES,20,22,0,42.500000000000014,44.82728642318098,51.16508881535568,0.4973779071217668,46.630355470743254,64.19172635251059,52.69551622200144,HIGH_PRODUCTION,0,0,114.27049559981472
2024-01-22 21:00:00,RIG_ANOMALIES,21,22,0,40.0,44.64149009183403,48.97596887571048,0.48667979403704886,40.5932167219347,60.240683687046605,54.16675183853246,HIGH_PRODUCTION,0,0,114.31681333950903
2024-01-22 22:00:00,RIG_ANOMALIES,22,22,0,40.0,48.52355835776109,53.74171926631583,0.6101149789009193,41.141883930206916,68.93848946495079,60.1592981090806,STANDBY,0,0,114.36313107920333
2024-01-22 23:00:00,RIG_ANOMALIES,23,22,0,40.0,46.0767511681747,52.86326466055,0.5773694859854678,41.93392935006524,65.57376127301126,60.24319370326321,STANDBY,0,0,114.40944881889763
2024-01-23 00:00:00,RIG_ANOMALIES,0,23,1,38.26446504352977,42.23777971013471,44.91484555548999,0.4712918584209515,38.42926334051725,56.93284082119733,51.16567022976204,STANDBY,0,0,114.45576655859193
2024-01-23 01:00:00,RIG_ANOMALIES,1,23,1,38.26446504352977,45.78033691801172,48.27774625373199,0.5138172909355966,40.957634565635594,62.94508741399538,54.853084770041704,STANDBY,0,0,114.50208429828623
2024-01-23 02:00:00,RIG_ANOMALIES,2,23,1,38.26446504352977,40.28080048580341,49.63862650377081,0.6135042064448581,37.21596988653088,69.03270188764309,55.74158123703749,STANDBY,0,0,114.54840203798055
2024-01-23 03:00:00,RIG_ANOMALIES,3,23,1,38.26446504352977,38.67074685835614,46.01167586237518,0.453225054552325,37.8961451856477,63.79828329079506,53.52979416711471,STANDBY,0,0,114.59471977767485
2024-01-23 04:00:00,RIG_ANOMALIES,4,23,1,40.65599410875038,45.411006697614916,52.115308513461045,0.566192056958525,45.37487896002038,66.11784445648966,57.436976664859785,STANDBY,0,0,114.64103751736916
2024-01-23 05:00:00,RIG_ANOMALIES,5,23,1,48.73107179936014,57.200763108718064,64.42626257501186,0.5530872006115206,41.30006599370171,70.45035682896516,68.3326670723963,STANDBY,0,0,114.68735525706346
2024-01-23 06:00:00,RIG_ANOMALIES,6,23,1,57.39669756529465,62.86883608820867,66.54450739506801,0.5672859379879522,44.887207449386956,64.4500187801637,70.16096274540631,HIGH_PRODUCTION,0,0,114.73367299675776
2024-01-23 07:00:00,RIG_ANOMALIES,7,23,1,66.06232333122918,73.0928378146971,76.13875796434749,0.5902935762996636,46.81953436288639,68.6430985289613,83.1587977302647,HIGH_PRODUCTION,0,0,114.77999073645206
2024-01-23 08:00:00,RIG_ANOMALIES,8,23,1,74.13740102183893,86.0628008770186,86.61285163109896,0.7135916432512646,51.37842623586674,75.33778951828303,91.50988680712204,HIGH_PRODUCTION,0,0,114.82630847614637
2024-01-23 09:00:00,RIG_ANOMALIES,9,23,1,81.07162743720572,89.70386687280168,85.18791149668662,0.6345803541676713,52.02384829052955,77.22190998472564,90.33356431906384,HIGH_PRODUCTION,0,0,114.87262621584067
2024-01-23 10:00:00,RIG_ANOMALIES,10,23,1,86.39244650647325,93.37720509081917,93.95633463544,0.7466863768517058,54.32136163288891,77.27661256887065,97.64520454331497,HIGH_PRODUCTION,0,0,114.91894395553497
2024-01-23 11:00:00,RIG_ANOMALIES,11,23,1,89.73725320314024,102.58098087241339,95.0,0.7431707552961648,55.07007786674949,82.83997606166527,96.60699352392615,HIGH_PRODUCTION,0,0,114.96526169522927
2024-01-23 12:00:00,RIG_ANOMALIES,12,23,1,90.87810447838321,95.28731799275299,95.0,0.6323585532841881,54.96987119421188,80.67431833072263,99.58538779028264,HIGH_PRODUCTION,0,0,115.01157943492358
2024-01-23 13:00:00,RIG_ANOMALIES,13,23,1,89.73725320314024,94.26000695560748,92.52809038692921,0.6508988417924149,51.55933248086961,82.1059551244146,98.57168732257028,HIGH_PRODUCTION,0,0,115.05789717461788
2024-01-23 14:00:00,RIG_ANOMALIES,14,23,1,86.39244650647326,94.83617818448026,94.64137781200385,0.6840905927872376,54.578716104710445,84.90084880134707,101.26214777712309,HIGH_PRODUCTION,0,0,115.10421491431218
2024-01-23 15:00:00,RIG_ANOMALIES,15,23,1,81.07162743720572,83.17958621995227,83.93614803957828,0.6065070798772536,53.23162414816722,70.72364756719968,89.1380760841588,HIGH_PRODUCTION,0,0,115.15053265400648
2024-01-23 16:00:00,RIG_ANOMALIES,16,23,1,74.13740102183893,80.96952634794098,81.82783886555873,0.6904454890543918,48.125246176850574,75.92958221602112,83.98611738238108,HIGH_PRODUCTION,0,0,115.19685039370079
2024-01-23 17:00:00,RIG_ANOMALIES,17,23,1,66.06232333122918,66.56950965372471,71.59346198519533,0.6170330897901247,46.511668311767025,70.45319669889778,72.99817463774701,HIGH_PRODUCTION,0,0,115.24316813339509
2024-01-23 18:00:00,RIG_ANOMALIES,18,23,1,57.39669756529466,70.75758185022346,74.2284225707655,0.601839422490426,49.00670859384328,72.77586431239392,75.04171197457927,HIGH_PRODUCTION,0,0,115.28948587308939
2024-01-23 19:00:00,RIG_ANOMALIES,19,23,1,48.73107179936014,52.954536202950436,58.1732101696397,0.629330763784413,46.98297635923828,63.68221402059498,54.97553692519225,HIGH_PRODUCTION,0,0,115.33580361278369
2024-01-23 20:00:00,RIG_ANOMALIES,20,23,1,40.65599410875039,54.55859662205335,58.69261853555258,0.5477551269902742,45.46989573956461,68.16066096453176,63.03736463154099,HIGH_PRODUCTION,0,0,115.382121352478
2024-01-23 21:00:00,RIG_ANOMALIES,21,23,1,38.26446504352977,35.879115459107076,45.228151930816885,0.5553688789337142,39.691018955986884,60.327365259184816,49.17674661090574,HIGH_PRODUCTION,0,0,115.4284390921723
2024-01-23 22:00:00,RIG_ANOMALIES,22,23,1,38.26446504352977,42.32061297307945,51.70088135391707,0.4931562651273604,40.6798251297256,62.73352078182713,56.969182430925095,STANDBY,0,0,115.4747568318666
2024-01-23 23:00:00,RIG_ANOMALIES,23,23,1,38.26446504352977,46.3209331027751,50.19930791220831,0.5115179389458878,43.74991981436728,58.514410458446,58.57622268886836,STANDBY,0,0,115.5210745715609
2024-01-24 00:00:00,RIG_ANOMALIES,0,24,2,36.872674070127886,48.19649171917312,51.30127386477207,0.5755614583035538,38.714828863676836,61.86789640419513,54.6861674338299,STANDBY,0,0,115.56739231125522
2024-01-24 01:00:00,RIG_ANOMALIES,1,24,2,36.872674070127886,49.69692630474416,52.7623480986648,0.5227051217589637,42.87961797332171,58.963203294158355,50.25711355737872,STANDBY,0,0,115.61371005094952
2024-01-24 02:00:00,RIG_ANOMALIES,2,24,2,36.872674070127886,47.15746439733002,53.57560166851707,0.5215042308843909,41.20128553969729,67.6266017931878,53.77449593978739,STANDBY,0,0,115.66002779064382
2024-01-24 03:00:00,RIG_ANOMALIES,3,24,2,36.872674070127886,36.5137072705825,48.40237572553221,0.5436731498359584,41.96599694643286,58.21022354617575,51.71741277190798,STANDBY,0,0,115.70634553033813
2024-01-24 04:00:00,RIG_ANOMALIES,4,24,2,39.17721619951087,41.832168206554485,51.267330444348595,0.5599062888871504,43.15726530372709,63.63486116215929,57.323089410897296,STANDBY,0,0,115.75266327003243
2024-01-24 05:00:00,RIG_ANOMALIES,5,24,2,46.958579598635716,51.379244272822554,58.55128803390843,0.5578056409008689,47.93142943664472,68.75547995678079,62.947746513864644,STANDBY,0,0,115.79898100972673
2024-01-24 06:00:00,RIG_ANOMALIES,6,24,2,55.30901110519182,70.54007776609204,73.30026197753206,0.5442953137479055,43.757464325667115,70.79541879534546,81.5557557261935,HIGH_PRODUCTION,0,0,115.84529874942103
2024-01-24 07:00:00,RIG_ANOMALIES,7,24,2,63.65944261174793,67.55247939651991,72.55300478088307,0.6574740641705131,46.38022832732036,68.4040775062893,82.00189507081473,HIGH_PRODUCTION,0,0,115.89161648911534
2024-01-24 08:00:00,RIG_ANOMALIES,8,24,2,71.44080601087278,75.15504746904705,78.30102308848242,0.5588704606406856,46.62911903104815,70.94857057328959,77.63359532291223,HIGH_PRODUCTION,0,0,115.93793422880964
2024-01-24 09:00:00,RIG_ANOMALIES,9,24,2,78.12281424622702,85.28011393402542,87.31648198553187,0.758832359420918,48.637569269944436,76.92037652763037,94.03367591076419,HIGH_PRODUCTION,0,0,115.98425196850394
2024-01-24 10:00:00,RIG_ANOMALIES,10,24,2,83.250099499112,90.46494405919307,91.52079389282838,0.7465275855730853,53.256069215888765,75.0193892991454,97.94963573232835,HIGH_PRODUCTION,0,0,116.03056970819824
2024-01-24 11:00:00,RIG_ANOMALIES,11,24,2,86.47324575278313,89.30618260481111,90.075503993815,0.7514548262874808,55.17710288663282,76.70075461258516,94.99506569354347,HIGH_PRODUCTION,0,0,116.07688744789255
2024-01-24 12:00:00,RIG_ANOMALIES,12,24,2,87.57260091655372,92.69500381660444,94.95036286545303,0.6721757660786603,54.2510127307053,79.64449381019323,100.2234778449657,HIGH_PRODUCTION,0,0,116.12320518758685
2024-01-24 13:00:00,RIG_ANOMALIES,13,24,2,86.47324575278313,98.28265725565558,95.0,0.7493774575777373,54.96301043356829,74.32590654001918,97.24523126010328,HIGH_PRODUCTION,0,0,116.16952292728115
2024-01-24 14:00:00,RIG_ANOMALIES,14,24,2,83.25009949911201,101.6636239495769,95.0,0.808440137986363,55.10173270361859,75.22366587608039,102.2094178618013,HIGH_PRODUCTION,0,0,116.21584066697545
2024-01-24 15:00:00,RIG_ANOMALIES,15,24,2,78.12281424622702,88.85240353683447,87.77173767750986,0.7075188047542339,51.33301255051593,76.28673666655659,90.75568491090911,HIGH_PRODUCTION,0,0,116.26215840666976
2024-01-24 16:00:00,RIG_ANOMALIES,16,24,2,71.44080601087278,79.09717912182914,83.6490980729961,0.6440445512594075,49.49046046250743,72.15325832603594,87.51517081091602,HIGH_PRODUCTION,0,0,116.30847614636406
2024-01-24 17:00:00,RIG_ANOMALIES,17,24,2,63.65944261174793,75.34012579917608,75.67080246111921,0.6321263349063577,51.085123815942694,69.96018664075986,84.84754493079537,HIGH_PRODUCTION,0,0,116.35479388605836
2024-01-24 18:00:00,RIG_ANOMALIES,18,24,2,55.30901110519183,68.382193203368,73.88540376606919,0.6409611566775157,47.89658850626352,71.50364133412145,82.00602490219939,HIGH_PRODUCTION,0,0,116.40111162575266
2024-01-24 19:00:00,RIG_ANOMALIES,19,24,2,46.958579598635716,46.67735664020979,53.790780421510185,0.504114254693354,46.12158582642697,62.8519732006091,54.405779006642526,HIGH_PRODUCTION,0,0,116.44742936544696
2024-01-24 20:00:00,RIG_ANOMALIES,20,24,2,39.17721619951089,42.728207295058866,52.43209375069416,0.5426501184644384,42.410923727756874,60.28517128044008,53.27958103509287,HIGH_PRODUCTION,0,0,116.49374710514127
2024-01-24 21:00:00,RIG_ANOMALIES,21,24,2,36.872674070127886,37.44923904139399,50.33099795549995,0.45558540491581234,43.25962160071037,59.4848254872785,55.965709061752165,HIGH_PRODUCTION,0,0,116.54006484483557
2024-01-24 22:00:00,RIG_ANOMALIES,22,24,2,36.872674070127886,37.55263739459017,44.48773462130453,0.43280200079799763,42.973515929373534,63.54776780687877,48.78715576346389,STANDBY,0,0,116.58638258452987
2024-01-24 23:00:00,RIG_ANOMALIES,23,24,2,36.872674070127886,35.65606944766413,44.46196467429427,0.5004972528247517,40.417826766537296,64.70117054982751,55.49486478342736,STANDBY,0,0,116.63270032422417
2024-01-25 00:00:00,RIG_ANOMALIES,0,25,3,36.10028835127271,40.476134674247945,47.86577368717565,0.5170430243446695,39.944707143130174,62.69047843089429,50.72893001659446,STANDBY,0,0,116.67901806391848
2024-01-25 01:00:00,RIG_ANOMALIES,1,25,3,36.10028835127271,43.4902389863071,48.57296613747275,0.5627261827793115,40.4951247392464,62.8081279541052,51.67902770041981,STANDBY,0,0,116.72533580361278
2024-01-25 02:00:00,RIG_ANOMALIES,2,25,3,36.10028835127271,47.601141138624094,50.1451952057895,0.5389785572809931,41.436440792822935,64.80603866250358,60.38223195916673,STANDBY,0,0,116.77165354330708
2024-01-25 03:00:00,RIG_ANOMALIES,3,25,3,36.10028835127271,43.95495056819851,50.04804775899588,0.5044260997171371,39.70643419185614,60.478866632490714,50.28915403170754,STANDBY,0,0,116.81797128300138
2024-01-25 04:00:00,RIG_ANOMALIES,4,25,3,38.35655637322725,45.702269848851756,51.14872710175775,0.53898487657096,43.776808678356495,64.02474011889718,57.32058904331714,STANDBY,0,0,116.86428902269569
2024-01-25 05:00:00,RIG_ANOMALIES,5,25,3,45.97492063778226,54.32869853850709,58.12854110020057,0.5981245999124933,44.820156156785586,66.13623838623488,67.77975628304752,STANDBY,0,0,116.91060676238999
2024-01-25 06:00:00,RIG_ANOMALIES,6,25,3,54.15043252690906,57.38817129468399,65.8452967957989,0.5838811228783543,47.82224241728962,65.87174285782072,69.93545671208376,HIGH_PRODUCTION,0,0,116.95692450208429
2024-01-25 07:00:00,RIG_ANOMALIES,7,25,3,62.32594441603586,70.42085310387134,78.50223242124139,0.5605452229562641,48.179642223470616,72.00700971635708,79.03474533983632,HIGH_PRODUCTION,0,0,117.0032422417786
2024-01-25 08:00:00,RIG_ANOMALIES,8,25,3,69.94430868059086,80.4076569234966,84.38439078209962,0.629876755429217,52.78528018292059,77.9037036351984,88.6485623069753,HIGH_PRODUCTION,0,0,117.0495599814729
2024-01-25 09:00:00,RIG_ANOMALIES,9,25,3,76.48634638588689,84.56654254569875,82.82068401632944,0.6554595482428474,52.24989965732962,81.24300695103847,94.08288757449989,HIGH_PRODUCTION,0,0,117.0958777211672
2024-01-25 10:00:00,RIG_ANOMALIES,10,25,3,81.50622847353647,89.228402353502,87.93538721612664,0.7081507336579025,51.76736108937208,72.96511862790724,90.78592160333655,HIGH_PRODUCTION,0,0,117.1421954608615
2024-01-25 11:00:00,RIG_ANOMALIES,11,25,3,84.66185827501369,95.97143806110091,94.42317716581941,0.7216626714799376,57.015491325904044,76.05691430800748,99.32034778838776,HIGH_PRODUCTION,0,0,117.18851320055582
2024-01-25 12:00:00,RIG_ANOMALIES,12,25,3,85.73818483427267,92.15878956277362,94.10406958253948,0.6748281820598547,52.418287048397325,80.45531787536869,97.77109197169291,HIGH_PRODUCTION,0,0,117.23483094025012
2024-01-25 13:00:00,RIG_ANOMALIES,13,25,3,84.66185827501369,90.86487560136503,92.42704746682237,0.7059786134767887,54.799339725673406,77.34146535722083,94.93568153849756,HIGH_PRODUCTION,0,0,117.28114867994442
2024-01-25 14:00:00,RIG_ANOMALIES,14,25,3,81.50622847353648,90.4871756458007,91.45890686908831,0.7453529167006432,53.45540782441925,76.4653952570554,91.21756032896745,HIGH_PRODUCTION,0,0,117.32746641963872
2024-01-25 15:00:00,RIG_ANOMALIES,15,25,3,76.48634638588689,82.00160752571885,82.85005931083606,0.7109105967435279,53.07314975869209,76.20893166213777,91.58432083972734,HIGH_PRODUCTION,0,0,117.37378415933303
2024-01-25 16:00:00,RIG_ANOMALIES,16,25,3,69.94430868059086,86.86710628706582,86.14254223784761,0.6263583612295215,52.68813669733419,76.23123335511836,98.78620474075508,HIGH_PRODUCTION,0,0,117.42010189902733
2024-01-25 17:00:00,RIG_ANOMALIES,17,25,3,62.32594441603586,79.12104151644009,80.3999967895329,0.5950752887604427,49.83235840247098,69.5628995542598,88.43065565329658,HIGH_PRODUCTION,0,0,117.46641963872163
2024-01-25 18:00:00,RIG_ANOMALIES,18,25,3,54.150432526909064,66.55617971363421,68.12661330271317,0.577297720134681,48.240453235982066,66.54235615743312,72.46262647944438,HIGH_PRODUCTION,0,0,117.51273737841593
2024-01-25 19:00:00,RIG_ANOMALIES,19,25,3,45.97492063778226,47.96971127212498,55.76055154654595,0.4809753888468009,42.214513215665804,64.5006001964009,59.50541382366398,HIGH_PRODUCTION,0,0,117.55905511811024
2024-01-25 20:00:00,RIG_ANOMALIES,20,25,3,38.356556373227264,49.74310348376934,55.794610691426655,0.5479119496000138,41.7136785658103,70.06591284301307,63.11463173257499,HIGH_PRODUCTION,0,0,117.60537285780454
2024-01-25 21:00:00,RIG_ANOMALIES,21,25,3,36.10028835127271,48.8220371022076,58.21559973232733,0.5501492974675934,42.3413264646196,61.10230653795419,63.48312472270108,HIGH_PRODUCTION,0,0,117.65169059749884
2024-01-25 22:00:00,RIG_ANOMALIES,22,25,3,36.10028835127271,37.95901410349239,45.36602019178264,0.5184249242133254,41.38920263733672,59.875355198913915,50.512839722289655,STANDBY,0,0,117.69800833719314
2024-01-25 23:00:00,RIG_ANOMALIES,23,25,3,36.10028835127271,43.6940437790607,46.75769728423588,0.47266754882751116,40.549423483738394,60.583727071147706,50.08174321942295,STANDBY,0,0,117.74432607688745
2024-01-26 00:00:00,RIG_ANOMALIES,0,26,4,36.10028835127271,47.91130731326644,49.08150000322683,0.5165185110599698,43.406667778018075,67.11719117154686,52.182574321512455,STANDBY,0,0,117.79064381658175
2024-01-26 01:00:00,RIG_ANOMALIES,1,26,4,36.10028835127271,46.88931846943243,54.57035066265754,0.6045187117229781,41.59822491806105,65.59935076187745,64.09560719410254,STANDBY,0,0,117.83696155627605
2024-01-26 02:00:00,RIG_ANOMALIES,2,26,4,36.10028835127271,43.548739792092064,49.6357943044285,0.5350153867186662,37.87192429404897,63.77974696502287,57.60723766871716,STANDBY,0,0,117.88327929597035
2024-01-26 03:00:00,RIG_ANOMALIES,3,26,4,36.10028835127271,50.02729602113368,57.73442258610616,0.5437512905433747,41.53905414583076,65.41945267340775,53.79903690012512,STANDBY,0,0,117.92959703566466
2024-01-26 04:00:00,RIG_ANOMALIES,4,26,4,38.35655637322725,52.02898704384239,52.366128347058606,0.5625226750953893,42.04528113235281,64.99646252667722,56.71544660019728,STANDBY,0,0,117.97591477535896
2024-01-26 05:00:00,RIG_ANOMALIES,5,26,4,45.97492063778226,56.239816861981645,61.47325008579388,0.593606376570467,46.12030567669955,70.31399614781165,64.08247909875394,STANDBY,0,0,118.02223251505326
2024-01-26 06:00:00,RIG_ANOMALIES,6,26,4,54.15043252690906,59.147502634847875,68.90434698589769,0.5384520603357408,44.70491985230697,67.12523360930564,77.67514933192477,HIGH_PRODUCTION,0,0,118.06855025474756
2024-01-26 07:00:00,RIG_ANOMALIES,7,26,4,62.32594441603586,76.25534663289818,79.88551071795868,0.5830106403134446,49.315784659413424,75.34705088250173,85.3305214193937,HIGH_PRODUCTION,0,0,118.11486799444187
2024-01-26 08:00:00,RIG_ANOMALIES,8,26,4,69.94430868059086,77.957332745848,80.8741353105849,0.634647213041132,49.8286663538651,75.21601483267187,86.34961990245364,HIGH_PRODUCTION,0,0,118.16118573413618
2024-01-26 09:00:00,RIG_ANOMALIES,9,26,4,76.48634638588689,84.7164257121065,84.26551401393415,0.5465540971727147,50.481882784189466,71.46069475287007,87.14735186285168,HIGH_PRODUCTION,0,0,118.20750347383049
2024-01-26 10:00:00,RIG_ANOMALIES,10,26,4,81.50622847353647,82.89476036745462,87.8779774667503,0.5638918207639798,48.83346240762549,78.17851231133142,93.11946988782478,HIGH_PRODUCTION,0,0,118.25382121352479
2024-01-26 11:00:00,RIG_ANOMALIES,11,26,4,84.66185827501369,93.4606016958817,95.0,0.6797308641053037,54.05165753285353,79.59799777583042,103.97279957937594,HIGH_PRODUCTION,0,0,118.30013895321909
2024-01-26 12:00:00,RIG_ANOMALIES,12,26,4,85.73818483427267,99.65433685979353,95.0,0.7367550317996097,54.2976437058907,77.71368103603069,95.6701259382571,HIGH_PRODUCTION,0,0,118.34645669291339
2024-01-26 13:00:00,RIG_ANOMALIES,13,26,4,84.66185827501369,93.13994239511753,94.45324391133843,0.7267923092886396,51.559003742532965,82.85490180529101,101.85957575435366,HIGH_PRODUCTION,0,0,118.3927744326077
2024-01-26 14:00:00,RIG_ANOMALIES,14,26,4,81.50622847353648,91.8433035491684,87.81842412123056,0.7352183411436704,52.21106621655502,81.99988351037352,95.25869044776921,HIGH_PRODUCTION,0,0,118.439092172302
2024-01-26 15:00:00,RIG_ANOMALIES,15,26,4,76.48634638588689,83.39467655338194,85.04731944312493,0.6201570274778688,48.59169057169606,71.44575499644168,89.82177336001895,HIGH_PRODUCTION,0,0,118.4854099119963
2024-01-26 16:00:00,RIG_ANOMALIES,16,26,4,69.94430868059086,77.26186245016784,81.41521827228296,0.5453937525012446,49.6181017990354,72.32266512901212,82.49847915082101,HIGH_PRODUCTION,0,0,118.5317276516906
2024-01-26 17:00:00,RIG_ANOMALIES,17,26,4,62.32594441603586,68.12520995326696,72.77298566235537,0.5497673103828341,46.1729507732523,67.10810517130177,76.60154469885305,HIGH_PRODUCTION,0,0,118.5780453913849
2024-01-26 18:00:00,RIG_ANOMALIES,18,26,4,54.150432526909064,57.22544635383069,65.33327828035064,0.662768317724753,47.02202915537539,67.28163687036525,72.59654710573096,HIGH_PRODUCTION,0,0,118.6243631310792
2024-01-26 19:00:00,RIG_ANOMALIES,19,26,4,45.97492063778226,57.07522038911938,63.23060559445822,0.636154867957782,46.228850641320484,69.62500961903457,64.51505188611729,HIGH_PRODUCTION,0,0,118.67068087077351
2024-01-26 20:00:00,RIG_ANOMALIES,20,26,4,38.356556373227264,44.86536044970072,50.46839674282276,0.6161648283423665,38.64622118276005,59.29386385285325,52.70265587883859,HIGH_PRODUCTION,0,0,118.71699861046781
2024-01-26 21:00:00,RIG_ANOMALIES,21,26,4,36.10028835127271,43.24050877084834,54.6127116995619,0.5484729914102837,44.62786736194936,64.56097265161544,62.24581928574291,HIGH_PRODUCTION,0,0,118.76331635016211
2024-01-26 22:00:00,RIG_ANOMALIES,22,26,4,36.10028835127271,40.07530819328248,47.97107102845011,0.5347714649460436,41.40719610161156,65.21746309685801,48.49872279031429,STANDBY,0,0,118.80963408985642
2024-01-26 23:00:00,RIG_ANOMALIES,23,26,4,36.10028835127271,44.9085040943352,47.00787640446968,0.5886434753764438,40.6811884954107,62.80217010892396,53.53307494571903,STANDBY,0,0,118.85595182955072
2024-01-27 00:00:00,RIG_ANOMALIES,0,27,5,36.872674070127886,45.63353397171286,48.01929185265705,0.5647807496758683,42.79111222254025,60.797356121273594,55.39063623262214,STANDBY,0,0,118.90226956924502
2024-01-27 01:00:00,RIG_ANOMALIES,1,27,5,36.872674070127886,39.31106783874819,44.83616145779345,0.493135019289901,39.741920071144285,65.49971610425808,55.09532848075539,STANDBY,0,0,118.94858730893932
2024-01-27 02:00:00,RIG_ANOMALIES,2,27,5,36.872674070127886,41.158834300629124,47.88651381833223,0.5096875363114761,42.36815308221023,61.33756092670574,54.398149813582464,STANDBY,0,0,118.99490504863363
2024-01-27 03:00:00,RIG_ANOMALIES,3,27,5,36.872674070127886,50.59084738358315,54.90511666817859,0.478842069947205,40.31180717784795,67.69238830289105,57.56723260159435,STANDBY,0,0,119.04122278832793
2024-01-27 04:00:00,RIG_ANOMALIES,4,27,5,39.17721619951087,51.64037020159162,52.36369876072716,0.5645769978016592,44.55976728907402,65.1274055739284,54.09898403501457,STANDBY,0,0,119.08754052802223
2024-01-27 05:00:00,RIG_ANOMALIES,5,27,5,46.958579598635716,51.88331263602267,61.29585889652571,0.5620601051300894,41.098718789150354,65.35013651021545,64.62545722311944,STANDBY,0,0,119.13385826771653
2024-01-27 06:00:00,RIG_ANOMALIES,6,27,5,55.30901110519182,68.36311747912477,76.27240643969432,0.4707734142263383,52.74084599035535,67.60981543343787,78.82421562405688,HIGH_PRODUCTION,0,0,119.18017600741084
2024-01-27 07:00:00,RIG_ANOMALIES,7,27,5,63.65944261174793,67.1060010693612,72.5037344837688,0.6634871357887744,48.552559606228684,67.9077543282179,76.41220216370901,HIGH_PRODUCTION,0,0,119.22649374710514
2024-01-27 08:00:00,RIG_ANOMALIES,8,27,5,71.44080601087278,86.77822184507338,83.12752071607552,0.7008334156703118,53.06766978724501,76.25440364309071,88.91139751672839,HIGH_PRODUCTION,0,0,119.27281148679944
2024-01-27 09:00:00,RIG_ANOMALIES,9,27,5,78.12281424622702,104.22836619586259,95.0,0.8165579367381868,55.161372577642084,82.41195737164573,101.43578104006865,HIGH_PRODUCTION,0,0,119.31912922649374
2024-01-27 10:00:00,RIG_ANOMALIES,10,27,5,83.250099499112,87.99265856409887,89.7487997414792,0.6292964438410193,52.594824263107945,77.05575649002837,97.72167564733081,HIGH_PRODUCTION,0,0,119.36544696618805
2024-01-27 11:00:00,RIG_ANOMALIES,11,27,5,86.47324575278313,95.1926358852478,91.87330359489924,0.728082558081887,51.11189479947501,77.35499804838338,95.41343099740367,HIGH_PRODUCTION,0,0,119.41176470588235
2024-01-27 12:00:00,RIG_ANOMALIES,12,27,5,87.57260091655372,96.28844007596528,94.61218100554646,0.6445038998602782,52.451668000012276,85.13534714731003,103.00252869590993,HIGH_PRODUCTION,0,0,119.45808244557665
2024-01-27 13:00:00,RIG_ANOMALIES,13,27,5,86.47324575278313,97.98339183366427,95.0,0.6711612140198091,54.92398797681442,80.01629350493,98.57872692836848,HIGH_PRODUCTION,0,0,119.50440018527095
2024-01-27 14:00:00,RIG_ANOMALIES,14,27,5,83.25009949911201,87.89152787892728,91.80430544297717,0.7060683155830199,52.792938702227126,78.46462106612577,99.46500495208066,HIGH_PRODUCTION,0,0,119.55071792496526
2024-01-27 15:00:00,RIG_ANOMALIES,15,27,5,78.12281424622702,86.19686083212645,87.41601457516087,0.724396383261829,54.13074082745911,78.36360898363888,90.87993301073473,HIGH_PRODUCTION,0,0,119.59703566465956
2024-01-27 16:00:00,RIG_ANOMALIES,16,27,5,71.44080601087278,87.98683254402896,85.72466568510694,0.6584702202128457,47.412724921457084,73.79900429634847,93.35742291937159,HIGH_PRODUCTION,0,0,119.64335340435386
2024-01-27 17:00:00,RIG_ANOMALIES,17,27,5,63.65944261174793,69.90319432337324,73.14700899680906,0.5957313552281206,48.73302669722254,75.91982232716728,80.15955023256409,HIGH_PRODUCTION,0,0,119.68967114404816
2024-01-27 18:00:00,RIG_ANOMALIES,18,27,5,55.30901110519183,67.40539617578241,69.39949760618384,0.5796255824389169,47.8182721482374,68.6038068012308,72.41104505733308,HIGH_PRODUCTION,0,0,119.73598888374246
2024-01-27 19:00:00,RIG_ANOMALIES,19,27,5,46.958579598635716,50.52321551445035,56.74443606755515,0.6587128120293578,41.64263385405639,61.02794748388881,60.79685592584289,HIGH_PRODUCTION,0,0,119.78230662343677
2024-01-27 20:00:00,RIG_ANOMALIES,20,27,5,39.17721619951089,51.54945152518176,55.54422449971151,0.5845177363477312,45.731778948894906,61.72525130680735,59.665439952833275,HIGH_PRODUCTION,0,0,119.82862436313108
2024-01-27 21:00:00,RIG_ANOMALIES,21,27,5,36.872674070127886,52.72197225727707,55.945743503157075,0.630047682785938,41.890326623264954,62.75048435959524,61.4463580549836,HIGH_PRODUCTION,0,0,119.87494210282539
2024-01-27 22:00:00,RIG_ANOMALIES,22,27,5,36.872674070127886,45.58265665489432,52.09901454373916,0.5611558876220037,43.12829202508817,61.24879382604058,62.483374763454584,STANDBY,0,0,119.92125984251969
2024-01-27 23:00:00,RIG_ANOMALIES,23,27,5,36.872674070127886,47.853184898239014,52.086907242129854,0.5005370255870097,42.38979984098123,64.67758603091686,58.63138157901649,STANDBY,0,0,119.96757758221399
2024-01-28 00:00:00,RIG_ANOMALIES,0,28,6,38.26446504352977,51.51882140711871,55.68688234448177,0.5550103738747847,42.832506409593655,68.26081257743222,65.24587891669708,STANDBY,0,0,120.0138953219083
2024-01-28 01:00:00,RIG_ANOMALIES,1,28,6,38.26446504352977,42.32132990963809,48.440291137115885,0.5809908300195404,41.240778194604246,61.80298706892121,48.55648813107025,STANDBY,0,0,120.0602130616026
2024-01-28 02:00:00,RIG_ANOMALIES,2,28,6,38.26446504352977,41.94930526565288,49.9913802649278,0.6058465500995938,40.481098500573275,62.471686089974085,51.814902800670446,STANDBY,0,0,120.1065308012969
2024-01-28 03:00:00,RIG_ANOMALIES,3,28,6,38.26446504352977,41.880630817269015,54.134939354624535,0.5242063777550565,39.72646409392427,65.82859942117247,63.61272053573812,STANDBY,0,0,120.1528485409912
2024-01-28 04:00:00,RIG_ANOMALIES,4,28,6,40.65599410875038,52.97058123943112,58.77494674723618,0.5743992967761031,43.48061589274257,64.65058787431255,65.89948108584368,STANDBY,0,0,120.1991662806855
2024-01-28 05:00:00,RIG_ANOMALIES,5,28,6,48.73107179936013,66.31962872877183,68.31493383855678,0.5812511453971334,47.91232524307768,71.03629885178144,72.90948752446124,STANDBY,0,0,120.2454840203798
2024-01-28 06:00:00,RIG_ANOMALIES,6,28,6,57.396697565294645,63.21871071318723,66.26562444600714,0.608478657548944,46.78187305542265,71.16681273949013,73.84726198034076,HIGH_PRODUCTION,0,0,120.29180176007411
2024-01-28 07:00:00,RIG_ANOMALIES,7,28,6,66.06232333122917,74.7218179467194,78.73483635529635,0.594312796617909,47.144928770353424,76.04016601222197,85.18776440994233,HIGH_PRODUCTION,0,0,120.33811949976841
2024-01-28 08:00:00,RIG_ANOMALIES,8,28,6,74.13740102183893,82.64313625608705,82.21439638725066,0.6307646691094182,49.24284857980106,72.65032840410701,87.52492540025538,HIGH_PRODUCTION,0,0,120.38443723946271
2024-01-28 09:00:00,RIG_ANOMALIES,9,28,6,81.0716274372057,84.78330326715296,84.64927993353717,0.7485093579880868,54.08982331904896,78.67010805278822,90.5883965812099,HIGH_PRODUCTION,0,0,120.43075497915702
2024-01-28 10:00:00,RIG_ANOMALIES,10,28,6,86.39244650647323,86.97521390110762,84.00749884911262,0.6927700137104564,53.38581125501478,76.05164595022454,88.97727512492642,HIGH_PRODUCTION,0,0,120.47707271885132
2024-01-28 11:00:00,RIG_ANOMALIES,11,28,6,89.73725320314023,106.40818224096961,95.0,0.8019823267609207,57.52703915573003,76.94920835031974,96.50223962792222,HIGH_PRODUCTION,0,0,120.52339045854562
2024-01-28 12:00:00,RIG_ANOMALIES,12,28,6,90.8781044783832,103.12973116206804,95.0,0.7301790979011784,55.45511153525871,79.00536381470508,102.3021669224249,HIGH_PRODUCTION,0,0,120.56970819823992
2024-01-28 13:00:00,RIG_ANOMALIES,13,28,6,89.73725320314023,96.63484483613402,94.89685833055627,0.712454636885376,53.44191893339296,76.26821937942059,105.45902289523549,HIGH_PRODUCTION,0,0,120.61602593793422
2024-01-28 14:00:00,RIG_ANOMALIES,14,28,6,86.39244650647325,98.2123656426156,95.0,0.7329459908390368,56.69466293972667,79.14355420735458,97.33716146389425,HIGH_PRODUCTION,0,0,120.66234367762853
2024-01-28 15:00:00,RIG_ANOMALIES,15,28,6,81.0716274372057,91.71575111652845,87.8495387301821,0.6481601840508306,53.178768802433474,78.13067373891069,96.09643059225012,HIGH_PRODUCTION,0,0,120.70866141732283
2024-01-28 16:00:00,RIG_ANOMALIES,16,28,6,74.13740102183893,84.57218349308917,86.26763930872767,0.6960778406825067,49.89560370499994,77.74039064172193,91.71550576272432,HIGH_PRODUCTION,0,0,120.75497915701713
2024-01-28 17:00:00,RIG_ANOMALIES,17,28,6,66.06232333122917,78.50423650715504,78.48916764912184,0.7030650286718501,52.20766254928118,75.88954933087986,82.00788113252864,HIGH_PRODUCTION,0,0,120.80129689671145
2024-01-28 18:00:00,RIG_ANOMALIES,18,28,6,57.39669756529465,63.91635704864873,66.77134535873297,0.622376260404972,43.83961627799271,69.27192379729674,73.23207879091217,HIGH_PRODUCTION,0,0,120.84761463640575
2024-01-28 19:00:00,RIG_ANOMALIES,19,28,6,48.73107179936013,45.94499695824552,57.64667759123407,0.6592294936173604,40.86027125903557,57.59517087019515,59.89775783865754,HIGH_PRODUCTION,0,0,120.89393237610005
2024-01-28 20:00:00,RIG_ANOMALIES,20,28,6,40.65599410875039,46.315028687274676,52.19617693245084,0.5939867341956068,39.40398524139813,61.27393352013243,59.182205163421024,HIGH_PRODUCTION,0,0,120.94025011579436
2024-01-28 21:00:00,RIG_ANOMALIES,21,28,6,38.26446504352977,44.955101990397885,53.11128128677208,0.6265261434885062,43.116623277767474,64.92941040467554,57.44043331974994,HIGH_PRODUCTION,0,0,120.98656785548866
2024-01-28 22:00:00,RIG_ANOMALIES,22,28,6,38.26446504352977,46.91355306716327,51.46869862410333,0.6011238545863999,42.28567706830738,62.900790055794985,63.911030449983876,STANDBY,0,0,121.03288559518296
2024-01-28 23:00:00,RIG_ANOMALIES,23,28,6,38.26446504352977,42.53141885787959,44.5894318577781,0.4677935184391714,39.512043639748896,59.73171334960629,49.23815136649389,STANDBY,0,0,121.07920333487726
2024-01-29 00:00:00,RIG_ANOMALIES,0,29,0,40.0,56.04113818619966,55.40678688998693,0.5323529186696359,43.44735024431401,60.98546808327486,57.87876376452729,STANDBY,0,0,121.12552107457157
2024-01-29 01:00:00,RIG_ANOMALIES,1,29,0,40.0,50.2835283900021,52.28699583929022,0.5762184984834706,41.616487451735296,65.96957384498363,57.40108244867025,STANDBY,0,0,121.17183881426587
2024-01-29 02:00:00,RIG_ANOMALIES,2,29,0,40.0,34.21033602995574,46.526575187648206,0.5838787711516246,40.666877768306165,60.5941536849315,49.847451029057964,STANDBY,0,0,121.21815655396017
2024-01-29 03:00:00,RIG_ANOMALIES,3,29,0,40.0,56.67633941944048,56.59667143194476,0.5895937672506689,47.834044065026035,69.80517786135167,54.003648197078846,STANDBY,0,0,121.26447429365447
2024-01-29 04:00:00,RIG_ANOMALIES,4,29,0,42.5,57.08771237624607,60.437704557555946,0.5172419528573844,47.36151772786049,71.53912889335932,64.07808616112347,STANDBY,0,0,121.31079203334878
2024-01-29 05:00:00,RIG_ANOMALIES,5,29,0,50.94133342141177,57.432148420972815,64.84327462988526,0.5584000094877615,44.32342139817006,64.26925518319965,69.77681099718605,STANDBY,0,0,121.35710977304308
2024-01-29 06:00:00,RIG_ANOMALIES,6,29,0,60.0,64.50208969655056,68.35191034681974,0.6661574428368642,46.76159214161533,72.99495542560925,72.94859493802223,HIGH_PRODUCTION,0,0,121.40342751273738
2024-01-29 07:00:00,RIG_ANOMALIES,7,29,0,69.05866657858823,81.21607233831818,81.37293713192125,0.5422272561960124,49.64769826478867,69.39235820801578,87.48830853313237,HIGH_PRODUCTION,0,0,121.44974525243168
2024-01-29 08:00:00,RIG_ANOMALIES,8,29,0,77.5,80.88148411043262,82.35216370513604,0.6210086238603472,48.92330721447875,75.97239668021747,90.37668980130718,HIGH_PRODUCTION,0,0,121.49606299212599
2024-01-29 09:00:00,RIG_ANOMALIES,9,29,0,84.74873734152916,94.82178579420045,92.81404410644639,0.7010483134306876,54.807181617639976,82.78873146639711,100.57684390625904,HIGH_PRODUCTION,0,0,121.54238073182029
2024-01-29 10:00:00,RIG_ANOMALIES,10,29,0,90.31088913245534,94.69260170658426,95.0,0.720835442343952,53.20154098181979,75.1518355013686,98.98732944217946,HIGH_PRODUCTION,0,0,121.58869847151459
2024-01-29 11:00:00,RIG_ANOMALIES,11,29,0,93.8074039201174,108.92998037453434,95.0,0.7216177866767081,57.70967652378022,84.10637279516148,101.92501190940148,HIGH_PRODUCTION,0,0,121.63501621120889
2024-01-29 12:00:00,RIG_ANOMALIES,12,29,0,95.0,102.75077027524058,95.0,0.8148949628838992,54.450519709257556,78.8606241355037,98.50959755471446,HIGH_PRODUCTION,0,0,121.6813339509032
2024-01-29 13:00:00,RIG_ANOMALIES,13,29,0,93.8074039201174,103.44685533656784,95.0,0.7404850379782761,53.68692006992015,79.28048942508732,98.42148529681192,HIGH_PRODUCTION,0,0,121.7276516905975
2024-01-29 14:00:00,RIG_ANOMALIES,14,29,0,90.31088913245536,98.3595058117749,95.0,0.6368128998835081,52.77626071444869,82.05910391746058,99.97974546579573,HIGH_PRODUCTION,0,0,121.7739694302918
2024-01-29 15:00:00,RIG_ANOMALIES,15,29,0,84.74873734152916,99.48645715419539,93.8854155422478,0.7561076286981329,51.49338111284823,80.12352351326875,99.45474157330699,HIGH_PRODUCTION,0,0,121.8202871699861
2024-01-29 16:00:00,RIG_ANOMALIES,16,29,0,77.5,89.93851503882436,87.28054772561065,0.6824415883135645,50.81062611389402,73.37995414804246,92.2582856632796,HIGH_PRODUCTION,0,0,121.8666049096804
2024-01-29 17:00:00,RIG_ANOMALIES,17,29,0,69.05866657858823,81.71657205338853,78.58157609800197,0.6430318446706501,51.579672474548566,76.36213261021196,84.96244652080581,HIGH_PRODUCTION,0,0,121.9129226493747
2024-01-29 18:00:00,RIG_ANOMALIES,18,29,0,60.00000000000001,71.60564029137043,75.16352815498227,0.6083597490362808,46.585472605181586,73.59348174432202,81.73970535285144,HIGH_PRODUCTION,0,0,121.95924038906901
2024-01-29 19:00:00,RIG_ANOMALIES,19,29,0,50.94133342141177,57.10200390684216,66.386983455959,0.5676865871581378,42.482325005285645,69.77287377675731,68.09983010972861,HIGH_PRODUCTION,0,0,122.00555812876331
2024-01-29 20:00:00,RIG_ANOMALIES,20,29,0,42.500000000000014,60.00954344082948,61.99117859699318,0.6752514882183945,41.66129010863761,66.15293232624093,65.55842545877262,HIGH_PRODUCTION,0,0,122.05187586845761
2024-01-29 21:00:00,RIG_ANOMALIES,21,29,0,40.0,50.994444437224864,56.601273625707634,0.5671663483392816,43.94057861245295,61.34496892708567,61.635552032869796,HIGH_PRODUCTION,0,0,122.09819360815192
2024-01-29 22:00:00,RIG_ANOMALIES,22,29,0,40.0,48.17415752027468,49.07870892300195,0.5606916544591076,45.537123190183195,64.40935540840891,54.536855594942885,STANDBY,0,0,122.14451134784622
2024-01-29 23:00:00,RIG_ANOMALIES,23,29,0,40.0,48.8422076516332,51.48173688777567,0.507173695629501,44.536070488451166,61.91866146531178,56.79253687392682,STANDBY,0,0,122.19082908754052
2024-01-30 00:00:00,RIG_ANOMALIES,0,30,1,38.26446504352977,34.43567710044132,42.37589064990144,0.6077852726212555,41.40508048157223,62.94687340256295,51.71669573764167,STANDBY,0,0,122.23714682723482
2024-01-30 01:00:00,RIG_ANOMALIES,1,30,1,38.26446504352977,42.25242172653256,45.70432969787726,0.6409536835574209,40.71482274784588,64.21130006423668,44.52279324294221,STANDBY,0,0,122.28346456692913
2024-01-30 02:00:00,RIG_ANOMALIES,2,30,1,38.26446504352977,44.703630392764715,49.63261531115785,0.5218836798349532,38.402456324026204,64.0767969367145,54.63880927513908,STANDBY,0,0,122.32978230662343
2024-01-30 03:00:00,RIG_ANOMALIES,3,30,1,38.26446504352977,49.94016399915591,52.27191279052488,0.5976272968369677,43.62998785901975,69.45216330907272,61.03747011716048,STANDBY,0,0,122.37610004631773
2024-01-30 04:00:00,RIG_ANOMALIES,4,30,1,40.65599410875038,46.70808793061852,51.63790110787868,0.5840531234475328,41.667440919576165,64.52895631475137,56.60249369675421,STANDBY,0,0,122.42241778601203
2024-01-30 05:00:00,RIG_ANOMALIES,5,30,1,48.73107179936014,62.60126929360689,68.2317035514312,0.6249405757057444,46.40740349326717,73.10139818660747,78.43167547050844,STANDBY,0,0,122.46873552570634
2024-01-30 06:00:00,RIG_ANOMALIES,6,30,1,57.39669756529465,72.55838481773783,70.28067922502193,0.6352026041962839,46.67025726766025,76.54457407020868,77.10121807915351,HIGH_PRODUCTION,0,0,122.51505326540064
2024-01-30 07:00:00,RIG_ANOMALIES,7,30,1,66.06232333122918,77.35643186419122,76.92708867166496,0.6532226390690763,50.046671757501265,74.57890954899341,81.73370654807925,HIGH_PRODUCTION,0,0,122.56137100509494
2024-01-30 08:00:00,RIG_ANOMALIES,8,30,1,74.13740102183893,82.65456352462267,80.16503997750597,0.6871807483718394,47.97016483417033,76.01851383925938,87.48731914694439,HIGH_PRODUCTION,0,0,122.60768874478926
2024-01-30 09:00:00,RIG_ANOMALIES,9,30,1,81.07162743720572,96.41051759884269,92.45020967463655,0.7464389006263221,53.17862029839229,79.4831609250623,100.86466043245389,HIGH_PRODUCTION,0,0,122.65400648448356
2024-01-30 10:00:00,RIG_ANOMALIES,10,30,1,86.39244650647325,102.87982755126315,95.0,0.7189607209149091,54.785522807827896,79.61079316427298,99.08755227056218,HIGH_PRODUCTION,0,0,122.70032422417786
2024-01-30 11:00:00,RIG_ANOMALIES,11,30,1,89.73725320314024,96.40972257393716,91.80467860259569,0.7910705661513386,54.10252048221055,76.54187649516224,98.01283337441205,HIGH_PRODUCTION,0,0,122.74664196387216
2024-01-30 12:00:00,RIG_ANOMALIES,12,30,1,90.87810447838321,96.19078369275317,94.52027518513387,0.8007432730436975,53.373025134335045,80.11154762178617,95.88455877063468,HIGH_PRODUCTION,0,0,122.79295970356647
2024-01-30 13:00:00,RIG_ANOMALIES,13,30,1,89.73725320314024,92.589663164885,93.47191849823913,0.747400845685535,51.263926067158316,83.05249270884492,93.86696162413527,HIGH_PRODUCTION,0,0,122.83927744326077
2024-01-30 14:00:00,RIG_ANOMALIES,14,30,1,86.39244650647326,93.8062265893244,91.24204107623716,0.6768539687600692,52.57537390864693,77.75235685675993,97.54050741010849,HIGH_PRODUCTION,0,0,122.88559518295507
2024-01-30 15:00:00,RIG_ANOMALIES,15,30,1,81.07162743720572,88.97433557652163,89.58174146528478,0.7485541924348772,55.712394241153476,79.05724623748546,94.82412439231928,HIGH_PRODUCTION,0,0,122.93191292264937
2024-01-30 16:00:00,RIG_ANOMALIES,16,30,1,74.13740102183893,88.52830834622988,87.11542549220871,0.6808534691773813,49.89408567658162,80.87070404490433,96.88549300895801,HIGH_PRODUCTION,0,0,122.97823066234368
2024-01-30 17:00:00,RIG_ANOMALIES,17,30,1,66.06232333122918,76.96376939456678,81.96402290073165,0.5717760768621964,48.204993213289235,72.92032549381302,84.96283068253796,HIGH_PRODUCTION,0,0,123.02454840203798
2024-01-30 18:00:00,RIG_ANOMALIES,18,30,1,57.39669756529466,75.30439195314621,75.06084278540915,0.6901185408924724,47.993045941741315,70.86330916904878,78.4175394859166,HIGH_PRODUCTION,0,0,123.07086614173228
2024-01-30 19:00:00,RIG_ANOMALIES,19,30,1,48.73107179936014,54.17043991760465,60.637067476932046,0.6627453930803087,47.873716085140906,67.52370181037696,62.42504207456988,HIGH_PRODUCTION,0,0,123.11718388142658
2024-01-30 20:00:00,RIG_ANOMALIES,20,30,1,40.65599410875039,44.433935043387066,53.659148013057184,0.5103814493752272,40.89375900217883,65.22605273370102,59.723769410516326,HIGH_PRODUCTION,0,0,123.16350162112089
2024-01-30 21:00:00,RIG_ANOMALIES,21,30,1,38.26446504352977,57.082504228886386,59.17580440896,0.562779365411596,47.35289958530574,73.25955069352123,66.42297355195109,HIGH_PRODUCTION,0,0,123.20981936081519
2024-01-30 22:00:00,RIG_ANOMALIES,22,30,1,38.26446504352977,48.381244625518356,51.68364270133689,0.6356682571142667,41.04821775967292,65.63515050100233,58.87870175905792,STANDBY,0,0,123.25613710050949
2024-01-30 23:00:00,RIG_ANOMALIES,23,30,1,38.26446504352977,50.17257641443342,53.43386624808804,0.5541334258561382,41.45026135097093,60.382294253332404,61.655165177215736,STANDBY,0,0,123.30245484020381
2024-01-31 00:00:00,RIG_ANOMALIES,0,31,2,36.872674070127886,48.78945384198306,49.75487068755762,0.6431729326666424,44.48903833016234,60.30286797217711,49.79281890015184,STANDBY,0,0,123.34877257989811
2024-01-31 01:00:00,RIG_ANOMALIES,1,31,2,36.872674070127886,43.65846162127778,47.73719456837531,0.5224064121199942,36.46709258454639,64.32586042094223,57.28187579584052,STANDBY,0,0,123.39509031959241
2024-01-31 02:00:00,RIG_ANOMALIES,2,31,2,36.872674070127886,47.69136668185956,52.99509927314477,0.5495562381656545,39.980960137738776,66.04187149960833,53.60912656892371,STANDBY,0,0,123.44140805928672
2024-01-31 03:00:00,RIG_ANOMALIES,3,31,2,36.872674070127886,43.61580309968413,51.98154515712769,0.6009901999504049,42.80376937195178,71.5475985756295,49.68006291482446,STANDBY,0,0,123.48772579898102
2024-01-31 04:00:00,RIG_ANOMALIES,4,31,2,39.17721619951087,45.98565639686055,60.04588847634756,0.49620960955048443,43.32108410073353,61.660188070775895,66.88768950764336,STANDBY,0,0,123.53404353867532
2024-01-31 05:00:00,RIG_ANOMALIES,5,31,2,46.958579598635716,56.99654639542226,61.936739813980374,0.6525761703532681,43.116294065174685,67.77412713393213,70.30842071409717,STANDBY,0,0,123.58036127836962
2024-01-31 06:00:00,RIG_ANOMALIES,6,31,2,55.30901110519182,70.34399386640585,73.99963322400768,0.6603684115917003,50.00766466248136,65.8750774818067,78.61865239825585,HIGH_PRODUCTION,0,0,123.62667901806392
2024-01-31 07:00:00,RIG_ANOMALIES,7,31,2,63.65944261174793,77.71539484510662,78.30143561970428,0.7316882554326127,51.16084921184865,72.59788277601149,81.39329546504527,HIGH_PRODUCTION,0,0,123.67299675775823
2024-01-31 08:00:00,RIG_ANOMALIES,8,31,2,71.44080601087278,80.20611066629696,76.84211463355342,0.594839916110449,54.60432280538092,78.86320885058572,81.79348746647268,HIGH_PRODUCTION,0,0,123.71931449745253
2024-01-31 09:00:00,RIG_ANOMALIES,9,31,2,78.12281424622702,84.5794948675312,84.61952538951724,0.7664924429590922,53.83240565574955,76.477047750708,84.94953346981896,HIGH_PRODUCTION,0,0,123.76563223714683
2024-01-31 10:00:00,RIG_ANOMALIES,10,31,2,83.250099499112,92.72145868592882,90.43677644016448,0.7675920916657151,52.38601270851683,70.15724103442258,96.51558809253962,HIGH_PRODUCTION,0,0,123.81194997684113
2024-01-31 11:00:00,RIG_ANOMALIES,11,31,2,86.47324575278313,93.51372856573846,94.50958130009333,0.7109036938374084,54.47335155999417,73.70637867256688,96.830991124355,HIGH_PRODUCTION,0,0,123.85826771653544
2024-01-31 12:00:00,RIG_ANOMALIES,12,31,2,87.57260091655372,96.10001941205313,95.0,0.7944203760522414,50.97759860595086,79.7677181806927,101.83828333933957,HIGH_PRODUCTION,0,0,123.90458545622974
2024-01-31 13:00:00,RIG_ANOMALIES,13,31,2,86.47324575278313,101.0030021398398,95.0,0.6482866540437875,55.82261271100565,79.25681774008004,99.86942645333139,HIGH_PRODUCTION,0,0,123.95090319592404
2024-01-31 14:00:00,RIG_ANOMALIES,14,31,2,83.25009949911201,89.14337861648015,87.39830820790219,0.6847734564236818,49.30568813525699,76.07440957100165,95.82575148809177,HIGH_PRODUCTION,0,0,123.99722093561834
2024-01-31 15:00:00,RIG_ANOMALIES,15,31,2,78.12281424622702,87.63159810484844,90.80601242982284,0.6413858586538779,50.257148146484404,72.49351280782201,97.50560697097893,HIGH_PRODUCTION,0,0,124.04353867531265
2024-01-31 16:00:00,RIG_ANOMALIES,16,31,2,71.44080601087278,87.20828121265188,82.90951337715869,0.7459615068163353,57.164005517566,79.15462993991785,88.73019213564027,HIGH_PRODUCTION,0,0,124.08985641500695
2024-01-31 17:00:00,RIG_ANOMALIES,17,31,2,63.65944261174793,63.10584594105167,71.32584617972273,0.5606075958633693,47.35339134254999,70.25551352558055,73.51326463369796,HIGH_PRODUCTION,0,0,124.13617415470125
2024-01-31 18:00:00,RIG_ANOMALIES,18,31,2,55.30901110519183,61.951150487030375,65.2397634078489,0.6795259369567417,44.07093039831185,74.24205468752376,71.27641964076332,HIGH_PRODUCTION,0,0,124.18249189439555
2024-01-31 19:00:00,RIG_ANOMALIES,19,31,2,46.958579598635716,56.07038611370791,60.35134314525899,0.677600754409871,44.12268144535916,67.05230710531912,64.01025209820159,HIGH_PRODUCTION,0,0,124.22880963408986
2024-01-31 20:00:00,RIG_ANOMALIES,20,31,2,39.17721619951089,45.933718677301,50.594764686735985,0.55182044960705,38.335175436880576,56.11942836138965,51.43318522514092,HIGH_PRODUCTION,0,0,124.27512737378416
2024-01-31 21:00:00,RIG_ANOMALIES,21,31,2,36.872674070127886,42.82092625452832,52.025971868997296,0.6185478026413312,38.639128849720784,57.416225718040955,56.659679591827825,HIGH_PRODUCTION,0,0,124.32144511347846
2024-01-31 22:00:00,RIG_ANOMALIES,22,31,2,36.872674070127886,43.648421058817064,50.53924646471784,0.5686161437334526,38.58199939471673,67.48810062517067,52.23960356014319,STANDBY,0,0,124.36776285317276
2024-01-31 23:00:00,RIG_ANOMALIES,23,31,2,36.872674070127886,50.280456953531925,50.169762573257415,0.5915407132528834,37.50673487479802,67.55070908631495,56.98586816175798,STANDBY,0,0,124.41408059286707
2024-02-01 00:00:00,RIG_ANOMALIES,0,1,3,36.10028835127271,40.96783261070135,48.09025326868773,0.5763366978965563,40.534800038148056,63.38692787403864,50.0387098003366,STANDBY,0,0,124.46039833256137
2024-02-01 01:00:00,RIG_ANOMALIES,1,1,3,36.10028835127271,52.18033808841438,56.25191658530775,0.5935107213609924,44.3570849990777,67.70392322690508,57.382294796762366,STANDBY,0,0,124.50671607225567
2024-02-01 02:00:00,RIG_ANOMALIES,2,1,3,36.10028835127271,46.54163343593742,49.65497322541143,0.6061863846614695,45.27104561085688,63.34614196917508,56.259228482565106,STANDBY,0,0,124.55303381194997
2024-02-01 03:00:00,RIG_ANOMALIES,3,1,3,36.10028835127271,41.51653152073788,49.27074941881897,0.5501008350928911,40.467902229455696,63.3742494862482,46.88536145729497,STANDBY,0,0,124.59935155164428
2024-02-01 04:00:00,RIG_ANOMALIES,4,1,3,38.35655637322725,46.078065819009645,53.27648729348461,0.6055790220945976,39.23690894363587,61.23669195467495,53.51769946473982,STANDBY,0,0,124.64566929133858
2024-02-01 05:00:00,RIG_ANOMALIES,5,1,3,45.97492063778226,60.9065616006495,68.59529315220718,0.5967498027791432,45.647318141829174,65.95270816542191,73.53465099868156,STANDBY,0,0,124.69198703103288
2024-02-01 06:00:00,RIG_ANOMALIES,6,1,3,54.15043252690906,70.61636157935332,67.22490246036564,0.6319854013174904,45.672552313680626,71.77816151565139,68.27434879265897,HIGH_PRODUCTION,0,0,124.73830477072718
2024-02-01 07:00:00,RIG_ANOMALIES,7,1,3,62.32594441603586,74.39000321951733,76.20575554342028,0.7184208701715493,46.007684940988284,69.62936117290079,84.53048814122504,HIGH_PRODUCTION,0,0,124.78462251042149
2024-02-01 08:00:00,RIG_ANOMALIES,8,1,3,69.94430868059086,78.24023917535918,78.72424172541538,0.7698504832317887,51.81161443929511,78.09408378353389,82.36152828407347,HIGH_PRODUCTION,0,0,124.83094025011579
2024-02-01 09:00:00,RIG_ANOMALIES,9,1,3,76.48634638588689,85.71833014918704,87.62338434356124,0.7306767882269654,52.74714961974692,71.01829031954904,96.43782010919546,HIGH_PRODUCTION,0,0,124.87725798981009
2024-02-01 10:00:00,RIG_ANOMALIES,10,1,3,81.50622847353647,94.50696472370332,94.88339629705979,0.7097217860254728,51.001050451430196,86.0827933510402,98.08878995727208,HIGH_PRODUCTION,0,0,124.92357572950439
2024-02-01 11:00:00,RIG_ANOMALIES,11,1,3,84.66185827501369,93.19859349207762,89.27872462598714,0.7203924904862617,55.66695227660138,80.35584661607713,92.42929013704675,HIGH_PRODUCTION,0,0,124.9698934691987
2024-02-01 12:00:00,RIG_ANOMALIES,12,1,3,85.73818483427267,91.28360000751546,90.62142708582614,0.730579819579669,52.11958625319704,73.96738333262539,89.70083385934235,HIGH_PRODUCTION,0,0,125.016211208893
2024-02-01 13:00:00,RIG_ANOMALIES,13,1,3,84.66185827501369,92.52806031145558,92.7382108930582,0.7558147614809639,53.31154920406257,76.09215580988989,104.49975702554192,HIGH_PRODUCTION,0,0,125.0625289485873
2024-02-01 14:00:00,RIG_ANOMALIES,14,1,3,81.50622847353648,104.01041014958678,95.0,0.7856992424791693,58.68961316236879,84.6594753182674,101.45544985827686,HIGH_PRODUCTION,0,0,125.1088466882816
2024-02-01 15:00:00,RIG_ANOMALIES,15,1,3,76.48634638588689,87.43323873174434,88.40366329224595,0.6857206500807086,57.34379895853187,79.26978880463953,89.56050967384822,HIGH_PRODUCTION,0,0,125.1551644279759
2024-02-01 16:00:00,RIG_ANOMALIES,16,1,3,69.94430868059086,70.57626643827031,78.21674364903882,0.7260396343055875,48.741565863496604,70.86857294944073,80.72501261675596,HIGH_PRODUCTION,0,0,125.2014821676702
2024-02-01 17:00:00,RIG_ANOMALIES,17,1,3,62.32594441603586,70.73288272679487,72.434168200391,0.6787896175501283,45.7804595037579,71.76941302988712,73.88193176592534,HIGH_PRODUCTION,0,0,125.24779990736452
2024-02-01 18:00:00,RIG_ANOMALIES,18,1,3,54.150432526909064,69.30969942433875,69.09855997894681,0.7442473012618365,47.432967642168016,71.18545249048563,73.89829248159806,HIGH_PRODUCTION,0,0,125.29411764705883
2024-02-01 19:00:00,RIG_ANOMALIES,19,1,3,45.97492063778226,56.420528012426104,60.214131828495226,0.6188436332180949,46.028832683172844,65.75493504850876,64.36502908661649,HIGH_PRODUCTION,0,0,125.34043538675313
2024-02-01 20:00:00,RIG_ANOMALIES,20,1,3,38.356556373227264,44.422057696154745,53.75254407207219,0.6017258139443531,37.98857722069493,61.747049491515824,61.67211697281827,HIGH_PRODUCTION,0,0,125.38675312644743
2024-02-01 21:00:00,RIG_ANOMALIES,21,1,3,36.10028835127271,56.26054042254122,57.9613199452114,0.5740756342619012,44.3702823635554,64.74815045369296,60.620086564704735,HIGH_PRODUCTION,0,0,125.43307086614173
2024-02-01 22:00:00,RIG_ANOMALIES,22,1,3,36.10028835127271,47.518639047590504,55.2942673197091,0.5528857013633415,39.899088891796985,65.25737820546709,61.65739481212133,STANDBY,0,0,125.47938860583604
2024-02-01 23:00:00,RIG_ANOMALIES,23,1,3,36.10028835127271,39.706243195233505,45.509998349310806,0.5525347213961278,39.75905734805811,64.67329598892414,48.47728283135269,STANDBY,0,0,125.52570634553034
2024-02-02 00:00:00,RIG_ANOMALIES,0,2,4,36.10028835127271,46.30204538610741,47.75883908270365,0.6204889163678439,41.65444939638426,63.378575460002295,51.58621716991803,STANDBY,0,0,125.57202408522464
2024-02-02 01:00:00,RIG_ANOMALIES,1,2,4,36.10028835127271,57.60711381892194,55.09777680719005,0.590752981891838,45.64693948926088,70.92940131316846,62.58726052910226,STANDBY,0,0,125.61834182491894
2024-02-02 02:00:00,RIG_ANOMALIES,2,2,4,36.10028835127271,52.72353180278882,55.543052856852654,0.6620910271351945,43.498843240325755,63.15208268235378,60.29470586414633,STANDBY,0,0,125.66465956461325
2024-02-02 03:00:00,RIG_ANOMALIES,3,2,4,36.10028835127271,54.80207446785803,59.84880819059241,0.6004036669357466,40.404818369915795,69.63261941746258,60.47397609779609,STANDBY,0,0,125.71097730430755
2024-02-02 04:00:00,RIG_ANOMALIES,4,2,4,38.35655637322725,43.49142670655662,49.980393483785214,0.5836057357782556,43.13038781778964,61.76790587106878,54.42928015949134,STANDBY,0,0,125.75729504400185
2024-02-02 05:00:00,RIG_ANOMALIES,5,2,4,45.97492063778226,57.7446365531559,60.266455510056254,0.591923688201643,42.964353678964606,65.83219824464842,61.63354740444868,STANDBY,0,0,125.80361278369615
2024-02-02 06:00:00,RIG_ANOMALIES,6,2,4,54.15043252690906,55.25122068678385,64.97807707518284,0.6591287757481337,45.778644311357496,66.9851522519526,71.5783569698312,HIGH_PRODUCTION,0,0,125.84993052339046
2024-02-02 07:00:00,RIG_ANOMALIES,7,2,4,62.32594441603586,63.833869976765875,71.77615244438232,0.6422486298719164,46.094580940183235,71.42382066387593,81.77422216101087,HIGH_PRODUCTION,0,0,125.89624826308476
2024-02-02 08:00:00,RIG_ANOMALIES,8,2,4,69.94430868059086,82.42423277813646,84.31159358425025,0.6833690736361606,52.43751170438969,72.97216141744478,92.52079753584978,HIGH_PRODUCTION,0,0,125.94256600277907
2024-02-02 09:00:00,RIG_ANOMALIES,9,2,4,76.48634638588689,86.09057151943658,85.23864084605499,0.6560079663405795,54.64795741802252,74.12910138130799,90.09619530693566,HIGH_PRODUCTION,0,0,125.98888374247338
2024-02-02 10:00:00,RIG_ANOMALIES,10,2,4,81.50622847353647,90.46767098245653,94.34448570815412,0.6994392505102995,51.3514727829089,80.94113974793719,98.67717412081619,HIGH_PRODUCTION,0,0,126.03520148216768
2024-02-02 11:00:00,RIG_ANOMALIES,11,2,4,84.66185827501369,98.95221506719805,95.0,0.7118367671686802,55.851070199074364,83.61307631330459,96.14884138046443,HIGH_PRODUCTION,0,0,126.08151922186198
2024-02-02 12:00:00,RIG_ANOMALIES,12,2,4,85.73818483427267,94.00213380593324,95.0,0.7706953915913837,57.208111821709295,80.3230359202771,99.87992435884624,HIGH_PRODUCTION,0,0,126.12783696155628
2024-02-02 13:00:00,RIG_ANOMALIES,13,2,4,84.66185827501369,88.84037251812751,90.49868042204628,0.6905325694759659,51.13638870511851,78.71247924022526,97.35395900312984,HIGH_PRODUCTION,0,0,126.17415470125059
2024-02-02 14:00:00,RIG_ANOMALIES,14,2,4,81.50622847353648,89.42438761214187,91.50955791981032,0.7942633120697615,49.98891751046482,80.02298911213768,97.80614608516625,HIGH_PRODUCTION,0,0,126.22047244094489
2024-02-02 15:00:00,RIG_ANOMALIES,15,2,4,76.48634638588689,84.0689445197322,89.80559689938262,0.7152521893099505,50.51994253316526,74.2536709070032,96.23782549383841,HIGH_PRODUCTION,0,0,126.26679018063919
2024-02-02 16:00:00,RIG_ANOMALIES,16,2,4,69.94430868059086,91.61794252589472,89.7972693453859,0.7249952596250402,52.01281074167282,77.82956811620012,97.2443809953273,HIGH_PRODUCTION,0,0,126.3131079203335
2024-02-02 17:00:00,RIG_ANOMALIES,17,2,4,62.32594441603586,66.03145613025082,68.70016680723444,0.6250492160164932,43.7841450292643,69.28899611605598,76.60198144612819,HIGH_PRODUCTION,0,0,126.3594256600278
2024-02-02 18:00:00,RIG_ANOMALIES,18,2,4,54.150432526909064,65.62555639378297,71.81543839751035,0.6147144682299819,45.459149196219656,72.98937477705985,76.10151646881488,HIGH_PRODUCTION,0,0,126.4057433997221
2024-02-02 19:00:00,RIG_ANOMALIES,19,2,4,45.97492063778226,42.333158592261505,52.42590841152851,0.5786050341587059,42.31290700586103,67.80601087541596,56.165111203418384,HIGH_PRODUCTION,0,0,126.4520611394164
2024-02-02 20:00:00,RIG_ANOMALIES,20,2,4,38.356556373227264,50.13818580621369,55.99497682235127,0.6434091858520219,42.463018237561045,65.72389016837779,61.828233363512666,HIGH_PRODUCTION,0,0,126.4983788791107
2024-02-02 21:00:00,RIG_ANOMALIES,21,2,4,36.10028835127271,48.05845700741805,51.92750314547047,0.577344519364002,41.12783710435461,64.48251302887608,60.210226847968386,HIGH_PRODUCTION,0,0,126.544696618805
2024-02-02 22:00:00,RIG_ANOMALIES,22,2,4,36.10028835127271,46.917743701823426,51.510792744467764,0.6396649192233645,44.68112711025222,64.86784324867367,59.908516378931786,STANDBY,0,0,126.59101435849931
2024-02-02 23:00:00,RIG_ANOMALIES,23,2,4,36.10028835127271,45.50050975325756,43.674880884570705,0.5432015882870752,40.84602887521702,64.38894326608127,49.936440801672155,STANDBY,0,0,126.63733209819361
2024-02-03 00:00:00,RIG_ANOMALIES,0,3,5,36.872674070127886,52.34996216159007,52.94430215450812,0.5949669549709589,41.34683107489819,65.13892658463244,58.96881113120257,STANDBY,0,0,126.68364983788791
2024-02-03 01:00:00,RIG_ANOMALIES,1,3,5,36.872674070127886,53.24760403522765,51.74743235080765,0.6171671666384471,41.94589102195087,65.88182947576554,56.64143089065091,STANDBY,0,0,126.72996757758222
2024-02-03 02:00:00,RIG_ANOMALIES,2,3,5,36.872674070127886,54.824165944378635,56.519011957050424,0.7081209898804135,46.37676872695295,73.31954734971839,61.32847827515536,STANDBY,0,0,126.77628531727652
2024-02-03 03:00:00,RIG_ANOMALIES,3,3,5,36.872674070127886,42.551319668029606,52.75349102635354,0.5279627932019643,41.22422302418142,65.58892380429782,59.13831829403877,STANDBY,0,0,126.82260305697082
2024-02-03 04:00:00,RIG_ANOMALIES,4,3,5,39.17721619951087,43.4617481581311,53.452627460869294,0.6357104233579798,40.71712001170813,62.89600424122354,53.3064562525382,STANDBY,0,0,126.86892079666512
2024-02-03 05:00:00,RIG_ANOMALIES,5,3,5,46.958579598635716,61.78849681215884,70.32463720076487,0.644276287542631,44.045039004970214,67.48689267094935,76.14646547707204,STANDBY,0,0,126.91523853635942
2024-02-03 06:00:00,RIG_ANOMALIES,6,3,5,55.30901110519182,70.18713915203881,72.91435683935578,0.5865149450059404,46.583544474051344,67.53902648392771,75.58795628614351,HIGH_PRODUCTION,0,0,126.96155627605373
2024-02-03 07:00:00,RIG_ANOMALIES,7,3,5,63.65944261174793,61.05005741841059,69.80307867607388,0.6497096240662703,45.157215491544946,63.64445655729073,76.51102238115573,HIGH_PRODUCTION,0,0,127.00787401574803
2024-02-03 08:00:00,RIG_ANOMALIES,8,3,5,71.44080601087278,82.01437407899854,83.25770312735405,0.6754753862299541,48.40021537999838,77.42804044993568,90.56359326605461,HIGH_PRODUCTION,0,0,127.05419175544233
2024-02-03 09:00:00,RIG_ANOMALIES,9,3,5,78.12281424622702,86.82353799773469,87.40133786094113,0.7662416547856126,54.85160606047877,78.16927862193715,94.38317851198528,HIGH_PRODUCTION,0,0,127.10050949513663
2024-02-03 10:00:00,RIG_ANOMALIES,10,3,5,83.250099499112,95.21312052000559,95.0,0.764427973552186,51.47234373791308,78.86668535745092,104.94058165610173,HIGH_PRODUCTION,0,0,127.14682723483094
2024-02-03 11:00:00,RIG_ANOMALIES,11,3,5,86.47324575278313,88.40044217947877,91.79417010714313,0.7321606971826073,52.35383999706314,77.7102317535455,91.28418981070783,HIGH_PRODUCTION,0,0,127.19314497452524
2024-02-03 12:00:00,RIG_ANOMALIES,12,3,5,87.57260091655372,104.5364833338191,95.0,0.8574080983093758,53.984709829939426,79.61942653883492,100.74403887535254,HIGH_PRODUCTION,0,0,127.23946271421954
2024-02-03 13:00:00,RIG_ANOMALIES,13,3,5,86.47324575278313,107.6846172160902,95.0,0.7847067586760073,57.70602429522895,84.94068492366262,100.3172625560562,HIGH_PRODUCTION,0,0,127.28578045391384
2024-02-03 14:00:00,RIG_ANOMALIES,14,3,5,83.25009949911201,94.66772891078921,92.28889242794934,0.7218245770963281,57.112356079758534,78.60103110051782,99.70209184599229,HIGH_PRODUCTION,0,0,127.33209819360815
2024-02-03 15:00:00,RIG_ANOMALIES,15,3,5,78.12281424622702,74.3680818611162,76.04307150998129,0.7612070769740749,49.88829386848325,69.01262216863006,86.64232128878696,HIGH_PRODUCTION,0,0,127.37841593330245
2024-02-03 16:00:00,RIG_ANOMALIES,16,3,5,71.44080601087278,79.2702206126184,83.89074019846667,0.751892128535695,47.97664852209812,79.26570148463011,85.95321517199336,HIGH_PRODUCTION,0,0,127.42473367299675
2024-02-03 17:00:00,RIG_ANOMALIES,17,3,5,63.65944261174793,70.98222922314815,76.52100471280563,0.6532818882351158,49.995713765111276,70.89699493766511,82.68710137323217,HIGH_PRODUCTION,0,0,127.47105141269105
2024-02-03 18:00:00,RIG_ANOMALIES,18,3,5,55.30901110519183,71.10273235822153,73.23110365768895,0.6518051947434256,52.151344497823736,67.62155209376233,75.7588665399071,HIGH_PRODUCTION,0,0,127.51736915238536
2024-02-03 19:00:00,RIG_ANOMALIES,19,3,5,46.958579598635716,60.05263217245303,64.95572852405402,0.6434455706555549,41.9247933143186,66.56176588077487,65.27011541402041,HIGH_PRODUCTION,0,0,127.56368689207966
2024-02-03 20:00:00,RIG_ANOMALIES,20,3,5,39.17721619951089,58.70817431706686,62.49569026299959,0.6405862924197213,44.73256264732121,71.74865403035231,68.0898499110233,HIGH_PRODUCTION,0,0,127.61000463177396
2024-02-03 21:00:00,RIG_ANOMALIES,21,3,5,36.872674070127886,39.80199206537144,49.851840460681615,0.5677919478174352,38.880804118575035,53.93740764280981,48.91938262937186,HIGH_PRODUCTION,0,0,127.65632237146826
2024-02-03 22:00:00,RIG_ANOMALIES,22,3,5,36.872674070127886,43.80276554477619,49.677195110997765,0.5378549506631498,42.9591088301723,68.23178972370563,55.15790876684714,STANDBY,0,0,127.70264011116257
2024-02-03 23:00:00,RIG_ANOMALIES,23,3,5,36.872674070127886,50.49486196241368,52.632006569670956,0.577191540933831,46.18195679728794,70.3422625503274,57.40938947116317,STANDBY,0,0,127.74895785085687
2024-02-04 00:00:00,RIG_ANOMALIES,0,4,6,38.26446504352977,53.25642408762102,53.829612502529464,0.5652738542319924,43.29238163239845,64.00193511856814,54.283413874507566,STANDBY,0,0,127.79527559055117
2024-02-04 01:00:00,RIG_ANOMALIES,1,4,6,38.26446504352977,43.98097937556763,47.98488397937185,0.5680222360853743,40.742261138067455,64.06277795717901,55.50875011951535,STANDBY,0,0,127.84159333024547
2024-02-04 02:00:00,RIG_ANOMALIES,2,4,6,38.26446504352977,49.98508927284303,56.461461907513666,0.6679505620048807,42.16274457935997,66.78288612028503,65.7357928727383,STANDBY,0,0,127.88791106993979
2024-02-04 03:00:00,RIG_ANOMALIES,3,4,6,38.26446504352977,55.80780755980982,57.66947154355133,0.6166025353934904,43.87353247690637,67.04455445421858,60.76178067892483,STANDBY,0,0,127.93422880963409
2024-02-04 04:00:00,RIG_ANOMALIES,4,4,6,40.65599410875038,45.33880018534615,55.68843181962,0.4605679069251356,40.942424417129324,66.14645991835364,55.720351921454615,STANDBY,0,0,127.9805465493284
2024-02-04 05:00:00,RIG_ANOMALIES,5,4,6,48.73107179936013,61.6567518410627,61.836310743906104,0.5585080575168715,44.00155859576764,70.36629652331096,65.74100765035882,STANDBY,0,0,128.02686428902268
2024-02-04 06:00:00,RIG_ANOMALIES,6,4,6,57.396697565294645,75.38592565737318,74.58533366145889,0.6608564039683003,50.80581909541678,73.09716627937213,78.71652494786987,HIGH_PRODUCTION,0,0,128.07318202871699
2024-02-04 07:00:00,RIG_ANOMALIES,7,4,6,66.06232333122917,86.61742455764346,84.5885597056654,0.6313610335223506,51.246214805425325,75.92477778064121,88.68254430694759,HIGH_PRODUCTION,0,0,128.1194997684113
2024-02-04 08:00:00,RIG_ANOMALIES,8,4,6,74.13740102183893,82.32133576124502,83.13019660352028,0.7460065802435188,51.18222618534116,76.11804412423874,88.62157240323619,HIGH_PRODUCTION,0,0,128.1658175081056
2024-02-04 09:00:00,RIG_ANOMALIES,9,4,6,81.0716274372057,92.02416483218732,90.89187817221297,0.797945933887961,52.19419894686995,77.02833310322677,97.64481232472035,HIGH_PRODUCTION,0,0,128.2121352477999
2024-02-04 10:00:00,RIG_ANOMALIES,10,4,6,86.39244650647323,99.02085519191888,95.0,0.783248630883584,55.20917659604853,80.59951422648537,99.37631511907428,HIGH_PRODUCTION,0,0,128.2584529874942
2024-02-04 11:00:00,RIG_ANOMALIES,11,4,6,89.73725320314023,111.67639034799689,95.0,0.7855406242117854,59.54953898876768,78.85567111212222,105.38397127336734,HIGH_PRODUCTION,0,0,128.3047707271885
2024-02-04 12:00:00,RIG_ANOMALIES,12,4,6,90.8781044783832,105.00066165075123,95.0,0.7626437547436059,57.11376560922985,80.51785789588415,99.6408617750619,HIGH_PRODUCTION,0,0,128.3510884668828
2024-02-04 13:00:00,RIG_ANOMALIES,13,4,6,89.73725320314023,101.08215903520545,95.0,0.7404933514735312,53.32719745373734,79.42290672801977,100.88000675362433,HIGH_PRODUCTION,0,0,128.3974062065771
2024-02-04 14:00:00,RIG_ANOMALIES,14,4,6,86.39244650647325,101.40307168294166,95.0,0.7655184151313039,56.63632681708798,80.20824018424138,98.5789903425983,HIGH_PRODUCTION,0,0,128.4437239462714
2024-02-04 15:00:00,RIG_ANOMALIES,15,4,6,81.0716274372057,93.15181236458994,92.39600654294678,0.8288322123944781,49.88901253002606,76.52611728993269,101.27926554382887,HIGH_PRODUCTION,0,0,128.4900416859657
2024-02-04 16:00:00,RIG_ANOMALIES,16,4,6,74.13740102183893,80.64942680401256,81.62529627013457,0.7291863532636594,48.53605433474754,70.1504565330716,92.22754927752737,HIGH_PRODUCTION,0,0,128.53635942566
2024-02-04 17:00:00,RIG_ANOMALIES,17,4,6,66.06232333122917,80.54139549189384,80.35100273699148,0.6473933645217982,50.42876225980669,69.21821331071438,84.8954289711264,HIGH_PRODUCTION,0,0,128.58267716535434
2024-02-04 18:00:00,RIG_ANOMALIES,18,4,6,57.39669756529465,76.89576087002209,78.30330825129082,0.7306287289026687,48.78550058603622,71.00495337573535,87.16575318617404,HIGH_PRODUCTION,0,0,128.62899490504864
2024-02-04 19:00:00,RIG_ANOMALIES,19,4,6,48.73107179936013,62.04374744717841,68.2565996106265,0.6993717986550007,44.94751390336281,71.33831167279186,66.17120851762678,HIGH_PRODUCTION,0,0,128.67531264474295
2024-02-04 20:00:00,RIG_ANOMALIES,20,4,6,40.65599410875039,49.64407630005652,55.90374662981134,0.6191013604652879,42.95644721413587,64.37255867726536,58.03641805882715,HIGH_PRODUCTION,0,0,128.72163038443725
2024-02-04 21:00:00,RIG_ANOMALIES,21,4,6,38.26446504352977,51.335606111727614,55.46448761592926,0.6108329305480967,40.55379521353767,66.1037844552913,60.768469747567416,HIGH_PRODUCTION,0,0,128.76794812413155
2024-02-04 22:00:00,RIG_ANOMALIES,22,4,6,38.26446504352977,43.98601769848481,49.698199869665125,0.5952287111722547,43.19202825361361,57.865179963944705,56.74350864170934,STANDBY,0,0,128.81426586382585
2024-02-04 23:00:00,RIG_ANOMALIES,23,4,6,38.26446504352977,57.97729166508508,51.3832767069686,0.6680627963738404,47.05782048967068,71.4455691428248,52.66615242167043,STANDBY,0,0,128.86058360352015
2024-02-05 00:00:00,RIG_ANOMALIES,0,5,0,40.0,53.35949157349883,55.16289640697085,0.602516720254743,44.921300835558306,63.65966804935562,57.740366862215566,STANDBY,0,0,128.90690134321446
2024-02-05 01:00:00,RIG_ANOMALIES,1,5,0,40.0,53.00889077705321,56.94397644101209,0.5406465081728572,42.74018979693165,70.71776169291434,55.93020802595894,STANDBY,0,0,128.95321908290876
2024-02-05 02:00:00,RIG_ANOMALIES,2,5,0,40.0,51.74139043620167,51.838561784024606,0.6172841225062287,44.04791676795831,67.9890304519159,56.30452130917479,STANDBY,0,0,128.99953682260306
2024-02-05 03:00:00,RIG_ANOMALIES,3,5,0,40.0,59.51235165653731,58.46252909974311,0.6260140406407696,46.73936376276265,68.23532220786268,61.97576383829656,STANDBY,0,0,129.04585456229736
2024-02-05 04:00:00,RIG_ANOMALIES,4,5,0,42.5,48.397579176999564,54.23906288528892,0.6188146968256034,42.1156491970752,59.447552156066976,56.63008486077014,STANDBY,0,0,129.09217230199167
2024-02-05 05:00:00,RIG_ANOMALIES,5,5,0,50.94133342141177,62.66230618975494,69.02393790109167,0.6279183871923742,44.77309788954814,67.7235379800662,76.18173180442778,STANDBY,0,0,129.13849004168597
2024-02-05 06:00:00,RIG_ANOMALIES,6,5,0,60.0,64.08126680188764,70.353535735602,0.7687688550432901,45.33325701262535,68.4447337596872,79.46780461543077,HIGH_PRODUCTION,0,0,129.18480778138027
2024-02-05 07:00:00,RIG_ANOMALIES,7,5,0,69.05866657858823,86.60896427693018,82.97979350985335,0.7402706681649509,52.47297583800984,76.2358263026705,85.94715012627587,HIGH_PRODUCTION,0,0,129.23112552107457
2024-02-05 08:00:00,RIG_ANOMALIES,8,5,0,77.5,90.34144922338668,90.24014192305599,0.6490708545293393,51.40688227588842,75.2275727592279,96.82012729234653,HIGH_PRODUCTION,0,0,129.27744326076888
2024-02-05 09:00:00,RIG_ANOMALIES,9,5,0,84.74873734152916,93.5292540325319,90.48911865345967,0.7543102405229818,51.748574155678284,75.96370568094991,94.35669282517327,HIGH_PRODUCTION,0,0,129.32376100046318
2024-02-05 10:00:00,RIG_ANOMALIES,10,5,0,90.31088913245534,100.59728554477458,95.0,0.798014874634438,53.81808317291744,77.93757975058854,103.5089738371847,HIGH_PRODUCTION,0,0,129.37007874015748
2024-02-05 11:00:00,RIG_ANOMALIES,11,5,0,93.8074039201174,105.97246283950545,95.0,0.8127333849686824,54.16306903770508,78.97963231673562,98.14524375384798,HIGH_PRODUCTION,0,0,129.41639647985178
2024-02-05 12:00:00,RIG_ANOMALIES,12,5,0,95.0,109.60953232577599,95.0,0.776746678886354,57.38741182762871,83.01609778704206,103.78894153700612,HIGH_PRODUCTION,0,0,129.4627142195461
2024-02-05 13:00:00,RIG_ANOMALIES,13,5,0,93.8074039201174,101.11702152970454,95.0,0.7997963040431388,54.227229744283484,76.86623354812014,94.44380652188359,HIGH_PRODUCTION,0,0,129.5090319592404
2024-02-05 14:00:00,RIG_ANOMALIES,14,5,0,90.31088913245536,98.28047590328835,91.69031492448106,0.8011488993613283,54.22989948586714,76.44053092035166,95.1813436299175,HIGH_PRODUCTION,0,0,129.5553496989347
2024-02-05 15:00:00,RIG_ANOMALIES,15,5,0,84.74873734152916,102.05586943083468,95.0,0.8581369881671497,56.50774807044679,84.4068114277974,99.18890182096531,HIGH_PRODUCTION,0,0,129.601667438629
2024-02-05 16:00:00,RIG_ANOMALIES,16,5,0,77.5,82.00453848014246,81.97488561825669,0.8029946462042034,51.62345750574899,72.4096456811634,86.10599210946982,HIGH_PRODUCTION,0,0,129.6479851783233
2024-02-05 17:00:00,RIG_ANOMALIES,17,5,0,69.05866657858823,86.58059405679866,87.42399460959163,0.7665775972985273,50.83491031029023,76.13444744357443,96.29192212306826,HIGH_PRODUCTION,0,0,129.6943029180176
2024-02-05 18:00:00,RIG_ANOMALIES,18,5,0,60.00000000000001,74.42440676404456,73.94944804295321,0.7266340236152713,44.002494337372994,76.9508799487717,76.22114689368885,HIGH_PRODUCTION,0,0,129.7406206577119
2024-02-05 19:00:00,RIG_ANOMALIES,19,5,0,50.94133342141177,61.66292885691345,63.89512905341126,0.693494221862747,46.827479827176425,71.16672946402235,65.57835429705852,HIGH_PRODUCTION,0,0,129.7869383974062
2024-02-05 20:00:00,RIG_ANOMALIES,20,5,0,42.500000000000014,55.021805458358834,60.57215646723414,0.5759165242759818,45.49402423431813,69.20024174264609,62.37051189493716,HIGH_PRODUCTION,0,0,129.8332561371005
2024-02-05 21:00:00,RIG_ANOMALIES,21,5,0,40.0,60.9289311696365,59.63566229877737,0.639080045164256,45.38553039744241,68.61720499309905,63.75293160390125,HIGH_PRODUCTION,0,0,129.8795738767948
2024-02-05 22:00:00,RIG_ANOMALIES,22,5,0,40.0,48.1417194913361,54.21241338756545,0.6910506236808693,43.27416942638033,64.3780883801534,55.777719585201794,STANDBY,0,0,129.9258916164891
2024-02-05 23:00:00,RIG_ANOMALIES,23,5,0,40.0,46.60495232616414,49.63163588483574,0.5745968190077553,41.751521492610266,67.03893852502031,55.12826446521591,STANDBY,0,0,129.9722093561834
2024-02-06 00:00:00,RIG_ANOMALIES,0,6,1,38.26446504352977,50.75450522672435,52.88951260586266,0.6092554527530796,45.440792607827746,61.56177452902357,60.524038607652386,STANDBY,0,0,130.01852709587772
2024-02-06 01:00:00,RIG_ANOMALIES,1,6,1,38.26446504352977,54.41375033496788,56.623233846839405,0.6670858704702841,40.807939816823364,65.12011383643853,59.40647145448943,STANDBY,0,0,130.06484483557202
2024-02-06 02:00:00,RIG_ANOMALIES,2,6,1,38.26446504352977,39.80888130663329,51.38843605282359,0.6392799262153643,38.920499208682955,59.2462754151768,54.90837021002991,STANDBY,0,0,130.11116257526632
2024-02-06 03:00:00,RIG_ANOMALIES,3,6,1,38.26446504352977,53.50797198207146,55.716895845126025,0.5532451946571417,41.117808072107124,66.51192050560945,62.70174175590036,STANDBY,0,0,130.15748031496062
2024-02-06 04:00:00,RIG_ANOMALIES,4,6,1,40.65599410875038,52.72456337332506,55.37635745559714,0.6121472774927332,41.931507520290296,64.639259464343,66.85925358815959,STANDBY,0,0,130.20379805465492
2024-02-06 05:00:00,RIG_ANOMALIES,5,6,1,48.73107179936014,55.6540117476899,57.474955409114436,0.5715975367387718,43.2343404720401,67.16881552467981,60.06389096169747,STANDBY,0,0,130.25011579434923
2024-02-06 06:00:00,RIG_ANOMALIES,6,6,1,57.39669756529465,70.23087874899531,71.03948549030088,0.6344459239177163,44.708956649532546,73.01206373813973,78.24518668551265,HIGH_PRODUCTION,0,0,130.29643353404353
2024-02-06 07:00:00,RIG_ANOMALIES,7,6,1,66.06232333122918,80.25296688824149,81.76245572666053,0.6641189552380901,52.243469328739806,77.25607693058788,88.16766646623824,HIGH_PRODUCTION,0,0,130.34275127373783
2024-02-06 08:00:00,RIG_ANOMALIES,8,6,1,74.13740102183893,91.80552545027628,88.92112429988447,0.7757584149560344,50.479874019324974,78.75976922514148,89.78552215641754,HIGH_PRODUCTION,0,0,130.38906901343213
2024-02-06 09:00:00,RIG_ANOMALIES,9,6,1,81.07162743720572,90.36645513877436,89.78528343929368,0.5956297030290867,52.810448215306785,77.43006360320854,95.65146268899362,HIGH_PRODUCTION,0,0,130.43538675312644
2024-02-06 10:00:00,RIG_ANOMALIES,10,6,1,86.39244650647325,96.82172967172346,92.01269645914128,0.7485861250516874,53.68098821767577,76.1677414400893,98.94406608713459,HIGH_PRODUCTION,0,0,130.48170449282074
2024-02-06 11:00:00,RIG_ANOMALIES,11,6,1,89.73725320314024,104.71552701840787,95.0,0.8317616376604672,52.72115260075317,77.50251654352549,93.17125894067856,HIGH_PRODUCTION,0,0,130.52802223251507
2024-02-06 12:00:00,RIG_ANOMALIES,12,6,1,90.87810447838321,108.21144733450384,95.0,0.8149187532703389,57.31261149067761,83.65754482546633,101.30443483662887,HIGH_PRODUCTION,0,0,130.57433997220937
2024-02-06 13:00:00,RIG_ANOMALIES,13,6,1,89.73725320314024,95.36105180484645,94.04098543626503,0.7994564042677755,52.580133021403675,75.4267951469257,100.4542574818315,HIGH_PRODUCTION,0,0,130.62065771190368
2024-02-06 14:00:00,RIG_ANOMALIES,14,6,1,86.39244650647326,86.40634244084391,90.91575567075091,0.7493147522723687,50.927627136100085,80.60747920518999,91.68658764055614,HIGH_PRODUCTION,0,0,130.66697545159798
2024-02-06 15:00:00,RIG_ANOMALIES,15,6,1,81.07162743720572,96.13901880705835,93.37012921457904,0.7617545377905002,54.733802470730815,79.90326058961418,101.83344448165747,HIGH_PRODUCTION,0,0,130.71329319129228
2024-02-06 16:00:00,RIG_ANOMALIES,16,6,1,74.13740102183893,82.95970794016515,82.46092772292367,0.675858165055195,50.67896711328148,73.30908520559758,83.45829767327825,HIGH_PRODUCTION,0,0,130.75961093098658
2024-02-06 17:00:00,RIG_ANOMALIES,17,6,1,66.06232333122918,73.49436715851387,75.69018912849795,0.71149789292737,48.46497810551295,69.10317965179416,87.36299394054225,HIGH_PRODUCTION,0,0,130.80592867068088
2024-02-06 18:00:00,RIG_ANOMALIES,18,6,1,57.39669756529466,68.01425643308158,72.36273379932464,0.6093306049251989,49.396106895721346,70.79060779134181,71.98422367638426,HIGH_PRODUCTION,0,0,130.8522464103752
2024-02-06 19:00:00,RIG_ANOMALIES,19,6,1,48.73107179936014,60.06109741987722,62.30944552168072,0.7243001097928756,46.26986914217941,72.78527281857635,62.56135515571983,HIGH_PRODUCTION,0,0,130.8985641500695
2024-02-06 20:00:00,RIG_ANOMALIES,20,6,1,40.65599410875039,52.98760908208539,57.64753573278981,0.6300760957140068,45.043936368745015,65.34060968740768,66.4135180794719,HIGH_PRODUCTION,0,0,130.9448818897638
2024-02-06 21:00:00,RIG_ANOMALIES,21,6,1,38.26446504352977,46.76206774448528,49.19269286332098,0.5934903623684097,38.976840408346916,62.165712874951915,54.9453600861268,HIGH_PRODUCTION,0,0,130.9911996294581
2024-02-06 22:00:00,RIG_ANOMALIES,22,6,1,38.26446504352977,45.94122631550299,51.348692399042626,0.5159245417923184,38.477851109438255,68.46481121235809,56.95535614842068,STANDBY,0,0,131.0375173691524
2024-02-06 23:00:00,RIG_ANOMALIES,23,6,1,38.26446504352977,53.995219801908625,52.942713433852774,0.6354273572590736,40.70726887935257,65.49605672638464,60.99508522476111,STANDBY,0,0,131.0838351088467
2024-02-07 00:00:00,RIG_ANOMALIES,0,7,2,36.872674070127886,46.50034894515474,49.397226937340555,0.5617914622158047,40.93824539496504,58.483063184760546,59.96030954860871,STANDBY,0,0,131.130152848541
2024-02-07 01:00:00,RIG_ANOMALIES,1,7,2,36.872674070127886,55.15780915941017,59.055016784642596,0.6763358840425613,44.104576336124694,69.21493433845224,64.23991978879732,STANDBY,0,0,131.1764705882353
2024-02-07 02:00:00,RIG_ANOMALIES,2,7,2,36.872674070127886,47.94863787103704,51.20593226391789,0.6675926212766741,35.833936939575295,60.74675585668188,57.018477060838336,STANDBY,0,0,131.2227883279296
2024-02-07 03:00:00,RIG_ANOMALIES,3,7,2,36.872674070127886,56.24116800111307,57.975708447542544,0.6457797249159676,40.90867554873748,62.498964673349604,59.134304610399916,STANDBY,0,0,131.2691060676239
2024-02-07 04:00:00,RIG_ANOMALIES,4,7,2,39.17721619951087,46.387944339589474,54.152852353540304,0.6045648022956128,37.65695007886172,61.66590743567028,60.36956166733551,STANDBY,0,0,131.3154238073182
2024-02-07 05:00:00,RIG_ANOMALIES,5,7,2,46.958579598635716,52.53357833713002,59.80246925536878,0.5699542482309485,43.6935420324642,63.5833548213571,57.78015111037064,STANDBY,0,0,131.3617415470125
2024-02-07 06:00:00,RIG_ANOMALIES,6,7,2,55.30901110519182,66.1213379190256,70.04624233801715,0.6389433595805253,45.66065965322474,70.67856128237408,75.90469350810781,HIGH_PRODUCTION,0,0,131.40805928670682
2024-02-07 07:00:00,RIG_ANOMALIES,7,7,2,63.65944261174793,76.49874962930971,75.65281211164955,0.6849793131449414,48.74560622603089,71.14435345140826,84.83824368888986,HIGH_PRODUCTION,0,0,131.45437702640112
2024-02-07 08:00:00,RIG_ANOMALIES,8,7,2,71.44080601087278,85.56452445021871,87.79287175452743,0.6496797592186425,52.08214520150048,70.46667670239597,92.560328017135,HIGH_PRODUCTION,0,0,131.50069476609542
2024-02-07 09:00:00,RIG_ANOMALIES,9,7,2,78.12281424622702,95.28176370823813,92.44633645613304,0.7965709093834764,52.248763287252146,80.81936203556367,100.09492141490274,HIGH_PRODUCTION,0,0,131.54701250578972
2024-02-07 10:00:00,RIG_ANOMALIES,10,7,2,83.250099499112,96.67876858522861,93.09830545823444,0.809272263843521,57.23129896152611,77.22224832915533,99.85857906761557,HIGH_PRODUCTION,0,0,131.59333024548403
2024-02-07 11:00:00,RIG_ANOMALIES,11,7,2,86.47324575278313,102.35144487652289,95.0,0.7403868521346185,56.97005933286614,79.40009127062416,99.87183496518296,HIGH_PRODUCTION,0,0,131.63964798517833
2024-02-07 12:00:00,RIG_ANOMALIES,12,7,2,87.57260091655372,103.39460367867841,95.0,0.8977184396708718,57.49937218330852,79.72152628249803,96.90566318569059,HIGH_PRODUCTION,0,0,131.68596572487263
2024-02-07 13:00:00,RIG_ANOMALIES,13,7,2,86.47324575278313,104.72437902399173,95.0,0.8143674439827424,54.984039115689136,79.79669656977161,103.16508431322613,HIGH_PRODUCTION,0,0,131.73228346456693
2024-02-07 14:00:00,RIG_ANOMALIES,14,7,2,83.25009949911201,101.59959525545732,95.0,0.802849603054405,54.87867053752018,81.21262203962353,99.4682936998991,HIGH_PRODUCTION,0,0,131.77860120426124
2024-02-07 15:00:00,RIG_ANOMALIES,15,7,2,78.12281424622702,92.57508480794013,89.98773805129932,0.7201260885305664,54.31778227301176,76.84379271261209,88.95626083320609,HIGH_PRODUCTION,0,0,131.82491894395554
2024-02-07 16:00:00,RIG_ANOMALIES,16,7,2,71.44080601087278,93.14653935522927,89.56199085079308,0.7135935518818247,51.33014071722964,75.96160858902958,96.51242965231373,HIGH_PRODUCTION,0,0,131.87123668364984
2024-02-07 17:00:00,RIG_ANOMALIES,17,7,2,63.65944261174793,65.04786456725118,72.55567123055796,0.702757946395977,48.57793375858921,71.6897523510691,73.94110031344192,HIGH_PRODUCTION,0,0,131.91755442334414
2024-02-07 18:00:00,RIG_ANOMALIES,18,7,2,55.30901110519183,66.06465395813429,69.51081140146393,0.7646211958713764,43.223672782281724,71.78041937382552,77.72122936336211,HIGH_PRODUCTION,0,0,131.96387216303845
2024-02-07 19:00:00,RIG_ANOMALIES,19,7,2,46.958579598635716,59.455258508995655,62.327704906182426,0.6376059869964931,45.97377361609716,66.04152517413698,61.63867469470687,HIGH_PRODUCTION,0,0,132.01018990273275
2024-02-07 20:00:00,RIG_ANOMALIES,20,7,2,39.17721619951089,50.74070966266975,53.59209118371396,0.720951859863315,44.72526871896775,64.74193978406447,64.7091579298579,HIGH_PRODUCTION,0,0,132.05650764242705
2024-02-07 21:00:00,RIG_ANOMALIES,21,7,2,36.872674070127886,62.967767180270926,62.75331718782977,0.5927579434702347,47.70902013799222,68.70111233476275,68.55295885430706,HIGH_PRODUCTION,0,0,132.10282538212135
2024-02-07 22:00:00,RIG_ANOMALIES,22,7,2,36.872674070127886,47.838063997502104,52.41466557275306,0.6472653398260599,44.646946373584306,67.59401899174844,62.457991570638995,STANDBY,0,0,132.14914312181565
2024-02-07 23:00:00,RIG_ANOMALIES,23,7,2,36.872674070127886,46.12943750158514,49.625878559911726,0.6105186419652355,38.228999667356106,66.0477679069525,55.02928102858211,STANDBY,0,0,132.19546086150996
2024-02-08 00:00:00,RIG_ANOMALIES,0,8,3,36.10028835127271,42.35175399068616,47.51960407199356,0.5826668992680899,38.21006357249936,50.46302710091005,56.166592570445296,STANDBY,0,0,132.24177860120426
2024-02-08 01:00:00,RIG_ANOMALIES,1,8,3,36.10028835127271,38.210841701023,42.22740337835462,0.6391021366712855,37.904560353417686,59.001621606921866,42.82317196015183,STANDBY,0,0,132.28809634089856
2024-02-08 02:00:00,RIG_ANOMALIES,2,8,3,36.10028835127271,40.14910022664791,47.70357660634351,0.6327705970989923,38.055375998859034,62.79829965206499,53.718067117919674,STANDBY,0,0,132.33441408059286
2024-02-08 03:00:00,RIG_ANOMALIES,3,8,3,36.10028835127271,42.156887452260364,51.60825264210552,0.6577152963366427,40.02295597142333,67.22373619258565,56.13920055696143,STANDBY,0,0,132.38073182028717
2024-02-08 04:00:00,RIG_ANOMALIES,4,8,3,38.35655637322725,55.87873772225851,60.83835179057368,0.6294222098699784,43.063796199750314,69.52667354221107,65.21110656516241,STANDBY,0,0,132.42704955998147
2024-02-08 05:00:00,RIG_ANOMALIES,5,8,3,45.97492063778226,52.00096349658392,63.66779632753859,0.6389418066565586,44.69535691995151,66.94894866394348,66.84507128091651,STANDBY,0,0,132.47336729967577
2024-02-08 06:00:00,RIG_ANOMALIES,6,8,3,54.15043252690906,68.0187991998101,74.86647241159531,0.6549492420809406,43.79380817428111,67.52373293731439,76.15619459885316,HIGH_PRODUCTION,0,0,132.51968503937007
2024-02-08 07:00:00,RIG_ANOMALIES,7,8,3,62.32594441603586,76.93114176584959,79.57377640817123,0.7490073747611781,47.69547739902962,72.5749769084726,86.86199079860842,HIGH_PRODUCTION,0,0,132.56600277906438
2024-02-08 08:00:00,RIG_ANOMALIES,8,8,3,69.94430868059086,90.3480195511843,90.84052429077708,0.6399901499003363,54.26199109167325,81.1867924335808,92.34004227916913,HIGH_PRODUCTION,0,0,132.61232051875868
2024-02-08 09:00:00,RIG_ANOMALIES,9,8,3,76.48634638588689,88.88882375644215,85.08366801075113,0.6998200238436784,49.95374481678619,76.08070199649657,90.67891004507428,HIGH_PRODUCTION,0,0,132.65863825845298
2024-02-08 10:00:00,RIG_ANOMALIES,10,8,3,81.50622847353647,92.70161756373938,94.7030317147586,0.7462564801755021,54.128840024105955,74.90568636124715,105.32189051696838,HIGH_PRODUCTION,0,0,132.70495599814728
2024-02-08 11:00:00,RIG_ANOMALIES,11,8,3,84.66185827501369,101.15413302923297,95.0,0.8366860290592916,52.424807462452435,82.58452490921742,98.2902479227126,HIGH_PRODUCTION,0,0,132.7512737378416
2024-02-08 12:00:00,RIG_ANOMALIES,12,8,3,85.73818483427267,95.34127853916853,95.0,0.7418889462063739,54.62659359123906,78.10778396757549,100.76619517769284,HIGH_PRODUCTION,0,0,132.7975914775359
2024-02-08 13:00:00,RIG_ANOMALIES,13,8,3,84.66185827501369,97.09422384479583,95.0,0.7299469369253563,55.56268976777258,77.87211505402767,99.93540999024493,HIGH_PRODUCTION,0,0,132.8439092172302
2024-02-08 14:00:00,RIG_ANOMALIES,14,8,3,81.50622847353648,97.1728845866661,94.64897984380858,0.7371407811569473,54.00045946248486,80.76655046491975,97.49348481265979,HIGH_PRODUCTION,0,0,132.8902269569245
2024-02-08 15:00:00,RIG_ANOMALIES,15,8,3,76.48634638588689,85.29810267042214,85.11161543320698,0.6634435508112003,49.87494409883927,73.65846367338345,93.40102514975842,HIGH_PRODUCTION,0,0,132.9365446966188
2024-02-08 16:00:00,RIG_ANOMALIES,16,8,3,69.94430868059086,83.69327028601457,83.88741273179787,0.7931598805959188,51.38236831295052,78.46552708484825,91.83496431404998,HIGH_PRODUCTION,0,0,132.9828624363131
2024-02-08 17:00:00,RIG_ANOMALIES,17,8,3,62.32594441603586,65.3064489522703,69.2363481104784,0.6586156741594152,47.339506933619425,66.15547909695019,73.2072757830345,HIGH_PRODUCTION,0,0,133.0291801760074
2024-02-08 18:00:00,RIG_ANOMALIES,18,8,3,54.150432526909064,61.50956530804608,67.36486410096492,0.6732200869031089,45.78717831499349,71.77216820838993,76.23564156814318,HIGH_PRODUCTION,0,0,133.0754979157017
2024-02-08 19:00:00,RIG_ANOMALIES,19,8,3,45.97492063778226,55.49662802951575,59.149853894717886,0.6477342019838653,44.39548086545822,65.83740716175653,63.92809852948804,HIGH_PRODUCTION,0,0,133.121815655396
2024-02-08 20:00:00,RIG_ANOMALIES,20,8,3,38.356556373227264,52.87492026291063,55.83068027112506,0.5312608676919062,44.227046962696015,61.65684171832636,60.66171629641411,HIGH_PRODUCTION,0,0,133.1681333950903
2024-02-08 21:00:00,RIG_ANOMALIES,21,8,3,36.10028835127271,54.0748253196029,55.79516318486662,0.6688286648142813,43.69465850068058,68.55273529508531,60.430943958842995,HIGH_PRODUCTION,0,0,133.2144511347846
2024-02-08 22:00:00,RIG_ANOMALIES,22,8,3,36.10028835127271,54.27960903001655,56.07737721905351,0.570056135696539,44.49350716259805,69.23723377741882,63.48801614803565,STANDBY,0,0,133.2607688744789
2024-02-08 23:00:00,RIG_ANOMALIES,23,8,3,36.10028835127271,47.66149725341674,51.19323980865701,0.4938886367011791,37.29513437817394,59.53262193492335,57.57976811135611,STANDBY,0,0,133.30708661417322
2024-02-09 00:00:00,RIG_ANOMALIES,0,9,4,36.10028835127271,48.46124950054748,49.20424629625387,0.6109783948395837,39.320790169105706,63.24552002118743,52.09465245723809,STANDBY,0,0,133.35340435386752
2024-02-09 01:00:00,RIG_ANOMALIES,1,9,4,36.10028835127271,47.861822259906724,50.781899037696384,0.6222119346353727,41.15716050231307,63.43551631448581,56.44110451978847,STANDBY,0,0,133.39972209356182
2024-02-09 02:00:00,RIG_ANOMALIES,2,9,4,36.10028835127271,51.066842488070016,54.72386962653187,0.5604268061583464,44.889835529536796,64.23752622293884,59.041073197692704,STANDBY,0,0,133.44603983325612
2024-02-09 03:00:00,RIG_ANOMALIES,3,9,4,36.10028835127271,55.58238252124353,57.80058222106396,0.7206899169309517,41.51095522224415,65.6522336077009,64.61934328587847,STANDBY,0,0,133.49235757295043
2024-02-09 04:00:00,RIG_ANOMALIES,4,9,4,38.35655637322725,54.86455662517808,57.326766715527185,0.6850070836892778,41.88909530131435,68.84026785806996,66.64618102320185,STANDBY,0,0,133.53867531264473
2024-02-09 05:00:00,RIG_ANOMALIES,5,9,4,45.97492063778226,56.90167750736411,61.295277574407386,0.6306565206712211,46.313777483155235,64.0417502249614,68.06538005785578,STANDBY,0,0,133.58499305233903
2024-02-09 06:00:00,RIG_ANOMALIES,6,9,4,54.15043252690906,61.429632455911396,64.54276964271523,0.726146322686954,40.61796288272639,66.20758449244632,66.39437087214505,HIGH_PRODUCTION,0,0,133.63131079203333
2024-02-09 07:00:00,RIG_ANOMALIES,7,9,4,62.32594441603586,72.35032963775313,75.45345060870534,0.735119325989918,53.426821455587216,71.66522177796988,86.8713770413315,HIGH_PRODUCTION,0,0,133.67762853172763
2024-02-09 08:00:00,RIG_ANOMALIES,8,9,4,69.94430868059086,85.06485887727587,86.65558600309984,0.6905613946495898,49.01944560840043,80.00567641202207,92.6581758670396,HIGH_PRODUCTION,0,0,133.72394627142194
2024-02-09 09:00:00,RIG_ANOMALIES,9,9,4,76.48634638588689,91.81096244762433,93.13214000968377,0.6510270369179371,52.31277421816576,72.0598171124644,95.91234115230878,HIGH_PRODUCTION,0,0,133.77026401111624
2024-02-09 10:00:00,RIG_ANOMALIES,10,9,4,81.50622847353647,85.70707225592287,87.33676077926742,0.645350033348709,51.93662564456242,72.54581629691539,95.50178145935698,HIGH_PRODUCTION,0,0,133.81658175081057
2024-02-09 11:00:00,RIG_ANOMALIES,11,9,4,84.66185827501369,99.57058062236754,95.0,0.7565375678464665,53.2719756492386,84.99973802474581,102.05927248593478,HIGH_PRODUCTION,0,0,133.86289949050487
2024-02-09 12:00:00,RIG_ANOMALIES,12,9,4,85.73818483427267,89.76863732977657,89.41437392451598,0.7533872252051832,50.32957399976671,78.65732684689749,94.00940263179194,HIGH_PRODUCTION,0,0,133.90921723019918
2024-02-09 13:00:00,RIG_ANOMALIES,13,9,4,84.66185827501369,94.81596173616954,94.59630391090566,0.7435311877622699,53.12232857145295,79.54017563304394,99.95290855004976,HIGH_PRODUCTION,0,0,133.95553496989348
2024-02-09 14:00:00,RIG_ANOMALIES,14,9,4,81.50622847353648,97.47505513601621,95.0,0.7727105157871865,51.78535241842265,78.67426329218809,98.46043478461364,HIGH_PRODUCTION,0,0,134.00185270958778
2024-02-09 15:00:00,RIG_ANOMALIES,15,9,4,76.48634638588689,84.17955655486372,87.83564100015526,0.7799261198911248,51.18977827664484,70.33804367477325,93.04729994489969,HIGH_PRODUCTION,0,0,134.04817044928208
2024-02-09 16:00:00,RIG_ANOMALIES,16,9,4,69.94430868059086,84.82151061987182,81.55030670151608,0.7277072798044911,54.090361746430574,76.127894365208,89.49644712725701,HIGH_PRODUCTION,0,0,134.09448818897638
2024-02-09 17:00:00,RIG_ANOMALIES,17,9,4,62.32594441603586,73.80756749540274,78.33354871788498,0.6975700021126134,46.49535229193122,68.96069861949812,86.68268750801448,HIGH_PRODUCTION,0,0,134.1408059286707
2024-02-09 18:00:00,RIG_ANOMALIES,18,9,4,54.150432526909064,62.73096928226114,65.35819224590466,0.6956518062537942,45.74484293664022,73.04850516071477,70.08731087927517,HIGH_PRODUCTION,0,0,134.187123668365
2024-02-09 19:00:00,RIG_ANOMALIES,19,9,4,45.97492063778226,60.89629450724535,64.82013833528583,0.7384638962501431,44.90744855046498,70.4928104687936,69.5807224826918,HIGH_PRODUCTION,0,0,134.2334414080593
2024-02-09 20:00:00,RIG_ANOMALIES,20,9,4,38.356556373227264,53.350098324809736,59.05490310567447,0.6321868675197712,47.044580679643694,69.19320249313444,61.281715855917,HIGH_PRODUCTION,0,0,134.2797591477536
2024-02-09 21:00:00,RIG_ANOMALIES,21,9,4,36.10028835127271,55.657237712335316,55.424746015466354,0.6686049384158472,44.0797081119286,66.1577058689807,62.79029881069709,HIGH_PRODUCTION,0,0,134.3260768874479
2024-02-09 22:00:00,RIG_ANOMALIES,22,9,4,36.10028835127271,46.60429656256881,49.68963625417676,0.5722333175626998,38.58121758062017,59.20428075550776,53.1985170418568,STANDBY,0,0,134.3723946271422
2024-02-09 23:00:00,RIG_ANOMALIES,23,9,4,36.10028835127271,54.34876337603499,53.8884814849353,0.7174222160935818,43.15251848102834,74.71434029537247,55.49492861175402,STANDBY,0,0,134.4187123668365
2024-02-10 00:00:00,RIG_ANOMALIES,0,10,5,36.872674070127886,52.337954369978206,53.91437957123542,0.628626068320312,43.702292744233375,62.77260881233308,61.71681073570464,STANDBY,0,0,134.4650301065308
2024-02-10 01:00:00,RIG_ANOMALIES,1,10,5,36.872674070127886,56.37628236425201,53.026773398422336,0.6546721432483626,47.163509745295336,70.08210230440466,56.66689266950076,STANDBY,0,0,134.5113478462251
2024-02-10 02:00:00,RIG_ANOMALIES,2,10,5,36.872674070127886,48.62559771310924,51.42786656367825,0.6612197833947313,43.81115327884148,65.38175691055004,57.17849744990589,STANDBY,0,0,134.5576655859194
2024-02-10 03:00:00,RIG_ANOMALIES,3,10,5,36.872674070127886,41.54106545169518,48.227215178762776,0.5700535613628184,40.70990097487547,56.82043105254638,56.64736589075862,STANDBY,0,0,134.6039833256137
2024-02-10 04:00:00,RIG_ANOMALIES,4,10,5,39.17721619951087,55.458497772842755,58.907971820524814,0.6083946466409725,44.676283265415925,61.1075421958982,68.1845562780812,STANDBY,0,0,134.650301065308
2024-02-10 05:00:00,RIG_ANOMALIES,5,10,5,46.958579598635716,53.1099973292034,61.55249245316596,0.7161354479207205,42.37759488413142,61.67314918158455,68.5452551879312,STANDBY,0,0,134.69661880500232
2024-02-10 06:00:00,RIG_ANOMALIES,6,10,5,55.30901110519182,75.99098137635256,76.13773883681345,0.6646537832915943,48.54388060752013,69.32915927227387,79.54641847685298,HIGH_PRODUCTION,0,0,134.74293654469662
2024-02-10 07:00:00,RIG_ANOMALIES,7,10,5,63.65944261174793,63.86468915036676,72.22495644213117,0.6793507171276039,46.52931950520592,72.2235550657787,80.39422082627992,HIGH_PRODUCTION,0,0,134.78925428439092
2024-02-10 08:00:00,RIG_ANOMALIES,8,10,5,71.44080601087278,81.86097810282119,80.50962664406963,0.7839313614244499,47.884193755386065,79.29890117398527,89.32720638603016,HIGH_PRODUCTION,0,0,134.83557202408522
2024-02-10 09:00:00,RIG_ANOMALIES,9,10,5,78.12281424622702,94.19700668961538,93.42203587849316,0.7552421483610346,55.51152658338357,75.78201648387449,96.79881034504928,HIGH_PRODUCTION,0,0,134.88188976377953
2024-02-10 10:00:00,RIG_ANOMALIES,10,10,5,83.250099499112,95.33126763586978,93.90387432896375,0.7989012750810132,52.443714705001405,81.20065578811253,101.94790760600887,HIGH_PRODUCTION,0,0,134.92820750347383
2024-02-10 11:00:00,RIG_ANOMALIES,11,10,5,86.47324575278313,97.09182513091804,92.27657334625573,0.8091443400271849,53.176157289884536,72.8125789345633,94.49160151614564,HIGH_PRODUCTION,0,0,134.97452524316813
2024-02-10 12:00:00,RIG_ANOMALIES,12,10,5,87.57260091655372,99.93245858635642,95.0,0.7706891978160176,55.577534004503555,80.3567282274732,100.69764517477351,HIGH_PRODUCTION,0,0,135.02084298286243
2024-02-10 13:00:00,RIG_ANOMALIES,13,10,5,86.47324575278313,95.77990984682947,95.0,0.7946025023438721,55.972016410658895,75.48359363406416,100.35157261963685,HIGH_PRODUCTION,0,0,135.06716072255674
2024-02-10 14:00:00,RIG_ANOMALIES,14,10,5,83.25009949911201,95.94843367170701,95.0,0.7687941585190479,55.13557171979212,79.91625323923574,97.33831003006148,HIGH_PRODUCTION,0,0,135.11347846225104
2024-02-10 15:00:00,RIG_ANOMALIES,15,10,5,78.12281424622702,101.14843767735489,95.0,0.7739010209599813,53.155857039724246,79.2273140685965,105.20372750198818,HIGH_PRODUCTION,0,0,135.15979620194534
2024-02-10 16:00:00,RIG_ANOMALIES,16,10,5,71.44080601087278,86.12626381974515,85.96878212503273,0.6665917790161191,48.18706775229254,78.75184488038597,91.13739445919062,HIGH_PRODUCTION,0,0,135.20611394163964
2024-02-10 17:00:00,RIG_ANOMALIES,17,10,5,63.65944261174793,75.76758615827875,78.43802911223617,0.681316325542943,48.603491706541014,71.37739678208321,82.17267028777039,HIGH_PRODUCTION,0,0,135.25243168133395
2024-02-10 18:00:00,RIG_ANOMALIES,18,10,5,55.30901110519183,72.7713651174163,72.79675601472815,0.7014616466703134,46.98280856575958,70.01635770623389,78.97944443793266,HIGH_PRODUCTION,0,0,135.29874942102825
2024-02-10 19:00:00,RIG_ANOMALIES,19,10,5,46.958579598635716,61.34591904393308,65.03336377161934,0.6373628274859942,45.68583062681165,69.32214899908955,69.32328095136201,HIGH_PRODUCTION,0,0,135.34506716072255
2024-02-10 20:00:00,RIG_ANOMALIES,20,10,5,39.17721619951089,48.127298009940596,54.686346391170545,0.5487991321090196,42.77303515819448,68.20345193952274,60.92353048175624,HIGH_PRODUCTION,0,0,135.39138490041685
2024-02-10 21:00:00,RIG_ANOMALIES,21,10,5,36.872674070127886,53.20510804805451,59.93634212117346,0.5829421782036547,40.5140910870785,65.29378767861584,63.03917781236212,HIGH_PRODUCTION,0,0,135.43770264011116
2024-02-10 22:00:00,RIG_ANOMALIES,22,10,5,36.872674070127886,54.65732340151556,58.15952784042957,0.6610078620026122,43.081438257423294,61.25130530125188,60.231551032728056,STANDBY,0,0,135.48402037980546
2024-02-10 23:00:00,RIG_ANOMALIES,23,10,5,36.872674070127886,44.53603450444132,50.27956477127474,0.6021939997914804,44.298218044676595,61.25889830635283,54.34915849789627,STANDBY,0,0,135.53033811949976
2024-02-11 00:00:00,RIG_ANOMALIES,0,11,6,38.26446504352977,62.44842764341552,56.22266789353297,0.6345245728877085,49.229515244208606,69.96600515311277,56.70224218459618,STANDBY,0,0,135.57665585919406
2024-02-11 01:00:00,RIG_ANOMALIES,1,11,6,38.26446504352977,54.05849962342868,55.170911725982094,0.6121367366665669,41.26768250221947,64.98925306867861,57.181654351784985,STANDBY,0,0,135.62297359888836
2024-02-11 02:00:00,RIG_ANOMALIES,2,11,6,38.26446504352977,46.861207151387866,51.777397209628795,0.6071348415771245,38.94891173601324,65.74061244044191,57.59622505955763,STANDBY,0,0,135.66929133858267
2024-02-11 03:00:00,RIG_ANOMALIES,3,11,6,38.26446504352977,59.823064107215195,60.89044527506353,0.7301159569189911,45.2931074890433,70.56207338520584,64.29253531905388,STANDBY,0,0,135.71560907827697
2024-02-11 04:00:00,RIG_ANOMALIES,4,11,6,40.65599410875038,54.82745550388259,58.1809090081892,0.6306653012663914,46.80767771698386,64.85718807561862,59.27369595792269,STANDBY,0,0,135.76192681797127
2024-02-11 05:00:00,RIG_ANOMALIES,5,11,6,48.73107179936013,64.09301300143538,64.50966102935868,0.7042561512328462,44.41438817172332,71.37790639819397,66.16205838956078,STANDBY,0,0,135.8082445576656
2024-02-11 06:00:00,RIG_ANOMALIES,6,11,6,57.396697565294645,67.80686147585685,71.25352898240214,0.6639305352589724,46.05621118100274,65.68045737799335,74.06081291156706,HIGH_PRODUCTION,0,0,135.8545622973599
2024-02-11 07:00:00,RIG_ANOMALIES,7,11,6,66.06232333122917,80.83507377850171,81.29898618633666,0.7436533250778052,47.48355570978593,75.23970813070616,84.90733466036914,HIGH_PRODUCTION,0,0,135.9008800370542
2024-02-11 08:00:00,RIG_ANOMALIES,8,11,6,74.13740102183893,90.44776206164381,85.7124414264065,0.7837250954091566,53.195395918422044,79.01990387242955,87.27868683156164,HIGH_PRODUCTION,0,0,135.9471977767485
2024-02-11 09:00:00,RIG_ANOMALIES,9,11,6,81.0716274372057,93.94686118392524,95.0,0.750628776038501,53.95450796634945,79.03238853214185,102.3140169382902,HIGH_PRODUCTION,0,0,135.9935155164428
2024-02-11 10:00:00,RIG_ANOMALIES,10,11,6,86.39244650647323,94.83703716825491,93.84985483970809,0.692013260893755,53.97940785731682,84.35222169567129,102.8744239763649,HIGH_PRODUCTION,0,0,136.03983325613711
2024-02-11 11:00:00,RIG_ANOMALIES,11,11,6,89.73725320314023,99.54422662738847,94.4936699471138,0.8407365786578652,53.682434278644024,80.14689888747492,102.0391373515182,HIGH_PRODUCTION,0,0,136.08615099583142
2024-02-11 12:00:00,RIG_ANOMALIES,12,11,6,90.8781044783832,103.97112266371249,95.0,0.8391108150189344,57.05232886426264,83.44881305728387,96.70492336600654,HIGH_PRODUCTION,0,0,136.13246873552572
2024-02-11 13:00:00,RIG_ANOMALIES,13,11,6,89.73725320314023,103.0363282527098,95.0,0.7938931860311195,51.21394324386668,79.62472801743613,101.0064801646054,HIGH_PRODUCTION,0,0,136.17878647522002
2024-02-11 14:00:00,RIG_ANOMALIES,14,11,6,86.39244650647325,107.90002595646423,95.0,0.7944965713363696,53.98359885400133,84.70594023123755,101.5031778880755,HIGH_PRODUCTION,0,0,136.22510421491432
2024-02-11 15:00:00,RIG_ANOMALIES,15,11,6,81.0716274372057,91.49628994049151,93.97501165330304,0.7915790062895172,49.678597104357095,79.23589186161706,100.57960437707585,HIGH_PRODUCTION,0,0,136.27142195460863
2024-02-11 16:00:00,RIG_ANOMALIES,16,11,6,74.13740102183893,94.93661339019869,89.10172007933011,0.8029946763996274,56.024404651453196,80.28131329841862,98.93791862392062,HIGH_PRODUCTION,0,0,136.31773969430293
2024-02-11 17:00:00,RIG_ANOMALIES,17,11,6,66.06232333122917,79.7668932113627,79.71107838885095,0.7705318270806402,51.63994002164611,80.48485287326498,79.28691616270496,HIGH_PRODUCTION,0,0,136.36405743399723
2024-02-11 18:00:00,RIG_ANOMALIES,18,11,6,57.39669756529465,72.19755861580043,75.41909306469697,0.6974913858677521,47.30981629394138,69.98642571577186,80.03585241490923,HIGH_PRODUCTION,0,0,136.41037517369153
2024-02-11 19:00:00,RIG_ANOMALIES,19,11,6,48.73107179936013,58.569256977891854,64.92982535706484,0.6598220758337442,43.94691557418033,66.21668985929948,72.88275171529526,HIGH_PRODUCTION,0,0,136.45669291338584
2024-02-11 20:00:00,RIG_ANOMALIES,20,11,6,40.65599410875039,61.29143463321639,62.8372930747645,0.6985985269349201,44.36266207996922,61.20876906096657,68.92574422672736,HIGH_PRODUCTION,0,0,136.50301065308014
2024-02-11 21:00:00,RIG_ANOMALIES,21,11,6,38.26446504352977,61.63871520088438,65.35408310010051,0.7346507983197648,47.06881814516014,65.7683549130458,60.993622433609914,HIGH_PRODUCTION,0,0,136.54932839277444
2024-02-11 22:00:00,RIG_ANOMALIES,22,11,6,38.26446504352977,54.810832910660416,54.56002649157709,0.5959946650715777,46.388044505542666,64.20183744145197,56.348022288174825,STANDBY,0,0,136.59564613246874
2024-02-11 23:00:00,RIG_ANOMALIES,23,11,6,38.26446504352977,51.44353134232478,51.5411233731436,0.5994615767947511,44.06537042664672,67.10436504350764,58.88092319237438,STANDBY,0,0,136.64196387216305
2024-02-12 00:00:00,RIG_ANOMALIES,0,12,0,40.0,53.956110629323355,54.7223914316472,0.6827274138692865,44.900694513355,62.238277443505666,57.970231037068395,STANDBY,0,0,136.68828161185735
2024-02-12 01:00:00,RIG_ANOMALIES,1,12,0,40.0,46.35052090215334,49.52825817839618,0.6162067058217203,43.12573291053909,66.53796099552433,52.694818969235996,STANDBY,0,0,136.73459935155165
2024-02-12 02:00:00,RIG_ANOMALIES,2,12,0,40.0,47.33481381425554,51.34569269886329,0.5516724873530894,42.78124037426109,63.53314401504065,56.980114275639735,STANDBY,0,0,136.78091709124595
2024-02-12 03:00:00,RIG_ANOMALIES,3,12,0,40.0,62.21316144496112,62.525351581583536,0.6496181838494776,45.26866612836873,64.79283369778129,72.00761896963316,STANDBY,0,0,136.82723483094026
2024-02-12 04:00:00,RIG_ANOMALIES,4,12,0,42.5,50.90029601934394,57.725025941964795,0.6408739382481761,41.38085142056926,64.47713805763887,59.76280109679421,STANDBY,0,0,136.87355257063456
2024-02-12 05:00:00,RIG_ANOMALIES,5,12,0,50.94133342141177,63.44848625664364,67.91317449739947,0.6351805144260121,50.70527129767288,72.91603201145021,75.31925694915225,STANDBY,0,0,136.91987031032886
2024-02-12 06:00:00,RIG_ANOMALIES,6,12,0,60.0,83.05450991633607,78.99389019115385,0.7527517723730817,49.121641817108205,72.99865777130317,81.642929348937,HIGH_PRODUCTION,0,0,136.96618805002316
2024-02-12 07:00:00,RIG_ANOMALIES,7,12,0,69.05866657858823,82.8480054310487,80.15888574316938,0.762212586049776,50.61364517156315,72.12284096724292,86.81699872434758,HIGH_PRODUCTION,0,0,137.01250578971747
2024-02-12 08:00:00,RIG_ANOMALIES,8,12,0,77.5,90.48590028024994,88.8079651340199,0.8750808674368951,54.50761351453538,80.20747302784493,96.75271427773771,HIGH_PRODUCTION,0,0,137.05882352941177
2024-02-12 09:00:00,RIG_ANOMALIES,9,12,0,84.74873734152916,96.59316759590165,94.36908912268808,0.8289802919302828,52.67490625209829,80.07590847001127,99.72330597187707,HIGH_PRODUCTION,0,0,137.10514126910607
2024-02-12 10:00:00,RIG_ANOMALIES,10,12,0,90.31088913245534,104.01846378030818,95.0,0.731470515641298,56.67518509030615,80.16251054342466,97.35438450824331,HIGH_PRODUCTION,0,0,137.15145900880037
2024-02-12 11:00:00,RIG_ANOMALIES,11,12,0,93.8074039201174,111.43396287441166,95.0,0.9441310827972808,57.36197047057795,81.18557230010352,103.78033526161116,HIGH_PRODUCTION,0,0,137.19777674849468
2024-02-12 12:00:00,RIG_ANOMALIES,12,12,0,95.0,110.6243901243586,95.0,0.815373982052138,56.88049003303485,85.82521734052703,98.2626669201494,HIGH_PRODUCTION,0,0,137.24409448818898
2024-02-12 13:00:00,RIG_ANOMALIES,13,12,0,93.8074039201174,108.56835532819943,95.0,0.867474708103893,55.98028442546762,79.39950759377422,102.41153213012062,HIGH_PRODUCTION,0,0,137.29041222788328
2024-02-12 14:00:00,RIG_ANOMALIES,14,12,0,90.31088913245536,100.90440281528954,95.0,0.7895807482565347,51.22463843497953,79.18623032809998,100.51339494619502,HIGH_PRODUCTION,0,0,137.33672996757758
2024-02-12 15:00:00,RIG_ANOMALIES,15,12,0,84.74873734152916,100.38950299341789,95.0,0.8036950434775901,58.987834283913486,81.6149340004738,96.71013715285234,HIGH_PRODUCTION,0,0,137.38304770727188
2024-02-12 16:00:00,RIG_ANOMALIES,16,12,0,77.5,88.4271249076712,88.46828347748814,0.7458644185370606,53.213999131472946,78.21094292313599,88.22327218894334,HIGH_PRODUCTION,0,0,137.4293654469662
2024-02-12 17:00:00,RIG_ANOMALIES,17,12,0,69.05866657858823,90.10039057134692,84.90523091469102,0.7482339168396989,54.27212238013574,74.00396044305062,88.05598184681192,HIGH_PRODUCTION,0,0,137.4756831866605
2024-02-12 18:00:00,RIG_ANOMALIES,18,12,0,60.00000000000001,81.65867296428982,74.8587249525579,0.6707765881340053,49.96221727569504,67.13175561920639,81.12731498645812,HIGH_PRODUCTION,0,0,137.5220009263548
2024-02-12 19:00:00,RIG_ANOMALIES,19,12,0,50.94133342141177,66.10827274821975,65.72130561238545,0.6903393042994469,44.11796351328253,72.92979478032261,68.65784789606543,HIGH_PRODUCTION,0,0,137.5683186660491
2024-02-12 20:00:00,RIG_ANOMALIES,20,12,0,42.500000000000014,61.37114769193877,65.55255919606105,0.6203647495572759,46.31667937893578,67.316981322699,77.12529567490208,HIGH_PRODUCTION,0,0,137.6146364057434
2024-02-12 21:00:00,RIG_ANOMALIES,21,12,0,40.0,52.42365560130084,55.54907317959026,0.6728721557510611,43.2206734404829,67.06789920055292,61.218965954550384,HIGH_PRODUCTION,0,0,137.6609541454377
2024-02-12 22:00:00,RIG_ANOMALIES,22,12,0,40.0,53.800971593211834,57.72684468053185,0.6452412356695301,43.816851055051956,62.97037896981661,67.00547256096183,STANDBY,0,0,137.707271885132
2024-02-12 23:00:00,RIG_ANOMALIES,23,12,0,40.0,52.35808765839921,50.55735797028431,0.6681548351181836,41.62124222352303,62.088326036938284,58.84895815546143,STANDBY,0,0,137.7535896248263
2024-02-13 00:00:00,RIG_ANOMALIES,0,13,1,38.26446504352977,54.60800567364346,55.08521782458089,0.6123539476629075,40.76424571657472,68.19568051391045,61.171932584852016,STANDBY,0,0,137.7999073645206
2024-02-13 01:00:00,RIG_ANOMALIES,1,13,1,38.26446504352977,55.77478204271471,53.67476618982189,0.657917660717027,44.38069121021496,65.81351992198769,58.61574207064934,STANDBY,0,0,137.8462251042149
2024-02-13 02:00:00,RIG_ANOMALIES,2,13,1,38.26446504352977,50.2396959172659,50.68414814691499,0.6397432870827393,39.014696735938564,65.88867244111853,56.45871226907382,STANDBY,0,0,137.8925428439092
2024-02-13 03:00:00,RIG_ANOMALIES,3,13,1,38.26446504352977,56.44208963777971,59.51904657207537,0.6887873977750631,45.88810186489026,70.44362970778307,66.96300531382862,STANDBY,0,0,137.9388605836035
2024-02-13 04:00:00,RIG_ANOMALIES,4,13,1,40.65599410875038,51.605755252617016,60.45376221374005,0.5917161621840052,40.857170644949946,63.15307813854762,66.5453741636654,STANDBY,0,0,137.98517832329782
2024-02-13 05:00:00,RIG_ANOMALIES,5,13,1,48.73107179936014,59.81796884626546,60.66064916640099,0.6523740782266181,48.093346479619264,68.67013241520587,69.50017701032749,STANDBY,0,0,138.03149606299212
2024-02-13 06:00:00,RIG_ANOMALIES,6,13,1,57.39669756529465,71.3219632937489,70.93673748334355,0.787349591658633,43.55100138051502,74.2595325044807,77.22537228599464,HIGH_PRODUCTION,0,0,138.07781380268642
2024-02-13 07:00:00,RIG_ANOMALIES,7,13,1,66.06232333122918,87.7964848426179,83.91268324285221,0.8141411383468826,49.06079031731197,71.71575851852408,86.59279746423783,HIGH_PRODUCTION,0,0,138.12413154238072
2024-02-13 08:00:00,RIG_ANOMALIES,8,13,1,74.13740102183893,87.39482219754345,86.23825690575562,0.7783110368146732,50.89997348584019,75.30138762429165,93.55983626247743,HIGH_PRODUCTION,0,0,138.17044928207503
2024-02-13 09:00:00,RIG_ANOMALIES,9,13,1,81.07162743720572,98.11713058344301,93.80577552839414,0.8655979793118166,58.436936017055544,81.77083311776057,96.81784277562656,HIGH_PRODUCTION,0,0,138.21676702176933
2024-02-13 10:00:00,RIG_ANOMALIES,10,13,1,86.39244650647325,107.44605524451299,95.0,0.8662560307441394,56.173041991366965,81.1824817173425,104.21502622381877,HIGH_PRODUCTION,0,0,138.26308476146363
2024-02-13 11:00:00,RIG_ANOMALIES,11,13,1,89.73725320314024,108.6420007620923,95.0,0.8163006280749006,56.20166723294595,85.8334311094902,99.27959039364819,HIGH_PRODUCTION,0,0,138.30940250115793
2024-02-13 12:00:00,RIG_ANOMALIES,12,13,1,90.87810447838321,104.89503655096394,95.0,0.8382238556405052,57.12589580414569,83.08612283231865,101.21483244580156,HIGH_PRODUCTION,0,0,138.35572024085224
2024-02-13 13:00:00,RIG_ANOMALIES,13,13,1,89.73725320314024,103.19922938825323,95.0,0.7251465265067079,55.20031070002342,77.8810713152003,98.9197598681473,HIGH_PRODUCTION,0,0,138.40203798054654
2024-02-13 14:00:00,RIG_ANOMALIES,14,13,1,86.39244650647326,97.3282577534053,92.10565827102144,0.7530260433127636,55.455151873986374,82.46390989769097,102.45765930873716,HIGH_PRODUCTION,0,0,138.44835572024084
2024-02-13 15:00:00,RIG_ANOMALIES,15,13,1,81.07162743720572,96.1530464994843,93.03894641905511,0.6917009708094409,53.699494504875354,80.15386313904744,102.65310702201282,HIGH_PRODUCTION,0,0,138.49467345993514
2024-02-13 16:00:00,RIG_ANOMALIES,16,13,1,74.13740102183893,78.60170411538974,84.22796535355295,0.7466600624640822,52.405330132679644,74.1442079443472,84.39064684296505,HIGH_PRODUCTION,0,0,138.54099119962945
2024-02-13 17:00:00,RIG_ANOMALIES,17,13,1,66.06232333122918,86.84386909442674,85.28511226415493,0.727504949969494,48.78892423374194,80.15900573743792,91.44519350838664,HIGH_PRODUCTION,0,0,138.58730893932375
2024-02-13 18:00:00,RIG_ANOMALIES,18,13,1,57.39669756529466,73.31666501745849,74.71972436615455,0.7098975887116583,46.17976558512438,70.21595941218749,78.5579197128637,HIGH_PRODUCTION,0,0,138.63362667901805
2024-02-13 19:00:00,RIG_ANOMALIES,19,13,1,48.73107179936014,53.849570239442826,61.664166301725906,0.5986171500419764,43.027009125934356,64.80963987775047,67.69453555491724,HIGH_PRODUCTION,0,0,138.67994441871235
2024-02-13 20:00:00,RIG_ANOMALIES,20,13,1,40.65599410875039,55.169466375195746,57.95244370665836,0.6455968355196051,43.837747088223765,67.920282700019,63.299040055636155,HIGH_PRODUCTION,0,0,138.72626215840666
2024-02-13 21:00:00,RIG_ANOMALIES,21,13,1,38.26446504352977,49.77423854792882,54.2341897114294,0.6603439228306506,45.03689947442525,63.95119024842043,57.5812503299249,HIGH_PRODUCTION,0,0,138.77257989810096
2024-02-13 22:00:00,RIG_ANOMALIES,22,13,1,38.26446504352977,48.52724376558498,56.448796972660936,0.6337644405258336,41.38239778237027,63.31969592600786,58.99188802044973,STANDBY,0,0,138.81889763779526
2024-02-13 23:00:00,RIG_ANOMALIES,23,13,1,38.26446504352977,48.169509613682735,51.042996448958846,0.6125275540679556,41.17602002473788,62.87295521492939,61.602175791423406,STANDBY,0,0,138.86521537748956
2024-02-14 00:00:00,RIG_ANOMALIES,0,14,2,36.872674070127886,71.36502849254217,77.4595616888148,1.0657493263326852,44.89163773569357,73.15258184244492,107.2241593677115,STANDBY,0,0,138.91153311718386
2024-02-14 01:00:00,RIG_ANOMALIES,1,14,2,36.872674070127886,60.106034412931365,82.76566454239665,1.3796637291513068,41.5893867464848,54.04240492964942,110.0,STANDBY,0,0,138.95785085687817
2024-02-14 02:00:00,RIG_ANOMALIES,2,14,2,36.872674070127886,67.7676242523229,78.800228236332,1.260466658073337,37.29001649872632,61.59776793010491,110.0,STANDBY,0,0,139.00416859657247
2024-02-14 03:00:00,RIG_ANOMALIES,3,14,2,36.872674070127886,91.94760153190616,91.01001786021851,1.3234389501599588,49.23347577646422,60.40186247822258,110.0,STANDBY,0,0,139.05048633626677
2024-02-14 04:00:00,RIG_ANOMALIES,4,14,2,39.17721619951087,70.82884752614768,90.20971197858725,1.3285709622315622,42.09475491995113,61.84906698063606,103.18425144071267,STANDBY,0,0,139.0968040759611
2024-02-14 05:00:00,RIG_ANOMALIES,5,14,2,46.958579598635716,102.00638348501943,95.0,1.0580149567209691,47.53021484844035,72.08365101224719,110.0,STANDBY,0,0,139.1431218156554
2024-02-14 06:00:00,RIG_ANOMALIES,6,14,2,55.30901110519182,92.30650777025562,95.0,1.0749294319223777,45.26377746389732,66.31739146985672,110.0,HIGH_PRODUCTION,0,0,139.1894395553497
2024-02-14 07:00:00,RIG_ANOMALIES,7,14,2,63.65944261174793,81.37101658773301,90.90743047105029,1.248486486216549,43.43805342124842,66.11988384273941,110.0,HIGH_PRODUCTION,0,0,139.235757295044
2024-02-14 08:00:00,RIG_ANOMALIES,8,14,2,71.44080601087278,105.67196724984154,95.0,1.2580852320267408,54.05645982195925,76.18123834268312,110.0,HIGH_PRODUCTION,0,0,139.2820750347383
2024-02-14 09:00:00,RIG_ANOMALIES,9,14,2,78.12281424622702,110.41345754333668,95.0,1.3136875262838343,50.61382563954885,69.6632979220853,108.61082558628001,HIGH_PRODUCTION,0,0,139.32839277443261
2024-02-14 10:00:00,RIG_ANOMALIES,10,14,2,83.250099499112,118.68629858321582,95.0,1.4668571749045891,53.001009072351444,84.12382969883723,110.0,HIGH_PRODUCTION,0,0,139.37471051412692
2024-02-14 11:00:00,RIG_ANOMALIES,11,14,2,86.47324575278313,113.55063653130233,95.0,1.3805744737446828,51.63351839643985,77.55625389068355,101.27924880571108,HIGH_PRODUCTION,0,0,139.42102825382122
2024-02-14 12:00:00,RIG_ANOMALIES,12,14,2,87.57260091655372,125.57693147861714,95.0,1.5981978406462556,56.53919406198202,73.19684564957875,107.43587393243567,HIGH_PRODUCTION,0,0,139.46734599351552
2024-02-14 13:00:00,RIG_ANOMALIES,13,14,2,86.47324575278313,117.65207243679328,95.0,1.1577147847759903,53.3100958552574,70.08253226168763,98.01632814553018,HIGH_PRODUCTION,0,0,139.51366373320982
2024-02-14 14:00:00,RIG_ANOMALIES,14,14,2,83.25009949911201,127.18324474375503,95.0,1.3856704551469607,51.67952719171639,81.6570324162616,110.0,HIGH_PRODUCTION,0,0,139.55998147290413
2024-02-14 15:00:00,RIG_ANOMALIES,15,14,2,78.12281424622702,130.4402554322076,95.0,1.3643226499527388,52.54900429178128,85.74714658533874,110.0,HIGH_PRODUCTION,0,0,139.60629921259843
2024-02-14 16:00:00,RIG_ANOMALIES,16,14,2,71.44080601087278,99.94309675259817,95.0,1.2051478057810265,46.225303737678225,71.0528684831308,96.561627106391,HIGH_PRODUCTION,0,0,139.65261695229273
2024-02-14 17:00:00,RIG_ANOMALIES,17,14,2,63.65944261174793,95.39809169984237,95.0,1.3656451549650348,46.65719066721957,68.00158624687985,110.0,HIGH_PRODUCTION,0,0,139.69893469198703
2024-02-14 18:00:00,RIG_ANOMALIES,18,14,2,55.30901110519183,96.89530578664686,95.0,1.6246035278881652,49.992022327702486,66.70925205381151,110.0,HIGH_PRODUCTION,0,0,139.74525243168134
2024-02-14 19:00:00,RIG_ANOMALIES,19,14,2,46.958579598635716,78.01648483774484,95.0,1.0895047691289332,42.958039159911365,61.48710339534439,110.0,HIGH_PRODUCTION,0,0,139.79157017137564
2024-02-14 20:00:00,RIG_ANOMALIES,20,14,2,39.17721619951089,57.2666414344594,73.13884996244082,0.9807094102567961,38.717131640807736,52.12556762204571,95.71207711816726,HIGH_PRODUCTION,0,0,139.83788791106994
2024-02-14 21:00:00,RIG_ANOMALIES,21,14,2,36.872674070127886,70.7129607495823,82.13010631952352,1.2448391733381037,45.66445051726886,73.4502309484821,109.13941196021003,HIGH_PRODUCTION,0,0,139.88420565076424
2024-02-14 22:00:00,RIG_ANOMALIES,22,14,2,36.872674070127886,70.99804541593811,77.58054488904286,1.348988946130333,41.85908701930251,65.79241064077118,97.4814517096621,STANDBY,0,0,139.93052339045855
2024-02-14 23:00:00,RIG_ANOMALIES,23,14,2,36.872674070127886,57.91896256731442,67.3433905402348,1.061286310314101,34.661770922915835,54.87999845571771,80.96506394923068,STANDBY,0,0,139.97684113015285
2024-02-15 00:00:00,RIG_ANOMALIES,0,15,3,36.10028835127271,76.42476868432945,86.11779755363835,1.1296975422140305,41.71308852934603,56.624307103783735,110.0,STANDBY,0,0,140.02315886984715
2024-02-15 01:00:00,RIG_ANOMALIES,1,15,3,36.10028835127271,66.02578236331937,78.11453188590184,1.3347858713328355,40.51912884307961,53.33277141685707,93.85288432848502,STANDBY,0,0,140.06947660954145
2024-02-15 02:00:00,RIG_ANOMALIES,2,15,3,36.10028835127271,90.11320040683293,95.0,1.0008779248322817,47.93485110347352,76.70301854592034,110.0,STANDBY,0,0,140.11579434923576
2024-02-15 03:00:00,RIG_ANOMALIES,3,15,3,36.10028835127271,75.3460245187436,84.58938993781902,1.1985599263181963,47.209406829466054,62.08672848667066,103.52154664828467,STANDBY,0,0,140.16211208893006
2024-02-15 04:00:00,RIG_ANOMALIES,4,15,3,38.35655637322725,68.10947901470097,84.16184263172974,1.3285758652290998,35.868918006417914,49.64671306230647,109.04381519601702,STANDBY,0,0,140.20842982862436
2024-02-15 05:00:00,RIG_ANOMALIES,5,15,3,45.97492063778226,81.71850952901923,93.84202431448983,0.9577145153922295,54.508853658410175,70.95749054246384,110.0,STANDBY,0,0,140.25474756831866
2024-02-15 06:00:00,RIG_ANOMALIES,6,15,3,54.15043252690906,93.47253791703463,95.0,1.23263575070259,50.21600687213669,73.158025677186,110.0,HIGH_PRODUCTION,0,0,140.30106530801297
2024-02-15 07:00:00,RIG_ANOMALIES,7,15,3,62.32594441603586,94.63754846738372,95.0,1.1568787988919205,53.575129043731415,70.8195756282563,110.0,HIGH_PRODUCTION,0,0,140.34738304770727
2024-02-15 08:00:00,RIG_ANOMALIES,8,15,3,69.94430868059086,106.00630971740345,95.0,1.1016685500999541,60.97684324911274,62.76025468921897,110.0,HIGH_PRODUCTION,0,0,140.39370078740157
2024-02-15 09:00:00,RIG_ANOMALIES,9,15,3,76.48634638588689,114.17524444729374,95.0,1.3603106830713902,49.514583337679184,74.5832723724033,110.0,HIGH_PRODUCTION,0,0,140.44001852709587
2024-02-15 10:00:00,RIG_ANOMALIES,10,15,3,81.50622847353647,127.8420447187205,95.0,1.3398790049519609,58.06558414054224,85.02245628351763,110.0,HIGH_PRODUCTION,0,0,140.48633626679018
2024-02-15 11:00:00,RIG_ANOMALIES,11,15,3,84.66185827501369,120.66905778550868,95.0,1.3976929517405228,56.058934741586526,66.73478858191378,110.0,HIGH_PRODUCTION,0,0,140.53265400648448
2024-02-15 12:00:00,RIG_ANOMALIES,12,15,3,85.73818483427267,120.77340127626822,95.0,1.270706366857287,59.49572896432027,73.61166740452536,110.0,HIGH_PRODUCTION,0,0,140.57897174617878
2024-02-15 13:00:00,RIG_ANOMALIES,13,15,3,84.66185827501369,127.35204796301107,95.0,1.6778199594725929,51.44792300159003,88.07881418723088,110.0,HIGH_PRODUCTION,0,0,140.62528948587308
2024-02-15 14:00:00,RIG_ANOMALIES,14,15,3,81.50622847353648,113.07570600597438,95.0,1.462028224623069,52.83547559382391,71.26380254423604,110.0,HIGH_PRODUCTION,0,0,140.67160722556739
2024-02-15 15:00:00,RIG_ANOMALIES,15,15,3,76.48634638588689,122.73179882027335,95.0,1.4679848960250024,55.827855088311985,80.32079471673936,110.0,HIGH_PRODUCTION,0,0,140.7179249652617
2024-02-15 16:00:00,RIG_ANOMALIES,16,15,3,69.94430868059086,97.85529830225755,95.0,1.0870292808204571,46.52890623793937,76.97082979934113,110.0,HIGH_PRODUCTION,0,0,140.764242704956
2024-02-15 17:00:00,RIG_ANOMALIES,17,15,3,62.32594441603586,90.3475041891642,91.35763076837856,1.4521855467570173,53.40856413831548,62.60075474933737,109.66700960032684,HIGH_PRODUCTION,0,0,140.8105604446503
2024-02-15 18:00:00,RIG_ANOMALIES,18,15,3,54.150432526909064,97.54877668351693,93.90211072089107,1.1407835143920506,49.561185663517186,66.98870822814519,110.0,HIGH_PRODUCTION,0,0,140.8568781843446
2024-02-15 19:00:00,RIG_ANOMALIES,19,15,3,45.97492063778226,70.9682713388546,76.90282592557892,1.289953623366733,42.70892446818134,57.133688551867266,95.13179546061647,HIGH_PRODUCTION,0,0,140.9031959240389
2024-02-15 20:00:00,RIG_ANOMALIES,20,15,3,38.356556373227264,79.16224306661246,89.88313609828592,1.0445871672144103,41.983875666131766,62.29234602048777,110.0,HIGH_PRODUCTION,0,0,140.9495136637332
2024-02-15 21:00:00,RIG_ANOMALIES,21,15,3,36.10028835127271,79.4258266294278,93.34459473349327,1.1910273570128638,44.60615357211239,60.08965830211788,110.0,HIGH_PRODUCTION,0,0,140.9958314034275
2024-02-15 22:00:00,RIG_ANOMALIES,22,15,3,36.10028835127271,68.31555562127349,76.99253935907491,1.3595920770393668,40.84380600218752,52.5343651642561,105.7490297291823,STANDBY,0,0,141.0421491431218
2024-02-15 23:00:00,RIG_ANOMALIES,23,15,3,36.10028835127271,78.58278129855823,82.81903954214143,1.1711164060600312,40.67069207202414,59.969056251512754,110.0,STANDBY,0,0,141.08846688281614
2024-02-16 00:00:00,RIG_ANOMALIES,0,16,4,36.10028835127271,87.0717984669645,92.06318790170815,1.2086072080982966,44.20430574467135,54.94127075841581,110.0,STANDBY,0,0,141.13478462251044
2024-02-16 01:00:00,RIG_ANOMALIES,1,16,4,36.10028835127271,84.13326861266,92.69628269708568,1.4517692809977243,49.09182766135145,68.25923589135951,110.0,STANDBY,0,0,141.18110236220474
2024-02-16 02:00:00,RIG_ANOMALIES,2,16,4,36.10028835127271,79.7159064472846,83.12545269846305,0.6878852919902183,47.27103098928586,65.77038831218493,110.0,STANDBY,0,0,141.22742010189904
2024-02-16 03:00:00,RIG_ANOMALIES,3,16,4,36.10028835127271,66.24619498226629,82.55860837375991,1.0557312204935874,43.80383261064155,57.339617460467984,110.0,STANDBY,0,0,141.27373784159334
2024-02-16 04:00:00,RIG_ANOMALIES,4,16,4,38.35655637322725,70.5713319424335,79.52518842847809,1.4969008113972841,43.30677814279842,62.74776016908835,103.31648642245163,STANDBY,0,0,141.32005558128765
2024-02-16 05:00:00,RIG_ANOMALIES,5,16,4,45.97492063778226,84.64189940892166,95.0,1.4593744954861538,52.597289855114425,64.58866027849042,110.0,STANDBY,0,0,141.36637332098195
2024-02-16 06:00:00,RIG_ANOMALIES,6,16,4,54.15043252690906,93.05071318408471,95.0,1.5950699182428283,46.46715694713114,59.441183843281514,110.0,HIGH_PRODUCTION,0,0,141.41269106067625
2024-02-16 07:00:00,RIG_ANOMALIES,7,16,4,62.32594441603586,89.77700636831479,92.38624177496771,1.2905569418231169,47.351982451410365,77.7783016638158,110.0,HIGH_PRODUCTION,0,0,141.45900880037055
2024-02-16 08:00:00,RIG_ANOMALIES,8,16,4,69.94430868059086,98.43661130431275,95.0,1.250930552014681,51.52244832796612,67.55666601877705,110.0,HIGH_PRODUCTION,0,0,141.50532654006486
2024-02-16 09:00:00,RIG_ANOMALIES,9,16,4,76.48634638588689,103.84545832762092,95.0,1.450714105713046,53.75990739093555,66.2740006038463,110.0,HIGH_PRODUCTION,0,0,141.55164427975916
2024-02-16 10:00:00,RIG_ANOMALIES,10,16,4,81.50622847353647,118.87902123785557,95.0,1.0774815969474727,53.49451125383527,79.14779700981364,110.0,HIGH_PRODUCTION,0,0,141.59796201945346
2024-02-16 11:00:00,RIG_ANOMALIES,11,16,4,84.66185827501369,106.17471144755199,95.0,1.264011786709843,53.21790280699454,71.69848726437544,110.0,HIGH_PRODUCTION,0,0,141.64427975914776
2024-02-16 12:00:00,RIG_ANOMALIES,12,16,4,85.73818483427267,122.59275749547666,95.0,1.5951459316963357,52.14668728801448,82.93094255129748,110.0,HIGH_PRODUCTION,0,0,141.69059749884207
2024-02-16 13:00:00,RIG_ANOMALIES,13,16,4,84.66185827501369,135.54523270701475,95.0,1.3655020234479804,52.15325444385152,85.8901235551153,110.0,HIGH_PRODUCTION,0,0,141.73691523853637
2024-02-16 14:00:00,RIG_ANOMALIES,14,16,4,81.50622847353648,117.47112287088018,95.0,1.5420433856707463,60.5640848947331,78.82550787928464,110.0,HIGH_PRODUCTION,0,0,141.78323297823067
2024-02-16 15:00:00,RIG_ANOMALIES,15,16,4,76.48634638588689,100.2538906119741,95.0,1.196956121935521,51.55000825553961,61.5077684576958,110.0,HIGH_PRODUCTION,0,0,141.82955071792497
2024-02-16 16:00:00,RIG_ANOMALIES,16,16,4,69.94430868059086,94.1226820226484,95.0,1.3329790490712392,48.35693375463289,61.715510844585445,110.0,HIGH_PRODUCTION,0,0,141.87586845761928
2024-02-16 17:00:00,RIG_ANOMALIES,17,16,4,62.32594441603586,103.83348747165729,95.0,1.2088451123684827,58.78048943745415,68.76821248520257,110.0,HIGH_PRODUCTION,0,0,141.92218619731358
2024-02-16 18:00:00,RIG_ANOMALIES,18,16,4,54.150432526909064,73.29470937724825,94.08798949536776,1.2596945225154035,42.68472625714421,54.67939784324305,108.6776896673088,HIGH_PRODUCTION,0,0,141.96850393700788
2024-02-16 19:00:00,RIG_ANOMALIES,19,16,4,45.97492063778226,65.14746299141201,73.13374239688446,1.0833345273420254,46.20971038169965,52.9117895706133,100.35973076046108,HIGH_PRODUCTION,0,0,142.01482167670218
2024-02-16 20:00:00,RIG_ANOMALIES,20,16,4,38.356556373227264,76.91313424762838,80.88349080195532,1.263737179086141,46.70560865279821,55.4965562291318,95.233743414909,HIGH_PRODUCTION,0,0,142.0611394163965
2024-02-16 21:00:00,RIG_ANOMALIES,21,16,4,36.10028835127271,55.85915518802065,78.29448315640292,1.2401404538270506,43.084298911137125,58.41521667833948,110.0,HIGH_PRODUCTION,0,0,142.1074571560908
2024-02-16 22:00:00,RIG_ANOMALIES,22,16,4,36.10028835127271,79.15949441320944,91.17500813955382,1.2664350818356926,48.041470248893646,61.97491700813593,110.0,STANDBY,0,0,142.1537748957851
2024-02-16 23:00:00,RIG_ANOMALIES,23,16,4,36.10028835127271,69.06925801261168,75.32766039295933,1.0389033138821115,39.28437038651896,52.77475229088475,98.64035189009846,STANDBY,0,0,142.2000926354794
2024-02-17 00:00:00,RIG_ANOMALIES,0,17,5,36.872674070127886,71.22229634219289,78.69340776994945,1.2738676642624682,41.793103911481225,57.888858645969854,109.14973456367876,STANDBY,0,0,142.2464103751737
2024-02-17 01:00:00,RIG_ANOMALIES,1,17,5,36.872674070127886,77.30633453442866,85.23322616891207,1.1650182040430217,49.855027811245655,57.275617812048765,110.0,STANDBY,0,0,142.292728114868
2024-02-17 02:00:00,RIG_ANOMALIES,2,17,5,36.872674070127886,78.7792789927628,85.05046110300387,1.30112361834151,45.34542758831836,70.06911344838703,110.0,STANDBY,0,0,142.3390458545623
2024-02-17 03:00:00,RIG_ANOMALIES,3,17,5,36.872674070127886,61.55918539394516,71.9993733771571,1.1485167372498735,43.52958554472357,52.538258158049814,105.94193300330456,STANDBY,0,0,142.3853635942566
2024-02-17 04:00:00,RIG_ANOMALIES,4,17,5,39.17721619951087,70.54933992226591,77.04091793654973,1.2862383740096086,44.18014645403277,52.363403202935416,100.95841069904205,STANDBY,0,0,142.4316813339509
2024-02-17 05:00:00,RIG_ANOMALIES,5,17,5,46.958579598635716,83.05162356661768,85.77917737933224,1.2286909507754844,36.5344594138335,60.61413072808875,110.0,STANDBY,0,0,142.4779990736452
2024-02-17 06:00:00,RIG_ANOMALIES,6,17,5,55.30901110519182,78.75950425921282,95.0,1.2766777866588903,49.74969162397174,72.97565589893996,110.0,HIGH_PRODUCTION,0,0,142.5243168133395
2024-02-17 07:00:00,RIG_ANOMALIES,7,17,5,63.65944261174793,98.40276120522336,95.0,1.028732292554691,51.375658586189516,68.75685132417881,99.03355658362256,HIGH_PRODUCTION,0,0,142.5706345530338
2024-02-17 08:00:00,RIG_ANOMALIES,8,17,5,71.44080601087278,110.24892394832636,95.0,1.1315838594540917,51.84927077420479,74.15328147915146,110.0,HIGH_PRODUCTION,0,0,142.61695229272812
2024-02-17 09:00:00,RIG_ANOMALIES,9,17,5,78.12281424622702,100.79154189642088,95.0,1.3238576175493502,57.107855017829095,76.96351394612905,110.0,HIGH_PRODUCTION,0,0,142.66327003242242
2024-02-17 10:00:00,RIG_ANOMALIES,10,17,5,83.250099499112,130.46743272009766,95.0,1.4477611501272913,48.62254695132641,74.51844506397856,110.0,HIGH_PRODUCTION,0,0,142.70958777211672
2024-02-17 11:00:00,RIG_ANOMALIES,11,17,5,86.47324575278313,131.50484544854885,95.0,1.4293788513590284,57.950828682142436,77.58851210751621,110.0,HIGH_PRODUCTION,0,0,142.75590551181102
2024-02-17 12:00:00,RIG_ANOMALIES,12,17,5,87.57260091655372,118.83617568987457,95.0,1.0761524054109164,58.48636197509684,84.18963905436429,105.64141897296844,HIGH_PRODUCTION,0,0,142.80222325150532
2024-02-17 13:00:00,RIG_ANOMALIES,13,17,5,86.47324575278313,108.21816442867124,95.0,1.2928041094444944,56.186748576229185,79.0454315432923,110.0,HIGH_PRODUCTION,0,0,142.84854099119963
2024-02-17 14:00:00,RIG_ANOMALIES,14,17,5,83.25009949911201,103.40850085215166,95.0,1.236868613596525,47.67954640898057,61.60392959249651,110.0,HIGH_PRODUCTION,0,0,142.89485873089393
2024-02-17 15:00:00,RIG_ANOMALIES,15,17,5,78.12281424622702,100.38485843667817,95.0,1.4739257398232315,48.577033116472755,70.81502449341836,110.0,HIGH_PRODUCTION,0,0,142.94117647058823
2024-02-17 16:00:00,RIG_ANOMALIES,16,17,5,71.44080601087278,109.6082064156825,95.0,1.330265266536639,53.53448108762485,59.56928048425874,110.0,HIGH_PRODUCTION,0,0,142.98749421028253
2024-02-17 17:00:00,RIG_ANOMALIES,17,17,5,63.65944261174793,81.62721463157852,95.0,1.1071278974630412,52.26399875012363,75.31923240891788,110.0,HIGH_PRODUCTION,0,0,143.03381194997684
2024-02-17 18:00:00,RIG_ANOMALIES,18,17,5,55.30901110519183,88.98717600392247,95.0,1.072249766453742,50.24964588254063,60.31163840305733,110.0,HIGH_PRODUCTION,0,0,143.08012968967114
2024-02-17 19:00:00,RIG_ANOMALIES,19,17,5,46.958579598635716,95.0414776968413,95.0,1.344234156993863,50.06580588130174,71.98454983311431,110.0,HIGH_PRODUCTION,0,0,143.12644742936544
2024-02-17 20:00:00,RIG_ANOMALIES,20,17,5,39.17721619951089,87.80388271186763,88.98031955884272,1.222890985037084,38.981243233560676,59.457191455642004,110.0,HIGH_PRODUCTION,0,0,143.17276516905974
2024-02-17 21:00:00,RIG_ANOMALIES,21,17,5,36.872674070127886,68.75959114261812,80.57425542621722,1.1411995050069415,43.27838497521909,53.54528080084427,97.58160356261648,HIGH_PRODUCTION,0,0,143.21908290875405
2024-02-17 22:00:00,RIG_ANOMALIES,22,17,5,36.872674070127886,69.60166788501019,78.72230161755901,1.2729517931910852,42.54923627227306,69.0099326022398,104.76137608123625,STANDBY,0,0,143.26540064844835
2024-02-17 23:00:00,RIG_ANOMALIES,23,17,5,36.872674070127886,74.47513971312027,80.25233485034185,1.1144778665171218,43.46626797444582,62.98921307365548,104.50071295205106,STANDBY,0,0,143.31171838814265
2024-02-18 00:00:00,RIG_ANOMALIES,0,18,6,38.26446504352977,58.139237034944564,57.08343540432156,0.7058178301821006,41.46072002364564,60.8470698930749,57.61501741244912,STANDBY,0,0,143.35803612783695
2024-02-18 01:00:00,RIG_ANOMALIES,1,18,6,38.26446504352977,51.347400274838364,50.58100434857602,0.6315655187332954,42.38915105952401,62.006739678965566,62.291296971928645,STANDBY,0,0,143.40435386753126
2024-02-18 02:00:00,RIG_ANOMALIES,2,18,6,38.26446504352977,56.24683733944998,58.409422873498706,0.6735509688098636,47.48066301730896,63.795319148455384,61.40659074474086,STANDBY,0,0,143.45067160722556
2024-02-18 03:00:00,RIG_ANOMALIES,3,18,6,38.26446504352977,62.58341731915243,59.72101455417,0.6689527866817945,46.34725275095255,71.24783874276832,66.56634007518794,STANDBY,0,0,143.49698934691986
2024-02-18 04:00:00,RIG_ANOMALIES,4,18,6,40.65599410875038,64.68885774689426,63.99641321816746,0.7518088703963851,42.48971833521833,64.88767437555306,68.17807178606625,STANDBY,0,0,143.54330708661416
2024-02-18 05:00:00,RIG_ANOMALIES,5,18,6,48.73107179936013,61.15634196719108,63.929441038553826,0.7734597695940353,45.22094166536594,72.02572916718486,64.89889599266286,STANDBY,0,0,143.58962482630847
2024-02-18 06:00:00,RIG_ANOMALIES,6,18,6,57.396697565294645,72.72346672918087,74.242198606779,0.7205524221404769,50.980928434229504,76.33691300734566,82.73782046795188,HIGH_PRODUCTION,0,0,143.63594256600277
2024-02-18 07:00:00,RIG_ANOMALIES,7,18,6,66.06232333122917,86.25800250484755,87.16235676352835,0.7327117840099862,53.44005007349662,76.74534950253859,95.51628667510303,HIGH_PRODUCTION,0,0,143.68226030569707
2024-02-18 08:00:00,RIG_ANOMALIES,8,18,6,74.13740102183893,98.91221035758338,94.5032161246642,0.7926778571894262,51.61413571980765,81.41087057937348,98.87461794606436,HIGH_PRODUCTION,0,0,143.72857804539137
2024-02-18 09:00:00,RIG_ANOMALIES,9,18,6,81.0716274372057,101.17099440106729,94.79827483334918,0.8266471756537509,56.242593872758206,79.83074762606157,97.63116540794321,HIGH_PRODUCTION,0,0,143.77489578508568
2024-02-18 10:00:00,RIG_ANOMALIES,10,18,6,86.39244650647323,100.55010342085978,94.85294057587252,0.8157161419323429,58.11709944816931,82.86651575727339,99.98367673252888,HIGH_PRODUCTION,0,0,143.82121352477998
2024-02-18 11:00:00,RIG_ANOMALIES,11,18,6,89.73725320314023,89.42736636341456,92.24482551624365,0.7837399790492547,50.923530471084625,75.90746464237228,96.74025825253169,HIGH_PRODUCTION,0,0,143.86753126447428
2024-02-18 12:00:00,RIG_ANOMALIES,12,18,6,90.8781044783832,106.96781270260979,95.0,0.8414158047231112,57.16922295046278,87.09676601862208,104.64083692766769,HIGH_PRODUCTION,0,0,143.91384900416858
2024-02-18 13:00:00,RIG_ANOMALIES,13,18,6,89.73725320314023,101.96511454980524,95.0,0.7931152843124719,56.506498557890616,75.3473113922548,95.76040774210077,HIGH_PRODUCTION,0,0,143.96016674386289
2024-02-18 14:00:00,RIG_ANOMALIES,14,18,6,86.39244650647325,102.73746473056895,95.0,0.8490535273968982,53.4194572522252,81.0944509195867,101.17178502724352,HIGH_PRODUCTION,0,0,144.0064844835572
2024-02-18 15:00:00,RIG_ANOMALIES,15,18,6,81.0716274372057,96.52885626047474,94.03940967505488,0.8026212158422523,52.38994506382021,76.20934263811107,96.53048047114947,HIGH_PRODUCTION,0,0,144.0528022232515
2024-02-18 16:00:00,RIG_ANOMALIES,16,18,6,74.13740102183893,93.04308454112515,87.51025946542266,0.8648577684269618,45.37156525842756,74.12584997333654,96.24208714982704,HIGH_PRODUCTION,0,0,144.0991199629458
2024-02-18 17:00:00,RIG_ANOMALIES,17,18,6,66.06232333122917,87.13761127723134,90.01484537591918,0.7624403275121306,52.29554711288782,76.3708151925021,94.89161593892544,HIGH_PRODUCTION,0,0,144.1454377026401
2024-02-18 18:00:00,RIG_ANOMALIES,18,18,6,57.39669756529465,71.4936619121469,71.27864600909555,0.803449546723715,47.989124859909815,69.60734293208594,78.70416562793199,HIGH_PRODUCTION,0,0,144.1917554423344
2024-02-18 19:00:00,RIG_ANOMALIES,19,18,6,48.73107179936013,59.598358038566786,65.22230905079769,0.7238456860099819,44.80101981280729,64.12996393089692,68.94730589237771,HIGH_PRODUCTION,0,0,144.2380731820287
2024-02-18 20:00:00,RIG_ANOMALIES,20,18,6,40.65599410875039,58.140619405325694,58.42315800774492,0.6678250077817602,40.7792220107169,71.4552176196428,60.50990408462536,HIGH_PRODUCTION,0,0,144.284390921723
2024-02-18 21:00:00,RIG_ANOMALIES,21,18,6,38.26446504352977,56.94646336051353,60.7336750626128,0.7263925525479297,42.43844919781756,65.63282645851544,66.96281379987317,HIGH_PRODUCTION,0,0,144.3307086614173
2024-02-18 22:00:00,RIG_ANOMALIES,22,18,6,38.26446504352977,55.91904891748825,56.25815318335616,0.7109646091576696,44.988473831408484,62.12224667182112,62.78952239232696,STANDBY,0,0,144.37702640111164
2024-02-18 23:00:00,RIG_ANOMALIES,23,18,6,38.26446504352977,65.12408901153727,61.45050471887354,0.7525314361890422,45.78518856575559,71.50511940266153,67.09105922125565,STANDBY,0,0,144.42334414080594
2024-02-19 00:00:00,RIG_ANOMALIES,0,19,0,40.0,55.88487262216045,54.800446452518386,0.6061047926518744,41.94851132475033,69.33432809685384,58.486601283223386,STANDBY,0,0,144.46966188050024
2024-02-19 01:00:00,RIG_ANOMALIES,1,19,0,40.0,57.3279877123144,60.112699990578285,0.6600181091896657,41.47830764179782,70.66131147022728,63.693590532661844,STANDBY,0,0,144.51597962019454
2024-02-19 02:00:00,RIG_ANOMALIES,2,19,0,40.0,61.14894347839986,61.362243174247844,0.768980934423152,41.81754756225534,72.67749120572822,62.125874031050984,STANDBY,0,0,144.56229735988884
2024-02-19 03:00:00,RIG_ANOMALIES,3,19,0,40.0,59.181491586794294,58.907481725117094,0.7822108423017171,42.871581161530855,70.59871769679577,64.0833682909043,STANDBY,0,0,144.60861509958315
2024-02-19 04:00:00,RIG_ANOMALIES,4,19,0,42.5,61.93507997993806,62.066721606608155,0.6266908551967669,46.5380344157713,70.63583583104358,62.83795576832688,STANDBY,0,0,144.65493283927745
2024-02-19 05:00:00,RIG_ANOMALIES,5,19,0,50.94133342141177,64.93017896440668,68.42396421579667,0.7567472077409427,46.62172737044402,69.20417849678562,75.89340875022442,STANDBY,0,0,144.70125057897175
2024-02-19 06:00:00,RIG_ANOMALIES,6,19,0,60.0,73.23511243756838,78.65687932256039,0.7704107992929534,48.986315563702924,69.00048981957781,85.99124682080671,HIGH_PRODUCTION,0,0,144.74756831866605
2024-02-19 07:00:00,RIG_ANOMALIES,7,19,0,69.05866657858823,85.11822494199517,82.82834519914596,0.7376982169546752,46.67161233659562,78.7763166974317,90.53664759416762,HIGH_PRODUCTION,0,0,144.79388605836036
2024-02-19 08:00:00,RIG_ANOMALIES,8,19,0,77.5,86.87731209649323,87.34007705966965,0.835466007232337,51.19506630180225,70.52066204359278,91.08346801076378,HIGH_PRODUCTION,0,0,144.84020379805466
2024-02-19 09:00:00,RIG_ANOMALIES,9,19,0,84.74873734152916,102.8217044853697,95.0,0.8521710939890534,56.06757011604321,79.9534348065286,107.58689708041456,HIGH_PRODUCTION,0,0,144.88652153774896
2024-02-19 10:00:00,RIG_ANOMALIES,10,19,0,90.31088913245534,105.11201632271676,95.0,0.8325321441920153,58.703607057051926,77.15154689577608,100.86316374979044,HIGH_PRODUCTION,0,0,144.93283927744326
2024-02-19 11:00:00,RIG_ANOMALIES,11,19,0,93.8074039201174,114.89073352336511,95.0,0.7932831651469224,57.0797547510015,83.08156015342836,100.07485895612758,HIGH_PRODUCTION,0,0,144.97915701713757
2024-02-19 12:00:00,RIG_ANOMALIES,12,19,0,95.0,113.95849370372079,95.0,0.8777781622107909,56.25752379603733,82.97929687313332,98.42968163427744,HIGH_PRODUCTION,0,0,145.02547475683187
2024-02-19 13:00:00,RIG_ANOMALIES,13,19,0,93.8074039201174,110.11476597397589,95.0,0.9230373122257463,60.92762219531063,86.76406894575533,100.60940178507315,HIGH_PRODUCTION,0,0,145.07179249652617
2024-02-19 14:00:00,RIG_ANOMALIES,14,19,0,90.31088913245536,105.51667821568395,95.0,0.7656147983076889,57.437649552269455,83.80278361257714,95.21916625789775,HIGH_PRODUCTION,0,0,145.11811023622047
2024-02-19 15:00:00,RIG_ANOMALIES,15,19,0,84.74873734152916,99.92007748660143,94.09706035964193,0.825890704038407,54.74495367095756,78.04613194235026,99.71115375308352,HIGH_PRODUCTION,0,0,145.16442797591478
2024-02-19 16:00:00,RIG_ANOMALIES,16,19,0,77.5,88.45017167357702,84.84005225522618,0.7772576583417589,57.12079004196113,71.02750125949541,88.65724219529271,HIGH_PRODUCTION,0,0,145.21074571560908
2024-02-19 17:00:00,RIG_ANOMALIES,17,19,0,69.05866657858823,85.75942231328654,83.63923367024886,0.7477405420593536,51.773561720862226,74.55343290343242,92.51971590144385,HIGH_PRODUCTION,0,0,145.25706345530338
2024-02-19 18:00:00,RIG_ANOMALIES,18,19,0,60.00000000000001,71.76350009896207,71.46405283436371,0.7304794376362456,46.26467183143753,68.63922204427506,78.89027145494943,HIGH_PRODUCTION,0,0,145.30338119499768
2024-02-19 19:00:00,RIG_ANOMALIES,19,19,0,50.94133342141177,65.10349220772162,67.62689889507739,0.6808688462392507,49.51223653632227,64.21631571233233,70.53328750338505,HIGH_PRODUCTION,0,0,145.349698934692
2024-02-19 20:00:00,RIG_ANOMALIES,20,19,0,42.500000000000014,55.81147629826861,61.41510238099751,0.6691960963954562,41.38245944752682,61.713824711498354,66.37706368405671,HIGH_PRODUCTION,0,0,145.3960166743863
2024-02-19 21:00:00,RIG_ANOMALIES,21,19,0,40.0,55.74556878247628,56.04084062011798,0.6403060966618137,42.723945143522855,64.83837050292641,56.481644120473604,HIGH_PRODUCTION,0,0,145.4423344140806
2024-02-19 22:00:00,RIG_ANOMALIES,22,19,0,40.0,59.89135793252432,60.210777964686734,0.7541998903460012,41.90738992025415,68.01021599751085,63.582980477646515,STANDBY,0,0,145.4886521537749
2024-02-19 23:00:00,RIG_ANOMALIES,23,19,0,40.0,54.48027638555962,55.56431574931195,0.7426821002997223,40.85399769480486,66.70314595622908,61.73661978282788,STANDBY,0,0,145.5349698934692
2024-02-20 00:00:00,RIG_ANOMALIES,0,20,1,38.26446504352977,60.268479310727294,60.205324267635305,0.7658529794352914,46.497459923196615,60.33516257776186,64.81298148402118,STANDBY,0,0,145.5812876331635
2024-02-20 01:00:00,RIG_ANOMALIES,1,20,1,38.26446504352977,53.094768897044496,54.59349990460172,0.708088753475114,42.27949163733459,68.65974205352904,55.914005008675126,STANDBY,0,0,145.6276053728578
2024-02-20 02:00:00,RIG_ANOMALIES,2,20,1,38.26446504352977,52.74556162723106,54.42680684459409,0.6796020238993226,43.27950036437189,64.72829669241611,55.328384787842026,STANDBY,0,0,145.6739231125521
2024-02-20 03:00:00,RIG_ANOMALIES,3,20,1,38.26446504352977,47.91656067081465,55.399611365204706,0.67807672332377,43.08860341645356,65.14286135416361,61.17943738063678,STANDBY,0,0,145.7202408522464
2024-02-20 04:00:00,RIG_ANOMALIES,4,20,1,40.65599410875038,54.22731525660338,59.448810008636585,0.7313430454459801,47.09716677679791,64.74608692498407,66.22050908731411,STANDBY,0,0,145.7665585919407
2024-02-20 05:00:00,RIG_ANOMALIES,5,20,1,48.73107179936014,62.530987944655465,66.94837727596655,0.6216303956985794,46.815492281738514,70.37896106763415,75.78084494138868,STANDBY,0,0,145.812876331635
2024-02-20 06:00:00,RIG_ANOMALIES,6,20,1,57.39669756529465,68.47517467942288,71.8005267902576,0.6896395945787985,46.20470885006661,72.67581476298886,76.49033077010425,HIGH_PRODUCTION,0,0,145.8591940713293
2024-02-20 07:00:00,RIG_ANOMALIES,7,20,1,66.06232333122918,84.59852944776472,80.36353861588844,0.8376844023918188,52.82470227089043,76.72624752557974,91.84640096360374,HIGH_PRODUCTION,0,0,145.90551181102362
2024-02-20 08:00:00,RIG_ANOMALIES,8,20,1,74.13740102183893,97.1796419445131,88.9288263000615,0.8199949712210255,53.745186267378855,84.1545221936766,89.75198260898995,HIGH_PRODUCTION,0,0,145.95182955071792
2024-02-20 09:00:00,RIG_ANOMALIES,9,20,1,81.07162743720572,102.19682756544617,95.0,0.8261166544795924,55.097079295315325,80.54804053949339,99.27298459101446,HIGH_PRODUCTION,0,0,145.99814729041222
2024-02-20 10:00:00,RIG_ANOMALIES,10,20,1,86.39244650647325,94.68875510061156,92.65603973087781,0.7928935771395049,56.26207858222971,78.62932898348022,98.33378550516339,HIGH_PRODUCTION,0,0,146.04446503010652
2024-02-20 11:00:00,RIG_ANOMALIES,11,20,1,89.73725320314024,106.95609770764369,95.0,0.8491745396007082,54.96933109180887,82.84384916391083,100.61741586041502,HIGH_PRODUCTION,0,0,146.09078276980082
2024-02-20 12:00:00,RIG_ANOMALIES,12,20,1,90.87810447838321,105.41468982724001,95.0,0.8396322754685192,56.30885006139404,84.43243213245346,98.85750853191773,HIGH_PRODUCTION,0,0,146.13710050949513
2024-02-20 13:00:00,RIG_ANOMALIES,13,20,1,89.73725320314024,108.85293471888829,95.0,0.8889251217738636,54.634659270690435,81.95928589139437,97.22960295820606,HIGH_PRODUCTION,0,0,146.18341824918943
2024-02-20 14:00:00,RIG_ANOMALIES,14,20,1,86.39244650647326,94.37057965717764,91.18704717471859,0.7585818570469454,53.21582608866841,80.28717609381954,92.17932016424666,HIGH_PRODUCTION,0,0,146.22973598888373
2024-02-20 15:00:00,RIG_ANOMALIES,15,20,1,81.07162743720572,98.42308495514823,95.0,0.8992787567879518,50.39201629374677,78.58743466052888,96.68031415240377,HIGH_PRODUCTION,0,0,146.27605372857803
2024-02-20 16:00:00,RIG_ANOMALIES,16,20,1,74.13740102183893,90.93624766584048,87.92497936692449,0.8669193743045251,51.467940970108074,78.05710773588076,93.47280982156673,HIGH_PRODUCTION,0,0,146.32237146827237
2024-02-20 17:00:00,RIG_ANOMALIES,17,20,1,66.06232333122918,87.96566951311826,81.86458879586289,0.8221447244687597,50.62299103230625,75.80900120633697,96.64974952438732,HIGH_PRODUCTION,0,0,146.36868920796667
2024-02-20 18:00:00,RIG_ANOMALIES,18,20,1,57.39669756529466,72.82756860839461,73.86338024470838,0.7682802341172461,47.58459485861769,72.65510384269496,78.35998051872932,HIGH_PRODUCTION,0,0,146.41500694766097
2024-02-20 19:00:00,RIG_ANOMALIES,19,20,1,48.73107179936014,70.23973280421032,70.8486028036469,0.6696288276436487,46.39965728478446,73.54572716380913,76.81459052447266,HIGH_PRODUCTION,0,0,146.46132468735527
2024-02-20 20:00:00,RIG_ANOMALIES,20,20,1,40.65599410875039,58.998973409577864,64.60729693248481,0.7047628207963198,47.58245532507985,70.77548881333828,69.09229364159204,HIGH_PRODUCTION,0,0,146.50764242704957
2024-02-20 21:00:00,RIG_ANOMALIES,21,20,1,38.26446504352977,47.53889216718801,54.253049501697646,0.58848276841855,43.4681036142289,62.086728374987295,60.569045440052534,HIGH_PRODUCTION,0,0,146.55396016674388
2024-02-20 22:00:00,RIG_ANOMALIES,22,20,1,38.26446504352977,59.340986615349415,59.03508224677966,0.6363705489975375,45.41929279363514,69.81235400757525,58.690008859130074,STANDBY,0,0,146.60027790643818
2024-02-20 23:00:00,RIG_ANOMALIES,23,20,1,38.26446504352977,50.51664395431617,48.401147413323685,0.7423914196815767,41.702734863488125,63.389043511574954,49.507841105893924,STANDBY,0,0,146.64659564613248
2024-02-21 00:00:00,RIG_ANOMALIES,0,21,2,36.872674070127886,55.504632200757385,56.42296043965811,0.638171715702913,48.14206224695769,68.03688651037449,58.05282971688073,STANDBY,0,0,146.69291338582678
2024-02-21 01:00:00,RIG_ANOMALIES,1,21,2,36.872674070127886,45.79627206792964,47.26247877630603,0.5933496919422079,45.56173688797668,62.865237485160556,56.05658810529702,STANDBY,0,0,146.7392311255211
2024-02-21 02:00:00,RIG_ANOMALIES,2,21,2,36.872674070127886,61.672993622049475,59.21770574787943,0.6514732492524204,44.77427755955857,64.47492733966247,61.76947505070278,STANDBY,0,0,146.7855488652154
2024-02-21 03:00:00,RIG_ANOMALIES,3,21,2,36.872674070127886,56.52225730777329,56.45703114914023,0.7056033283714825,40.27617502927016,67.20158753779137,61.58737226587356,STANDBY,0,0,146.8318666049097
2024-02-21 04:00:00,RIG_ANOMALIES,4,21,2,39.17721619951087,57.83586090025453,60.63572508704317,0.7665185641420238,46.36711325956201,61.728267865608956,63.86308117717414,STANDBY,0,0,146.878184344604
2024-02-21 05:00:00,RIG_ANOMALIES,5,21,2,46.958579598635716,60.552672060073554,63.65480233404771,0.6389344076026422,46.716185395032035,66.19789432361239,73.04076268420467,STANDBY,0,0,146.9245020842983
2024-02-21 06:00:00,RIG_ANOMALIES,6,21,2,55.30901110519182,67.16955507254231,70.01989952330685,0.7311099463799404,50.40204644292222,69.96575136829843,78.20673633423408,HIGH_PRODUCTION,0,0,146.9708198239926
2024-02-21 07:00:00,RIG_ANOMALIES,7,21,2,63.65944261174793,73.42784517727429,76.6526975270927,0.714489512041158,47.482893031694154,71.70963131033348,84.00534380403857,HIGH_PRODUCTION,0,0,147.0171375636869
2024-02-21 08:00:00,RIG_ANOMALIES,8,21,2,71.44080601087278,87.49764587214933,87.51743003941331,0.6938769177380018,52.87382191413462,70.93532879519314,95.78482138446196,HIGH_PRODUCTION,0,0,147.0634553033812
2024-02-21 09:00:00,RIG_ANOMALIES,9,21,2,78.12281424622702,93.33748025758834,92.66300846564889,0.8206409505563137,53.84209782554357,77.16626863471386,99.33744710679467,HIGH_PRODUCTION,0,0,147.1097730430755
2024-02-21 10:00:00,RIG_ANOMALIES,10,21,2,83.250099499112,95.93680211911071,95.0,0.6846225181518752,50.99795242013798,76.14845468948295,99.20279315625517,HIGH_PRODUCTION,0,0,147.1560907827698
2024-02-21 11:00:00,RIG_ANOMALIES,11,21,2,86.47324575278313,106.87786023292729,95.0,0.8865200463305032,55.87312986551979,81.82477523852444,101.92397043735963,HIGH_PRODUCTION,0,0,147.2024085224641
2024-02-21 12:00:00,RIG_ANOMALIES,12,21,2,87.57260091655372,108.30706740788314,95.0,0.8783182272446907,55.18301374819804,80.86930850807815,100.18611458052366,HIGH_PRODUCTION,0,0,147.2487262621584
2024-02-21 13:00:00,RIG_ANOMALIES,13,21,2,86.47324575278313,92.31343253862433,94.15953771562336,0.9046949784017723,49.40318837237726,78.22443754538696,92.26341368318914,HIGH_PRODUCTION,0,0,147.29504400185272
2024-02-21 14:00:00,RIG_ANOMALIES,14,21,2,83.25009949911201,101.81738491217376,95.0,0.8079933343628931,54.98085691284338,81.51117847567556,102.03734103792414,HIGH_PRODUCTION,0,0,147.34136174154702
2024-02-21 15:00:00,RIG_ANOMALIES,15,21,2,78.12281424622702,93.90092994613659,92.52232413176826,0.8466640980361293,53.10026210705365,79.63142103422945,98.99890912816556,HIGH_PRODUCTION,0,0,147.38767948124132
2024-02-21 16:00:00,RIG_ANOMALIES,16,21,2,71.44080601087278,86.463693387549,88.215881107707,0.7683047702848864,51.11426111783467,77.87252527544287,97.22526603724158,HIGH_PRODUCTION,0,0,147.43399722093562
2024-02-21 17:00:00,RIG_ANOMALIES,17,21,2,63.65944261174793,72.75916924362927,73.43569935849838,0.8096257327363161,49.18617310898412,72.85375729433893,78.05326950294386,HIGH_PRODUCTION,0,0,147.48031496062993
2024-02-21 18:00:00,RIG_ANOMALIES,18,21,2,55.30901110519183,69.59932474518736,71.56211541311872,0.7527026669736343,47.711582349435304,69.5820825105023,73.84641308014882,HIGH_PRODUCTION,0,0,147.52663270032423
2024-02-21 19:00:00,RIG_ANOMALIES,19,21,2,46.958579598635716,67.57870466560192,69.24136338933498,0.7132580402270727,47.5566204355773,69.20919638280029,76.33920152219227,HIGH_PRODUCTION,0,0,147.57295044001853
2024-02-21 20:00:00,RIG_ANOMALIES,20,21,2,39.17721619951089,58.36578019043132,60.27829975070895,0.70324521339586,42.43623293941832,66.22414635643928,66.80027758420317,HIGH_PRODUCTION,0,0,147.61926817971283
2024-02-21 21:00:00,RIG_ANOMALIES,21,21,2,36.872674070127886,66.09743768715532,64.804391359738,0.6431979728657465,44.27602439901515,69.8090997186073,72.87347671854596,HIGH_PRODUCTION,0,0,147.66558591940714
2024-02-21 22:00:00,RIG_ANOMALIES,22,21,2,36.872674070127886,61.39181863454631,60.7681143939756,0.7859732589075432,44.420774130422,69.35178606150045,67.84797031951828,STANDBY,0,0,147.71190365910144
2024-02-21 23:00:00,RIG_ANOMALIES,23,21,2,36.872674070127886,53.00356148133049,50.54125859052342,0.727642621347771,39.71314522792374,62.76954107275251,54.385512151594654,STANDBY,0,0,147.75822139879574
2024-02-22 00:00:00,RIG_ANOMALIES,0,22,3,36.10028835127271,57.09884227289372,56.21111729435674,0.5437049259986564,43.06705832440829,61.142041810374295,62.28462658211226,STANDBY,0,0,147.80453913849004
2024-02-22 01:00:00,RIG_ANOMALIES,1,22,3,36.10028835127271,58.83380553126412,59.99826665748176,0.678410134908113,44.51097006343786,71.19608874870653,64.81096414335542,STANDBY,0,0,147.85085687818435
2024-02-22 02:00:00,RIG_ANOMALIES,2,22,3,36.10028835127271,53.069528740375404,55.519949744773996,0.7436993516892336,45.46328771036499,62.73636100822639,56.44334849337517,STANDBY,0,0,147.89717461787865
2024-02-22 03:00:00,RIG_ANOMALIES,3,22,3,36.10028835127271,51.58179925647032,57.24173735906137,0.6973057296392737,42.345581982696736,60.60363995004953,64.52976979595731,STANDBY,0,0,147.94349235757295
2024-02-22 04:00:00,RIG_ANOMALIES,4,22,3,38.35655637322725,56.284240187502164,60.18812825525491,0.707762122622885,41.256948957645605,69.76385716748365,63.9647642949282,STANDBY,0,0,147.98981009726725
2024-02-22 05:00:00,RIG_ANOMALIES,5,22,3,45.97492063778226,56.39959205774184,59.195744555990856,0.7231633732064621,43.04349062507761,62.89565292383604,64.47760737957255,STANDBY,0,0,148.03612783696155
2024-02-22 06:00:00,RIG_ANOMALIES,6,22,3,54.15043252690906,63.99671465470404,69.56189167009077,0.7538949021709409,47.268556286718905,68.49471926780761,73.184927971613,HIGH_PRODUCTION,0,0,148.08244557665586
2024-02-22 07:00:00,RIG_ANOMALIES,7,22,3,62.32594441603586,82.45658262931609,82.45579754402462,0.7577373889437968,46.58883689668938,74.71635667091478,86.1329884133379,HIGH_PRODUCTION,0,0,148.12876331635016
2024-02-22 08:00:00,RIG_ANOMALIES,8,22,3,69.94430868059086,76.63698282156832,79.24471608020104,0.7739418669417133,49.03059268181224,79.11660817588971,84.40285242575709,HIGH_PRODUCTION,0,0,148.17508105604446
2024-02-22 09:00:00,RIG_ANOMALIES,9,22,3,76.48634638588689,90.3374209306406,89.96857078328316,0.8043361282781528,51.31421654424633,77.43048648999142,94.69340705662611,HIGH_PRODUCTION,0,0,148.22139879573876
2024-02-22 10:00:00,RIG_ANOMALIES,10,22,3,81.50622847353647,88.0914750026446,88.09521005961666,0.7705145259241819,54.572506342842644,77.7113770429884,91.43536779595173,HIGH_PRODUCTION,0,0,148.26771653543307
2024-02-22 11:00:00,RIG_ANOMALIES,11,22,3,84.66185827501369,102.38069392485299,95.0,0.8152119071615852,56.17575815149666,80.9480223641767,106.4403065535191,HIGH_PRODUCTION,0,0,148.31403427512737
2024-02-22 12:00:00,RIG_ANOMALIES,12,22,3,85.73818483427267,101.68684914780319,95.0,0.8384707786284917,53.063334684789254,75.43275740205745,99.10407655649742,HIGH_PRODUCTION,0,0,148.36035201482167
2024-02-22 13:00:00,RIG_ANOMALIES,13,22,3,84.66185827501369,102.52982891630131,95.0,0.8468358367587535,58.671562184360674,80.5522434777255,104.27864367157797,HIGH_PRODUCTION,0,0,148.40666975451597
2024-02-22 14:00:00,RIG_ANOMALIES,14,22,3,81.50622847353648,94.09992374595929,94.94132549422255,0.8273066487667762,54.28712485832251,80.54638120902865,99.50295938876755,HIGH_PRODUCTION,0,0,148.45298749421028
2024-02-22 15:00:00,RIG_ANOMALIES,15,22,3,76.48634638588689,87.35461180966485,88.48643365920297,0.8698506403043355,48.63072147471452,74.08167009236497,93.83238422144456,HIGH_PRODUCTION,0,0,148.49930523390458
2024-02-22 16:00:00,RIG_ANOMALIES,16,22,3,69.94430868059086,86.92585314804107,84.09359851167693,0.7807301813609792,51.43016666234766,75.21826507279438,88.49052807629853,HIGH_PRODUCTION,0,0,148.54562297359888
2024-02-22 17:00:00,RIG_ANOMALIES,17,22,3,62.32594441603586,74.4036213586828,75.80691354269844,0.7167488576888746,50.31210860896833,69.09088315258197,83.28576247836105,HIGH_PRODUCTION,0,0,148.59194071329318
2024-02-22 18:00:00,RIG_ANOMALIES,18,22,3,54.150432526909064,67.78606565282443,72.77809775300223,0.7191888956888541,46.09976244525362,74.20455884701185,74.38807592725792,HIGH_PRODUCTION,0,0,148.6382584529875
2024-02-22 19:00:00,RIG_ANOMALIES,19,22,3,45.97492063778226,55.083319220350816,58.74091374749182,0.7112078628550389,45.0380129707559,67.7958062319859,64.04467236102232,HIGH_PRODUCTION,0,0,148.6845761926818
2024-02-22 20:00:00,RIG_ANOMALIES,20,22,3,38.356556373227264,62.11890852886325,63.68398794535584,0.6498395124445029,42.902697059932954,73.24516111686185,72.02217508803432,HIGH_PRODUCTION,0,0,148.7308939323761
2024-02-22 21:00:00,RIG_ANOMALIES,21,22,3,36.10028835127271,61.75999241338549,60.111488980271425,0.7128712162444361,41.15292208859337,64.26465329542877,65.51748538287512,HIGH_PRODUCTION,0,0,148.7772116720704
2024-02-22 22:00:00,RIG_ANOMALIES,22,22,3,36.10028835127271,48.671670408241596,54.213880239934895,0.6393159829842774,44.82961120609322,61.62555078855249,52.43423356115398,STANDBY,0,0,148.8235294117647
2024-02-22 23:00:00,RIG_ANOMALIES,23,22,3,36.10028835127271,50.597143471536846,55.06622965365946,0.6775403398267704,43.386949782181794,66.67696903945156,62.88463261781674,STANDBY,0,0,148.869847151459
2024-02-23 00:00:00,RIG_ANOMALIES,0,23,4,36.10028835127271,55.748777123073474,55.037332063614706,0.6872499359808447,43.677227738675924,73.35672964516286,55.94604720892128,STANDBY,0,0,148.9161648911533
2024-02-23 01:00:00,RIG_ANOMALIES,1,23,4,36.10028835127271,61.240793020516016,57.02803843730009,0.6456656757902334,46.787822379394484,67.78739201785568,60.0349817480039,STANDBY,0,0,148.9624826308476
2024-02-23 02:00:00,RIG_ANOMALIES,2,23,4,36.10028835127271,45.8429122037091,48.99938999438271,0.7403776408907428,39.56421658352453,63.307204129234336,52.507958423001135,STANDBY,0,0,149.0088003705419
2024-02-23 03:00:00,RIG_ANOMALIES,3,23,4,36.10028835127271,51.045120208331646,56.8199922533533,0.6556125266132985,42.5184474974978,61.746443431402234,65.56618562337086,STANDBY,0,0,149.0551181102362
2024-02-23 04:00:00,RIG_ANOMALIES,4,23,4,38.35655637322725,58.63901006878825,59.46804990332551,0.66359272626447,43.346750305532154,68.11292645036139,69.80329775409407,STANDBY,0,0,149.1014358499305
2024-02-23 05:00:00,RIG_ANOMALIES,5,23,4,45.97492063778226,58.22698980364397,61.51169426569178,0.6770095637567238,47.899377568896504,69.89936716334866,62.22486602687429,STANDBY,0,0,149.1477535896248
2024-02-23 06:00:00,RIG_ANOMALIES,6,23,4,54.15043252690906,75.90558871306195,76.76024839610557,0.7511446244791098,51.13848778857247,76.351451787578,83.32379959691166,HIGH_PRODUCTION,0,0,149.19407132931912
2024-02-23 07:00:00,RIG_ANOMALIES,7,23,4,62.32594441603586,80.56449509718304,83.50758921462796,0.7774138360643933,53.4531847660275,73.54968124860902,90.22385563078956,HIGH_PRODUCTION,0,0,149.24038906901342
2024-02-23 08:00:00,RIG_ANOMALIES,8,23,4,69.94430868059086,95.16607583031177,92.8392456858058,0.8327078183589526,53.654722064931434,75.778304344932,102.0539551812581,HIGH_PRODUCTION,0,0,149.28670680870772
2024-02-23 09:00:00,RIG_ANOMALIES,9,23,4,76.48634638588689,88.85645277182559,90.92565271614802,0.8219752044346379,52.36385759375645,76.63934447764377,93.52037872981244,HIGH_PRODUCTION,0,0,149.33302454840202
2024-02-23 10:00:00,RIG_ANOMALIES,10,23,4,81.50622847353647,97.75930697103135,95.0,0.8846078391775054,50.09831307413394,79.31478728951807,97.60529525209701,HIGH_PRODUCTION,0,0,149.37934228809632
2024-02-23 11:00:00,RIG_ANOMALIES,11,23,4,84.66185827501369,100.5826498851198,95.0,0.831821833111983,54.418697810132585,84.31921964287307,107.61562496143304,HIGH_PRODUCTION,0,0,149.42566002779063
2024-02-23 12:00:00,RIG_ANOMALIES,12,23,4,85.73818483427267,102.77672383157599,95.0,0.8061891402930185,52.0159500918418,85.55239915998976,102.50075808678591,HIGH_PRODUCTION,0,0,149.47197776748493
2024-02-23 13:00:00,RIG_ANOMALIES,13,23,4,84.66185827501369,102.3463351616093,95.0,0.8474546228738222,56.70734909046184,79.09971626890234,102.18883499763423,HIGH_PRODUCTION,0,0,149.51829550717923
2024-02-23 14:00:00,RIG_ANOMALIES,14,23,4,81.50622847353648,94.88108029273782,95.0,0.8616833426438586,51.31159441688666,83.68663247443787,100.11190822997223,HIGH_PRODUCTION,0,0,149.56461324687353
2024-02-23 15:00:00,RIG_ANOMALIES,15,23,4,76.48634638588689,93.48035404012622,94.54886093466602,0.7864382640464063,52.75758769325521,82.29617388604882,104.06803293716005,HIGH_PRODUCTION,0,0,149.61093098656784
2024-02-23 16:00:00,RIG_ANOMALIES,16,23,4,69.94430868059086,90.81200686703866,88.39039009283414,0.8276293923322917,54.916610193322505,76.96484083208014,98.65526434868544,HIGH_PRODUCTION,0,0,149.65724872626217
2024-02-23 17:00:00,RIG_ANOMALIES,17,23,4,62.32594441603586,75.7594844650405,75.04026605153099,0.7922992790146708,48.92268340213984,75.86524823247066,77.54197669244277,HIGH_PRODUCTION,0,0,149.70356646595647
2024-02-23 18:00:00,RIG_ANOMALIES,18,23,4,54.150432526909064,80.04143594236314,76.64393992889549,0.801001158779439,49.39248905235648,71.04420208508813,80.8554087089696,HIGH_PRODUCTION,0,0,149.74988420565077
2024-02-23 19:00:00,RIG_ANOMALIES,19,23,4,45.97492063778226,61.570655184813155,64.71531474988225,0.6648954284997189,44.715469930659815,65.03549955806992,73.53867778689025,HIGH_PRODUCTION,0,0,149.79620194534508
2024-02-23 20:00:00,RIG_ANOMALIES,20,23,4,38.356556373227264,57.99078929094346,59.88033088614835,0.7573784378017769,42.825977006044205,72.01437562409834,63.27352572014597,HIGH_PRODUCTION,0,0,149.84251968503938
2024-02-23 21:00:00,RIG_ANOMALIES,21,23,4,36.10028835127271,48.64990137966532,55.53097356293196,0.799658970524924,41.829521583834804,64.85023178182549,61.525273334279966,HIGH_PRODUCTION,0,0,149.88883742473368
2024-02-23 22:00:00,RIG_ANOMALIES,22,23,4,36.10028835127271,38.22709844795401,41.57605860547115,0.6447668010035807,38.417700318115386,61.598034677908274,49.22384531432818,STANDBY,0,0,149.93515516442798
2024-02-23 23:00:00,RIG_ANOMALIES,23,23,4,36.10028835127271,56.20962677250115,53.27396188913363,0.6938647963040974,45.58126257837075,66.9492165098734,60.150845031311334,STANDBY,0,0,149.98147290412228
2024-02-24 00:00:00,RIG_ANOMALIES,0,24,5,36.872674070127886,58.36820427041064,58.01110897560005,0.7719078755678195,41.64567082740299,64.69768483137993,61.70993025766729,STANDBY,0,0,150.0277906438166
2024-02-24 01:00:00,RIG_ANOMALIES,1,24,5,36.872674070127886,56.996167013985435,55.24091644066591,0.6871492416536535,43.488680460041614,63.2197691028628,60.72771676047224,STANDBY,0,0,150.0741083835109
2024-02-24 02:00:00,RIG_ANOMALIES,2,24,5,36.872674070127886,62.65835941990664,57.36019313646303,0.7176822367557811,47.76464981061565,65.61488865399008,62.75509638601936,STANDBY,0,0,150.1204261232052
2024-02-24 03:00:00,RIG_ANOMALIES,3,24,5,36.872674070127886,57.8405172026192,61.2468311093253,0.7113092472141758,44.11032763043929,69.99289552218343,63.68719136437971,STANDBY,0,0,150.1667438628995
2024-02-24 04:00:00,RIG_ANOMALIES,4,24,5,39.17721619951087,57.4904905403346,59.198819903114,0.7290275140859128,43.0869264356939,70.1620093750122,59.44875335652314,STANDBY,0,0,150.2130616025938
2024-02-24 05:00:00,RIG_ANOMALIES,5,24,5,46.958579598635716,65.64327790209691,66.34686210080008,0.6857886694302664,45.37202840611686,74.55648127542307,72.7404656640431,STANDBY,0,0,150.2593793422881
2024-02-24 06:00:00,RIG_ANOMALIES,6,24,5,55.30901110519182,81.61444466801342,77.98468039819224,0.7875270660463933,52.15165936516756,69.8601500582093,87.40868367488838,HIGH_PRODUCTION,0,0,150.3056970819824
2024-02-24 07:00:00,RIG_ANOMALIES,7,24,5,63.65944261174793,82.28466648354707,85.1682609002053,0.7361099595793023,50.26261236699131,74.04677339265547,85.36205177259633,HIGH_PRODUCTION,0,0,150.3520148216767
2024-02-24 08:00:00,RIG_ANOMALIES,8,24,5,71.44080601087278,91.21815861531225,86.27597901530045,0.8282951101157028,50.41563093375345,79.85771847067578,91.46626003592117,HIGH_PRODUCTION,0,0,150.398332561371
2024-02-24 09:00:00,RIG_ANOMALIES,9,24,5,78.12281424622702,101.99744391153618,95.0,0.8622534581073145,52.249072668500276,79.06271261024959,98.47052219295118,HIGH_PRODUCTION,0,0,150.4446503010653
2024-02-24 10:00:00,RIG_ANOMALIES,10,24,5,83.250099499112,99.66149747111989,95.0,0.8170750131614524,54.684037538427596,79.59963748244512,102.71644848901576,HIGH_PRODUCTION,0,0,150.4909680407596
2024-02-24 11:00:00,RIG_ANOMALIES,11,24,5,86.47324575278313,105.60939850787301,95.0,0.855042937850821,58.37090633488445,81.90221348801258,100.20058164727025,HIGH_PRODUCTION,0,0,150.5372857804539
2024-02-24 12:00:00,RIG_ANOMALIES,12,24,5,87.57260091655372,105.77058377986707,95.0,0.9072425511168306,53.67045143073889,79.89387195285914,99.81900437927894,HIGH_PRODUCTION,0,0,150.58360352014822
2024-02-24 13:00:00,RIG_ANOMALIES,13,24,5,86.47324575278313,100.27388349910838,95.0,0.7879307597874395,56.36359137413913,77.92736146087434,98.5485061800951,HIGH_PRODUCTION,0,0,150.62992125984252
2024-02-24 14:00:00,RIG_ANOMALIES,14,24,5,83.25009949911201,110.46564503080175,95.0,0.9007827020141057,62.21534645849567,84.9394197267579,104.17987931249158,HIGH_PRODUCTION,0,0,150.67623899953682
2024-02-24 15:00:00,RIG_ANOMALIES,15,24,5,78.12281424622702,93.30155557487434,92.93890234172925,0.7880324029566831,53.27640891398793,74.36482281562257,97.74430904339741,HIGH_PRODUCTION,0,0,150.72255673923112
2024-02-24 16:00:00,RIG_ANOMALIES,16,24,5,71.44080601087278,93.53305814030718,87.91709404294286,0.8607177002755758,55.113837084411365,77.38882299157166,93.87220173768323,HIGH_PRODUCTION,0,0,150.76887447892543
2024-02-24 17:00:00,RIG_ANOMALIES,17,24,5,63.65944261174793,78.06775123823923,79.96629256937527,0.7752602859592806,49.10916867085569,72.69888425856391,86.75188433499233,HIGH_PRODUCTION,0,0,150.81519221861973
2024-02-24 18:00:00,RIG_ANOMALIES,18,24,5,55.30901110519183,74.29331335052034,75.98946021962983,0.7362732078400437,50.19201883989146,74.10867495022255,80.18793472672019,HIGH_PRODUCTION,0,0,150.86150995831403
2024-02-24 19:00:00,RIG_ANOMALIES,19,24,5,46.958579598635716,64.32650869022818,70.21979092004925,0.7336728254724906,46.50440480685485,72.27647763624525,72.69688428435587,HIGH_PRODUCTION,0,0,150.90782769800833
2024-02-24 20:00:00,RIG_ANOMALIES,20,24,5,39.17721619951089,58.14183748901419,60.473877453950436,0.7399714524269327,45.53513802473303,67.4187583512014,66.3564691612183,HIGH_PRODUCTION,0,0,150.95414543770264
2024-02-24 21:00:00,RIG_ANOMALIES,21,24,5,36.872674070127886,56.89004502874759,59.54271673736097,0.6806007350586092,43.74638088634615,64.06495590861243,62.544693684365946,HIGH_PRODUCTION,0,0,151.00046317739694
2024-02-24 22:00:00,RIG_ANOMALIES,22,24,5,36.872674070127886,50.82573235113668,54.688569141866815,0.7020966619792266,43.46150611720743,61.8435707294858,59.10810650986818,STANDBY,0,0,151.04678091709124
2024-02-24 23:00:00,RIG_ANOMALIES,23,24,5,36.872674070127886,60.86764794393623,58.054645135576045,0.7072999249893009,47.66827260795333,70.05915597198295,59.483797582061584,STANDBY,0,0,151.09309865678554
2024-02-25 00:00:00,RIG_ANOMALIES,0,25,6,38.26446504352977,43.21377641254847,50.39335968671104,0.6130832550967382,42.15620359322907,60.40462896568923,56.646764457301444,STANDBY,0,0,151.13941639647985
2024-02-25 01:00:00,RIG_ANOMALIES,1,25,6,38.26446504352977,60.93507029512332,57.33165470243578,0.7372837580098107,45.758554680365165,64.74480323214682,60.8578977378933,STANDBY,0,0,151.18573413617415
2024-02-25 02:00:00,RIG_ANOMALIES,2,25,6,38.26446504352977,57.007275787729995,54.050295661279165,0.7771854321323843,45.10273230442864,60.68487717387624,62.24742137252235,STANDBY,0,0,151.23205187586845
2024-02-25 03:00:00,RIG_ANOMALIES,3,25,6,38.26446504352977,62.29121505744471,60.15313107229842,0.5981850061201447,46.54130765184036,69.35279949138875,61.46575015267529,STANDBY,0,0,151.27836961556275
2024-02-25 04:00:00,RIG_ANOMALIES,4,25,6,40.65599410875038,55.21589023952521,63.65561352690116,0.7368267949760583,43.86617201760264,64.22269457066142,72.79473491776598,STANDBY,0,0,151.32468735525705
2024-02-25 05:00:00,RIG_ANOMALIES,5,25,6,48.73107179936013,76.1521251199967,71.61262502292925,0.7897733146269472,47.95965757865954,68.80769088163798,78.04275899927686,STANDBY,0,0,151.37100509495136
2024-02-25 06:00:00,RIG_ANOMALIES,6,25,6,57.396697565294645,69.53674249907681,71.31171842189616,0.7089677078962808,48.07584932726707,71.43152089735376,77.13485387951465,HIGH_PRODUCTION,0,0,151.41732283464566
2024-02-25 07:00:00,RIG_ANOMALIES,7,25,6,66.06232333122917,74.9936240447608,75.81732020680684,0.8267778622921543,48.69596804159167,74.95656846727422,79.51169521176476,HIGH_PRODUCTION,0,0,151.46364057433996
2024-02-25 08:00:00,RIG_ANOMALIES,8,25,6,74.13740102183893,89.97063674483886,91.13087240200109,0.8525157713997429,49.93592065454952,77.13063380153709,96.44482658323082,HIGH_PRODUCTION,0,0,151.50995831403426
2024-02-25 09:00:00,RIG_ANOMALIES,9,25,6,81.0716274372057,98.08269665167703,91.37543432131172,0.8548063091194572,54.52757691793928,76.00000444666384,96.40955534068283,HIGH_PRODUCTION,0,0,151.55627605372857
2024-02-25 10:00:00,RIG_ANOMALIES,10,25,6,86.39244650647323,108.66607920515008,95.0,0.8670741342596469,56.548924595958006,78.41597434267607,94.19057167223502,HIGH_PRODUCTION,0,0,151.6025937934229
2024-02-25 11:00:00,RIG_ANOMALIES,11,25,6,89.73725320314023,110.71566947280982,95.0,0.9207031155110084,59.7111912977339,79.78259511012222,104.78226684644962,HIGH_PRODUCTION,0,0,151.6489115331172
2024-02-25 12:00:00,RIG_ANOMALIES,12,25,6,90.8781044783832,101.26679672734102,95.0,0.8605411764307277,57.04156426158495,84.18113427834798,98.68587148250788,HIGH_PRODUCTION,0,0,151.6952292728115
2024-02-25 13:00:00,RIG_ANOMALIES,13,25,6,89.73725320314023,110.01515859677485,95.0,0.8962988234043467,57.76382992359172,86.80279255872307,104.86347102507301,HIGH_PRODUCTION,0,0,151.7415470125058
2024-02-25 14:00:00,RIG_ANOMALIES,14,25,6,86.39244650647325,101.04604956452943,95.0,0.7577534484493895,52.89345586166919,78.79798095954861,101.92258275469871,HIGH_PRODUCTION,0,0,151.7878647522001
2024-02-25 15:00:00,RIG_ANOMALIES,15,25,6,81.0716274372057,99.96127410870659,92.49288037148243,0.8249015524512702,55.391509440710436,82.0770507753011,97.39719334841277,HIGH_PRODUCTION,0,0,151.8341824918944
2024-02-25 16:00:00,RIG_ANOMALIES,16,25,6,74.13740102183893,92.70248370558483,90.40363857800212,0.7935601753225394,53.789941573326054,82.78002598031209,91.99874806574731,HIGH_PRODUCTION,0,0,151.8805002315887
2024-02-25 17:00:00,RIG_ANOMALIES,17,25,6,66.06232333122917,86.56403661117062,80.38787271725805,0.7854310229359633,51.22379114243348,75.64671006145454,86.85706583869005,HIGH_PRODUCTION,0,0,151.92681797128301
2024-02-25 18:00:00,RIG_ANOMALIES,18,25,6,57.39669756529465,75.7868094136692,75.41197462805486,0.8544970312731226,47.3920400072387,72.2057027564186,77.78680106134229,HIGH_PRODUCTION,0,0,151.97313571097732
2024-02-25 19:00:00,RIG_ANOMALIES,19,25,6,48.73107179936013,75.1345199952668,71.56022793879723,0.8469641218215228,49.53710596363942,72.92525343798009,74.60956216671211,HIGH_PRODUCTION,0,0,152.01945345067162
2024-02-25 20:00:00,RIG_ANOMALIES,20,25,6,40.65599410875039,64.79272521070529,64.74203204534396,0.7580854066785813,43.34571709841887,70.62765125440171,69.28956502822764,HIGH_PRODUCTION,0,0,152.06577119036592
2024-02-25 21:00:00,RIG_ANOMALIES,21,25,6,38.26446504352977,63.61983306143169,61.98138277057311,0.72279080154883,45.744828613495024,69.1295409490393,69.29093280602208,HIGH_PRODUCTION,0,0,152.11208893006022
2024-02-25 22:00:00,RIG_ANOMALIES,22,25,6,38.26446504352977,57.03100724643175,54.44071586350296,0.8023924770747668,44.7634474621993,69.20294807185991,61.11167674744162,STANDBY,0,0,152.15840666975453
2024-02-25 23:00:00,RIG_ANOMALIES,23,25,6,38.26446504352977,49.55422275545711,51.19827834923374,0.7150087260727661,40.97888068449304,62.92583928187593,57.50472167442473,STANDBY,0,0,152.20472440944883
2024-02-26 00:00:00,RIG_ANOMALIES,0,26,0,40.0,53.9658875958614,56.45450890631959,0.7106261903757802,41.8482167855476,65.77100119079097,70.26935821200411,STANDBY,0,0,152.25104214914313
2024-02-26 01:00:00,RIG_ANOMALIES,1,26,0,40.0,57.649910686330344,57.02582733775902,0.7422330849764803,45.077961347134256,71.29298100937638,65.39461134573334,STANDBY,0,0,152.29735988883743
2024-02-26 02:00:00,RIG_ANOMALIES,2,26,0,40.0,59.98980300165164,59.41025823230623,0.7696649650419671,46.10411488884282,67.95029856390396,59.60295344769656,STANDBY,0,0,152.34367762853174
2024-02-26 03:00:00,RIG_ANOMALIES,3,26,0,40.0,57.76146555073319,62.89777775198887,0.7925254080873422,48.34438516487132,63.12353542933502,66.91186365644347,STANDBY,0,0,152.38999536822604
2024-02-26 04:00:00,RIG_ANOMALIES,4,26,0,42.5,56.43017637608102,57.8557469948367,0.6921702366402047,40.440339647775325,62.99148795300278,64.87338289756553,STANDBY,0,0,152.43631310792034
2024-02-26 05:00:00,RIG_ANOMALIES,5,26,0,50.94133342141177,72.06228606355327,69.67451297341859,0.6471464814156083,49.60595185183346,74.3800028143405,73.24779152944222,STANDBY,0,0,152.48263084761464
2024-02-26 06:00:00,RIG_ANOMALIES,6,26,0,60.0,70.93390125165698,72.04243308022407,0.722145769407813,46.1667820565216,71.12619157454127,82.18836242251018,HIGH_PRODUCTION,0,0,152.52894858730895
2024-02-26 07:00:00,RIG_ANOMALIES,7,26,0,69.05866657858823,89.47150449650968,87.23074607610005,0.8161299082160061,52.17860141537103,73.89308318923888,89.9240993051973,HIGH_PRODUCTION,0,0,152.57526632700325
2024-02-26 08:00:00,RIG_ANOMALIES,8,26,0,77.5,97.37524098312814,91.71075325214059,0.8935055082057665,59.344196185739165,81.41932403637442,101.4391870145881,HIGH_PRODUCTION,0,0,152.62158406669755
2024-02-26 09:00:00,RIG_ANOMALIES,9,26,0,84.74873734152916,105.19049753585243,95.0,0.8658277471422806,55.343740083298776,81.03023312519218,96.21251478335667,HIGH_PRODUCTION,0,0,152.66790180639185
2024-02-26 10:00:00,RIG_ANOMALIES,10,26,0,90.31088913245534,113.62894772220343,95.0,0.8424923653902203,59.91065262924868,93.01256951673894,106.07445886340805,HIGH_PRODUCTION,0,0,152.71421954608616
2024-02-26 11:00:00,RIG_ANOMALIES,11,26,0,93.8074039201174,112.29848311925372,95.0,0.9016172486223948,56.67976982918268,82.11771253929389,97.3524615778018,HIGH_PRODUCTION,0,0,152.76053728578046
2024-02-26 12:00:00,RIG_ANOMALIES,12,26,0,95.0,110.62290728067562,95.0,0.8392813316218029,56.71147390963039,85.78787111962427,99.48766749469766,HIGH_PRODUCTION,0,0,152.80685502547476
2024-02-26 13:00:00,RIG_ANOMALIES,13,26,0,93.8074039201174,112.75394084163058,95.0,0.8743848499597802,59.67498396360362,83.26790191073836,103.84029847413213,HIGH_PRODUCTION,0,0,152.85317276516906
2024-02-26 14:00:00,RIG_ANOMALIES,14,26,0,90.31088913245536,106.53847751561166,95.0,0.9015544294745272,51.80846707893818,84.05475241014777,101.73112420854369,HIGH_PRODUCTION,0,0,152.89949050486337
2024-02-26 15:00:00,RIG_ANOMALIES,15,26,0,84.74873734152916,103.89202190730396,95.0,0.8835940192678297,56.439809708862995,81.04831825148926,96.04783318308301,HIGH_PRODUCTION,0,0,152.94580824455767
2024-02-26 16:00:00,RIG_ANOMALIES,16,26,0,77.5,99.09902746457176,94.5389434512358,0.9220750419350457,53.62334181511353,74.58734830310654,100.41990091197748,HIGH_PRODUCTION,0,0,152.99212598425197
2024-02-26 17:00:00,RIG_ANOMALIES,17,26,0,69.05866657858823,82.74815694831601,80.31952683086415,0.8190335229765074,52.22473967658854,68.92429475531749,87.8867747829788,HIGH_PRODUCTION,0,0,153.03844372394627
2024-02-26 18:00:00,RIG_ANOMALIES,18,26,0,60.00000000000001,84.00973116759765,86.41656858731932,0.8215980711364077,51.40707838729045,76.9564171898605,89.09473732239496,HIGH_PRODUCTION,0,0,153.08476146364058
2024-02-26 19:00:00,RIG_ANOMALIES,19,26,0,50.94133342141177,70.45716371847755,70.19946181107137,0.7991725049063526,51.99511136585976,68.773376712605,78.32494417315675,HIGH_PRODUCTION,0,0,153.13107920333488
2024-02-26 20:00:00,RIG_ANOMALIES,20,26,0,42.500000000000014,67.57970561838074,66.26946822011116,0.7009826433628908,46.05820604465565,68.8950577788984,72.50406619667396,HIGH_PRODUCTION,0,0,153.17739694302918
2024-02-26 21:00:00,RIG_ANOMALIES,21,26,0,40.0,56.969393911412524,57.99987343102094,0.617616464464065,45.821233518979334,69.72497376632182,60.884015138182846,HIGH_PRODUCTION,0,0,153.22371468272348
2024-02-26 22:00:00,RIG_ANOMALIES,22,26,0,40.0,51.40897372536219,55.515867433796295,0.717885137449108,40.984361374113504,69.59209607834501,59.4950429810408,STANDBY,0,0,153.27003242241778
2024-02-26 23:00:00,RIG_ANOMALIES,23,26,0,40.0,54.48817997670878,54.77485861443291,0.6998755600384148,41.46346620599148,65.72128495819553,64.2349131992998,STANDBY,0,0,153.3163501621121
2024-02-27 00:00:00,RIG_ANOMALIES,0,27,1,38.26446504352977,52.20495117359918,50.65305815299246,0.6113654779069342,40.13034213328988,68.24277034823949,51.7546715172056,STANDBY,0,0,153.3626679018064
2024-02-27 01:00:00,RIG_ANOMALIES,1,27,1,38.26446504352977,65.08543747655999,62.31459406028822,0.6756564193275132,42.69918424757815,66.58256612484101,67.41293025691378,STANDBY,0,0,153.4089856415007
2024-02-27 02:00:00,RIG_ANOMALIES,2,27,1,38.26446504352977,56.87063371775823,55.17669664100365,0.6598311060000075,45.012804049621394,68.622562132467,57.624514792928046,STANDBY,0,0,153.455303381195
2024-02-27 03:00:00,RIG_ANOMALIES,3,27,1,38.26446504352977,57.82508361528056,62.07102749295632,0.703562267474617,40.908286250058346,66.01457109915451,68.79524325694055,STANDBY,0,0,153.5016211208893
2024-02-27 04:00:00,RIG_ANOMALIES,4,27,1,40.65599410875038,65.65880203412831,68.82996410979975,0.768824783381961,48.205730009678355,67.35908820476058,70.77139821081096,STANDBY,0,0,153.5479388605836
2024-02-27 05:00:00,RIG_ANOMALIES,5,27,1,48.73107179936014,65.35237218741769,65.96008422279931,0.7773350307736864,46.88164797537224,68.76705927490211,63.99745435604341,STANDBY,0,0,153.5942566002779
2024-02-27 06:00:00,RIG_ANOMALIES,6,27,1,57.39669756529465,78.63299232910768,78.75060204098901,0.8111684190305981,53.11590048070195,74.22909831528405,85.38757860638721,HIGH_PRODUCTION,0,0,153.6405743399722
2024-02-27 07:00:00,RIG_ANOMALIES,7,27,1,66.06232333122918,87.50220919966598,84.46301408455443,0.8236122469971152,50.54716943819001,73.53232357043595,90.70136021133426,HIGH_PRODUCTION,0,0,153.6868920796665
2024-02-27 08:00:00,RIG_ANOMALIES,8,27,1,74.13740102183893,90.3726349614791,87.87557333145142,0.7961047815606257,54.79887752401709,75.60860278863338,90.81899813756,HIGH_PRODUCTION,0,0,153.7332098193608
2024-02-27 09:00:00,RIG_ANOMALIES,9,27,1,81.07162743720572,100.81053292041302,95.0,0.9021797687598428,56.59031996875228,79.07047380811595,101.29248747271205,HIGH_PRODUCTION,0,0,153.7795275590551
2024-02-27 10:00:00,RIG_ANOMALIES,10,27,1,86.39244650647325,101.45111965771386,95.0,0.8711814436833025,49.864161656186454,83.0700166286193,103.31751407715069,HIGH_PRODUCTION,0,0,153.8258452987494
2024-02-27 11:00:00,RIG_ANOMALIES,11,27,1,89.73725320314024,107.16583828371313,95.0,0.9512046662810375,55.18204536077462,79.0829979421775,97.89517272741956,HIGH_PRODUCTION,0,0,153.87216303844372
2024-02-27 12:00:00,RIG_ANOMALIES,12,27,1,90.87810447838321,105.18704506855197,95.0,0.930841644989557,54.14279037507024,73.67188976004509,99.45579666356636,HIGH_PRODUCTION,0,0,153.91848077813802
2024-02-27 13:00:00,RIG_ANOMALIES,13,27,1,89.73725320314024,114.29970062634979,95.0,0.8144149117338847,58.14944003011307,81.92422545125531,97.36718233797075,HIGH_PRODUCTION,0,0,153.96479851783232
2024-02-27 14:00:00,RIG_ANOMALIES,14,27,1,86.39244650647326,96.38648614610136,93.84381980857721,0.888547549932903,52.426814637836195,77.31633934233432,97.31338375860045,HIGH_PRODUCTION,0,0,154.01111625752662
2024-02-27 15:00:00,RIG_ANOMALIES,15,27,1,81.07162743720572,99.29184225315669,95.0,0.8861622477041886,56.435299369058185,87.98491673069093,103.20469521011889,HIGH_PRODUCTION,0,0,154.05743399722093
2024-02-27 16:00:00,RIG_ANOMALIES,16,27,1,74.13740102183893,84.48519055315703,83.53266936884454,0.8578672331821277,52.5335375176878,78.09959023174623,87.91947680572883,HIGH_PRODUCTION,0,0,154.10375173691523
2024-02-27 17:00:00,RIG_ANOMALIES,17,27,1,66.06232333122918,82.93379115434878,83.64321312208746,0.8246312342312142,51.36019613716843,74.29345775388754,87.45210614256199,HIGH_PRODUCTION,0,0,154.15006947660953
2024-02-27 18:00:00,RIG_ANOMALIES,18,27,1,57.39669756529466,81.60889470273922,78.99029836242757,0.7647616947945399,48.07898656025922,77.1589907682206,81.77751277600734,HIGH_PRODUCTION,0,0,154.19638721630383
2024-02-27 19:00:00,RIG_ANOMALIES,19,27,1,48.73107179936014,68.17437791578188,67.69156785442739,0.8305569652248559,44.07104576561854,67.08494053084878,72.63734714499765,HIGH_PRODUCTION,0,0,154.24270495599814
2024-02-27 20:00:00,RIG_ANOMALIES,20,27,1,40.65599410875039,58.43121056972393,62.40171862786147,0.6209428394239458,45.075430561702916,67.85534076095723,71.5657184134781,HIGH_PRODUCTION,0,0,154.28902269569244
2024-02-27 21:00:00,RIG_ANOMALIES,21,27,1,38.26446504352977,61.76403114631837,61.64141987660687,0.7686114251580498,46.08918760613779,69.96430603601571,62.55933241033731,HIGH_PRODUCTION,0,0,154.33534043538674
2024-02-27 22:00:00,RIG_ANOMALIES,22,27,1,38.26446504352977,57.84118943239642,57.38899593517572,0.7025892916587583,44.51332492772039,68.2768691077136,62.2828181918738,STANDBY,0,0,154.38165817508104
2024-02-27 23:00:00,RIG_ANOMALIES,23,27,1,38.26446504352977,58.646546000763095,53.45924200151374,0.7848509095736729,46.948429212528616,64.95785257826333,59.58513874746115,STANDBY,0,0,154.42797591477535
2024-02-28 00:00:00,RIG_ANOMALIES,0,28,2,36.872674070127886,43.37525209493879,47.900405473982616,0.6948185103563298,43.75854374012844,59.90315001260818,54.892264663656526,STANDBY,0,0,154.47429365446965
2024-02-28 01:00:00,RIG_ANOMALIES,1,28,2,36.872674070127886,55.20666415985306,55.510815981415085,0.6969318163557779,41.66986493722778,66.94609254681755,66.89888975779462,STANDBY,0,0,154.52061139416395
2024-02-28 02:00:00,RIG_ANOMALIES,2,28,2,36.872674070127886,57.84148191013915,59.418504317406295,0.6848165695134939,45.35154353770126,67.87937030217095,67.4220538436727,STANDBY,0,0,154.56692913385825
2024-02-28 03:00:00,RIG_ANOMALIES,3,28,2,36.872674070127886,58.61820614324523,56.52674927362087,0.8416654932332996,41.56973064831617,63.66148120351947,57.905039662656556,STANDBY,0,0,154.61324687355255
2024-02-28 04:00:00,RIG_ANOMALIES,4,28,2,39.17721619951087,59.85674377620292,67.74339270511366,0.7329089513822913,44.54111130255711,63.635912840259564,73.43331025760757,STANDBY,0,0,154.65956461324686
2024-02-28 05:00:00,RIG_ANOMALIES,5,28,2,46.958579598635716,65.8848316805301,65.0009312719063,0.7625671256176866,50.669009405716,61.90992618853297,71.25966703833697,STANDBY,0,0,154.70588235294116
2024-02-28 06:00:00,RIG_ANOMALIES,6,28,2,55.30901110519182,76.55539565653943,72.76047291119261,0.7738783949889196,51.034113707715406,70.67766954958576,80.59370401747562,HIGH_PRODUCTION,0,0,154.75220009263546
2024-02-28 07:00:00,RIG_ANOMALIES,7,28,2,63.65944261174793,75.5657988943202,78.04509538369857,0.8562617454738056,49.5117215399022,76.67715400140776,83.22901610748677,HIGH_PRODUCTION,0,0,154.79851783232976
2024-02-28 08:00:00,RIG_ANOMALIES,8,28,2,71.44080601087278,86.60064526658196,82.84369446684192,0.8384334235701751,52.192621125165275,74.71284028894004,88.84397331797877,HIGH_PRODUCTION,0,0,154.84483557202407
2024-02-28 09:00:00,RIG_ANOMALIES,9,28,2,78.12281424622702,86.74689599797165,89.81315062290807,0.7613560300942656,53.52529418589659,73.54777933497269,96.23624781986449,HIGH_PRODUCTION,0,0,154.89115331171837
2024-02-28 10:00:00,RIG_ANOMALIES,10,28,2,83.250099499112,98.23627221063545,95.0,0.8962938244750502,57.8994899007487,78.88419808546578,102.39973295556001,HIGH_PRODUCTION,0,0,154.93747105141267
2024-02-28 11:00:00,RIG_ANOMALIES,11,28,2,86.47324575278313,100.91659167181818,95.0,0.9089242969181088,58.53012100922626,82.11526404571995,101.09251555546223,HIGH_PRODUCTION,0,0,154.98378879110697
2024-02-28 12:00:00,RIG_ANOMALIES,12,28,2,87.57260091655372,104.79688753148308,95.0,0.9541453387749206,57.15700588127388,82.91424920488922,97.89352149278744,HIGH_PRODUCTION,0,0,155.03010653080128
2024-02-28 13:00:00,RIG_ANOMALIES,13,28,2,86.47324575278313,93.54062757502808,93.08813683638793,0.8995671476845654,57.07530010838369,78.60866504542264,97.68667740448996,HIGH_PRODUCTION,0,0,155.07642427049558
2024-02-28 14:00:00,RIG_ANOMALIES,14,28,2,83.25009949911201,109.01593522807268,95.0,0.8686462291854065,56.53304532230249,85.68060445363646,101.66181437536943,HIGH_PRODUCTION,0,0,155.12274201018988
2024-02-28 15:00:00,RIG_ANOMALIES,15,28,2,78.12281424622702,99.22737509896213,93.04773369351594,0.9394799419093178,57.54408503593672,81.60636212473841,96.63830909149837,HIGH_PRODUCTION,0,0,155.16905974988418
2024-02-28 16:00:00,RIG_ANOMALIES,16,28,2,71.44080601087278,95.60726347125103,94.18755304274661,0.8789113939461944,57.329700831305466,73.1895666145497,101.96361273679665,HIGH_PRODUCTION,0,0,155.21537748957851
2024-02-28 17:00:00,RIG_ANOMALIES,17,28,2,63.65944261174793,81.90174253202294,81.62229437438236,0.8043371010701006,52.18160989406685,76.15313769305297,84.99348141615462,HIGH_PRODUCTION,0,0,155.26169522927282
2024-02-28 18:00:00,RIG_ANOMALIES,18,28,2,55.30901110519183,71.86251630787409,75.41934289927751,0.7572183316130643,47.348258433554264,76.05653339105078,71.23613032545168,HIGH_PRODUCTION,0,0,155.30801296896712
2024-02-28 19:00:00,RIG_ANOMALIES,19,28,2,46.958579598635716,60.823928806228366,63.43126649566258,0.8297270517124151,48.32395606096708,72.41286956532593,70.63714531792368,HIGH_PRODUCTION,0,0,155.35433070866142
2024-02-28 20:00:00,RIG_ANOMALIES,20,28,2,39.17721619951089,59.45044190622539,57.214842968921964,0.7856157587913851,44.07040446037565,67.6366864690161,62.137734361347896,HIGH_PRODUCTION,0,0,155.40064844835572
2024-02-28 21:00:00,RIG_ANOMALIES,21,28,2,36.872674070127886,50.67210973486624,54.04887241196938,0.60845262279463,40.60725481573419,65.35955668171157,56.90598482467042,HIGH_PRODUCTION,0,0,155.44696618805003
2024-02-28 22:00:00,RIG_ANOMALIES,22,28,2,36.872674070127886,51.352804172968305,54.384111523905354,0.6695464478698081,44.23746801446539,61.65603550480921,56.20783199579503,STANDBY,0,0,155.49328392774433
2024-02-28 23:00:00,RIG_ANOMALIES,23,28,2,36.872674070127886,58.31358632729295,55.667372639675555,0.7889803537914613,44.68072345183239,70.47766630108872,57.60743738781081,STANDBY,0,0,155.53960166743863
2024-02-29 00:00:00,RIG_ANOMALIES,0,29,3,36.10028835127271,52.20776773840327,51.173872135935014,0.6970699810768586,42.537981809151056,66.74788830520262,53.09305955095709,STANDBY,0,0,155.58591940713293
2024-02-29 01:00:00,RIG_ANOMALIES,1,29,3,36.10028835127271,47.418923927535054,53.72093183841868,0.7284884313398678,43.74404225677051,64.32398106110597,57.741843870060805,STANDBY,0,0,155.63223714682724
2024-02-29 02:00:00,RIG_ANOMALIES,2,29,3,36.10028835127271,52.48182987589144,53.75934172248732,0.7011855611455625,46.17500768799964,65.79700288269078,60.37862398290712,STANDBY,0,0,155.67855488652154
2024-02-29 03:00:00,RIG_ANOMALIES,3,29,3,36.10028835127271,60.964761289085395,59.27379805203134,0.7789724740314423,42.91064419246352,64.23738531163916,60.69384727414192,STANDBY,0,0,155.72487262621584
2024-02-29 04:00:00,RIG_ANOMALIES,4,29,3,38.35655637322725,61.950576434314,62.57419327449742,0.7503160386141547,48.23811699715454,68.72778261613429,70.28267262763056,STANDBY,0,0,155.77119036591014
2024-02-29 05:00:00,RIG_ANOMALIES,5,29,3,45.97492063778226,76.2942083901181,71.8366760584961,0.8284912758735489,46.825269950526504,78.99389059097906,75.06354039199312,STANDBY,0,0,155.81750810560445
2024-02-29 06:00:00,RIG_ANOMALIES,6,29,3,54.15043252690906,78.03894852900686,75.05331192073236,0.8027065965939106,46.94538727598162,69.6448159474414,83.62290650687247,HIGH_PRODUCTION,0,0,155.86382584529875
2024-02-29 07:00:00,RIG_ANOMALIES,7,29,3,62.32594441603586,82.412232680588,83.87727676024696,0.7009321079003102,50.001679276130304,76.82787937316746,88.14533853002872,HIGH_PRODUCTION,0,0,155.91014358499305
2024-02-29 08:00:00,RIG_ANOMALIES,8,29,3,69.94430868059086,83.13194898306531,84.46857203453673,0.8164032914843756,49.72379707663883,74.45412757000095,88.92893397876666,HIGH_PRODUCTION,0,0,155.95646132468735
2024-02-29 09:00:00,RIG_ANOMALIES,9,29,3,76.48634638588689,89.58425331263459,86.94289916756371,0.8367054339253975,53.10344310744744,74.57779421089033,85.10580270529324,HIGH_PRODUCTION,0,0,156.00277906438166
2024-02-29 10:00:00,RIG_ANOMALIES,10,29,3,81.50622847353647,98.52914987222822,95.0,0.8044587165100252,53.72607894665145,86.9387957119292,100.73527530748711,HIGH_PRODUCTION,0,0,156.04909680407596
2024-02-29 11:00:00,RIG_ANOMALIES,11,29,3,84.66185827501369,102.07432323247451,95.0,0.7897947464096733,54.32624823607499,80.05832389888187,102.40015937027049,HIGH_PRODUCTION,0,0,156.09541454377026
2024-02-29 12:00:00,RIG_ANOMALIES,12,29,3,85.73818483427267,106.8897339998268,95.0,0.9533282170984986,61.14051142669399,81.37266602022058,99.0441400963445,HIGH_PRODUCTION,0,0,156.14173228346456
2024-02-29 13:00:00,RIG_ANOMALIES,13,29,3,84.66185827501369,98.6792084167393,95.0,0.850088728304853,55.31925895231483,79.3344638844993,96.39600553448884,HIGH_PRODUCTION,0,0,156.18805002315887
2024-02-29 14:00:00,RIG_ANOMALIES,14,29,3,81.50622847353648,99.01871775217597,95.0,0.8238159639381823,54.01959858662647,79.30569565660659,99.75042174008911,HIGH_PRODUCTION,0,0,156.23436776285317
2024-02-29 15:00:00,RIG_ANOMALIES,15,29,3,76.48634638588689,97.64294299981053,92.09031762531217,0.8503540507387367,52.717457675114034,76.78064601282239,95.35301547124365,HIGH_PRODUCTION,0,0,156.28068550254747
2024-02-29 16:00:00,RIG_ANOMALIES,16,29,3,69.94430868059086,85.80463407755406,88.62812792419163,0.8744778066751352,48.890122377313794,73.9231410373717,94.74061987004771,HIGH_PRODUCTION,0,0,156.32700324224177
2024-02-29 17:00:00,RIG_ANOMALIES,17,29,3,62.32594441603586,78.52878976118603,79.03056192160227,0.775932969610417,52.91235762569156,78.2195978615031,79.32628649817327,HIGH_PRODUCTION,0,0,156.37332098193608
2024-02-29 18:00:00,RIG_ANOMALIES,18,29,3,54.150432526909064,74.69076144053793,79.406049233984,0.8023221086071954,48.93802966940127,77.58316101369961,87.71040455227813,HIGH_PRODUCTION,0,0,156.41963872163038
2024-02-29 19:00:00,RIG_ANOMALIES,19,29,3,45.97492063778226,61.20029525173223,65.88006260505927,0.8814138348008913,43.072869391483394,63.23294760523039,72.7416619657177,HIGH_PRODUCTION,0,0,156.46595646132468
2024-02-29 20:00:00,RIG_ANOMALIES,20,29,3,38.356556373227264,58.11924019819228,59.64409388955886,0.7149127052948427,43.73867771173455,70.9876972804329,62.858597111143126,HIGH_PRODUCTION,0,0,156.51227420101898
2024-02-29 21:00:00,RIG_ANOMALIES,21,29,3,36.10028835127271,59.77381240003502,59.203562499028855,0.7696293769810677,45.20609771850956,65.59923409526175,64.51747655021418,HIGH_PRODUCTION,0,0,156.5585919407133
2024-02-29 22:00:00,RIG_ANOMALIES,22,29,3,36.10028835127271,59.003418736087774,59.27048291756311,0.802889985320516,38.873131132151826,68.68510276842906,60.69975579814018,STANDBY,0,0,156.60490968040762
2024-02-29 23:00:00,RIG_ANOMALIES,23,29,3,36.10028835127271,61.15609603539011,61.052588104458245,0.7629774563992854,45.41839220913979,70.62810583502903,71.6032045828727,STANDBY,0,0,156.65122742010192
2024-03-01 00:00:00,RIG_ANOMALIES,0,1,4,36.10028835127271,56.38584507414975,55.718314044428084,0.6366589108402521,44.052965230730855,68.51642489174596,58.22459142833525,STANDBY,0,0,156.69754515979622
2024-03-01 01:00:00,RIG_ANOMALIES,1,1,4,36.10028835127271,58.500211693377935,56.11269524090794,0.815562071354346,44.18452724858241,68.6171705020125,63.64815318424563,STANDBY,0,0,156.74386289949052
2024-03-01 02:00:00,RIG_ANOMALIES,2,1,4,36.10028835127271,44.32632696595146,49.74563404798501,0.6234821566772002,38.083523270139096,63.915124957541416,54.10740462965726,STANDBY,0,0,156.79018063918483
2024-03-01 03:00:00,RIG_ANOMALIES,3,1,4,36.10028835127271,62.49036609232966,62.88413935901316,0.7750531741322283,46.336550084825674,66.7342113856024,67.72452455240284,STANDBY,0,0,156.83649837887913
2024-03-01 04:00:00,RIG_ANOMALIES,4,1,4,38.35655637322725,58.191520597190134,58.52378549881007,0.7234604770384939,44.3687693301522,70.07864113446051,63.22292436473595,STANDBY,0,0,156.88281611857343
2024-03-01 05:00:00,RIG_ANOMALIES,5,1,4,45.97492063778226,72.65935079507867,70.85321181251754,0.8614160244203285,49.03250646383557,69.25191413363031,79.10029104062697,STANDBY,0,0,156.92913385826773
2024-03-01 06:00:00,RIG_ANOMALIES,6,1,4,54.15043252690906,63.537179719627424,70.07486580673142,0.800711454432369,46.39557464646524,62.5330410140249,80.56279271917694,HIGH_PRODUCTION,0,0,156.97545159796204
2024-03-01 07:00:00,RIG_ANOMALIES,7,1,4,62.32594441603586,84.71574598072087,82.7646642661706,0.7877826944768804,48.02147429474394,77.94723419361527,87.86911264324729,HIGH_PRODUCTION,0,0,157.02176933765634
2024-03-01 08:00:00,RIG_ANOMALIES,8,1,4,69.94430868059086,86.50098505146767,85.9940628277029,0.8389415927835545,51.06433471566357,77.39618565511016,89.32327079630394,HIGH_PRODUCTION,0,0,157.06808707735064
2024-03-01 09:00:00,RIG_ANOMALIES,9,1,4,76.48634638588689,96.12609060226109,94.57509485450154,0.8747425620697009,56.761063717460075,82.14984310985548,92.28286301726237,HIGH_PRODUCTION,0,0,157.11440481704494
2024-03-01 10:00:00,RIG_ANOMALIES,10,1,4,81.50622847353647,102.50644724550592,95.0,0.8939851435082258,57.34829945578536,85.37690540393442,100.10120718071803,HIGH_PRODUCTION,0,0,157.16072255673924
2024-03-01 11:00:00,RIG_ANOMALIES,11,1,4,84.66185827501369,102.21121418188939,95.0,0.8616910022868807,59.644402050101895,78.89281022488491,99.28128922529463,HIGH_PRODUCTION,0,0,157.20704029643355
2024-03-01 12:00:00,RIG_ANOMALIES,12,1,4,85.73818483427267,114.16420915032606,95.0,0.9070051645033801,58.647140402420035,81.17523142915854,101.0756968891739,HIGH_PRODUCTION,0,0,157.25335803612785
2024-03-01 13:00:00,RIG_ANOMALIES,13,1,4,84.66185827501369,98.53397906810093,95.0,0.8546944884033763,54.08649845908843,83.45446664149783,99.93846888973754,HIGH_PRODUCTION,0,0,157.29967577582215
2024-03-01 14:00:00,RIG_ANOMALIES,14,1,4,81.50622847353648,105.79087617938444,95.0,0.9499936384633951,53.59907981888183,81.4893841178436,107.80242066256945,HIGH_PRODUCTION,0,0,157.34599351551645
2024-03-01 15:00:00,RIG_ANOMALIES,15,1,4,76.48634638588689,87.34934788875017,83.69489090737417,0.7896979066544034,52.0544175823481,77.96962967502347,88.17689258398822,HIGH_PRODUCTION,0,0,157.39231125521076
2024-03-01 16:00:00,RIG_ANOMALIES,16,1,4,69.94430868059086,88.54869541548815,85.65086808737847,0.8180371212540635,50.91215816724119,78.004628995434,94.92948139944926,HIGH_PRODUCTION,0,0,157.43862899490506
2024-03-01 17:00:00,RIG_ANOMALIES,17,1,4,62.32594441603586,74.40211049720601,79.05225871922835,0.8607323404557149,49.90507088318194,79.73060095564807,80.95679059345063,HIGH_PRODUCTION,0,0,157.48494673459936
2024-03-01 18:00:00,RIG_ANOMALIES,18,1,4,54.150432526909064,70.1159581953797,69.56354073813499,0.7682832325993614,47.508105899385505,70.44315043071926,71.05415802549095,HIGH_PRODUCTION,0,0,157.53126447429366
2024-03-01 19:00:00,RIG_ANOMALIES,19,1,4,45.97492063778226,67.72081931987451,67.75489660253952,0.7117045161647091,50.94849729527463,72.47678488812684,74.29266098417702,HIGH_PRODUCTION,0,0,157.57758221398797
2024-03-01 20:00:00,RIG_ANOMALIES,20,1,4,38.356556373227264,47.40367555382729,55.635953002601205,0.7536839505410011,41.15954068051747,59.47512371500562,63.05014375097682,HIGH_PRODUCTION,0,0,157.62389995368227
2024-03-01 21:00:00,RIG_ANOMALIES,21,1,4,36.10028835127271,55.921799184026135,56.36712106524046,0.7002405453509946,44.737367003870304,66.63381963255618,62.934806889184784,HIGH_PRODUCTION,0,0,157.67021769337657
2024-03-01 22:00:00,RIG_ANOMALIES,22,1,4,36.10028835127271,52.34909273600424,60.344103742836346,0.7984101075028736,43.571207225971975,66.4697558706249,66.6402905468774,STANDBY,0,0,157.71653543307087
2024-03-01 23:00:00,RIG_ANOMALIES,23,1,4,36.10028835127271,51.139428300380395,54.15502495404568,0.7196339255716954,41.236458880288275,60.34854810010513,63.27439813385882,STANDBY,0,0,157.76285317276518
2024-03-02 00:00:00,RIG_ANOMALIES,0,2,5,36.872674070127886,51.106289559849806,55.08491709917988,0.7104300914893726,42.69080086322646,68.9854203055939,57.1589724443659,STANDBY,0,0,157.80917091245948
2024-03-02 01:00:00,RIG_ANOMALIES,1,2,5,36.872674070127886,48.273024175148755,50.80759995347467,0.7276141746903255,43.42955673797061,66.06949755765461,55.1829328248593,STANDBY,0,0,157.85548865215378
2024-03-02 02:00:00,RIG_ANOMALIES,2,2,5,36.872674070127886,54.185152652459045,59.52036428728804,0.7189093481507733,47.03990212358543,65.63330493523016,69.2750597176104,STANDBY,0,0,157.90180639184808
2024-03-02 03:00:00,RIG_ANOMALIES,3,2,5,36.872674070127886,55.49978125908394,59.45691786749191,0.7543228521429389,46.8458019353084,69.38218006753783,65.06046790531859,STANDBY,0,0,157.9481241315424
2024-03-02 04:00:00,RIG_ANOMALIES,4,2,5,39.17721619951087,57.047044088096,63.76206511399212,0.6877693022458107,42.72759011533207,70.4455468793623,69.54051051940202,STANDBY,0,0,157.9944418712367
2024-03-02 05:00:00,RIG_ANOMALIES,5,2,5,46.958579598635716,63.23066887612274,64.4859242965467,0.7278124912708752,45.25268006528202,69.94431995071545,70.54304797522848,STANDBY,0,0,158.040759610931
2024-03-02 06:00:00,RIG_ANOMALIES,6,2,5,55.30901110519182,78.22806052956548,78.53138122918445,0.8549501119992882,47.79992609464017,71.69959075584708,83.57168371831675,HIGH_PRODUCTION,0,0,158.0870773506253
2024-03-02 07:00:00,RIG_ANOMALIES,7,2,5,63.65944261174793,78.81556032873218,74.01964491603681,0.834901679673565,45.57854835066022,77.07050634135733,73.46055017441698,HIGH_PRODUCTION,0,0,158.1333950903196
2024-03-02 08:00:00,RIG_ANOMALIES,8,2,5,71.44080601087278,86.91488751032794,90.1429536355328,0.7988693780653958,51.83808752960057,73.91093246051805,93.08960204573985,HIGH_PRODUCTION,0,0,158.1797128300139
2024-03-02 09:00:00,RIG_ANOMALIES,9,2,5,78.12281424622702,91.36005032290986,88.9377649873778,0.8811937672379906,53.26154126434695,81.82581910967954,99.27803623225029,HIGH_PRODUCTION,0,0,158.2260305697082
2024-03-02 10:00:00,RIG_ANOMALIES,10,2,5,83.250099499112,104.24253616620403,95.0,0.8410836549882967,53.262523947253186,84.54260280362436,96.79421759741292,HIGH_PRODUCTION,0,0,158.2723483094025
2024-03-02 11:00:00,RIG_ANOMALIES,11,2,5,86.47324575278313,107.4560334666933,95.0,0.8651952465307392,53.16694282499959,84.94463227225903,98.70003719627402,HIGH_PRODUCTION,0,0,158.3186660490968
2024-03-02 12:00:00,RIG_ANOMALIES,12,2,5,87.57260091655372,109.10576681679495,95.0,1.0349423275594012,59.375728315130786,87.08476502810701,103.36229517945442,HIGH_PRODUCTION,0,0,158.3649837887911
2024-03-02 13:00:00,RIG_ANOMALIES,13,2,5,86.47324575278313,116.42837077598443,95.0,0.9929537235798642,60.385041998732234,83.68451341415656,100.7278608542769,HIGH_PRODUCTION,0,0,158.4113015284854
2024-03-02 14:00:00,RIG_ANOMALIES,14,2,5,83.25009949911201,99.89603302227924,95.0,0.8613503284315682,54.533694340192824,78.11704766281589,99.19445925804072,HIGH_PRODUCTION,0,0,158.4576192681797
2024-03-02 15:00:00,RIG_ANOMALIES,15,2,5,78.12281424622702,102.30235324399672,95.0,1.0217992407596157,55.59995031462561,82.22193167602013,100.69678160997674,HIGH_PRODUCTION,0,0,158.50393700787401
2024-03-02 16:00:00,RIG_ANOMALIES,16,2,5,71.44080601087278,95.8230782675958,93.46974113390216,0.8360140661373965,56.33414219426129,78.9848132556681,99.20115656619465,HIGH_PRODUCTION,0,0,158.55025474756832
2024-03-02 17:00:00,RIG_ANOMALIES,17,2,5,63.65944261174793,83.46918712113897,83.30328131774311,0.8763567450216693,49.01789924239399,80.29260198621814,88.41920756967032,HIGH_PRODUCTION,0,0,158.59657248726262
2024-03-02 18:00:00,RIG_ANOMALIES,18,2,5,55.30901110519183,75.70908675293805,77.07964452947672,0.8886237373045869,47.73062368361572,76.86214441020316,80.9188987646635,HIGH_PRODUCTION,0,0,158.64289022695692
2024-03-02 19:00:00,RIG_ANOMALIES,19,2,5,46.958579598635716,68.55324383239444,65.95977198317627,0.714510784420388,49.38019714206777,65.9690770654826,71.80123495500231,HIGH_PRODUCTION,0,0,158.68920796665122
2024-03-02 20:00:00,RIG_ANOMALIES,20,2,5,39.17721619951089,52.83217836120047,57.93984780576297,0.6801289196071262,42.203175300073845,64.61716664603185,60.884079089435566,HIGH_PRODUCTION,0,0,158.73552570634553
2024-03-02 21:00:00,RIG_ANOMALIES,21,2,5,36.872674070127886,57.060034952738974,56.18583632376213,0.6751786810724092,46.06764118655863,64.03528401448636,67.28681594591232,HIGH_PRODUCTION,0,0,158.78184344603983
2024-03-02 22:00:00,RIG_ANOMALIES,22,2,5,36.872674070127886,55.41661782717467,53.865185347183065,0.7889693969504414,46.591789252800744,67.40599803094106,56.8203644971114,STANDBY,0,0,158.82816118573413
2024-03-02 23:00:00,RIG_ANOMALIES,23,2,5,36.872674070127886,52.499657128344815,56.40338272492864,0.829714521460238,44.98228219065267,65.83685211569363,63.60734487528202,STANDBY,0,0,158.87447892542843
2024-03-03 00:00:00,RIG_ANOMALIES,0,3,6,38.26446504352977,57.493996515588634,58.994295979569074,0.7074970243549582,43.34882805715992,73.71801909772606,58.60136628806578,STANDBY,0,0,158.92079666512274
2024-03-03 01:00:00,RIG_ANOMALIES,1,3,6,38.26446504352977,53.713336502898045,54.556584132205096,0.7387220683751536,40.29638245799538,72.46312404690698,61.86812797811698,STANDBY,0,0,158.96711440481704
2024-03-03 02:00:00,RIG_ANOMALIES,2,3,6,38.26446504352977,65.57619444707917,62.68149557256502,0.8148557520335808,46.4911760532304,68.78957568108387,71.88848573891057,STANDBY,0,0,159.01343214451134
2024-03-03 03:00:00,RIG_ANOMALIES,3,3,6,38.26446504352977,54.26792502853225,56.77637256789519,0.7602869816259666,42.674487665348295,66.69076867980942,62.86843799233251,STANDBY,0,0,159.05974988420564
2024-03-03 04:00:00,RIG_ANOMALIES,4,3,6,40.65599410875038,69.67178659565121,69.6693909860746,0.7949717314489778,49.44762438818355,69.0126942298837,77.3211068967795,STANDBY,0,0,159.10606762389995
2024-03-03 05:00:00,RIG_ANOMALIES,5,3,6,48.73107179936013,66.94850088477224,68.77188792838083,0.762388698854095,44.635089224602844,67.12384987822728,67.24003148289037,STANDBY,0,0,159.15238536359425
2024-03-03 06:00:00,RIG_ANOMALIES,6,3,6,57.396697565294645,72.38993437014337,75.38110850421724,0.7972933426755249,51.290860421143094,71.42207996335779,73.6650084870733,HIGH_PRODUCTION,0,0,159.19870310328855
2024-03-03 07:00:00,RIG_ANOMALIES,7,3,6,66.06232333122917,82.6972602006591,83.14351949674389,0.7442514686912988,53.37144436919759,78.63685737331085,86.37230373218173,HIGH_PRODUCTION,0,0,159.24502084298285
2024-03-03 08:00:00,RIG_ANOMALIES,8,3,6,74.13740102183893,98.7870752018298,90.44565703106606,0.9315470738992809,56.68552693822641,81.83563966644213,96.21924839482165,HIGH_PRODUCTION,0,0,159.29133858267716
2024-03-03 09:00:00,RIG_ANOMALIES,9,3,6,81.0716274372057,103.3085785268521,95.0,0.8430375171346177,57.88847959199913,88.55495132673384,104.40310176293806,HIGH_PRODUCTION,0,0,159.33765632237146
2024-03-03 10:00:00,RIG_ANOMALIES,10,3,6,86.39244650647323,104.45433420766203,95.0,0.9145663396097665,56.97981608829793,86.2016517137515,98.60805025966035,HIGH_PRODUCTION,0,0,159.38397406206576
2024-03-03 11:00:00,RIG_ANOMALIES,11,3,6,89.73725320314023,108.76607882917,95.0,0.9824735161571981,56.583694808867094,80.97824157762071,105.92057386351924,HIGH_PRODUCTION,0,0,159.43029180176006
2024-03-03 12:00:00,RIG_ANOMALIES,12,3,6,90.8781044783832,107.64409340283622,95.0,0.8753922815968433,58.41850074265804,75.5738278477981,100.97530526118757,HIGH_PRODUCTION,0,0,159.47660954145437
2024-03-03 13:00:00,RIG_ANOMALIES,13,3,6,89.73725320314023,108.19155907716265,95.0,0.8911636752812653,54.94976977136889,81.33367756394134,104.75848209579298,HIGH_PRODUCTION,0,0,159.52292728114867
2024-03-03 14:00:00,RIG_ANOMALIES,14,3,6,86.39244650647325,105.58004644978394,95.0,0.868199565018541,55.7773637145637,81.57849674187578,99.33625413883766,HIGH_PRODUCTION,0,0,159.56924502084297
2024-03-03 15:00:00,RIG_ANOMALIES,15,3,6,81.0716274372057,94.86294300790864,92.42502681458427,0.8698948000983712,53.067857425814175,84.87258529387526,96.77355907935177,HIGH_PRODUCTION,0,0,159.61556276053727
2024-03-03 16:00:00,RIG_ANOMALIES,16,3,6,74.13740102183893,99.22856657316052,89.80637236836164,0.7372265948221494,53.39335571289682,75.2009226268687,95.4922419128501,HIGH_PRODUCTION,0,0,159.66188050023158
2024-03-03 17:00:00,RIG_ANOMALIES,17,3,6,66.06232333122917,83.2333582297782,82.11279102737133,0.7676955737764445,50.030371479054295,80.57225749558404,90.173013333042,HIGH_PRODUCTION,0,0,159.70819823992588
2024-03-03 18:00:00,RIG_ANOMALIES,18,3,6,57.39669756529465,74.03027837817704,75.57350010552476,0.7588820448424782,47.418491780014676,69.08702907905095,80.63096364114647,HIGH_PRODUCTION,0,0,159.75451597962018
2024-03-03 19:00:00,RIG_ANOMALIES,19,3,6,48.73107179936013,71.55253653854052,70.84803672283019,0.8417443233791557,46.75882803025292,71.25233775534628,76.32674827262431,HIGH_PRODUCTION,0,0,159.80083371931448
2024-03-03 20:00:00,RIG_ANOMALIES,20,3,6,40.65599410875039,51.82984464457061,55.24036429626359,0.7164465356979796,43.68503651424909,63.69869802240023,61.63945828156099,HIGH_PRODUCTION,0,0,159.84715145900878
2024-03-03 21:00:00,RIG_ANOMALIES,21,3,6,38.26446504352977,59.18383964080192,55.51750495112146,0.7476063393666192,40.56044585655587,73.61549482115478,57.72180774668502,HIGH_PRODUCTION,0,0,159.8934691987031
2024-03-03 22:00:00,RIG_ANOMALIES,22,3,6,38.26446504352977,54.16163109620106,53.330787950159056,0.7305676222678352,42.89057475485239,62.303712834472755,57.953022668878255,STANDBY,0,0,159.9397869383974
2024-03-03 23:00:00,RIG_ANOMALIES,23,3,6,38.26446504352977,52.938654768939216,53.61645357685987,0.7011089844675875,44.01625347580133,65.54965942802393,57.33578865482012,STANDBY,0,0,159.9861046780917
2024-03-04 00:00:00,RIG_ANOMALIES,0,4,0,40.0,62.84899073304382,60.0794604096709,0.7738809353856628,47.382697222799074,61.57044048945831,63.77573678538946,STANDBY,0,0,160.032422417786
2024-03-04 01:00:00,RIG_ANOMALIES,1,4,0,40.0,61.16998546660541,61.556260303231305,0.7220428222281848,47.54332262618584,72.02909872920242,69.62757366639843,STANDBY,0,0,160.0787401574803
2024-03-04 02:00:00,RIG_ANOMALIES,2,4,0,40.0,69.39588733662202,62.96472602175721,0.8251396872625572,50.292665891324084,74.11564441477,68.67017545009787,STANDBY,0,0,160.1250578971746
2024-03-04 03:00:00,RIG_ANOMALIES,3,4,0,40.0,64.76938154635647,64.36039924400997,0.8167938310944803,45.464635802578485,66.11531606585969,70.05622837760478,STANDBY,0,0,160.1713756368689
2024-03-04 04:00:00,RIG_ANOMALIES,4,4,0,42.5,59.258137422941424,65.02188281607003,0.7604035201210038,47.54822087610617,68.9852803135476,72.06924114275482,STANDBY,0,0,160.2176933765632
2024-03-04 05:00:00,RIG_ANOMALIES,5,4,0,50.94133342141177,75.0528145735729,71.86414915570117,0.8511156255293205,47.37121043676782,72.66931933760698,76.83586245761576,STANDBY,0,0,160.2640111162575
2024-03-04 06:00:00,RIG_ANOMALIES,6,4,0,60.0,80.87819050614243,77.33051876400545,0.8325278156225453,50.16285115470303,79.04025698325665,74.64045238250002,HIGH_PRODUCTION,0,0,160.3103288559518
2024-03-04 07:00:00,RIG_ANOMALIES,7,4,0,69.05866657858823,98.15300148666981,90.86877000522495,0.8413715151506677,52.941734488707,79.81684343869883,94.4938631647972,HIGH_PRODUCTION,0,0,160.3566465956461
2024-03-04 08:00:00,RIG_ANOMALIES,8,4,0,77.5,96.70732380583289,90.51230254726013,0.8557574116319536,52.31593126403848,79.48758216145596,100.8620954847551,HIGH_PRODUCTION,0,0,160.4029643353404
2024-03-04 09:00:00,RIG_ANOMALIES,9,4,0,84.74873734152916,99.40197953125579,95.0,0.8814524635005495,57.47314173134079,80.32308350815138,99.51307683431014,HIGH_PRODUCTION,0,0,160.44928207503472
2024-03-04 10:00:00,RIG_ANOMALIES,10,4,0,90.31088913245534,116.63065666355322,95.0,0.8901817900196178,61.003190830111706,83.21836952640693,100.19490030799454,HIGH_PRODUCTION,0,0,160.49559981472905
2024-03-04 11:00:00,RIG_ANOMALIES,11,4,0,93.8074039201174,121.76252581480432,95.0,1.005618366813796,60.49023577465937,88.89402667550367,99.2154482088096,HIGH_PRODUCTION,0,0,160.54191755442335
2024-03-04 12:00:00,RIG_ANOMALIES,12,4,0,95.0,112.73882019430835,95.0,0.9676061162197559,59.068032033931516,84.38784840721216,100.61843363845907,HIGH_PRODUCTION,0,0,160.58823529411765
2024-03-04 13:00:00,RIG_ANOMALIES,13,4,0,93.8074039201174,121.40341741909896,95.0,0.8832719004540334,58.757668356115914,86.53713147695818,102.1789445061984,HIGH_PRODUCTION,0,0,160.63455303381195
2024-03-04 14:00:00,RIG_ANOMALIES,14,4,0,90.31088913245536,106.14923652607473,95.0,0.926129314224506,56.631262627673095,81.13823380024218,99.90592973142698,HIGH_PRODUCTION,0,0,160.68087077350626
2024-03-04 15:00:00,RIG_ANOMALIES,15,4,0,84.74873734152916,114.56856352865566,95.0,0.9415617128502266,58.24873056389197,84.82837450170004,99.46053017861493,HIGH_PRODUCTION,0,0,160.72718851320056
2024-03-04 16:00:00,RIG_ANOMALIES,16,4,0,77.5,101.46760328544542,93.56578237155807,0.7753215733777197,55.7773374392995,75.21886419928005,100.04466747538841,HIGH_PRODUCTION,0,0,160.77350625289486
2024-03-04 17:00:00,RIG_ANOMALIES,17,4,0,69.05866657858823,85.0661521951017,78.45577039534423,0.8964533938004764,53.254046031498426,73.58710348859867,84.36625150751567,HIGH_PRODUCTION,0,0,160.81982399258916
2024-03-04 18:00:00,RIG_ANOMALIES,18,4,0,60.00000000000001,79.61286699507426,75.07066556055973,0.808639800396701,47.09872199041756,77.93056389192358,75.73244592271928,HIGH_PRODUCTION,0,0,160.86614173228347
2024-03-04 19:00:00,RIG_ANOMALIES,19,4,0,50.94133342141177,78.40501170886941,75.76650863818405,0.8652240356962763,49.40077244382145,68.08253560964206,81.36102463995628,HIGH_PRODUCTION,0,0,160.91245947197777
2024-03-04 20:00:00,RIG_ANOMALIES,20,4,0,42.500000000000014,57.59692184548276,56.674097456422174,0.6322977401356797,43.23075267070157,63.280465250625085,65.11095581464996,HIGH_PRODUCTION,0,0,160.95877721167207
2024-03-04 21:00:00,RIG_ANOMALIES,21,4,0,40.0,59.751466325654704,59.66505693995324,0.7333030143489216,43.95989374066358,62.225470262822746,61.91773236697039,HIGH_PRODUCTION,0,0,161.00509495136637
2024-03-04 22:00:00,RIG_ANOMALIES,22,4,0,40.0,62.78675519563587,64.96289759930467,0.8286556536816292,41.785276618759944,71.6471269533203,70.4607934593002,STANDBY,0,0,161.05141269106068
2024-03-04 23:00:00,RIG_ANOMALIES,23,4,0,40.0,59.15435452240265,55.3605264263163,0.8147413696899308,44.23587831336087,68.51760063656509,55.133570060946134,STANDBY,0,0,161.09773043075498
2024-03-05 00:00:00,RIG_ANOMALIES,0,5,1,38.26446504352977,53.92775437130332,52.87698948631958,0.8483146590965827,38.66254814889163,64.73579080601125,61.77578708606235,STANDBY,0,0,161.14404817044928
2024-03-05 01:00:00,RIG_ANOMALIES,1,5,1,38.26446504352977,63.31572306281984,60.0099745715762,0.8132763961151818,52.93129029963918,66.8297173683657,61.793423290955666,STANDBY,0,0,161.19036591014358
2024-03-05 02:00:00,RIG_ANOMALIES,2,5,1,38.26446504352977,55.886694086532835,54.83782766621713,0.7670394883511699,42.783024285178804,66.61435819180467,57.228481098663856,STANDBY,0,0,161.2366836498379
2024-03-05 03:00:00,RIG_ANOMALIES,3,5,1,38.26446504352977,55.76829601782395,57.25585862013071,0.7351921960888506,42.08275198007779,69.94000274386417,59.76106725322588,STANDBY,0,0,161.2830013895322
2024-03-05 04:00:00,RIG_ANOMALIES,4,5,1,40.65599410875038,65.84075605197276,64.74029836231009,0.7637613067222806,48.69631847660981,69.9609565415808,70.57951067109488,STANDBY,0,0,161.3293191292265
2024-03-05 05:00:00,RIG_ANOMALIES,5,5,1,48.73107179936014,71.76841547039014,72.43996421257012,0.8124002143847227,45.8783847645206,73.09913079708416,70.9237781032256,STANDBY,0,0,161.3756368689208
2024-03-05 06:00:00,RIG_ANOMALIES,6,5,1,57.39669756529465,79.19597839829254,75.97156355207757,0.7402231497758162,50.838664143600575,75.04067731015564,85.57286309140451,HIGH_PRODUCTION,0,0,161.4219546086151
2024-03-05 07:00:00,RIG_ANOMALIES,7,5,1,66.06232333122918,81.64851713236843,80.43196291672831,0.8670141211751243,52.031543440868354,78.50620894275856,78.3313191077641,HIGH_PRODUCTION,0,0,161.4682723483094
2024-03-05 08:00:00,RIG_ANOMALIES,8,5,1,74.13740102183893,100.25532034630398,94.56328716747873,0.8984145240605941,54.99110596925194,81.73333165541962,96.55126293101705,HIGH_PRODUCTION,0,0,161.5145900880037
2024-03-05 09:00:00,RIG_ANOMALIES,9,5,1,81.07162743720572,104.5796854943861,95.0,0.8661503333270716,53.03718216785979,83.40062176377424,97.79187624999747,HIGH_PRODUCTION,0,0,161.560907827698
2024-03-05 10:00:00,RIG_ANOMALIES,10,5,1,86.39244650647325,103.0034084810495,95.0,0.8684282494533926,59.078392738020995,81.70262336669481,94.40548256221872,HIGH_PRODUCTION,0,0,161.6072255673923
2024-03-05 11:00:00,RIG_ANOMALIES,11,5,1,89.73725320314024,106.73313583023686,95.0,0.9354668092991315,61.69801133971817,78.0495626025968,100.16134504840915,HIGH_PRODUCTION,0,0,161.6535433070866
2024-03-05 12:00:00,RIG_ANOMALIES,12,5,1,90.87810447838321,122.35207632945267,95.0,0.9644247484437739,59.354314212443946,82.82718308641917,99.94492004230877,HIGH_PRODUCTION,0,0,161.6998610467809
2024-03-05 13:00:00,RIG_ANOMALIES,13,5,1,89.73725320314024,109.60971564522944,95.0,0.8474832161342664,59.23147452827434,84.48716355504102,100.35623202543445,HIGH_PRODUCTION,0,0,161.7461787864752
2024-03-05 14:00:00,RIG_ANOMALIES,14,5,1,86.39244650647326,110.61273645114409,95.0,0.9043877813037406,60.49047691854181,84.28552475530907,101.42701951098424,HIGH_PRODUCTION,0,0,161.79249652616951
2024-03-05 15:00:00,RIG_ANOMALIES,15,5,1,81.07162743720572,94.85996276031128,93.71956360519586,0.810705526875971,51.44461171559022,80.70612096127428,107.75046486646997,HIGH_PRODUCTION,0,0,161.83881426586385
2024-03-05 16:00:00,RIG_ANOMALIES,16,5,1,74.13740102183893,97.76157762226362,94.14544222632026,0.8528598616198112,55.45271891798279,77.89725800651841,93.94463742246855,HIGH_PRODUCTION,0,0,161.88513200555815
2024-03-05 17:00:00,RIG_ANOMALIES,17,5,1,66.06232333122918,88.12573757141294,84.2114938894568,0.7336638221752114,53.78965046126765,78.49749316443132,85.93040034851663,HIGH_PRODUCTION,0,0,161.93144974525245
2024-03-05 18:00:00,RIG_ANOMALIES,18,5,1,57.39669756529466,73.72535596868438,74.03948589264557,0.7909890838504061,50.14062682710488,69.34425201697911,78.02743701311101,HIGH_PRODUCTION,0,0,161.97776748494675
2024-03-05 19:00:00,RIG_ANOMALIES,19,5,1,48.73107179936014,65.25042444089713,67.10057632901953,0.8200394228715218,48.63080786945957,65.46208438034608,71.91805089339319,HIGH_PRODUCTION,0,0,162.02408522464106
2024-03-05 20:00:00,RIG_ANOMALIES,20,5,1,40.65599410875039,59.51235359695849,60.555755711920284,0.7336204160661572,46.72374004782942,70.36952114514975,70.76199323129606,HIGH_PRODUCTION,0,0,162.07040296433536
2024-03-05 21:00:00,RIG_ANOMALIES,21,5,1,38.26446504352977,53.241608527540656,56.0115689479733,0.8147733049440461,44.17064017139019,63.08358053049385,61.22096559746731,HIGH_PRODUCTION,0,0,162.11672070402966
2024-03-05 22:00:00,RIG_ANOMALIES,22,5,1,38.26446504352977,50.65043836533909,53.12382861051937,0.7307418317139942,45.57511510112623,75.76540038694722,58.70243462302507,STANDBY,0,0,162.16303844372396
2024-03-05 23:00:00,RIG_ANOMALIES,23,5,1,38.26446504352977,59.7510522819972,57.90320120084373,0.790358343375108,46.58277345729503,71.869026049653,65.6142639597118,STANDBY,0,0,162.20935618341827
2024-03-06 00:00:00,RIG_ANOMALIES,0,6,2,36.872674070127886,58.49334609798763,56.76727338478817,0.7895556282818743,47.71588468086748,62.6629127495958,62.785824442150705,STANDBY,0,0,162.25567392311257
2024-03-06 01:00:00,RIG_ANOMALIES,1,6,2,36.872674070127886,46.531238184729375,51.46579970513408,0.7059321664506317,39.64122293038218,63.88468662479122,58.456187336462406,STANDBY,0,0,162.30199166280687
2024-03-06 02:00:00,RIG_ANOMALIES,2,6,2,36.872674070127886,53.55243608450463,53.21749540429369,0.7992131100490933,39.648152853395736,67.87481844785819,56.4906490766257,STANDBY,0,0,162.34830940250117
2024-03-06 03:00:00,RIG_ANOMALIES,3,6,2,36.872674070127886,57.659534390980106,58.518444081352754,0.6975051847100112,46.32598673364,69.55512166262024,65.98620182343453,STANDBY,0,0,162.39462714219547
2024-03-06 04:00:00,RIG_ANOMALIES,4,6,2,39.17721619951087,58.94351849006028,57.24040563650437,0.69684045405573,43.37299046235259,66.82019051622586,58.46213327713949,STANDBY,0,0,162.44094488188978
2024-03-06 05:00:00,RIG_ANOMALIES,5,6,2,46.958579598635716,60.06776718155559,63.862158267649455,0.7742512098221644,43.78570789473464,70.95027885886469,71.77150253569813,STANDBY,0,0,162.48726262158408
2024-03-06 06:00:00,RIG_ANOMALIES,6,6,2,55.30901110519182,69.21020601711659,75.67346476056858,0.8367888202026892,46.79078221060512,70.98861618100835,78.39564078890982,HIGH_PRODUCTION,0,0,162.53358036127838
2024-03-06 07:00:00,RIG_ANOMALIES,7,6,2,63.65944261174793,75.74870439255419,78.18698703770119,0.9002294293901797,48.180894731773435,69.8958868287419,83.39513826586247,HIGH_PRODUCTION,0,0,162.57989810097268
2024-03-06 08:00:00,RIG_ANOMALIES,8,6,2,71.44080601087278,82.07859340828466,85.28418705872528,0.8522560338443826,47.926850668857476,76.0161715191915,87.69043361619464,HIGH_PRODUCTION,0,0,162.626215840667
2024-03-06 09:00:00,RIG_ANOMALIES,9,6,2,78.12281424622702,95.82917246740563,95.0,0.7414241026773394,55.542003728268675,80.95216231241803,102.95411983879642,HIGH_PRODUCTION,0,0,162.6725335803613
2024-03-06 10:00:00,RIG_ANOMALIES,10,6,2,83.250099499112,97.47560455847851,95.0,0.8808636696527488,56.47288408771213,78.32950170271519,101.36275158970388,HIGH_PRODUCTION,0,0,162.7188513200556
2024-03-06 11:00:00,RIG_ANOMALIES,11,6,2,86.47324575278313,96.79205326533189,95.0,0.8517921444875985,53.62750366577917,78.03641219350047,97.48883918145518,HIGH_PRODUCTION,0,0,162.7651690597499
2024-03-06 12:00:00,RIG_ANOMALIES,12,6,2,87.57260091655372,112.63598673650993,95.0,0.9410590635839045,57.696423705820024,83.54345715164507,97.37067379094742,HIGH_PRODUCTION,0,0,162.8114867994442
2024-03-06 13:00:00,RIG_ANOMALIES,13,6,2,86.47324575278313,111.53441253081685,95.0,0.8615693087177755,57.24110050701503,84.80238933139023,98.19389402467944,HIGH_PRODUCTION,0,0,162.8578045391385
2024-03-06 14:00:00,RIG_ANOMALIES,14,6,2,83.25009949911201,100.73272871970586,95.0,0.8354141286094998,53.34990371398492,77.35484636002568,106.54643501984553,HIGH_PRODUCTION,0,0,162.9041222788328
2024-03-06 15:00:00,RIG_ANOMALIES,15,6,2,78.12281424622702,94.08151202149338,92.12671912164353,0.8776129526191094,55.41393718581931,79.65911675008249,97.6877940173353,HIGH_PRODUCTION,0,0,162.9504400185271
2024-03-06 16:00:00,RIG_ANOMALIES,16,6,2,71.44080601087278,80.85451434776672,85.62036757126373,0.8518971707037722,51.5307188938296,69.90215165122166,90.34041309760272,HIGH_PRODUCTION,0,0,162.9967577582214
2024-03-06 17:00:00,RIG_ANOMALIES,17,6,2,63.65944261174793,80.29425253381368,80.4609064880037,0.7735021670897894,47.712291826947784,75.75922217059686,86.35809751817082,HIGH_PRODUCTION,0,0,163.0430754979157
2024-03-06 18:00:00,RIG_ANOMALIES,18,6,2,55.30901110519183,75.44905685206216,75.77524149846113,0.9320670289725872,48.32900808239416,72.74391782635952,80.77120536798876,HIGH_PRODUCTION,0,0,163.08939323761
2024-03-06 19:00:00,RIG_ANOMALIES,19,6,2,46.958579598635716,67.65509049907381,69.43047439244022,0.788968478333419,46.52434348731721,71.32632653231127,78.51231927474086,HIGH_PRODUCTION,0,0,163.1357109773043
2024-03-06 20:00:00,RIG_ANOMALIES,20,6,2,39.17721619951089,57.5040841087909,61.14391022653544,0.8032431208822866,45.23785334688928,70.66606251234495,68.57453016412619,HIGH_PRODUCTION,0,0,163.18202871699862
2024-03-06 21:00:00,RIG_ANOMALIES,21,6,2,36.872674070127886,58.4942583840253,57.49845276723557,0.727824559169461,42.77840490938703,63.153595872072536,59.109594284616286,HIGH_PRODUCTION,0,0,163.22834645669292
2024-03-06 22:00:00,RIG_ANOMALIES,22,6,2,36.872674070127886,51.63485072198422,54.66706080870915,0.7454901774202591,42.549436750111234,62.28394489804563,64.80125389080555,STANDBY,0,0,163.27466419638722
2024-03-06 23:00:00,RIG_ANOMALIES,23,6,2,36.872674070127886,58.074174378835124,57.4893936345381,0.7468998719034794,42.58728589091658,74.55750426723439,61.361225587894765,STANDBY,0,0,163.32098193608152
2024-03-07 00:00:00,RIG_ANOMALIES,0,7,3,36.10028835127271,54.23857039493263,51.549076713227585,0.7922591083938013,44.64089139780305,65.68492602561972,56.98592507163642,STANDBY,0,0,163.36729967577583
2024-03-07 01:00:00,RIG_ANOMALIES,1,7,3,36.10028835127271,57.86821227297411,55.36404777718026,0.7612170218438377,43.74447147244149,66.7564292767924,57.961050894844455,STANDBY,0,0,163.41361741547013
2024-03-07 02:00:00,RIG_ANOMALIES,2,7,3,36.10028835127271,62.90781214533379,59.5967006529442,0.8296304931226071,43.652959099894844,69.95085476321907,63.91859035980771,STANDBY,0,0,163.45993515516443
2024-03-07 03:00:00,RIG_ANOMALIES,3,7,3,36.10028835127271,56.63086407035708,54.98833943449495,0.7783268131246719,44.14829136830797,67.65922133299645,60.954451440399055,STANDBY,0,0,163.50625289485873
2024-03-07 04:00:00,RIG_ANOMALIES,4,7,3,38.35655637322725,56.23974047971664,58.59402758569244,0.7077092746355182,41.014307507749734,65.03411266192141,65.1727801543763,STANDBY,0,0,163.55257063455304
2024-03-07 05:00:00,RIG_ANOMALIES,5,7,3,45.97492063778226,72.16561294165129,73.59920660085248,0.8975723062287833,47.940228031173326,74.08619924629691,76.71120861601614,STANDBY,0,0,163.59888837424734
2024-03-07 06:00:00,RIG_ANOMALIES,6,7,3,54.15043252690906,79.20446143343453,78.3553585042747,0.8306623261376525,49.994571440253814,73.34042802071346,84.28086315665553,HIGH_PRODUCTION,0,0,163.64520611394164
2024-03-07 07:00:00,RIG_ANOMALIES,7,7,3,62.32594441603586,77.7779766941026,76.39111486189464,0.8330351412974432,49.152818646825665,74.68844125376012,82.18983610504047,HIGH_PRODUCTION,0,0,163.69152385363594
2024-03-07 08:00:00,RIG_ANOMALIES,8,7,3,69.94430868059086,86.51149671012342,87.27631166822067,0.8003412112017647,51.98287964516725,73.29741020348924,90.23873734886166,HIGH_PRODUCTION,0,0,163.73784159333024
2024-03-07 09:00:00,RIG_ANOMALIES,9,7,3,76.48634638588689,90.25479764016958,90.00503075223088,0.8553326914815654,52.623027490830914,78.73165512795993,90.76470238500431,HIGH_PRODUCTION,0,0,163.78415933302455
2024-03-07 10:00:00,RIG_ANOMALIES,10,7,3,81.50622847353647,99.34733347983158,95.0,0.8857151027701755,54.71317256360631,79.27761943596549,98.87495777713805,HIGH_PRODUCTION,0,0,163.83047707271885
2024-03-07 11:00:00,RIG_ANOMALIES,11,7,3,84.66185827501369,105.29088743517028,95.0,0.9247971551328278,51.526248320143935,83.31643573635895,98.41701949469571,HIGH_PRODUCTION,0,0,163.87679481241315
2024-03-07 12:00:00,RIG_ANOMALIES,12,7,3,85.73818483427267,112.06590170486909,95.0,0.9419153120198753,58.522139543121526,83.84528463637068,98.14006312560673,HIGH_PRODUCTION,0,0,163.92311255210745
2024-03-07 13:00:00,RIG_ANOMALIES,13,7,3,84.66185827501369,102.65185137228305,95.0,0.9919385818859496,55.120697168801605,83.07466795514618,95.44158412601176,HIGH_PRODUCTION,0,0,163.96943029180176
2024-03-07 14:00:00,RIG_ANOMALIES,14,7,3,81.50622847353648,105.03815753337905,95.0,0.9179419449899597,54.929660469996534,80.71349249846926,100.59177710414986,HIGH_PRODUCTION,0,0,164.01574803149606
2024-03-07 15:00:00,RIG_ANOMALIES,15,7,3,76.48634638588689,92.40899871985427,90.02861826497052,0.9149268416433691,51.50053367296637,83.54883823892595,91.79415521039135,HIGH_PRODUCTION,0,0,164.06206577119036
2024-03-07 16:00:00,RIG_ANOMALIES,16,7,3,69.94430868059086,91.43760779086547,87.61309440614339,0.9251070055703768,53.43525899068663,79.88684137160536,91.41210113411354,HIGH_PRODUCTION,0,0,164.10838351088466
2024-03-07 17:00:00,RIG_ANOMALIES,17,7,3,62.32594441603586,80.2536645179852,80.32676376323543,0.9157154453622309,51.11879960747301,74.8657595583615,86.44236103200473,HIGH_PRODUCTION,0,0,164.15470125057897
2024-03-07 18:00:00,RIG_ANOMALIES,18,7,3,54.150432526909064,77.83501262849597,78.74085308023692,0.7710823532121824,48.13022004411163,74.47683281276238,87.56757978684482,HIGH_PRODUCTION,0,0,164.20101899027327
2024-03-07 19:00:00,RIG_ANOMALIES,19,7,3,45.97492063778226,67.68627162639987,69.93606561368142,0.8571896690893728,46.61437564681032,65.41779467348208,77.1915182818203,HIGH_PRODUCTION,0,0,164.24733672996757
2024-03-07 20:00:00,RIG_ANOMALIES,20,7,3,38.356556373227264,66.20337452623671,66.23811278032598,0.8060747070737154,49.496242422627844,72.5988269226495,72.5821007862253,HIGH_PRODUCTION,0,0,164.29365446966187
2024-03-07 21:00:00,RIG_ANOMALIES,21,7,3,36.10028835127271,55.19497025739068,57.07340574053437,0.7742475020541854,43.23701927357194,66.83412039073448,65.28931409126376,HIGH_PRODUCTION,0,0,164.33997220935618
2024-03-07 22:00:00,RIG_ANOMALIES,22,7,3,36.10028835127271,57.74283596899786,57.540789291467355,0.7139879147396426,44.499485741106795,64.79678170147602,66.6712596880583,STANDBY,0,0,164.38628994905048
2024-03-07 23:00:00,RIG_ANOMALIES,23,7,3,36.10028835127271,63.98624399566206,62.296768316242115,0.8228152547240862,43.243625675868884,67.76862042615723,68.08279532827447,STANDBY,0,0,164.43260768874478
2024-03-08 00:00:00,RIG_ANOMALIES,0,8,4,36.10028835127271,52.86446892465205,53.27628895513744,0.6125841535606508,44.498580314377485,64.89003613244014,53.69898871087071,STANDBY,0,0,164.47892542843908
2024-03-08 01:00:00,RIG_ANOMALIES,1,8,4,36.10028835127271,56.5686752827241,57.48823499725902,0.7514915451430431,43.86178327672879,67.02969938424273,66.150458132232,STANDBY,0,0,164.5252431681334
2024-03-08 02:00:00,RIG_ANOMALIES,2,8,4,36.10028835127271,51.11053269784241,54.91487241975624,0.6911546465200292,44.83632255399138,65.60539690942142,60.41499280776801,STANDBY,0,0,164.5715609078277
2024-03-08 03:00:00,RIG_ANOMALIES,3,8,4,36.10028835127271,53.97405526651866,56.65079559364878,0.8274261603187514,43.382244487332436,64.14183810943656,61.755754089102304,STANDBY,0,0,164.617878647522
2024-03-08 04:00:00,RIG_ANOMALIES,4,8,4,38.35655637322725,56.66136302076926,61.119508188689025,0.8307422149011754,42.5234026331691,66.9155078573631,62.45220931762553,STANDBY,0,0,164.6641963872163
2024-03-08 05:00:00,RIG_ANOMALIES,5,8,4,45.97492063778226,69.79287502677553,73.67695234905634,0.7963548699490081,49.61269766069656,72.39356436559765,75.01824634394917,STANDBY,0,0,164.7105141269106
2024-03-08 06:00:00,RIG_ANOMALIES,6,8,4,54.15043252690906,76.3114097921235,78.36934846277578,0.7795707011888864,47.267039776356086,76.88598388562858,80.63882955692813,HIGH_PRODUCTION,0,0,164.7568318666049
2024-03-08 07:00:00,RIG_ANOMALIES,7,8,4,62.32594441603586,93.06570679041295,90.34589748089059,0.8496589871617695,51.61785588169705,79.86582025735068,99.04083935486702,HIGH_PRODUCTION,0,0,164.8031496062992
2024-03-08 08:00:00,RIG_ANOMALIES,8,8,4,69.94430868059086,89.04339081773438,85.13994989815207,0.7948386206115053,51.39599986006671,78.23447656123376,96.65569017003808,HIGH_PRODUCTION,0,0,164.8494673459935
2024-03-08 09:00:00,RIG_ANOMALIES,9,8,4,76.48634638588689,99.08656153102143,94.80824159020696,0.8615539469965673,53.56155350545701,80.43643311744238,94.51821909839254,HIGH_PRODUCTION,0,0,164.8957850856878
2024-03-08 10:00:00,RIG_ANOMALIES,10,8,4,81.50622847353647,110.96404543072802,95.0,0.9056915385958191,52.35057333216714,82.20331136263628,102.9802856349711,HIGH_PRODUCTION,0,0,164.9421028253821
2024-03-08 11:00:00,RIG_ANOMALIES,11,8,4,84.66185827501369,103.107139164801,95.0,0.943335156851481,56.3490217876374,80.21828368693131,102.31826962892059,HIGH_PRODUCTION,0,0,164.9884205650764
2024-03-08 12:00:00,RIG_ANOMALIES,12,8,4,85.73818483427267,100.68004076724313,95.0,0.8751069529304502,51.38419062083243,76.19492721001969,102.15545754062425,HIGH_PRODUCTION,0,0,165.0347383047707
2024-03-08 13:00:00,RIG_ANOMALIES,13,8,4,84.66185827501369,109.2092264872019,95.0,0.9122257518545728,57.48132501180682,83.05921796463903,97.39095940360181,HIGH_PRODUCTION,0,0,165.08105604446502
2024-03-08 14:00:00,RIG_ANOMALIES,14,8,4,81.50622847353648,95.85049036349744,95.0,0.8573473562812839,56.309758870007045,81.7819979554054,100.78112006810065,HIGH_PRODUCTION,0,0,165.12737378415932
2024-03-08 15:00:00,RIG_ANOMALIES,15,8,4,76.48634638588689,94.68400538167336,95.0,0.8861951436285613,56.43273815829304,81.38957720406319,98.39710713868378,HIGH_PRODUCTION,0,0,165.17369152385362
2024-03-08 16:00:00,RIG_ANOMALIES,16,8,4,69.94430868059086,87.3978489970537,84.84241043017099,0.9454318871537483,52.78703978309545,76.1193151958606,91.14889733074172,HIGH_PRODUCTION,0,0,165.22000926354792
2024-03-08 17:00:00,RIG_ANOMALIES,17,8,4,62.32594441603586,75.18821773157615,74.2680618826846,0.8042831339752324,53.61172550939603,70.04090883089584,76.72935386166108,HIGH_PRODUCTION,0,0,165.26632700324222
2024-03-08 18:00:00,RIG_ANOMALIES,18,8,4,54.150432526909064,78.26736869984879,73.82885490627253,0.8019792956199705,48.05571820743294,75.51584416463926,77.89952608464813,HIGH_PRODUCTION,0,0,165.31264474293653
2024-03-08 19:00:00,RIG_ANOMALIES,19,8,4,45.97492063778226,63.59161541708663,69.80763689189055,0.8123787979529125,45.236211532845296,72.25264503318083,73.62685215126487,HIGH_PRODUCTION,0,0,165.35896248263083
2024-03-08 20:00:00,RIG_ANOMALIES,20,8,4,38.356556373227264,58.689527028760445,58.611873407445884,0.8338503036541669,45.274485258241015,72.15122286831127,62.03505171576702,HIGH_PRODUCTION,0,0,165.40528022232513
2024-03-08 21:00:00,RIG_ANOMALIES,21,8,4,36.10028835127271,50.671455664875914,54.227862002496515,0.7224454648023473,43.570241044319594,60.9065230105451,55.86275867661831,HIGH_PRODUCTION,0,0,165.45159796201943
2024-03-08 22:00:00,RIG_ANOMALIES,22,8,4,36.10028835127271,47.73146781658811,52.74768607865601,0.7263046330264311,45.16882578418249,66.24274921472107,60.82084814897121,STANDBY,0,0,165.49791570171374
2024-03-08 23:00:00,RIG_ANOMALIES,23,8,4,36.10028835127271,63.873480125185,60.868243539472864,0.7704449434275508,45.02061543470484,72.91928459973464,67.81146416288105,STANDBY,0,0,165.54423344140804
2024-03-09 00:00:00,RIG_ANOMALIES,0,9,5,36.872674070127886,64.27236183506088,56.61165356756173,0.7440818218931506,49.71749556834128,62.646002250396904,65.87259792270108,STANDBY,0,0,165.59055118110234
2024-03-09 01:00:00,RIG_ANOMALIES,1,9,5,36.872674070127886,63.50592918890005,59.69711113567646,0.8425768013072746,47.13585128217785,67.94583817510896,64.71210487060762,STANDBY,0,0,165.63686892079664
2024-03-09 02:00:00,RIG_ANOMALIES,2,9,5,36.872674070127886,57.322260314194665,56.261563852529356,0.7432132292335378,45.84248733649342,65.27586893704833,57.923444489023765,STANDBY,0,0,165.68318666049095
2024-03-09 03:00:00,RIG_ANOMALIES,3,9,5,36.872674070127886,63.86019665351326,62.887543772736805,0.9030300191363086,46.43684408441055,72.19498669034584,70.42981857076059,STANDBY,0,0,165.72950440018525
2024-03-09 04:00:00,RIG_ANOMALIES,4,9,5,39.17721619951087,57.04452815349827,61.85276854007209,0.7493004999820725,43.37101982277323,70.22887299608196,71.68199213970664,STANDBY,0,0,165.77582213987958
2024-03-09 05:00:00,RIG_ANOMALIES,5,9,5,46.958579598635716,72.8204859557939,71.8126072267682,0.8114476925515598,48.29564061623386,75.0627179370612,73.93579800436454,STANDBY,0,0,165.82213987957388
2024-03-09 06:00:00,RIG_ANOMALIES,6,9,5,55.30901110519182,83.82484827488202,82.13344509406915,0.9476315786246456,47.51219045847906,79.94859243225767,89.72624553032874,HIGH_PRODUCTION,0,0,165.86845761926818
2024-03-09 07:00:00,RIG_ANOMALIES,7,9,5,63.65944261174793,89.17532946851752,86.94828069533114,1.0248513877819416,54.75022861813087,77.21726066273145,92.12684679350323,HIGH_PRODUCTION,0,0,165.9147753589625
2024-03-09 08:00:00,RIG_ANOMALIES,8,9,5,71.44080601087278,100.22555538676073,94.55514582142052,0.8649019452285439,60.90433036272811,75.46671728093362,95.74273736194691,HIGH_PRODUCTION,0,0,165.9610930986568
2024-03-09 09:00:00,RIG_ANOMALIES,9,9,5,78.12281424622702,104.07635745360346,95.0,0.9446420642090961,59.242928633674715,82.07698375210298,96.85081079738667,HIGH_PRODUCTION,0,0,166.0074108383511
2024-03-09 10:00:00,RIG_ANOMALIES,10,9,5,83.250099499112,111.98656458354435,95.0,0.9549213406434105,53.48257082279673,82.71012978880451,100.31129297788097,HIGH_PRODUCTION,0,0,166.0537285780454
2024-03-09 11:00:00,RIG_ANOMALIES,11,9,5,86.47324575278313,108.51659264074092,95.0,0.9492008660740466,55.29356750742449,86.72317131896877,100.7236021572924,HIGH_PRODUCTION,0,0,166.1000463177397
2024-03-09 12:00:00,RIG_ANOMALIES,12,9,5,87.57260091655372,102.45313541373417,95.0,1.003359268597666,54.47633126501218,81.74322011023045,100.67141972115256,HIGH_PRODUCTION,0,0,166.146364057434
2024-03-09 13:00:00,RIG_ANOMALIES,13,9,5,86.47324575278313,110.2276894739647,95.0,1.0031470148007848,60.2242638549245,85.69772534617557,100.4853812122101,HIGH_PRODUCTION,0,0,166.1926817971283
2024-03-09 14:00:00,RIG_ANOMALIES,14,9,5,83.25009949911201,99.20350753689617,94.7076370166258,0.869832858076967,54.39732724188016,78.81798573045664,95.80235641063943,HIGH_PRODUCTION,0,0,166.2389995368226
2024-03-09 15:00:00,RIG_ANOMALIES,15,9,5,78.12281424622702,103.75354108699143,94.87423788262828,0.9042388692918775,55.9698306764943,79.66686108016206,102.41654575113627,HIGH_PRODUCTION,0,0,166.2853172765169
2024-03-09 16:00:00,RIG_ANOMALIES,16,9,5,71.44080601087278,91.78406657975533,87.18440977656108,0.9165947423632708,52.73797130089524,72.55007539367611,94.82889697004951,HIGH_PRODUCTION,0,0,166.3316350162112
2024-03-09 17:00:00,RIG_ANOMALIES,17,9,5,63.65944261174793,80.76324139285053,80.3920366569553,0.804138843102291,50.23666826085186,69.9159772917933,85.88506545366701,HIGH_PRODUCTION,0,0,166.3779527559055
2024-03-09 18:00:00,RIG_ANOMALIES,18,9,5,55.30901110519183,84.60250419715281,80.89273305771103,0.868417243963427,52.077032098208065,77.8668760909318,83.09795701897302,HIGH_PRODUCTION,0,0,166.4242704955998
2024-03-09 19:00:00,RIG_ANOMALIES,19,9,5,46.958579598635716,70.66837247900104,73.12007978872006,0.8281316512151223,48.123332682512896,70.56452997637727,75.32131929002523,HIGH_PRODUCTION,0,0,166.47058823529412
2024-03-09 20:00:00,RIG_ANOMALIES,20,9,5,39.17721619951089,60.379124598777786,63.617975255069894,0.7973387587137296,44.85131267267631,65.46623420974785,68.22910731101572,HIGH_PRODUCTION,0,0,166.51690597498842
2024-03-09 21:00:00,RIG_ANOMALIES,21,9,5,36.872674070127886,51.459844743421726,52.40363656597782,0.8319537143040937,41.80033110488348,65.1779177639783,57.740410567573285,HIGH_PRODUCTION,0,0,166.56322371468272
2024-03-09 22:00:00,RIG_ANOMALIES,22,9,5,36.872674070127886,55.834724060048174,59.439690657915854,0.7848890051656052,40.294708084217184,65.0851278744662,61.603362231931285,STANDBY,0,0,166.60954145437702
2024-03-09 23:00:00,RIG_ANOMALIES,23,9,5,36.872674070127886,58.5511843824111,56.69921056604003,0.8488263657602547,42.77167674727099,62.10438801216994,58.62979380016487,STANDBY,0,0,166.65585919407133
2024-03-10 00:00:00,RIG_ANOMALIES,0,10,6,38.26446504352977,57.638473097256835,51.34625951305167,0.8021068441834884,43.416119664073285,63.61391990597779,53.935128462628455,STANDBY,0,0,166.70217693376563
2024-03-10 01:00:00,RIG_ANOMALIES,1,10,6,38.26446504352977,59.81497522119045,58.151673119714864,0.7834990399197113,43.952509798003746,65.80405274594392,56.916705624937144,STANDBY,0,0,166.74849467345993
2024-03-10 02:00:00,RIG_ANOMALIES,2,10,6,38.26446504352977,58.450958420554265,59.224123241277276,0.7346882016349485,45.17161614685695,70.33113904013916,68.37636480231666,STANDBY,0,0,166.79481241315423
2024-03-10 03:00:00,RIG_ANOMALIES,3,10,6,38.26446504352977,52.746692857172846,55.41918369821901,0.7168293016300178,38.660740607779,65.24821774630122,57.89340954754745,STANDBY,0,0,166.84113015284854
2024-03-10 04:00:00,RIG_ANOMALIES,4,10,6,40.65599410875038,55.86515836558931,57.809469750072545,0.747717589938435,44.419103342547885,61.2792134984453,68.15252016724489,STANDBY,0,0,166.88744789254284
2024-03-10 05:00:00,RIG_ANOMALIES,5,10,6,48.73107179936013,74.58954292021444,73.4719328690719,0.8491028653540684,48.366817040459935,69.24187532274733,82.5279937037692,STANDBY,0,0,166.93376563223714
2024-03-10 06:00:00,RIG_ANOMALIES,6,10,6,57.396697565294645,77.50029318510256,74.97164242728884,0.8958291860148626,47.642833198536714,78.62284346288358,80.87423202309513,HIGH_PRODUCTION,0,0,166.98008337193144
2024-03-10 07:00:00,RIG_ANOMALIES,7,10,6,66.06232333122917,77.91186694447865,77.30025733022345,0.8661503059911695,49.31228429441145,70.88616082317894,86.41519891291088,HIGH_PRODUCTION,0,0,167.02640111162574
2024-03-10 08:00:00,RIG_ANOMALIES,8,10,6,74.13740102183893,95.9754757466832,90.49412506821494,0.823678798956631,52.59185261850324,84.12753764261672,102.82616638319189,HIGH_PRODUCTION,0,0,167.07271885132005
2024-03-10 09:00:00,RIG_ANOMALIES,9,10,6,81.0716274372057,99.77869515113794,95.0,0.9041603056464292,52.46261624148947,78.44993416729211,101.89964214470348,HIGH_PRODUCTION,0,0,167.11903659101438
2024-03-10 10:00:00,RIG_ANOMALIES,10,10,6,86.39244650647323,106.33637677956666,95.0,0.9328061008739297,55.58402632102391,75.99119226874173,98.32106433112155,HIGH_PRODUCTION,0,0,167.16535433070868
2024-03-10 11:00:00,RIG_ANOMALIES,11,10,6,89.73725320314023,117.82452652406981,95.0,0.9306464933537625,60.010217570650546,83.85720915986089,96.77690673890044,HIGH_PRODUCTION,0,0,167.21167207040298
2024-03-10 12:00:00,RIG_ANOMALIES,12,10,6,90.8781044783832,105.52174693813372,95.0,0.8852147063973329,57.22368752798505,86.90497782103584,102.27092787457687,HIGH_PRODUCTION,0,0,167.25798981009729
2024-03-10 13:00:00,RIG_ANOMALIES,13,10,6,89.73725320314023,108.34849605470836,95.0,0.9234179246948412,54.925409406159964,80.43987038518222,103.9801260413386,HIGH_PRODUCTION,0,0,167.3043075497916
2024-03-10 14:00:00,RIG_ANOMALIES,14,10,6,86.39244650647325,114.18543961869082,95.0,0.9872087068285289,60.99923073130482,84.66681572880948,105.78056129393,HIGH_PRODUCTION,0,0,167.3506252894859
2024-03-10 15:00:00,RIG_ANOMALIES,15,10,6,81.0716274372057,107.54283021941555,95.0,0.968724106932233,54.11213173140466,80.82252410420595,100.6653916234781,HIGH_PRODUCTION,0,0,167.3969430291802
2024-03-10 16:00:00,RIG_ANOMALIES,16,10,6,74.13740102183893,95.95516815414969,89.02081482581275,0.8727181038393064,50.63879827574486,86.3691800101658,95.09964502314986,HIGH_PRODUCTION,0,0,167.4432607688745
2024-03-10 17:00:00,RIG_ANOMALIES,17,10,6,66.06232333122917,94.66000443308442,91.36682955923798,0.9879328569894877,54.628194359995156,77.79006703083452,94.5221910959269,HIGH_PRODUCTION,0,0,167.4895785085688
2024-03-10 18:00:00,RIG_ANOMALIES,18,10,6,57.39669756529465,71.79175247108724,70.09352740264434,0.7456316912279408,51.26419087780575,68.1013711935243,75.78461075432719,HIGH_PRODUCTION,0,0,167.5358962482631
2024-03-10 19:00:00,RIG_ANOMALIES,19,10,6,48.73107179936013,67.1801447279708,68.09886919355395,0.8434000850353515,48.58623725336474,70.7113895281029,70.63301475764042,HIGH_PRODUCTION,0,0,167.5822139879574
2024-03-10 20:00:00,RIG_ANOMALIES,20,10,6,40.65599410875039,69.65362538767212,64.67574250821582,0.8394386099432342,48.5846020010031,71.96489648317929,72.76579694608053,HIGH_PRODUCTION,0,0,167.6285317276517
2024-03-10 21:00:00,RIG_ANOMALIES,21,10,6,38.26446504352977,57.044837507999446,57.28982546721935,0.7037317652788908,42.14893574617618,67.27968024943677,65.18248001805578,HIGH_PRODUCTION,0,0,167.674849467346
2024-03-10 22:00:00,RIG_ANOMALIES,22,10,6,38.26446504352977,56.71585440804298,57.81131578378696,0.7393835377362439,44.95653028094896,68.06110242009736,66.80707556660238,STANDBY,0,0,167.7211672070403
2024-03-10 23:00:00,RIG_ANOMALIES,23,10,6,38.26446504352977,58.09256958518337,58.076675035514164,0.7457309472161132,39.62337109041364,65.73504198004996,64.18425219797534,STANDBY,0,0,167.7674849467346
2024-03-11 00:00:00,RIG_ANOMALIES,0,11,0,40.0,63.4711744503396,58.67113023076401,0.8465867418926507,44.711722905902285,67.49733052483835,62.80840873038628,STANDBY,0,0,167.81380268642891
2024-03-11 01:00:00,RIG_ANOMALIES,1,11,0,40.0,62.63036266960899,61.47639398816437,0.7497912067387988,45.35844924828256,70.90989129219632,67.33742208176399,STANDBY,0,0,167.86012042612322
2024-03-11 02:00:00,RIG_ANOMALIES,2,11,0,40.0,58.17718327726683,57.33026221951777,0.6833283570582711,40.24507971202992,65.32202975291062,63.264107681084596,STANDBY,0,0,167.90643816581752
2024-03-11 03:00:00,RIG_ANOMALIES,3,11,0,40.0,53.01000350282587,55.025347442537246,0.7186323524191254,43.75610321514984,62.56979164995468,64.54324823378087,STANDBY,0,0,167.95275590551182
2024-03-11 04:00:00,RIG_ANOMALIES,4,11,0,42.5,61.224233448089215,60.8836026165788,0.8214296575759792,43.30451593000765,68.21552527419759,71.7791106351574,STANDBY,0,0,167.99907364520612
2024-03-11 05:00:00,RIG_ANOMALIES,5,11,0,50.94133342141177,65.82179581987124,71.616186249182,0.8317858724045452,41.24144766359473,70.97835304120686,80.17657698125888,STANDBY,0,0,168.04539138490043
2024-03-11 06:00:00,RIG_ANOMALIES,6,11,0,60.0,73.22396991876923,73.81053310138581,0.7594978881077753,47.828654163998465,70.32520584161877,78.2077905258178,HIGH_PRODUCTION,0,0,168.09170912459473
2024-03-11 07:00:00,RIG_ANOMALIES,7,11,0,69.05866657858823,91.39340705948152,83.6558705802502,0.8780878833633678,54.89236732168942,78.90625549790333,86.25943456516303,HIGH_PRODUCTION,0,0,168.13802686428903
2024-03-11 08:00:00,RIG_ANOMALIES,8,11,0,77.5,105.43738713875833,95.0,0.9785238827346511,54.94785859019304,81.09670899816302,99.9189013404423,HIGH_PRODUCTION,0,0,168.18434460398333
2024-03-11 09:00:00,RIG_ANOMALIES,9,11,0,84.74873734152916,103.18671597072999,95.0,0.8841224175430529,52.840047590405185,78.7356589314378,105.2648343657892,HIGH_PRODUCTION,0,0,168.23066234367764
2024-03-11 10:00:00,RIG_ANOMALIES,10,11,0,90.31088913245534,115.89791515341574,95.0,0.9596194930869759,60.07292216040647,89.75908846364611,100.862595012814,HIGH_PRODUCTION,0,0,168.27698008337194
2024-03-11 11:00:00,RIG_ANOMALIES,11,11,0,93.8074039201174,109.45908055877388,95.0,0.8923323497808514,58.53069154901638,84.83575599281335,97.49333122613386,HIGH_PRODUCTION,0,0,168.32329782306624
2024-03-11 12:00:00,RIG_ANOMALIES,12,11,0,95.0,112.88464045371047,95.0,0.9518515367431521,56.89997821621383,82.98529670441273,94.36916175336486,HIGH_PRODUCTION,0,0,168.36961556276054
2024-03-11 13:00:00,RIG_ANOMALIES,13,11,0,93.8074039201174,114.71380601990315,95.0,0.9476519317512657,60.83190395172344,85.2490199054817,104.40528052866759,HIGH_PRODUCTION,0,0,168.41593330245485
2024-03-11 14:00:00,RIG_ANOMALIES,14,11,0,90.31088913245536,115.86614527687954,95.0,1.0238916124644355,61.03729942168523,86.51923356463868,102.76105865067404,HIGH_PRODUCTION,0,0,168.46225104214915
2024-03-11 15:00:00,RIG_ANOMALIES,15,11,0,84.74873734152916,110.53912127295636,95.0,0.8982211397539868,57.71333803714334,85.26771900589735,95.06295655924131,HIGH_PRODUCTION,0,0,168.50856878184345
2024-03-11 16:00:00,RIG_ANOMALIES,16,11,0,77.5,105.78083166305751,95.0,0.9072873433663262,56.54212235509403,84.88670019839562,98.2428021232233,HIGH_PRODUCTION,0,0,168.55488652153775
2024-03-11 17:00:00,RIG_ANOMALIES,17,11,0,69.05866657858823,85.9560331388877,87.33444617393396,0.9036550666047936,46.60907968085282,76.06404413722137,86.78766622764707,HIGH_PRODUCTION,0,0,168.60120426123206
2024-03-11 18:00:00,RIG_ANOMALIES,18,11,0,60.00000000000001,77.68805333419863,78.86893929629649,0.9055953123254243,47.281790152322316,69.25328690736258,82.22424029686937,HIGH_PRODUCTION,0,0,168.64752200092636
2024-03-11 19:00:00,RIG_ANOMALIES,19,11,0,50.94133342141177,70.56441725932815,69.8250986510366,0.9274729288371031,47.21234824986035,74.21767071201454,75.86648056063456,HIGH_PRODUCTION,0,0,168.69383974062066
2024-03-11 20:00:00,RIG_ANOMALIES,20,11,0,42.500000000000014,64.52675779230823,65.84618192563838,0.7281567135866261,46.197400056277864,72.57292601346846,74.00970127440851,HIGH_PRODUCTION,0,0,168.74015748031496
2024-03-11 21:00:00,RIG_ANOMALIES,21,11,0,40.0,63.96758491092946,65.07930077377166,0.803478494693532,48.48927082361408,64.7469985692543,71.3916136033,HIGH_PRODUCTION,0,0,168.78647522000927
2024-03-11 22:00:00,RIG_ANOMALIES,22,11,0,40.0,60.163572955034624,59.9993154068138,0.8817336646761147,44.982859723432696,65.50362469734559,58.75677495457103,STANDBY,0,0,168.83279295970357
2024-03-11 23:00:00,RIG_ANOMALIES,23,11,0,40.0,59.850993702081546,57.95972829636427,0.8639779808564713,47.43998168549281,70.72494595406897,63.30411976206768,STANDBY,0,0,168.87911069939787
2024-03-12 00:00:00,RIG_ANOMALIES,0,12,1,38.26446504352977,64.57325154825081,60.19421418425702,0.7853411222680571,50.89857636898671,75.38142717698024,61.51403990753778,STANDBY,0,0,168.92542843909217
2024-03-12 01:00:00,RIG_ANOMALIES,1,12,1,38.26446504352977,63.57176903324806,58.534573377269176,0.8586832434072472,41.832084373389236,73.78283224900674,68.29772495860067,STANDBY,0,0,168.97174617878647
2024-03-12 02:00:00,RIG_ANOMALIES,2,12,1,38.26446504352977,62.97252643246278,59.22849869498723,0.8260039867154649,42.25477722237466,70.16675326719142,63.68728438895909,STANDBY,0,0,169.01806391848078
2024-03-12 03:00:00,RIG_ANOMALIES,3,12,1,38.26446504352977,55.18582610694922,60.0666431738364,0.8072833988594323,41.28763190947547,71.27916947240267,64.32794842614595,STANDBY,0,0,169.06438165817508
2024-03-12 04:00:00,RIG_ANOMALIES,4,12,1,40.65599410875038,65.62530593422724,69.72821323794233,0.7972046848655618,47.31850389450587,76.64389405710396,75.56339011575909,STANDBY,0,0,169.11069939786938
2024-03-12 05:00:00,RIG_ANOMALIES,5,12,1,48.73107179936014,71.70115426792374,71.3315756409765,0.8473053132434503,47.14186425800703,80.27793192131885,78.9555177229074,STANDBY,0,0,169.15701713756368
2024-03-12 06:00:00,RIG_ANOMALIES,6,12,1,57.39669756529465,80.99207135510272,79.718250070171,0.8802483529633964,51.92525881403889,71.11226315059129,80.2300722484976,HIGH_PRODUCTION,0,0,169.203334877258
2024-03-12 07:00:00,RIG_ANOMALIES,7,12,1,66.06232333122918,84.0994634646014,83.28184674105142,0.8501080439786189,48.60419655494833,83.55210610250106,88.03255303524126,HIGH_PRODUCTION,0,0,169.2496526169523
2024-03-12 08:00:00,RIG_ANOMALIES,8,12,1,74.13740102183893,89.60046827988984,89.94632958229452,0.9846643624847833,49.04629360574928,72.76362802514242,94.47671660264363,HIGH_PRODUCTION,0,0,169.2959703566466
2024-03-12 09:00:00,RIG_ANOMALIES,9,12,1,81.07162743720572,95.3513261717475,90.42775151097963,0.9492483340394962,52.86658365218214,74.86816258346613,91.99661615000802,HIGH_PRODUCTION,0,0,169.3422880963409
2024-03-12 10:00:00,RIG_ANOMALIES,10,12,1,86.39244650647325,112.64693186625303,95.0,1.0484506711405943,55.8626391850989,84.14808487556742,95.6950265587454,HIGH_PRODUCTION,0,0,169.3886058360352
2024-03-12 11:00:00,RIG_ANOMALIES,11,12,1,89.73725320314024,111.81875350805427,95.0,0.9470461391549452,58.890108089672395,82.59640956047252,99.96212502896059,HIGH_PRODUCTION,0,0,169.4349235757295
2024-03-12 12:00:00,RIG_ANOMALIES,12,12,1,90.87810447838321,108.21988200876675,95.0,0.8973261712126841,59.14987196529134,83.55550969399455,99.16908846710152,HIGH_PRODUCTION,0,0,169.4812413154238
2024-03-12 13:00:00,RIG_ANOMALIES,13,12,1,89.73725320314024,111.84342015431272,95.0,0.9616146658941309,60.187897848375215,85.03154511066835,104.30389054825925,HIGH_PRODUCTION,0,0,169.5275590551181
2024-03-12 14:00:00,RIG_ANOMALIES,14,12,1,86.39244650647326,102.36271996429446,95.0,0.944751947245611,55.825806147149095,83.59226323572044,94.88367634759632,HIGH_PRODUCTION,0,0,169.5738767948124
2024-03-12 15:00:00,RIG_ANOMALIES,15,12,1,81.07162743720572,110.53405422342098,95.0,0.939748298125933,53.1553643772325,85.4556442666257,98.91948137370896,HIGH_PRODUCTION,0,0,169.6201945345067
2024-03-12 16:00:00,RIG_ANOMALIES,16,12,1,74.13740102183893,90.16752316820015,87.36178209814217,0.8201040121951358,52.512971231663826,74.75249565381496,92.51889981921795,HIGH_PRODUCTION,0,0,169.666512274201
2024-03-12 17:00:00,RIG_ANOMALIES,17,12,1,66.06232333122918,84.17288284951985,83.73909655103766,0.8593500126385587,53.89885932745497,81.43277914164537,90.78097651524746,HIGH_PRODUCTION,0,0,169.7128300138953
2024-03-12 18:00:00,RIG_ANOMALIES,18,12,1,57.39669756529466,70.39996938336768,71.90652781583383,0.7606919892849432,48.74714810900627,69.89039645214794,70.11924084869221,HIGH_PRODUCTION,0,0,169.75914775358962
2024-03-12 19:00:00,RIG_ANOMALIES,19,12,1,48.73107179936014,76.61403923685461,71.7912560568744,0.8061012176502289,50.2738650193408,73.5261845252072,78.25885301568051,HIGH_PRODUCTION,0,0,169.80546549328392
2024-03-12 20:00:00,RIG_ANOMALIES,20,12,1,40.65599410875039,60.942230588408286,59.32430269876701,0.8408128830581163,42.09226418780453,71.78438403345201,63.46268305190602,HIGH_PRODUCTION,0,0,169.85178323297822
2024-03-12 21:00:00,RIG_ANOMALIES,21,12,1,38.26446504352977,58.15122125470827,62.880935118178265,0.8964025886108759,45.62929128745719,68.118300342126,67.73225001580465,HIGH_PRODUCTION,0,0,169.89810097267252
2024-03-12 22:00:00,RIG_ANOMALIES,22,12,1,38.26446504352977,63.74927436300982,60.064877163570934,0.8769818754494287,50.0336290796146,68.06241507292184,63.63420523847325,STANDBY,0,0,169.94441871236683
2024-03-12 23:00:00,RIG_ANOMALIES,23,12,1,38.26446504352977,57.772122444477084,59.97959234454172,0.7441649833265802,46.26407306246204,63.99300373481099,62.960945951914006,STANDBY,0,0,169.99073645206113
2024-03-13 00:00:00,RIG_ANOMALIES,0,13,2,36.872674070127886,63.319148778475274,61.54597247719022,0.8322259647086504,43.972816262914215,60.43586088099306,66.12626096809007,STANDBY,0,0,170.03705419175543
2024-03-13 01:00:00,RIG_ANOMALIES,1,13,2,36.872674070127886,53.065923031629154,55.4517500321936,0.7772661781375168,41.515300158189305,64.02101667611042,64.96994186623566,STANDBY,0,0,170.08337193144973
2024-03-13 02:00:00,RIG_ANOMALIES,2,13,2,36.872674070127886,55.01862393381377,51.700462081736916,0.7977727289842498,42.506251052743664,65.00489698315813,55.23815960692694,STANDBY,0,0,170.12968967114404
2024-03-13 03:00:00,RIG_ANOMALIES,3,13,2,36.872674070127886,56.27213897533107,57.209460507574754,0.7933190009972864,44.735076382572366,68.46437614900623,60.06946223213822,STANDBY,0,0,170.17600741083834
2024-03-13 04:00:00,RIG_ANOMALIES,4,13,2,39.17721619951087,66.8124317050697,67.20004237653859,0.8404574643406426,41.83369904808172,72.97279834839478,72.1599456932963,STANDBY,0,0,170.22232515053264
2024-03-13 05:00:00,RIG_ANOMALIES,5,13,2,46.958579598635716,71.29623616407385,69.78632404909158,0.900787583289084,43.652705762582734,66.4551911816997,75.20791763887298,STANDBY,0,0,170.26864289022694
2024-03-13 06:00:00,RIG_ANOMALIES,6,13,2,55.30901110519182,84.55852683537469,81.00810353984531,0.9467415195493578,49.960612313719295,72.03411578551035,88.40456664087432,HIGH_PRODUCTION,0,0,170.31496062992125
2024-03-13 07:00:00,RIG_ANOMALIES,7,13,2,63.65944261174793,82.2235783488235,80.95641994464091,0.9161334164772614,52.10373116518891,74.57328983306672,85.85130468045298,HIGH_PRODUCTION,0,0,170.36127836961555
2024-03-13 08:00:00,RIG_ANOMALIES,8,13,2,71.44080601087278,91.12205614406139,86.4688025662776,0.8652011027095372,53.68915010035345,70.7784848284985,86.18332910615548,HIGH_PRODUCTION,0,0,170.40759610930985
2024-03-13 09:00:00,RIG_ANOMALIES,9,13,2,78.12281424622702,94.33112784575269,90.4182266304201,0.9168618495110823,51.937487734393585,78.15962777944944,96.1647447715432,HIGH_PRODUCTION,0,0,170.45391384900415
2024-03-13 10:00:00,RIG_ANOMALIES,10,13,2,83.250099499112,102.61616248718894,95.0,0.8547029680412359,59.51778349211838,77.20273726603901,103.42051760227922,HIGH_PRODUCTION,0,0,170.50023158869845
2024-03-13 11:00:00,RIG_ANOMALIES,11,13,2,86.47324575278313,111.93044475210252,95.0,1.001222131096209,60.75588306743925,84.72457374821703,98.00171678818307,HIGH_PRODUCTION,0,0,170.54654932839276
2024-03-13 12:00:00,RIG_ANOMALIES,12,13,2,87.57260091655372,113.92873973723279,95.0,0.9314299527271495,55.28117402489315,86.6465702989262,99.30166301604014,HIGH_PRODUCTION,0,0,170.59286706808706
2024-03-13 13:00:00,RIG_ANOMALIES,13,13,2,86.47324575278313,106.08126261152307,95.0,0.930059000230194,54.9881161595197,83.73958212957895,101.12647612615488,HIGH_PRODUCTION,0,0,170.63918480778136
2024-03-13 14:00:00,RIG_ANOMALIES,14,13,2,83.25009949911201,109.62633889502173,95.0,0.912370408248599,59.16655694927019,83.10993640119412,100.71976893836684,HIGH_PRODUCTION,0,0,170.68550254747566
2024-03-13 15:00:00,RIG_ANOMALIES,15,13,2,78.12281424622702,109.48004910247826,95.0,1.0026571906908464,59.513039428826765,84.00729965252147,100.39863381311451,HIGH_PRODUCTION,0,0,170.73182028716997
2024-03-13 16:00:00,RIG_ANOMALIES,16,13,2,71.44080601087278,94.77207529733556,92.62725041977686,0.9886166887708033,54.49922727853782,81.89093762527654,96.9611321889416,HIGH_PRODUCTION,0,0,170.77813802686427
2024-03-13 17:00:00,RIG_ANOMALIES,17,13,2,63.65944261174793,78.37943658297641,76.71054470500121,0.8027951366767392,50.554295798579645,74.62027692944093,86.26962144038535,HIGH_PRODUCTION,0,0,170.82445576655857
2024-03-13 18:00:00,RIG_ANOMALIES,18,13,2,55.30901110519183,73.94172641579694,77.78330736272265,0.8381062713131877,50.89896115094546,76.47789254622492,82.13315655585245,HIGH_PRODUCTION,0,0,170.87077350625287
2024-03-13 19:00:00,RIG_ANOMALIES,19,13,2,46.958579598635716,71.63633182870925,73.63563871976531,0.8201942627633878,48.4746973865785,74.6095781716464,72.40399405324594,HIGH_PRODUCTION,0,0,170.91709124594718
2024-03-13 20:00:00,RIG_ANOMALIES,20,13,2,39.17721619951089,56.21284139527535,58.59205644536641,0.8134405420927815,45.38452333041195,72.14259986563603,63.840419357987564,HIGH_PRODUCTION,0,0,170.96340898564148
2024-03-13 21:00:00,RIG_ANOMALIES,21,13,2,36.872674070127886,54.62365665015606,57.33033284117143,0.8016224996461527,40.766756230355895,65.39819907620239,56.93976230873266,HIGH_PRODUCTION,0,0,171.00972672533578
2024-03-13 22:00:00,RIG_ANOMALIES,22,13,2,36.872674070127886,47.79868180024723,51.70949949529517,0.7526152062803391,44.23491760475412,64.27835549471897,56.20099571635389,STANDBY,0,0,171.0560444650301
2024-03-13 23:00:00,RIG_ANOMALIES,23,13,2,36.872674070127886,59.78690643667149,56.36892149086568,0.7668519529482712,43.535834540114784,69.68233538092848,64.24269725151936,STANDBY,0,0,171.10236220472441
2024-03-14 00:00:00,RIG_ANOMALIES,0,14,3,36.10028835127271,55.43692967079848,54.13946545966179,0.7311441682808555,44.20937484191017,64.05198571564573,61.4503268403971,STANDBY,0,0,171.14867994441872
2024-03-14 01:00:00,RIG_ANOMALIES,1,14,3,36.10028835127271,56.19204442434311,55.866776604796925,0.7541297213482627,44.74842505558875,70.9810566390025,56.46872252734171,STANDBY,0,0,171.19499768411302
2024-03-14 02:00:00,RIG_ANOMALIES,2,14,3,36.10028835127271,50.919379274350895,52.43872674861292,0.7846023148481556,40.70359780432542,61.45891039779613,53.80676574313897,STANDBY,0,0,171.24131542380732
2024-03-14 03:00:00,RIG_ANOMALIES,3,14,3,36.10028835127271,65.422774420216,64.15332996332238,0.9133615486688194,44.63776954733292,68.98826780434796,67.17861815671236,STANDBY,0,0,171.28763316350162
2024-03-14 04:00:00,RIG_ANOMALIES,4,14,3,38.35655637322725,61.51367999992759,63.11447144677466,0.7231958325879498,46.059785708130846,71.97603128091323,65.2539068938428,STANDBY,0,0,171.33395090319593
2024-03-14 05:00:00,RIG_ANOMALIES,5,14,3,45.97492063778226,68.59205823014749,68.9642376144248,0.8190688834581646,45.77743507759326,74.39336617412354,73.99643782021894,STANDBY,0,0,171.38026864289023
2024-03-14 06:00:00,RIG_ANOMALIES,6,14,3,54.15043252690906,82.30263337907743,77.81196407183147,0.8866654017934548,50.62472809700599,75.38159827055162,88.23869307442197,HIGH_PRODUCTION,0,0,171.42658638258453
2024-03-14 07:00:00,RIG_ANOMALIES,7,14,3,62.32594441603586,80.94440415202034,84.17173539368196,0.7899772126231999,50.784891730899524,77.62699140296957,89.73202318657157,HIGH_PRODUCTION,0,0,171.47290412227883
2024-03-14 08:00:00,RIG_ANOMALIES,8,14,3,69.94430868059086,94.66990208526443,92.58033262576144,0.9009683706078725,51.83799136786952,76.97750306353065,92.03550061409487,HIGH_PRODUCTION,0,0,171.51922186197314
2024-03-14 09:00:00,RIG_ANOMALIES,9,14,3,76.48634638588689,97.42323624725466,92.10995243172256,0.7969297083377935,55.8470052946919,72.87948660987689,95.3737103348164,HIGH_PRODUCTION,0,0,171.56553960166744
2024-03-14 10:00:00,RIG_ANOMALIES,10,14,3,81.50622847353647,103.17179516936936,95.0,0.9784124175207627,53.523405719705906,81.83424378008658,96.76238464209806,HIGH_PRODUCTION,0,0,171.61185734136174
2024-03-14 11:00:00,RIG_ANOMALIES,11,14,3,84.66185827501369,97.19990940104415,95.0,0.9418198420607768,53.1843334363377,76.56317123315387,99.76951128902468,HIGH_PRODUCTION,0,0,171.65817508105604
2024-03-14 12:00:00,RIG_ANOMALIES,12,14,3,85.73818483427267,109.90672845232159,95.0,1.0448928664250516,57.92851582093755,82.56176120748553,109.02298698556942,HIGH_PRODUCTION,0,0,171.70449282075035
2024-03-14 13:00:00,RIG_ANOMALIES,13,14,3,84.66185827501369,102.67477046017564,95.0,0.9052339597963571,55.13473501971509,80.85866689912422,102.98012640732142,HIGH_PRODUCTION,0,0,171.75081056044465
2024-03-14 14:00:00,RIG_ANOMALIES,14,14,3,81.50622847353648,104.14354424479444,95.0,0.8896252739369401,52.52970153164706,86.4039811569595,97.80725477034662,HIGH_PRODUCTION,0,0,171.79712830013895
2024-03-14 15:00:00,RIG_ANOMALIES,15,14,3,76.48634638588689,94.88296057739807,94.33260288095467,0.8945920919109301,53.34529705501746,82.64123006989392,96.24328040664214,HIGH_PRODUCTION,0,0,171.84344603983325
2024-03-14 16:00:00,RIG_ANOMALIES,16,14,3,69.94430868059086,94.62235707943631,90.09442467230002,0.8549960219084194,54.45799374532307,80.00758545979076,97.40182498891585,HIGH_PRODUCTION,0,0,171.88976377952756
2024-03-14 17:00:00,RIG_ANOMALIES,17,14,3,62.32594441603586,81.05197064823875,80.37177185160932,0.8502469157026671,50.1519210137127,76.44319294678935,82.7534498165812,HIGH_PRODUCTION,0,0,171.93608151922186
2024-03-14 18:00:00,RIG_ANOMALIES,18,14,3,54.150432526909064,81.58796617160309,76.83267084828631,0.9305083736546438,50.215495089715816,73.04570969266204,82.22624499725639,HIGH_PRODUCTION,0,0,171.98239925891616
2024-03-14 19:00:00,RIG_ANOMALIES,19,14,3,45.97492063778226,70.90134409717058,72.24031453876897,0.8065407160962256,47.59414972872779,68.61191391594778,79.05485060706852,HIGH_PRODUCTION,0,0,172.02871699861046
2024-03-14 20:00:00,RIG_ANOMALIES,20,14,3,38.356556373227264,61.669022205729355,61.652221738668175,0.8018303816625857,45.03404312195016,66.69063726992124,67.56989267317984,HIGH_PRODUCTION,0,0,172.07503473830477
2024-03-14 21:00:00,RIG_ANOMALIES,21,14,3,36.10028835127271,55.63080059881749,55.496985269313534,0.7387508303942835,45.0364570213218,69.07027067314681,62.218304594945536,HIGH_PRODUCTION,0,0,172.12135247799907
2024-03-14 22:00:00,RIG_ANOMALIES,22,14,3,36.10028835127271,64.8716659069633,60.72581819315749,0.8439084607260361,46.18234362954254,70.67400739065525,66.03468384742078,STANDBY,0,0,172.16767021769337
2024-03-14 23:00:00,RIG_ANOMALIES,23,14,3,36.10028835127271,48.871015205011915,48.967215754998705,0.7477270412963253,41.36517908488935,65.06172056678193,51.056639321842994,STANDBY,0,0,172.21398795738767
2024-03-15 00:00:00,RIG_ANOMALIES,0,15,4,36.10028835127271,66.89239308430317,79.31528656859747,1.4405583257903571,38.512103798030246,56.55256683572743,101.27208522279443,STANDBY,0,0,172.26030569708198
2024-03-15 01:00:00,RIG_ANOMALIES,1,15,4,36.10028835127271,73.94463966005645,90.90593305746663,1.6299218419649684,41.37182605369875,56.86520679673258,110.0,STANDBY,0,0,172.30662343677628
2024-03-15 02:00:00,RIG_ANOMALIES,2,15,4,36.10028835127271,86.05891392222587,79.12984161306221,1.457996855734088,48.44357402569413,58.49865549140701,104.54563817564542,STANDBY,0,0,172.3529411764706
2024-03-15 03:00:00,RIG_ANOMALIES,3,15,4,36.10028835127271,75.17480577064642,92.37972612641443,1.4138206918873157,49.48711126864623,68.57673273239803,110.0,STANDBY,0,0,172.3992589161649
2024-03-15 04:00:00,RIG_ANOMALIES,4,15,4,38.35655637322725,86.68358792960298,92.34771540772618,1.4354672837654494,45.025387167636424,52.87048301580518,106.76614893077355,STANDBY,0,0,172.4455766558592
2024-03-15 05:00:00,RIG_ANOMALIES,5,15,4,45.97492063778226,85.85254943535624,94.34920047429289,1.308584812296219,49.33587198820415,65.72623538593493,110.0,STANDBY,0,0,172.49189439555352
2024-03-15 06:00:00,RIG_ANOMALIES,6,15,4,54.15043252690906,88.82440016006252,95.0,1.1658692412943905,47.10108080163136,72.53521485806834,110.0,HIGH_PRODUCTION,0,0,172.53821213524782
2024-03-15 07:00:00,RIG_ANOMALIES,7,15,4,62.32594441603586,114.02901085528535,95.0,1.585460525239613,53.15613908667492,69.39148523911254,110.0,HIGH_PRODUCTION,0,0,172.58452987494212
2024-03-15 08:00:00,RIG_ANOMALIES,8,15,4,69.94430868059086,97.90224594329273,95.0,1.6450565619313222,48.78907018277443,69.38385820018121,110.0,HIGH_PRODUCTION,0,0,172.63084761463642
2024-03-15 09:00:00,RIG_ANOMALIES,9,15,4,76.48634638588689,125.6622912287513,95.0,1.642940983368518,52.59202999239047,72.26525180001738,110.0,HIGH_PRODUCTION,0,0,172.67716535433073
2024-03-15 10:00:00,RIG_ANOMALIES,10,15,4,81.50622847353647,118.69862547675541,95.0,1.5314837137077029,55.53863555947597,76.95003086724323,110.0,HIGH_PRODUCTION,0,0,172.72348309402503
2024-03-15 11:00:00,RIG_ANOMALIES,11,15,4,84.66185827501369,146.53857469857135,95.0,1.311907936909706,63.89865139829604,89.68724719524084,110.0,HIGH_PRODUCTION,0,0,172.76980083371933
2024-03-15 12:00:00,RIG_ANOMALIES,12,15,4,85.73818483427267,119.11396773244535,95.0,1.430891202513105,63.154324902291386,75.73041236486985,106.30914982783051,HIGH_PRODUCTION,0,0,172.81611857341363
2024-03-15 13:00:00,RIG_ANOMALIES,13,15,4,84.66185827501369,120.8437851535169,95.0,1.6688803813401103,56.85824491772413,72.75397434107963,110.0,HIGH_PRODUCTION,0,0,172.86243631310793
2024-03-15 14:00:00,RIG_ANOMALIES,14,15,4,81.50622847353648,137.33801127163616,95.0,1.4870237832399755,66.30111942710839,86.13095485067703,110.0,HIGH_PRODUCTION,0,0,172.90875405280224
2024-03-15 15:00:00,RIG_ANOMALIES,15,15,4,76.48634638588689,111.48360971279996,95.0,1.5199251809084096,54.0142085289498,78.88192728384499,110.0,HIGH_PRODUCTION,0,0,172.95507179249654
2024-03-15 16:00:00,RIG_ANOMALIES,16,15,4,69.94430868059086,110.94827969973227,95.0,1.3044306122832554,50.946419080021016,83.72795023957956,110.0,HIGH_PRODUCTION,0,0,173.00138953219084
2024-03-15 17:00:00,RIG_ANOMALIES,17,15,4,62.32594441603586,123.51894944748578,95.0,1.511813017181865,55.384054184172236,79.24961819800427,110.0,HIGH_PRODUCTION,0,0,173.04770727188514
2024-03-15 18:00:00,RIG_ANOMALIES,18,15,4,54.150432526909064,109.08471923187054,95.0,1.6505247867138282,50.43995766694894,65.37197790789966,110.0,HIGH_PRODUCTION,0,0,173.09402501157945
2024-03-15 19:00:00,RIG_ANOMALIES,19,15,4,45.97492063778226,89.58588926524027,92.54910169254008,1.6303126626986564,46.86198634184693,55.29537123180525,110.0,HIGH_PRODUCTION,0,0,173.14034275127375
2024-03-15 20:00:00,RIG_ANOMALIES,20,15,4,38.356556373227264,78.17947205052282,90.08296258239372,1.1613855062216185,43.928933058462036,53.03116462981077,100.19632658094551,HIGH_PRODUCTION,0,0,173.18666049096805
2024-03-15 21:00:00,RIG_ANOMALIES,21,15,4,36.10028835127271,92.47025371332978,95.0,1.5283234742418665,43.64333246349053,63.03691631651242,102.80468328906728,HIGH_PRODUCTION,0,0,173.23297823066235
2024-03-15 22:00:00,RIG_ANOMALIES,22,15,4,36.10028835127271,95.8905294090165,94.44187442346623,1.747356034889259,48.62527256708763,67.3773831413379,110.0,STANDBY,0,0,173.27929597035666
2024-03-15 23:00:00,RIG_ANOMALIES,23,15,4,36.10028835127271,63.325972663414746,82.5872212215688,1.0564125403239721,36.672811858982996,59.67370685704744,110.0,STANDBY,0,0,173.32561371005096
2024-03-16 00:00:00,RIG_ANOMALIES,0,16,5,36.872674070127886,80.05000881045414,90.3679771323187,1.1602953079682785,40.413963205435266,64.78210589715789,110.0,STANDBY,0,0,173.37193144974526
2024-03-16 01:00:00,RIG_ANOMALIES,1,16,5,36.872674070127886,70.36110662886321,79.36170630287991,1.385311066082441,40.0907269802491,61.17941951115512,94.5651574201714,STANDBY,0,0,173.41824918943956
2024-03-16 02:00:00,RIG_ANOMALIES,2,16,5,36.872674070127886,90.01745004018139,86.00073734446626,1.6530291114908944,46.80262725133267,69.65238118709823,110.0,STANDBY,0,0,173.46456692913387
2024-03-16 03:00:00,RIG_ANOMALIES,3,16,5,36.872674070127886,81.76322970303546,80.26746840776721,1.5218471031801175,49.52696529784111,64.80503047189492,101.86337696021255,STANDBY,0,0,173.51088466882817
2024-03-16 04:00:00,RIG_ANOMALIES,4,16,5,39.17721619951087,80.17382620839238,92.82749930525263,1.300640208562994,51.13596713535253,65.10722366916175,110.0,STANDBY,0,0,173.55720240852247
2024-03-16 05:00:00,RIG_ANOMALIES,5,16,5,46.958579598635716,93.41929680756968,95.0,1.4139608564246282,48.63885781372284,71.17533414522437,110.0,STANDBY,0,0,173.60352014821677
2024-03-16 06:00:00,RIG_ANOMALIES,6,16,5,55.30901110519182,105.97542905283404,95.0,1.4924459992958066,56.10710289475214,73.12718299990223,97.73208502274396,HIGH_PRODUCTION,0,0,173.64983788791108
2024-03-16 07:00:00,RIG_ANOMALIES,7,16,5,63.65944261174793,99.81972997250303,95.0,1.2321536478722943,44.802788241408834,66.57831362901119,110.0,HIGH_PRODUCTION,0,0,173.69615562760538
2024-03-16 08:00:00,RIG_ANOMALIES,8,16,5,71.44080601087278,131.2198484542181,95.0,1.7488197318930367,67.1222520968796,78.8378620149825,110.0,HIGH_PRODUCTION,0,0,173.74247336729968
2024-03-16 09:00:00,RIG_ANOMALIES,9,16,5,78.12281424622702,114.23848019651138,95.0,1.6507660226723733,59.025310953616824,76.87972355460343,110.0,HIGH_PRODUCTION,0,0,173.78879110699398
2024-03-16 10:00:00,RIG_ANOMALIES,10,16,5,83.250099499112,147.93430812145425,95.0,1.8933969820469028,55.91070148905639,78.17601962375065,110.0,HIGH_PRODUCTION,0,0,173.83510884668829
2024-03-16 11:00:00,RIG_ANOMALIES,11,16,5,86.47324575278313,111.67861538200916,95.0,1.7462327837384641,56.121960448861905,69.72970671870786,110.0,HIGH_PRODUCTION,0,0,173.8814265863826
2024-03-16 12:00:00,RIG_ANOMALIES,12,16,5,87.57260091655372,135.32584730542402,95.0,1.6725146922241443,55.62263805704768,89.09658092263437,109.16206677255471,HIGH_PRODUCTION,0,0,173.9277443260769
2024-03-16 13:00:00,RIG_ANOMALIES,13,16,5,86.47324575278313,119.23453950586764,95.0,1.3809728624709123,56.882100942192054,74.05900936969259,105.52333848239428,HIGH_PRODUCTION,0,0,173.9740620657712
2024-03-16 14:00:00,RIG_ANOMALIES,14,16,5,83.25009949911201,115.71155586099354,95.0,1.741937200136277,56.68234256331505,66.89188707539572,110.0,HIGH_PRODUCTION,0,0,174.0203798054655
2024-03-16 15:00:00,RIG_ANOMALIES,15,16,5,78.12281424622702,113.94418139003758,95.0,1.5608824925010074,52.14445185558593,67.11981731577272,110.0,HIGH_PRODUCTION,0,0,174.0666975451598
2024-03-16 16:00:00,RIG_ANOMALIES,16,16,5,71.44080601087278,126.87254727519922,95.0,1.303431840923587,59.63084933705397,75.1984120342082,110.0,HIGH_PRODUCTION,0,0,174.1130152848541
2024-03-16 17:00:00,RIG_ANOMALIES,17,16,5,63.65944261174793,128.51010094806003,95.0,1.247825152729007,58.07341779752306,68.49488136955338,110.0,HIGH_PRODUCTION,0,0,174.1593330245484
2024-03-16 18:00:00,RIG_ANOMALIES,18,16,5,55.30901110519183,98.93890814790562,95.0,1.4486853947447742,51.96068584360081,68.47086693518544,110.0,HIGH_PRODUCTION,0,0,174.2056507642427
2024-03-16 19:00:00,RIG_ANOMALIES,19,16,5,46.958579598635716,90.73286844122188,89.99650983392564,1.3376862181077829,45.4344617833992,81.02047584657765,108.91178484413408,HIGH_PRODUCTION,0,0,174.251968503937
2024-03-16 20:00:00,RIG_ANOMALIES,20,16,5,39.17721619951089,80.26874016529365,88.03495051513147,1.182789103908957,45.6897214817993,59.68965676547457,110.0,HIGH_PRODUCTION,0,0,174.2982862436313
2024-03-16 21:00:00,RIG_ANOMALIES,21,16,5,36.872674070127886,81.21338214477099,94.95962471728345,1.1730008137038794,43.22249302433667,58.99431858526144,110.0,HIGH_PRODUCTION,0,0,174.3446039833256
2024-03-16 22:00:00,RIG_ANOMALIES,22,16,5,36.872674070127886,79.29032595939428,91.80225273454195,1.331473298120297,43.41812352113851,67.10629046007982,110.0,STANDBY,0,0,174.39092172301991
2024-03-16 23:00:00,RIG_ANOMALIES,23,16,5,36.872674070127886,77.31545997308892,90.70143331784477,1.4578920067791774,48.320097236130174,63.951553610459094,110.0,STANDBY,0,0,174.43723946271422
2024-03-17 00:00:00,RIG_ANOMALIES,0,17,6,38.26446504352977,72.29377278213828,89.54789547810987,1.2590122844227771,50.568790773949175,63.279179527097426,110.0,STANDBY,0,0,174.48355720240852
2024-03-17 01:00:00,RIG_ANOMALIES,1,17,6,38.26446504352977,85.31810882517325,91.80685950893357,1.4038715354751754,47.3228710704758,64.81495204232742,110.0,STANDBY,0,0,174.52987494210282
2024-03-17 02:00:00,RIG_ANOMALIES,2,17,6,38.26446504352977,78.97774520951855,88.0363738175364,1.2539361944710508,45.01428096224392,57.77497654111341,98.70247709020919,STANDBY,0,0,174.57619268179712
2024-03-17 03:00:00,RIG_ANOMALIES,3,17,6,38.26446504352977,99.85584124999205,95.0,1.2696653233929966,50.62305504658964,70.27562418931187,110.0,STANDBY,0,0,174.62251042149143
2024-03-17 04:00:00,RIG_ANOMALIES,4,17,6,40.65599410875038,75.38863647963134,78.11166575472237,1.5533913679683324,45.441288228675134,64.67982048128117,105.487918951915,STANDBY,0,0,174.66882816118573
2024-03-17 05:00:00,RIG_ANOMALIES,5,17,6,48.73107179936013,79.52344526073125,90.14302303253731,1.3902276176652832,46.038241308027914,62.989956392822634,110.0,STANDBY,0,0,174.71514590088003
2024-03-17 06:00:00,RIG_ANOMALIES,6,17,6,57.396697565294645,98.32308139649697,94.04720552790505,1.5408155784059936,56.57000900108945,70.5007760014676,110.0,HIGH_PRODUCTION,0,0,174.76146364057433
2024-03-17 07:00:00,RIG_ANOMALIES,7,17,6,66.06232333122917,126.33948343115713,95.0,1.378743323704617,60.072098848975074,85.60873053340917,110.0,HIGH_PRODUCTION,0,0,174.80778138026864
2024-03-17 08:00:00,RIG_ANOMALIES,8,17,6,74.13740102183893,115.23940462713628,95.0,1.1852355466445792,56.3017283596069,71.5595120310807,110.0,HIGH_PRODUCTION,0,0,174.85409911996294
2024-03-17 09:00:00,RIG_ANOMALIES,9,17,6,81.0716274372057,133.48742272566082,95.0,1.349649639304559,50.76854968883833,80.0905997058362,110.0,HIGH_PRODUCTION,0,0,174.90041685965724
2024-03-17 10:00:00,RIG_ANOMALIES,10,17,6,86.39244650647323,148.29593761622434,95.0,1.6684259874473746,59.84663965198841,90.353872422041,98.55305601427645,HIGH_PRODUCTION,0,0,174.94673459935154
2024-03-17 11:00:00,RIG_ANOMALIES,11,17,6,89.73725320314023,136.96095105535926,95.0,1.3037571045057401,59.57249285520871,90.64860611225956,104.11698051043919,HIGH_PRODUCTION,0,0,174.99305233904585
2024-03-17 12:00:00,RIG_ANOMALIES,12,17,6,90.8781044783832,133.47841590560162,95.0,1.7181065697764422,62.26541160798333,75.33290950987376,110.0,HIGH_PRODUCTION,0,0,175.03937007874015
2024-03-17 13:00:00,RIG_ANOMALIES,13,17,6,89.73725320314023,132.83492609580082,95.0,1.4643229595608624,61.088305359041215,83.27816893643721,106.41301469907903,HIGH_PRODUCTION,0,0,175.08568781843445
2024-03-17 14:00:00,RIG_ANOMALIES,14,17,6,86.39244650647325,124.42078294746395,95.0,1.8540426912630907,53.29389790879857,75.88755927977971,110.0,HIGH_PRODUCTION,0,0,175.13200555812875
2024-03-17 15:00:00,RIG_ANOMALIES,15,17,6,81.0716274372057,127.63762328003591,95.0,1.3702572754090245,55.24289482424233,83.63673394207798,110.0,HIGH_PRODUCTION,0,0,175.17832329782306
2024-03-17 16:00:00,RIG_ANOMALIES,16,17,6,74.13740102183893,134.96671564523223,95.0,1.6231740280916434,58.06543544959643,80.80899476783995,110.0,HIGH_PRODUCTION,0,0,175.22464103751736
2024-03-17 17:00:00,RIG_ANOMALIES,17,17,6,66.06232333122917,100.44236302278922,95.0,1.6457040333467114,51.071286153049115,59.202299426349924,108.7242208791955,HIGH_PRODUCTION,0,0,175.27095877721166
2024-03-17 18:00:00,RIG_ANOMALIES,18,17,6,57.39669756529465,98.77505347652405,95.0,1.4939364649474485,56.61858868204326,69.43672856725517,110.0,HIGH_PRODUCTION,0,0,175.31727651690596
2024-03-17 19:00:00,RIG_ANOMALIES,19,17,6,48.73107179936013,81.86854742022076,89.4870989830998,1.89159622374331,45.15624001494959,60.10874141864726,110.0,HIGH_PRODUCTION,0,0,175.36359425660027
2024-03-17 20:00:00,RIG_ANOMALIES,20,17,6,40.65599410875039,76.74159970102407,84.82813700981612,1.1810824067347587,48.774453972625956,56.830240100572915,110.0,HIGH_PRODUCTION,0,0,175.40991199629457
2024-03-17 21:00:00,RIG_ANOMALIES,21,17,6,38.26446504352977,79.7605788425878,86.71187543664864,1.4488965139949719,50.0138217249276,71.35251260931467,110.0,HIGH_PRODUCTION,0,0,175.45622973598887
2024-03-17 22:00:00,RIG_ANOMALIES,22,17,6,38.26446504352977,87.25624074557248,89.88867489664214,1.6631515159854133,47.27057019773825,75.53706313202483,107.9883585710503,STANDBY,0,0,175.50254747568317
2024-03-17 23:00:00,RIG_ANOMALIES,23,17,6,38.26446504352977,69.57804970372584,76.25670514487857,1.3669776322736245,44.35612473562695,56.92737365616936,94.33053155826946,STANDBY,0,0,175.54886521537748
2024-03-18 00:00:00,RIG_ANOMALIES,0,18,0,40.0,93.05061713486073,88.42822065304144,1.513319033624707,50.86821897690329,64.63525972829356,110.0,STANDBY,0,0,175.59518295507178
2024-03-18 01:00:00,RIG_ANOMALIES,1,18,0,40.0,76.65410644768203,83.86878980216677,1.6029561844393543,44.09290109550937,65.38027862442708,101.67927630154159,STANDBY,0,0,175.64150069476608
2024-03-18 02:00:00,RIG_ANOMALIES,2,18,0,40.0,84.0165343790867,81.64499079235549,1.111336186498286,47.558535429499585,77.26403732836762,106.26005415875186,STANDBY,0,0,175.68781843446038
2024-03-18 03:00:00,RIG_ANOMALIES,3,18,0,40.0,72.90479690082343,83.2426189040757,1.558487380589407,40.244447494654125,68.39670319128547,110.0,STANDBY,0,0,175.73413617415468
2024-03-18 04:00:00,RIG_ANOMALIES,4,18,0,42.5,97.40034930284469,95.0,1.4874923211376228,51.07737713651916,64.31084450044884,110.0,STANDBY,0,0,175.780453913849
2024-03-18 05:00:00,RIG_ANOMALIES,5,18,0,50.94133342141177,86.40682074297759,92.22320449891912,1.3088152348809117,42.975135409200774,61.89611443966927,106.30963112634444,STANDBY,0,0,175.8267716535433
2024-03-18 06:00:00,RIG_ANOMALIES,6,18,0,60.0,99.04270745489528,95.0,1.3639192357419594,49.27144914195219,70.53722150960044,108.63529013508048,HIGH_PRODUCTION,0,0,175.8730893932376
2024-03-18 07:00:00,RIG_ANOMALIES,7,18,0,69.05866657858823,91.1640471824525,95.0,1.3380284024511309,48.721353366100765,62.36423526514456,110.0,HIGH_PRODUCTION,0,0,175.9194071329319
2024-03-18 08:00:00,RIG_ANOMALIES,8,18,0,77.5,106.83237819013456,95.0,1.2953675689605162,53.58972195805278,74.43781578608841,110.0,HIGH_PRODUCTION,0,0,175.9657248726262
2024-03-18 09:00:00,RIG_ANOMALIES,9,18,0,84.74873734152916,115.28360079157746,95.0,1.4972892173690764,50.017162544114115,65.88016669026325,110.0,HIGH_PRODUCTION,0,0,176.0120426123205
2024-03-18 10:00:00,RIG_ANOMALIES,10,18,0,90.31088913245534,146.76039231154286,95.0,1.6696807541014513,59.13623556578377,74.03600586621272,110.0,HIGH_PRODUCTION,0,0,176.0583603520148
2024-03-18 11:00:00,RIG_ANOMALIES,11,18,0,93.8074039201174,150.0,95.0,1.7842361368840909,63.19458014260065,79.8100673288215,105.02287765034414,HIGH_PRODUCTION,0,0,176.1046780917091
2024-03-18 12:00:00,RIG_ANOMALIES,12,18,0,95.0,143.7971401897816,95.0,1.6229378379762103,59.52429545448169,93.99458382435672,110.0,HIGH_PRODUCTION,0,0,176.1509958314034
2024-03-18 13:00:00,RIG_ANOMALIES,13,18,0,93.8074039201174,124.69202560608676,95.0,1.5781213177238187,56.363438281122214,75.09045056083217,110.0,HIGH_PRODUCTION,0,0,176.1973135710977
2024-03-18 14:00:00,RIG_ANOMALIES,14,18,0,90.31088913245536,134.32988826461286,95.0,1.5989143079084376,56.608112799533636,75.29472349686256,110.0,HIGH_PRODUCTION,0,0,176.243631310792
2024-03-18 15:00:00,RIG_ANOMALIES,15,18,0,84.74873734152916,120.39129152260543,95.0,1.6160425440103543,53.150125497494145,72.64537941425927,110.0,HIGH_PRODUCTION,0,0,176.2899490504863
2024-03-18 16:00:00,RIG_ANOMALIES,16,18,0,77.5,117.13372525492582,95.0,1.3151126546526988,56.5104094611647,65.46405110545643,110.0,HIGH_PRODUCTION,0,0,176.33626679018064
2024-03-18 17:00:00,RIG_ANOMALIES,17,18,0,69.05866657858823,119.5424882735787,95.0,1.3302031243744872,53.67887976727397,71.22112058993838,110.0,HIGH_PRODUCTION,0,0,176.38258452987495
2024-03-18 18:00:00,RIG_ANOMALIES,18,18,0,60.00000000000001,107.64275429617349,95.0,1.6166971028459671,55.75018176062377,74.96573604532621,110.0,HIGH_PRODUCTION,0,0,176.42890226956925
2024-03-18 19:00:00,RIG_ANOMALIES,19,18,0,50.94133342141177,101.85610021643413,95.0,1.2600213785507097,52.49742965908653,64.4214110140698,110.0,HIGH_PRODUCTION,0,0,176.47522000926355
2024-03-18 20:00:00,RIG_ANOMALIES,20,18,0,42.500000000000014,70.68318124145686,77.2609399063549,1.3619598965453412,46.58865897409741,57.83163496665368,107.37386574518088,HIGH_PRODUCTION,0,0,176.52153774895785
2024-03-18 21:00:00,RIG_ANOMALIES,21,18,0,40.0,90.8285296190594,95.0,1.4091852668126248,49.33711879727722,60.70901998866372,110.0,HIGH_PRODUCTION,0,0,176.56785548865216
2024-03-18 22:00:00,RIG_ANOMALIES,22,18,0,40.0,75.30742255621621,76.4716395309328,1.0616206400900312,46.9936437067723,57.27844086813555,89.4492843761796,STANDBY,0,0,176.61417322834646
2024-03-18 23:00:00,RIG_ANOMALIES,23,18,0,40.0,78.53211393851683,82.49294371892162,1.4368951585275194,39.39639751367758,71.78912197596523,110.0,STANDBY,0,0,176.66049096804076
2024-03-19 00:00:00,RIG_ANOMALIES,0,19,1,38.26446504352977,65.15447708043811,63.23996005728581,0.8602612956010356,48.04466336382546,68.25565321599956,63.212881930537925,STANDBY,0,0,176.70680870773506
2024-03-19 01:00:00,RIG_ANOMALIES,1,19,1,38.26446504352977,58.45303834750184,57.96701760199674,0.8003567200809909,45.14276254660663,67.84707446401049,63.30499514130423,STANDBY,0,0,176.75312644742937
2024-03-19 02:00:00,RIG_ANOMALIES,2,19,1,38.26446504352977,58.56970463347125,58.025308253427234,0.8851957511812063,45.58822899658451,72.89054839953589,65.85155767285671,STANDBY,0,0,176.79944418712367
2024-03-19 03:00:00,RIG_ANOMALIES,3,19,1,38.26446504352977,59.82171954913804,59.573773521643744,0.8644752722364153,45.67869047284342,69.34170878917476,63.86579090769638,STANDBY,0,0,176.84576192681797
2024-03-19 04:00:00,RIG_ANOMALIES,4,19,1,40.65599410875038,68.70645924921887,63.8061661924707,0.8627222122614476,53.394465794007594,72.33687574329868,66.07847451965876,STANDBY,0,0,176.89207966651227
2024-03-19 05:00:00,RIG_ANOMALIES,5,19,1,48.73107179936014,81.72437699757842,74.70619858106943,0.9489633616853367,51.654390275182635,72.72222655507713,77.84780219887149,STANDBY,0,0,176.93839740620658
2024-03-19 06:00:00,RIG_ANOMALIES,6,19,1,57.39669756529465,79.95607771166873,77.87618471680548,0.8274753706940301,49.474107046618386,75.66479444065742,83.28933755700261,HIGH_PRODUCTION,0,0,176.98471514590088
2024-03-19 07:00:00,RIG_ANOMALIES,7,19,1,66.06232333122918,98.73177103778889,93.38050869376346,0.8702804946391343,50.62262693371729,82.06187724611371,102.89843784242004,HIGH_PRODUCTION,0,0,177.03103288559518
2024-03-19 08:00:00,RIG_ANOMALIES,8,19,1,74.13740102183893,88.4829823149212,87.61193833572406,0.9073328665368189,50.5540440838288,77.4848724550915,93.00297504658741,HIGH_PRODUCTION,0,0,177.07735062528948
2024-03-19 09:00:00,RIG_ANOMALIES,9,19,1,81.07162743720572,100.05159246501073,95.0,1.0052168886490054,58.94202928638956,77.12254938950919,99.7193999499637,HIGH_PRODUCTION,0,0,177.12366836498379
2024-03-19 10:00:00,RIG_ANOMALIES,10,19,1,86.39244650647325,106.69158944644299,95.0,1.0046918419107704,60.09911519716109,80.65288717690919,100.01086755315188,HIGH_PRODUCTION,0,0,177.1699861046781
2024-03-19 11:00:00,RIG_ANOMALIES,11,19,1,89.73725320314024,117.81770413208746,95.0,0.9552614185722607,59.99791108789089,84.69182830474955,101.85113480204726,HIGH_PRODUCTION,0,0,177.2163038443724
2024-03-19 12:00:00,RIG_ANOMALIES,12,19,1,90.87810447838321,117.43641586354256,95.0,0.9309983856392164,53.52283810738253,87.9238874820188,102.21317411584639,HIGH_PRODUCTION,0,0,177.2626215840667
2024-03-19 13:00:00,RIG_ANOMALIES,13,19,1,89.73725320314024,115.72843924646578,95.0,1.0266524383402007,60.80601851998907,84.80176170883895,100.63044435907038,HIGH_PRODUCTION,0,0,177.308939323761
2024-03-19 14:00:00,RIG_ANOMALIES,14,19,1,86.39244650647326,102.44173535213157,95.0,0.97858385783854,55.059171023053445,82.26238453122892,101.41258979750143,HIGH_PRODUCTION,0,0,177.3552570634553
2024-03-19 15:00:00,RIG_ANOMALIES,15,19,1,81.07162743720572,95.95245578091226,94.78064322620966,0.9077142945053943,54.675310064965785,74.73017486432362,98.33882989506883,HIGH_PRODUCTION,0,0,177.4015748031496
2024-03-19 16:00:00,RIG_ANOMALIES,16,19,1,74.13740102183893,94.87097501137823,88.26073585402501,0.9637966485795376,57.745478071057526,81.05590702649594,94.00423524468933,HIGH_PRODUCTION,0,0,177.4478925428439
2024-03-19 17:00:00,RIG_ANOMALIES,17,19,1,66.06232333122918,83.44888594740588,83.96230290639225,0.8578215436230942,53.93556772160315,75.7640109423035,91.39508390206697,HIGH_PRODUCTION,0,0,177.4942102825382
2024-03-19 18:00:00,RIG_ANOMALIES,18,19,1,57.39669756529466,84.3718185494915,82.76400995866484,0.8997547846919227,47.80893291340802,71.33988195940383,92.33727407796586,HIGH_PRODUCTION,0,0,177.5405280222325
2024-03-19 19:00:00,RIG_ANOMALIES,19,19,1,48.73107179936014,68.76479807948385,69.48846618565521,0.8468472896479147,47.07037187914257,71.09965724647273,76.84527911391386,HIGH_PRODUCTION,0,0,177.5868457619268
2024-03-19 20:00:00,RIG_ANOMALIES,20,19,1,40.65599410875039,68.90588023482181,66.98542312040169,0.8095782385158323,45.29727691672966,70.75277479720636,67.00402056429269,HIGH_PRODUCTION,0,0,177.63316350162114
2024-03-19 21:00:00,RIG_ANOMALIES,21,19,1,38.26446504352977,59.33456494113983,58.845150169943444,0.7283803970602022,47.299014848712616,66.23446555204792,62.308531380255985,HIGH_PRODUCTION,0,0,177.67948124131544
2024-03-19 22:00:00,RIG_ANOMALIES,22,19,1,38.26446504352977,60.019420350116526,62.639419980434575,0.7714766377156674,42.00135744991901,63.09653376067805,67.23579588799063,STANDBY,0,0,177.72579898100975
2024-03-19 23:00:00,RIG_ANOMALIES,23,19,1,38.26446504352977,55.079092655776414,55.771395110856844,0.8222968953686832,41.50963834822722,63.89882315758243,64.71850475222884,STANDBY,0,0,177.77211672070405
2024-03-20 00:00:00,RIG_ANOMALIES,0,20,2,36.872674070127886,51.51861366607811,54.3853008911732,0.9045158130224737,45.7201438253953,68.86348786683331,61.23317950892512,STANDBY,0,0,177.81843446039835
2024-03-20 01:00:00,RIG_ANOMALIES,1,20,2,36.872674070127886,65.97666156631406,60.678991869972,0.8554977099681195,43.62744242190215,73.86311534907114,66.04711765722519,STANDBY,0,0,177.86475220009265
2024-03-20 02:00:00,RIG_ANOMALIES,2,20,2,36.872674070127886,57.635456302053086,56.1870531055456,0.7916656998572353,43.542433931409946,65.91985384723017,60.532612273585194,STANDBY,0,0,177.91106993978696
2024-03-20 03:00:00,RIG_ANOMALIES,3,20,2,36.872674070127886,59.847829981955144,60.77720387417844,0.8917646734555957,45.6338644347851,67.33405724275518,69.04690265134957,STANDBY,0,0,177.95738767948126
2024-03-20 04:00:00,RIG_ANOMALIES,4,20,2,39.17721619951087,62.91096340532317,66.32836920257353,0.9018357381277394,44.221615044852676,66.45924258126963,74.77629082274998,STANDBY,0,0,178.00370541917556
2024-03-20 05:00:00,RIG_ANOMALIES,5,20,2,46.958579598635716,68.9509123737331,71.45168982141274,0.8555795540650875,50.51250673036636,68.87046610088856,81.33215173095951,STANDBY,0,0,178.05002315886986
2024-03-20 06:00:00,RIG_ANOMALIES,6,20,2,55.30901110519182,71.10250964507155,74.55429481631109,0.8581747945344729,49.30431757526533,71.23426342264277,84.31078894101216,HIGH_PRODUCTION,0,0,178.09634089856416
2024-03-20 07:00:00,RIG_ANOMALIES,7,20,2,63.65944261174793,84.00741078439704,85.62469332439431,0.9456694933618197,50.598395492056355,77.4868352643267,93.08159026414606,HIGH_PRODUCTION,0,0,178.14265863825847
2024-03-20 08:00:00,RIG_ANOMALIES,8,20,2,71.44080601087278,100.19468029742028,93.02177210513295,0.942018638158042,53.37254605261668,78.64859710661044,94.44418873334659,HIGH_PRODUCTION,0,0,178.18897637795277
2024-03-20 09:00:00,RIG_ANOMALIES,9,20,2,78.12281424622702,98.6806020227408,95.0,0.9123805574285454,57.04577975816556,83.8208481202431,97.66273341620966,HIGH_PRODUCTION,0,0,178.23529411764707
2024-03-20 10:00:00,RIG_ANOMALIES,10,20,2,83.250099499112,105.01385311605128,95.0,0.9723913802938788,55.41507818549059,84.02550924106602,105.43203837618256,HIGH_PRODUCTION,0,0,178.28161185734137
2024-03-20 11:00:00,RIG_ANOMALIES,11,20,2,86.47324575278313,106.58294901984047,95.0,0.9761746300580558,58.471557571758815,82.8821790774802,94.10778302697354,HIGH_PRODUCTION,0,0,178.32792959703568
2024-03-20 12:00:00,RIG_ANOMALIES,12,20,2,87.57260091655372,104.13514973141147,95.0,0.9029834444539196,59.21068534876878,88.13841271150667,101.51282398341412,HIGH_PRODUCTION,0,0,178.37424733672998
2024-03-20 13:00:00,RIG_ANOMALIES,13,20,2,86.47324575278313,113.84912037537329,95.0,1.0108458427076088,60.868910514704034,82.7234859111111,101.45026606677804,HIGH_PRODUCTION,0,0,178.42056507642428
2024-03-20 14:00:00,RIG_ANOMALIES,14,20,2,83.25009949911201,115.13240440982848,95.0,1.000504792024018,61.81883023236674,81.81620119406774,103.22473780042431,HIGH_PRODUCTION,0,0,178.46688281611858
2024-03-20 15:00:00,RIG_ANOMALIES,15,20,2,78.12281424622702,98.03101287534997,94.19081201113146,0.9513010545334403,55.26610930466153,81.01027136837918,101.44488524724922,HIGH_PRODUCTION,0,0,178.5132005558129
2024-03-20 16:00:00,RIG_ANOMALIES,16,20,2,71.44080601087278,103.05993372942656,95.0,0.9587199553354387,55.178692170232885,79.76904646679633,97.21574912363003,HIGH_PRODUCTION,0,0,178.5595182955072
2024-03-20 17:00:00,RIG_ANOMALIES,17,20,2,63.65944261174793,86.58519836856131,83.19930164826604,0.8869566028765292,54.376908023019645,74.12050262921555,85.23275565232694,HIGH_PRODUCTION,0,0,178.6058360352015
2024-03-20 18:00:00,RIG_ANOMALIES,18,20,2,55.30901110519183,78.49692366785214,77.87368828324459,0.9104502089572128,47.35947700831117,71.48948723010628,81.85534925718888,HIGH_PRODUCTION,0,0,178.6521537748958
2024-03-20 19:00:00,RIG_ANOMALIES,19,20,2,46.958579598635716,62.7074599457755,64.38105648055895,0.8603438959453181,43.39179789200465,68.75295150480675,66.89391820865173,HIGH_PRODUCTION,0,0,178.6984715145901
2024-03-20 20:00:00,RIG_ANOMALIES,20,20,2,39.17721619951089,65.30003392076269,65.42680915340678,0.9042768738966558,42.48669473857608,66.69994971309475,73.56567548586912,HIGH_PRODUCTION,0,0,178.7447892542844
2024-03-20 21:00:00,RIG_ANOMALIES,21,20,2,36.872674070127886,65.25046349895256,65.34521657625277,0.9604504190603149,46.90714676439919,68.25642855318164,66.42731811992986,HIGH_PRODUCTION,0,0,178.7911069939787
2024-03-20 22:00:00,RIG_ANOMALIES,22,20,2,36.872674070127886,50.95239590334384,54.147492053543466,0.7804259220504148,46.0478097801906,62.76608741846547,63.51396473661047,STANDBY,0,0,178.837424733673
2024-03-20 23:00:00,RIG_ANOMALIES,23,20,2,36.872674070127886,59.58311454128872,57.35517389881945,0.8026526647848352,45.42351821870133,65.40219918038864,58.31396060527416,STANDBY,0,0,178.8837424733673
2024-03-21 00:00:00,RIG_ANOMALIES,0,21,3,36.10028835127271,57.33407690754826,55.52679478295881,0.8749376386172933,44.299025000588756,63.0227325853143,64.74399312936879,STANDBY,0,0,178.9300602130616
2024-03-21 01:00:00,RIG_ANOMALIES,1,21,3,36.10028835127271,52.75767596487238,54.478337368635785,0.9024226109084919,41.665550151767164,66.3670204358251,59.803200572703304,STANDBY,0,0,178.9763779527559
2024-03-21 02:00:00,RIG_ANOMALIES,2,21,3,36.10028835127271,63.597398584096275,59.240609789284285,0.8711384578462642,47.274581329872916,69.99293339617262,64.4333257578266,STANDBY,0,0,179.0226956924502
2024-03-21 03:00:00,RIG_ANOMALIES,3,21,3,36.10028835127271,58.32701378079856,58.454063920525584,0.8814720305222219,45.11474530429938,66.73885952096731,70.78897846650881,STANDBY,0,0,179.06901343214452
2024-03-21 04:00:00,RIG_ANOMALIES,4,21,3,38.35655637322725,60.39714917070128,61.26079309769976,0.8058844903009802,46.17335229419513,64.98990965454306,67.64380694491403,STANDBY,0,0,179.11533117183882
2024-03-21 05:00:00,RIG_ANOMALIES,5,21,3,45.97492063778226,66.38108001201721,67.69750076799988,0.8692268324511718,49.10891871285951,78.00691978171267,76.67294924695894,STANDBY,0,0,179.16164891153312
2024-03-21 06:00:00,RIG_ANOMALIES,6,21,3,54.15043252690906,86.39019309585103,82.0114376737592,0.880671787765196,50.27009942357681,73.92119776984451,85.4511003843519,HIGH_PRODUCTION,0,0,179.20796665122742
2024-03-21 07:00:00,RIG_ANOMALIES,7,21,3,62.32594441603586,89.26885778437816,88.95533199032818,0.8357823230222927,55.08821966333157,78.23046322840145,91.48150487968226,HIGH_PRODUCTION,0,0,179.25428439092173
2024-03-21 08:00:00,RIG_ANOMALIES,8,21,3,69.94430868059086,92.55925018175662,89.24100775734904,0.7973735196497111,53.65303085416501,76.62112432377724,92.47067737024418,HIGH_PRODUCTION,0,0,179.30060213061603
2024-03-21 09:00:00,RIG_ANOMALIES,9,21,3,76.48634638588689,93.1553994335259,94.82658238019272,1.0066667322382359,51.938506361921576,72.39128617178355,98.8939018097737,HIGH_PRODUCTION,0,0,179.34691987031033
2024-03-21 10:00:00,RIG_ANOMALIES,10,21,3,81.50622847353647,98.75812343866224,95.0,0.9634377714973978,57.0838143760769,78.44728680015633,103.372838197076,HIGH_PRODUCTION,0,0,179.39323761000463
2024-03-21 11:00:00,RIG_ANOMALIES,11,21,3,84.66185827501369,110.09417532891993,95.0,0.9388963554010765,58.02367794864215,84.1056102298949,98.93243289624408,HIGH_PRODUCTION,0,0,179.43955534969894
2024-03-21 12:00:00,RIG_ANOMALIES,12,21,3,85.73818483427267,99.02480021117964,95.0,1.08806722941254,55.20023121790166,79.30402480399333,99.49688318743084,HIGH_PRODUCTION,0,0,179.48587308939324
2024-03-21 13:00:00,RIG_ANOMALIES,13,21,3,84.66185827501369,114.27242633335217,95.0,1.0134784646492476,59.08174895699841,85.70250292475743,97.27796452838459,HIGH_PRODUCTION,0,0,179.53219082908754
2024-03-21 14:00:00,RIG_ANOMALIES,14,21,3,81.50622847353648,114.30949288194256,95.0,0.9487320014138461,54.713965577051084,84.39112862318967,96.59961047789491,HIGH_PRODUCTION,0,0,179.57850856878184
2024-03-21 15:00:00,RIG_ANOMALIES,15,21,3,76.48634638588689,103.41300630020902,95.0,0.9733561354121919,54.62724151732228,81.8514221622469,105.11766043438247,HIGH_PRODUCTION,0,0,179.62482630847614
2024-03-21 16:00:00,RIG_ANOMALIES,16,21,3,69.94430868059086,75.56721690839024,78.07867189842946,0.9442843999890038,48.23202896142734,77.04543092021147,80.24360021528439,HIGH_PRODUCTION,0,0,179.67114404817045
2024-03-21 17:00:00,RIG_ANOMALIES,17,21,3,62.32594441603586,79.71774306813623,79.40022861075444,0.874997312996753,52.07610735857366,68.27629713283586,84.78144294403505,HIGH_PRODUCTION,0,0,179.71746178786475
2024-03-21 18:00:00,RIG_ANOMALIES,18,21,3,54.150432526909064,72.92818496808478,74.63712279231807,0.852889424370554,44.27462608475479,67.49436180467622,77.31834159778487,HIGH_PRODUCTION,0,0,179.76377952755905
2024-03-21 19:00:00,RIG_ANOMALIES,19,21,3,45.97492063778226,68.03248472456156,70.47077104654208,0.9371959033504302,47.650665488433845,68.23651978749199,75.92002315365472,HIGH_PRODUCTION,0,0,179.81009726725335
2024-03-21 20:00:00,RIG_ANOMALIES,20,21,3,38.356556373227264,59.36179525776984,63.68939510989132,0.8374816743881799,47.90347388192455,62.14917361424956,68.62909334812,HIGH_PRODUCTION,0,0,179.85641500694766
2024-03-21 21:00:00,RIG_ANOMALIES,21,21,3,36.10028835127271,56.327887576369776,57.1852326722668,0.8029702106508987,46.64209787343621,66.9466651789316,59.557680728490496,HIGH_PRODUCTION,0,0,179.90273274664196
2024-03-21 22:00:00,RIG_ANOMALIES,22,21,3,36.10028835127271,57.11852951682905,57.75268773285064,0.7855573358303232,46.253647585587785,66.716178962036,63.106487338121454,STANDBY,0,0,179.94905048633626
2024-03-21 23:00:00,RIG_ANOMALIES,23,21,3,36.10028835127271,65.89809533013795,63.98197921364589,0.8018954112758552,47.34043265373319,71.99150726018115,67.76248777446781,STANDBY,0,0,179.99536822603056
2024-03-22 00:00:00,RIG_ANOMALIES,0,22,4,36.10028835127271,63.28459169396487,60.3138854992939,0.7726765877980637,44.92847551469128,66.6148545931874,66.57154025509821,STANDBY,0,0,180.04168596572487
2024-03-22 01:00:00,RIG_ANOMALIES,1,22,4,36.10028835127271,64.22775625904937,59.55111449636856,0.8565456900761621,47.47582297598794,63.785110271962104,66.12608050772445,STANDBY,0,0,180.08800370541917
2024-03-22 02:00:00,RIG_ANOMALIES,2,22,4,36.10028835127271,64.03072213845924,62.63174615732131,0.8986684810377412,44.817100435589,74.95595895429061,70.64475242126751,STANDBY,0,0,180.13432144511347
2024-03-22 03:00:00,RIG_ANOMALIES,3,22,4,36.10028835127271,64.58329504056798,64.38414663171615,0.8546649026115858,47.916487565257654,66.4275504829669,65.33573715225909,STANDBY,0,0,180.18063918480777
2024-03-22 04:00:00,RIG_ANOMALIES,4,22,4,38.35655637322725,67.94219209492833,65.57528685638854,0.8394222374957964,43.90230128404891,68.8672921036758,74.64598724480673,STANDBY,0,0,180.22695692450208
2024-03-22 05:00:00,RIG_ANOMALIES,5,22,4,45.97492063778226,64.99537319753884,70.11915282826507,0.7671577900694291,47.60132821827665,62.99493895714338,75.20417020773712,STANDBY,0,0,180.27327466419638
2024-03-22 06:00:00,RIG_ANOMALIES,6,22,4,54.15043252690906,84.07909986437369,79.09208866642338,0.9578798927456784,51.47448675842433,66.50597008925835,84.27171311188407,HIGH_PRODUCTION,0,0,180.31959240389068
2024-03-22 07:00:00,RIG_ANOMALIES,7,22,4,62.32594441603586,76.75431344730364,75.59215881528183,0.8266216839721457,50.280260329795766,75.77810045363738,79.72347298725143,HIGH_PRODUCTION,0,0,180.36591014358498
2024-03-22 08:00:00,RIG_ANOMALIES,8,22,4,69.94430868059086,96.4465134102531,91.05967444944925,0.8791154339829272,55.2961499513591,83.10687828687506,98.63775031531624,HIGH_PRODUCTION,0,0,180.4122278832793
2024-03-22 09:00:00,RIG_ANOMALIES,9,22,4,76.48634638588689,100.29758270567412,95.0,1.0223317543353896,51.68267201152481,79.0687714294374,100.6728007166851,HIGH_PRODUCTION,0,0,180.4585456229736
2024-03-22 10:00:00,RIG_ANOMALIES,10,22,4,81.50622847353647,110.85819454936008,95.0,1.050605389482267,58.5096956130663,82.65812240812646,97.05434252257938,HIGH_PRODUCTION,0,0,180.5048633626679
2024-03-22 11:00:00,RIG_ANOMALIES,11,22,4,84.66185827501369,112.7329288806765,95.0,0.9724102780206814,58.594857548342134,77.40955238132621,98.83096282034515,HIGH_PRODUCTION,0,0,180.5511811023622
2024-03-22 12:00:00,RIG_ANOMALIES,12,22,4,85.73818483427267,101.33395976853335,95.0,0.9891017317687745,52.83510486418311,83.99705297954397,96.8550443941158,HIGH_PRODUCTION,0,0,180.5974988420565
2024-03-22 13:00:00,RIG_ANOMALIES,13,22,4,84.66185827501369,104.46834268180677,95.0,0.9954379261288747,56.15270706679285,77.46170637760139,98.37763304259043,HIGH_PRODUCTION,0,0,180.6438165817508
2024-03-22 14:00:00,RIG_ANOMALIES,14,22,4,81.50622847353648,104.0338394956374,95.0,1.059682405274247,56.00920327688689,78.32060520663633,100.60407823534268,HIGH_PRODUCTION,0,0,180.6901343214451
2024-03-22 15:00:00,RIG_ANOMALIES,15,22,4,76.48634638588689,107.22508757015409,95.0,0.9240181665607018,55.57006280316163,80.11431802400205,94.3052409501366,HIGH_PRODUCTION,0,0,180.7364520611394
2024-03-22 16:00:00,RIG_ANOMALIES,16,22,4,69.94430868059086,96.96498137238228,92.67002427643564,0.9722903501214323,57.6788235575778,80.5316946023182,99.77093367248045,HIGH_PRODUCTION,0,0,180.7827698008337
2024-03-22 17:00:00,RIG_ANOMALIES,17,22,4,62.32594441603586,80.11973157925028,78.47842365629778,0.8500316594438813,49.420459547044864,73.5130829315757,80.597966738966,HIGH_PRODUCTION,0,0,180.829087540528
2024-03-22 18:00:00,RIG_ANOMALIES,18,22,4,54.150432526909064,76.82520703237266,75.91407307129884,0.9543432323022516,48.151112587121055,73.37176516582433,78.09090617217565,HIGH_PRODUCTION,0,0,180.8754052802223
2024-03-22 19:00:00,RIG_ANOMALIES,19,22,4,45.97492063778226,76.81433669967926,74.12961346135565,0.9748945109795902,48.786125879328445,69.96793717404057,78.15036176443397,HIGH_PRODUCTION,0,0,180.9217230199166
2024-03-22 20:00:00,RIG_ANOMALIES,20,22,4,38.356556373227264,51.30238967333415,57.27990633063131,0.8773805351363029,41.58362042172065,61.437675187809525,61.857517880369585,HIGH_PRODUCTION,0,0,180.96804075961091
2024-03-22 21:00:00,RIG_ANOMALIES,21,22,4,36.10028835127271,58.55961991741124,59.449360008881364,0.770742876028927,40.13275510403267,71.12631207981732,67.44034441884521,HIGH_PRODUCTION,0,0,181.01435849930522
2024-03-22 22:00:00,RIG_ANOMALIES,22,22,4,36.10028835127271,58.833231626577685,61.533145760934126,0.8018808186912789,40.83606389455812,68.95199483995002,68.14519722734927,STANDBY,0,0,181.06067623899952
2024-03-22 23:00:00,RIG_ANOMALIES,23,22,4,36.10028835127271,57.44978565342602,55.33310837141622,0.8335799027517103,47.78591797486335,69.68216188306828,56.471957089679016,STANDBY,0,0,181.10699397869382
2024-03-23 00:00:00,RIG_ANOMALIES,0,23,5,36.872674070127886,57.872029745224154,60.03930076241771,0.893807203181107,42.995646952992814,65.73224299396287,68.98752857391196,STANDBY,0,0,181.15331171838812
2024-03-23 01:00:00,RIG_ANOMALIES,1,23,5,36.872674070127886,54.26128390445763,52.692709030601925,0.8990564484166802,43.361399251387525,63.92523725772883,63.576781801196255,STANDBY,0,0,181.19962945808243
2024-03-23 02:00:00,RIG_ANOMALIES,2,23,5,36.872674070127886,57.743497989497925,56.00288419731858,0.7957829713682165,42.098434682055824,60.98033187943648,56.97531652983888,STANDBY,0,0,181.24594719777673
2024-03-23 03:00:00,RIG_ANOMALIES,3,23,5,36.872674070127886,66.98760585001521,61.37671348979045,0.8529509906674956,45.42952608209761,70.23786844678725,61.3825974760648,STANDBY,0,0,181.29226493747103
2024-03-23 04:00:00,RIG_ANOMALIES,4,23,5,39.17721619951087,63.49259328535953,61.994323131072406,0.9163646374539424,45.26681267185849,69.14536802566165,66.87374318819928,STANDBY,0,0,181.33858267716533
2024-03-23 05:00:00,RIG_ANOMALIES,5,23,5,46.958579598635716,69.22620015009974,65.17711496573872,0.8519824293793946,46.02229915089763,74.23602255235485,66.75399320484846,STANDBY,0,0,181.38490041685964
2024-03-23 06:00:00,RIG_ANOMALIES,6,23,5,55.30901110519182,81.73649022025818,82.35732307591172,0.8555348916387777,51.44581181534815,74.21093221432415,85.44178408904345,HIGH_PRODUCTION,0,0,181.43121815655394
2024-03-23 07:00:00,RIG_ANOMALIES,7,23,5,63.65944261174793,88.95965951488155,85.13156641172759,0.9782500540235523,53.57150750295067,74.05594121971494,92.15326193078776,HIGH_PRODUCTION,0,0,181.47753589624824
2024-03-23 08:00:00,RIG_ANOMALIES,8,23,5,71.44080601087278,83.17234349817603,82.1890126729865,0.9525024752824969,48.98790582801288,74.86362801778783,85.03566156443364,HIGH_PRODUCTION,0,0,181.52385363594254
2024-03-23 09:00:00,RIG_ANOMALIES,9,23,5,78.12281424622702,105.60843595740491,95.0,1.0341300518510579,55.48518405514327,83.28662070811905,105.85265625777333,HIGH_PRODUCTION,0,0,181.57017137563687
2024-03-23 10:00:00,RIG_ANOMALIES,10,23,5,83.250099499112,113.0586926687845,95.0,0.9965805193114523,60.36456587698521,86.3150021397609,96.99814207255119,HIGH_PRODUCTION,0,0,181.61648911533118
2024-03-23 11:00:00,RIG_ANOMALIES,11,23,5,86.47324575278313,118.15886869163964,95.0,1.0462550389798881,57.5692715160835,87.39338096322639,100.80127885021335,HIGH_PRODUCTION,0,0,181.66280685502548
2024-03-23 12:00:00,RIG_ANOMALIES,12,23,5,87.57260091655372,111.00356877861437,95.0,0.9498862289857288,58.26584661710049,83.22491613703795,102.79046568113995,HIGH_PRODUCTION,0,0,181.70912459471978
2024-03-23 13:00:00,RIG_ANOMALIES,13,23,5,86.47324575278313,108.82569027885447,95.0,0.9602202786426757,52.84475078069216,81.29037201627521,97.59305626420189,HIGH_PRODUCTION,0,0,181.75544233441408
2024-03-23 14:00:00,RIG_ANOMALIES,14,23,5,83.25009949911201,101.19538339266575,95.0,0.9922302239783833,55.38218173337832,81.30856204806533,92.95825672809309,HIGH_PRODUCTION,0,0,181.8017600741084
2024-03-23 15:00:00,RIG_ANOMALIES,15,23,5,78.12281424622702,105.63643135472283,95.0,1.0090982491280585,57.48284482543863,78.09239598495941,95.45213088215459,HIGH_PRODUCTION,0,0,181.8480778138027
2024-03-23 16:00:00,RIG_ANOMALIES,16,23,5,71.44080601087278,97.30583187633809,92.50713408812358,0.9979761783929019,57.932893628335805,79.72662782683565,103.49233680648321,HIGH_PRODUCTION,0,0,181.894395553497
2024-03-23 17:00:00,RIG_ANOMALIES,17,23,5,63.65944261174793,82.5611156324092,79.11261380163336,0.8874018546175035,49.8438735131347,68.90775745128914,82.7010655350438,HIGH_PRODUCTION,0,0,181.9407132931913
2024-03-23 18:00:00,RIG_ANOMALIES,18,23,5,55.30901110519183,78.69181639490918,76.67489767429316,0.9460264319616183,48.193024030378865,77.45561594381199,80.87607287570563,HIGH_PRODUCTION,0,0,181.9870310328856
2024-03-23 19:00:00,RIG_ANOMALIES,19,23,5,46.958579598635716,76.4058197431968,75.39391963230845,0.9129710801898625,45.092720433916426,72.84499305968983,83.98493780366175,HIGH_PRODUCTION,0,0,182.0333487725799
2024-03-23 20:00:00,RIG_ANOMALIES,20,23,5,39.17721619951089,66.81066550552762,68.18554883577077,0.9369486805691384,47.53871887425374,69.31254262464991,74.66064717714224,HIGH_PRODUCTION,0,0,182.0796665122742
2024-03-23 21:00:00,RIG_ANOMALIES,21,23,5,36.872674070127886,63.08525013883089,62.17084675357243,0.8742302905878983,46.37938161600566,67.90675260904568,67.37957737907765,HIGH_PRODUCTION,0,0,182.1259842519685
2024-03-23 22:00:00,RIG_ANOMALIES,22,23,5,36.872674070127886,60.23473842523862,59.830077183239005,0.9255287403045223,44.54900602241019,64.8601417540031,67.87792769594873,STANDBY,0,0,182.1723019916628
2024-03-23 23:00:00,RIG_ANOMALIES,23,23,5,36.872674070127886,65.92928042853433,62.05556891122375,0.8897738167288993,48.88903797724466,73.72515935621767,65.78789295143102,STANDBY,0,0,182.2186197313571
2024-03-24 00:00:00,RIG_ANOMALIES,0,24,6,38.26446504352977,62.86371484481589,58.44076398948248,0.8457411613703527,46.838767995385716,68.64150529406744,63.682072973440015,STANDBY,0,0,182.2649374710514
2024-03-24 01:00:00,RIG_ANOMALIES,1,24,6,38.26446504352977,61.78566144757323,53.87658440308324,0.8597101957510382,41.899214240490515,68.7466793928226,64.65232044738414,STANDBY,0,0,182.3112552107457
2024-03-24 02:00:00,RIG_ANOMALIES,2,24,6,38.26446504352977,60.52978441274335,58.59294709143729,0.8035219298992323,43.1566911591827,67.61415673534157,64.53503602540385,STANDBY,0,0,182.35757295044002
2024-03-24 03:00:00,RIG_ANOMALIES,3,24,6,38.26446504352977,53.20231483819397,57.612721624792776,0.8158914130927184,42.79134333206557,71.49728844262279,61.95368104621466,STANDBY,0,0,182.40389069013432
2024-03-24 04:00:00,RIG_ANOMALIES,4,24,6,40.65599410875038,57.43683495320953,59.17648155953142,0.8653694471665281,39.88751398902385,67.12223618773233,67.60890134655475,STANDBY,0,0,182.45020842982862
2024-03-24 05:00:00,RIG_ANOMALIES,5,24,6,48.73107179936013,77.79664008425024,71.086906993463,0.9827412581452404,49.64967788343153,71.48586270411212,75.02352514213983,STANDBY,0,0,182.49652616952292
2024-03-24 06:00:00,RIG_ANOMALIES,6,24,6,57.396697565294645,74.66972346498167,73.09592241059595,0.8813214144463448,47.26358474679274,72.37701052839672,82.71672945860242,HIGH_PRODUCTION,0,0,182.54284390921723
2024-03-24 07:00:00,RIG_ANOMALIES,7,24,6,66.06232333122917,95.2218988304306,90.09699935538029,1.0318585577268697,52.53888371069875,77.01883206829903,90.48122169388992,HIGH_PRODUCTION,0,0,182.58916164891153
2024-03-24 08:00:00,RIG_ANOMALIES,8,24,6,74.13740102183893,95.4146678032344,88.63818391570685,0.9516520136372589,54.42495937543446,81.2676218184923,97.16627896157712,HIGH_PRODUCTION,0,0,182.63547938860583
2024-03-24 09:00:00,RIG_ANOMALIES,9,24,6,81.0716274372057,112.81606044460118,95.0,1.0418143277006795,61.43377300083189,77.98810601781483,96.95318991407346,HIGH_PRODUCTION,0,0,182.68179712830013
2024-03-24 10:00:00,RIG_ANOMALIES,10,24,6,86.39244650647323,109.74441591285594,95.0,0.8595862046131626,57.908077007633594,82.57042407134718,101.72017196196038,HIGH_PRODUCTION,0,0,182.72811486799444
2024-03-24 11:00:00,RIG_ANOMALIES,11,24,6,89.73725320314023,114.46437736069471,95.0,1.048387250869229,60.99654944310483,85.85899838559739,95.12905109311548,HIGH_PRODUCTION,0,0,182.77443260768874
2024-03-24 12:00:00,RIG_ANOMALIES,12,24,6,90.8781044783832,109.3732694175681,95.0,1.1286507604625653,59.62908672562337,89.00716496503969,97.99632714116765,HIGH_PRODUCTION,0,0,182.82075034738304
2024-03-24 13:00:00,RIG_ANOMALIES,13,24,6,89.73725320314023,107.70729539138306,95.0,1.0682866471007362,58.30567693574781,80.32231713349174,98.91596273116842,HIGH_PRODUCTION,0,0,182.86706808707734
2024-03-24 14:00:00,RIG_ANOMALIES,14,24,6,86.39244650647325,100.59922037488826,95.0,0.9830368556133271,54.87896864164921,79.38625266779094,98.88040418941311,HIGH_PRODUCTION,0,0,182.91338582677167
2024-03-24 15:00:00,RIG_ANOMALIES,15,24,6,81.0716274372057,98.72173968513789,91.67586309487174,0.9486677766406575,52.652963257505654,80.34599285664385,96.52204579774525,HIGH_PRODUCTION,0,0,182.95970356646598
2024-03-24 16:00:00,RIG_ANOMALIES,16,24,6,74.13740102183893,97.52412849241921,90.82069175194175,0.9972083763616058,55.894514456375305,82.93596225132511,97.42585769934881,HIGH_PRODUCTION,0,0,183.00602130616028
2024-03-24 17:00:00,RIG_ANOMALIES,17,24,6,66.06232333122917,86.54701505573668,82.91736520155422,0.9364701932955323,50.852648701898964,74.30341639688432,91.78351391879794,HIGH_PRODUCTION,0,0,183.05233904585458
2024-03-24 18:00:00,RIG_ANOMALIES,18,24,6,57.39669756529465,85.27734638457086,81.9595370803404,0.8935489532231966,51.68397346612796,73.87847476700834,87.92542773787785,HIGH_PRODUCTION,0,0,183.09865678554888
2024-03-24 19:00:00,RIG_ANOMALIES,19,24,6,48.73107179936013,70.8026896512221,72.52978769862122,0.881953621163172,47.592647792548355,65.14674613936606,70.92754136274719,HIGH_PRODUCTION,0,0,183.14497452524319
2024-03-24 20:00:00,RIG_ANOMALIES,20,24,6,40.65599410875039,74.01150806801405,68.93831209708223,0.9110033853268501,48.99939170359004,65.87652890200123,74.12387212404658,HIGH_PRODUCTION,0,0,183.1912922649375
2024-03-24 21:00:00,RIG_ANOMALIES,21,24,6,38.26446504352977,59.42775826359211,59.05106230109411,0.8794659225944665,42.05658750357246,68.20556901824494,61.83386163863124,HIGH_PRODUCTION,0,0,183.2376100046318
2024-03-24 22:00:00,RIG_ANOMALIES,22,24,6,38.26446504352977,48.26434226291509,53.46399033970742,0.7931026524264666,44.78570999315469,62.47948693614072,53.66628910531092,STANDBY,0,0,183.2839277443261
2024-03-24 23:00:00,RIG_ANOMALIES,23,24,6,38.26446504352977,60.32837483726313,56.92048918109122,0.8453842552760011,47.422188198189794,71.26012243913434,63.69542382117166,STANDBY,0,0,183.3302454840204
2024-03-25 00:00:00,RIG_ANOMALIES,0,25,0,40.0,62.424726001772584,60.72415328276945,0.9375666310807017,45.12824702733115,65.75971963868423,68.41603856356768,STANDBY,0,0,183.3765632237147
2024-03-25 01:00:00,RIG_ANOMALIES,1,25,0,40.0,65.60482699819549,60.1747746142922,0.8450346832695113,43.00032781182957,74.18601796209681,69.03117295396615,STANDBY,0,0,183.422880963409
2024-03-25 02:00:00,RIG_ANOMALIES,2,25,0,40.0,64.89897256275559,62.67270631275202,0.877447732901748,46.23547191517086,68.3331475659933,64.44774323666574,STANDBY,0,0,183.4691987031033
2024-03-25 03:00:00,RIG_ANOMALIES,3,25,0,40.0,65.61913422813103,60.35469349180836,0.9040198379584097,45.957850302535455,72.09991550396145,59.29154110812156,STANDBY,0,0,183.5155164427976
2024-03-25 04:00:00,RIG_ANOMALIES,4,25,0,42.5,65.68153022698166,66.91738232677473,0.7649238635870748,46.18247262040919,68.92605586949763,68.83197126376271,STANDBY,0,0,183.5618341824919
2024-03-25 05:00:00,RIG_ANOMALIES,5,25,0,50.94133342141177,72.96647228683771,70.54479111298468,0.9496303469739006,45.02381845431969,68.38993663778535,75.38463421883282,STANDBY,0,0,183.6081519221862
2024-03-25 06:00:00,RIG_ANOMALIES,6,25,0,60.0,80.43864158799015,78.00497241677455,1.0376299802437725,48.74583572010695,73.40607794455543,82.33531394602676,HIGH_PRODUCTION,0,0,183.6544696618805
2024-03-25 07:00:00,RIG_ANOMALIES,7,25,0,69.05866657858823,91.67820254068005,88.93720180285055,0.920085126255363,59.41379817804037,72.88603276273382,94.26431067724562,HIGH_PRODUCTION,0,0,183.70078740157481
2024-03-25 08:00:00,RIG_ANOMALIES,8,25,0,77.5,99.06175156849226,92.02170801326642,1.0310069668286448,56.77941533905459,80.21478629198323,93.32344105992748,HIGH_PRODUCTION,0,0,183.74710514126912
2024-03-25 09:00:00,RIG_ANOMALIES,9,25,0,84.74873734152916,113.68031995911166,95.0,1.086621010171088,58.79364897210504,85.61793342846056,94.59702022580854,HIGH_PRODUCTION,0,0,183.79342288096342
2024-03-25 10:00:00,RIG_ANOMALIES,10,25,0,90.31088913245534,120.92135181568719,95.0,1.0259969040734493,58.529092411379054,87.87553527485339,97.71027747050498,HIGH_PRODUCTION,0,0,183.83974062065772
2024-03-25 11:00:00,RIG_ANOMALIES,11,25,0,93.8074039201174,113.4011151658256,95.0,1.0410573667357084,61.021353050329935,91.24602619032308,98.71108521822701,HIGH_PRODUCTION,0,0,183.88605836035202
2024-03-25 12:00:00,RIG_ANOMALIES,12,25,0,95.0,125.43836193609198,95.0,1.0430161949048207,64.36829009735173,86.724425680601,101.19648868947577,HIGH_PRODUCTION,0,0,183.93237610004633
2024-03-25 13:00:00,RIG_ANOMALIES,13,25,0,93.8074039201174,126.66837783595382,95.0,1.1227624719688931,67.32055762110002,91.78328534286189,104.22111646029522,HIGH_PRODUCTION,0,0,183.97869383974063
2024-03-25 14:00:00,RIG_ANOMALIES,14,25,0,90.31088913245536,114.54564800903147,95.0,1.0810945419140956,57.58752774487108,82.17120811789368,103.44198978639501,HIGH_PRODUCTION,0,0,184.02501157943493
2024-03-25 15:00:00,RIG_ANOMALIES,15,25,0,84.74873734152916,116.91758403736303,95.0,1.0980087500833806,51.52158275381949,83.08622257933725,100.1452250136318,HIGH_PRODUCTION,0,0,184.07132931912923
2024-03-25 16:00:00,RIG_ANOMALIES,16,25,0,77.5,111.1278029053277,95.0,1.0419233595473933,58.76414206289902,82.36649692215036,102.57041713637435,HIGH_PRODUCTION,0,0,184.11764705882354
2024-03-25 17:00:00,RIG_ANOMALIES,17,25,0,69.05866657858823,98.59400291157297,92.46241477863116,0.9024132396617851,49.02749054525042,78.29085122114444,95.38149651794231,HIGH_PRODUCTION,0,0,184.16396479851784
2024-03-25 18:00:00,RIG_ANOMALIES,18,25,0,60.00000000000001,88.70347743562094,82.35722066418002,0.9352301919023571,52.87015173479225,80.45081485978483,85.04334090419059,HIGH_PRODUCTION,0,0,184.21028253821214
2024-03-25 19:00:00,RIG_ANOMALIES,19,25,0,50.94133342141177,75.55695594029164,71.67290039388747,0.8105539824307627,49.22504240566705,75.96039477041188,78.70366129359515,HIGH_PRODUCTION,0,0,184.25660027790644
2024-03-25 20:00:00,RIG_ANOMALIES,20,25,0,42.500000000000014,68.85725930449485,66.72470703543563,0.8293738390608557,48.04695046139704,70.0848151394231,70.68113261741136,HIGH_PRODUCTION,0,0,184.30291801760075
2024-03-25 21:00:00,RIG_ANOMALIES,21,25,0,40.0,62.658039245099744,58.91548633780432,0.9253499616369855,46.40536577877589,66.40106767612193,64.11808238887947,HIGH_PRODUCTION,0,0,184.34923575729505
2024-03-25 22:00:00,RIG_ANOMALIES,22,25,0,40.0,60.98866544699024,63.76326551613908,0.9117374016518804,42.651236230422,68.85694066001727,66.78276733232425,STANDBY,0,0,184.39555349698935
2024-03-25 23:00:00,RIG_ANOMALIES,23,25,0,40.0,64.04361870350604,63.67576533281268,0.8357825614584222,43.815800354323116,71.5882208300833,68.7443610754425,STANDBY,0,0,184.44187123668365
2024-03-26 00:00:00,RIG_ANOMALIES,0,26,1,38.26446504352977,68.07218747798692,62.88838048219469,0.8620732209715568,47.315043304191676,67.29680458680957,67.28689608760176,STANDBY,0,0,184.48818897637796
2024-03-26 01:00:00,RIG_ANOMALIES,1,26,1,38.26446504352977,70.13687335654716,67.10749507153626,0.9357193274852564,49.574320279455186,70.93227267835002,78.19199817454776,STANDBY,0,0,184.53450671607226
2024-03-26 02:00:00,RIG_ANOMALIES,2,26,1,38.26446504352977,59.960753374624375,61.06615962458746,0.8893594961869942,42.21797391580442,62.256808740653305,65.98853374915062,STANDBY,0,0,184.58082445576656
2024-03-26 03:00:00,RIG_ANOMALIES,3,26,1,38.26446504352977,64.44920824982421,63.76710942308296,0.8445673960902832,46.4164065982944,68.28734710075653,68.49722982119006,STANDBY,0,0,184.62714219546086
2024-03-26 04:00:00,RIG_ANOMALIES,4,26,1,40.65599410875038,68.57353236405805,69.87239999093103,0.838832657415427,47.31924368564354,70.1330763049317,75.39780928084998,STANDBY,0,0,184.67345993515517
2024-03-26 05:00:00,RIG_ANOMALIES,5,26,1,48.73107179936014,71.90022544933245,71.21834767324529,0.980079501919221,47.57274429210715,73.51388083291074,75.38519590287258,STANDBY,0,0,184.71977767484947
2024-03-26 06:00:00,RIG_ANOMALIES,6,26,1,57.39669756529465,82.01556741124773,77.46836540648484,0.9317326570686739,50.15093162585133,77.17386477446118,78.4981498909481,HIGH_PRODUCTION,0,0,184.76609541454377
2024-03-26 07:00:00,RIG_ANOMALIES,7,26,1,66.06232333122918,85.66323475538205,84.75228914228316,0.9398757002232989,50.36166987917099,71.19955202996482,97.88090641176956,HIGH_PRODUCTION,0,0,184.81241315423807
2024-03-26 08:00:00,RIG_ANOMALIES,8,26,1,74.13740102183893,94.88184725473619,91.65020238826895,1.0179976718465071,51.425821544626736,80.74368488734873,98.63053079119356,HIGH_PRODUCTION,0,0,184.85873089393237
2024-03-26 09:00:00,RIG_ANOMALIES,9,26,1,81.07162743720572,107.33874377334486,95.0,0.9769865265025106,53.45905984728433,83.43912451868299,102.67641493793347,HIGH_PRODUCTION,0,0,184.90504863362668
2024-03-26 10:00:00,RIG_ANOMALIES,10,26,1,86.39244650647325,107.49422935356321,95.0,0.9458411765033501,57.448387854494015,84.27300535605768,104.37572922516026,HIGH_PRODUCTION,0,0,184.95136637332098
2024-03-26 11:00:00,RIG_ANOMALIES,11,26,1,89.73725320314024,119.72859441970785,95.0,1.0481500663206555,60.03113932131669,88.21352136558406,102.54295766968663,HIGH_PRODUCTION,0,0,184.99768411301528
2024-03-26 12:00:00,RIG_ANOMALIES,12,26,1,90.87810447838321,119.48480887615919,95.0,1.0192641939087381,62.75738492937575,84.01777723646606,101.92315754490528,HIGH_PRODUCTION,0,0,185.04400185270958
2024-03-26 13:00:00,RIG_ANOMALIES,13,26,1,89.73725320314024,112.31411193769209,95.0,1.0156483730741854,57.589861705695185,81.32079217433105,99.32382603441685,HIGH_PRODUCTION,0,0,185.0903195924039
2024-03-26 14:00:00,RIG_ANOMALIES,14,26,1,86.39244650647326,106.12859884780099,95.0,1.0252770259067292,54.65743558820725,80.04769332919228,99.79701385159913,HIGH_PRODUCTION,0,0,185.1366373320982
2024-03-26 15:00:00,RIG_ANOMALIES,15,26,1,81.07162743720572,100.86765685650832,95.0,1.0493566775511998,54.99755464473978,77.18754617700408,99.8636280239717,HIGH_PRODUCTION,0,0,185.1829550717925
2024-03-26 16:00:00,RIG_ANOMALIES,16,26,1,74.13740102183893,95.52109909448507,93.09664937791443,0.9688963984642774,50.911058147901166,78.57214788458808,96.77954833404905,HIGH_PRODUCTION,0,0,185.2292728114868
2024-03-26 17:00:00,RIG_ANOMALIES,17,26,1,66.06232333122918,91.93555527897028,86.24590144070659,0.9180418740283135,54.95742812368114,81.3038347670032,96.53330226807634,HIGH_PRODUCTION,0,0,185.2755905511811
2024-03-26 18:00:00,RIG_ANOMALIES,18,26,1,57.39669756529466,82.31109253734358,78.58873549750683,0.9263005480722692,47.53604479546068,79.37863852298898,84.43084933796356,HIGH_PRODUCTION,0,0,185.3219082908754
2024-03-26 19:00:00,RIG_ANOMALIES,19,26,1,48.73107179936014,79.58821171178384,75.4674749237841,0.8608902372494218,51.07298897627981,76.11304031161168,80.19779654884519,HIGH_PRODUCTION,0,0,185.3682260305697
2024-03-26 20:00:00,RIG_ANOMALIES,20,26,1,40.65599410875039,71.90133077090259,70.00831041556363,0.89477460464448,48.60763589289699,68.11158653952958,76.21083933636375,HIGH_PRODUCTION,0,0,185.414543770264
2024-03-26 21:00:00,RIG_ANOMALIES,21,26,1,38.26446504352977,59.36374312875816,59.96537124045667,0.8800553825176332,40.06542747185721,67.53448205440071,61.635341355360495,HIGH_PRODUCTION,0,0,185.4608615099583
2024-03-26 22:00:00,RIG_ANOMALIES,22,26,1,38.26446504352977,64.96939802962194,60.09860086691342,0.8151781713387749,47.011545057629746,71.40465097414624,63.49691179010194,STANDBY,0,0,185.5071792496526
2024-03-26 23:00:00,RIG_ANOMALIES,23,26,1,38.26446504352977,59.686273438090566,59.747199962646455,0.8069086026062551,44.65357344851399,62.22806046348973,65.29869455078826,STANDBY,0,0,185.5534969893469
2024-03-27 00:00:00,RIG_ANOMALIES,0,27,2,36.872674070127886,63.48174237856617,58.5524638843829,0.9106952020832098,47.1169625912342,64.80338891538729,61.360787989089104,STANDBY,0,0,185.5998147290412
2024-03-27 01:00:00,RIG_ANOMALIES,1,27,2,36.872674070127886,66.42453846686986,64.09533892792498,0.906470698273328,46.7882300093916,71.37659094486771,67.57233646454918,STANDBY,0,0,185.64613246873552
2024-03-27 02:00:00,RIG_ANOMALIES,2,27,2,36.872674070127886,48.947428800581164,50.989620082488244,0.8143052245781961,41.51062366116382,62.53952813134645,56.35245981164107,STANDBY,0,0,185.69245020842982
2024-03-27 03:00:00,RIG_ANOMALIES,3,27,2,36.872674070127886,60.19983965042016,63.602044548841405,0.7895891686309731,43.32434846444456,69.71196547776036,66.78998167863926,STANDBY,0,0,185.73876794812412
2024-03-27 04:00:00,RIG_ANOMALIES,4,27,2,39.17721619951087,61.076239349605146,62.33186003027649,0.8075296944053708,47.331427119920995,69.9834026444156,63.754544929876765,STANDBY,0,0,185.78508568781842
2024-03-27 05:00:00,RIG_ANOMALIES,5,27,2,46.958579598635716,59.481774261478236,62.574350991050856,0.8418232425777532,44.948048527119035,66.93360925693985,68.75982419569239,STANDBY,0,0,185.83140342751273
2024-03-27 06:00:00,RIG_ANOMALIES,6,27,2,55.30901110519182,73.6843847971183,75.49487921522991,0.9407846369588901,51.984819902425954,69.67757150281871,76.76058755850433,HIGH_PRODUCTION,0,0,185.87772116720703
2024-03-27 07:00:00,RIG_ANOMALIES,7,27,2,63.65944261174793,84.16430530619711,81.64526247293026,0.9754374651369903,49.96385005560035,76.93205974095733,89.41040706116571,HIGH_PRODUCTION,0,0,185.92403890690133
2024-03-27 08:00:00,RIG_ANOMALIES,8,27,2,71.44080601087278,92.77874959284983,89.15051678872334,0.950893466072201,55.137394954205966,76.10217693292283,93.5483240747577,HIGH_PRODUCTION,0,0,185.97035664659563
2024-03-27 09:00:00,RIG_ANOMALIES,9,27,2,78.12281424622702,102.53932509548741,95.0,0.8986940205756676,59.34990772895042,79.87094985563594,102.03399295071648,HIGH_PRODUCTION,0,0,186.01667438628994
2024-03-27 10:00:00,RIG_ANOMALIES,10,27,2,83.250099499112,111.53209353950662,95.0,1.0157623810073193,58.57110151311763,82.09587417037683,101.02945342295716,HIGH_PRODUCTION,0,0,186.06299212598424
2024-03-27 11:00:00,RIG_ANOMALIES,11,27,2,86.47324575278313,105.55591350513596,95.0,1.115453303884712,52.435962432727116,84.76964672639771,98.70326384366649,HIGH_PRODUCTION,0,0,186.10930986567854
2024-03-27 12:00:00,RIG_ANOMALIES,12,27,2,87.57260091655372,118.89297465166644,95.0,0.9489598224114778,61.0484252597222,86.05319468154372,103.09569518278094,HIGH_PRODUCTION,0,0,186.15562760537284
2024-03-27 13:00:00,RIG_ANOMALIES,13,27,2,86.47324575278313,114.05335136333257,95.0,0.9997251349834338,59.43661251230436,83.90856306198219,100.3565792117074,HIGH_PRODUCTION,0,0,186.20194534506714
2024-03-27 14:00:00,RIG_ANOMALIES,14,27,2,83.25009949911201,107.59867200349493,95.0,0.9788092556983283,62.21598116687103,83.09147059658522,101.76749830103816,HIGH_PRODUCTION,0,0,186.24826308476145
2024-03-27 15:00:00,RIG_ANOMALIES,15,27,2,78.12281424622702,107.70332178274745,95.0,1.0341952974943645,58.339831620727374,82.21329972449146,100.60310272200616,HIGH_PRODUCTION,0,0,186.29458082445575
2024-03-27 16:00:00,RIG_ANOMALIES,16,27,2,71.44080601087278,101.49159636180593,95.0,0.9424554745908573,55.210652668419186,85.42790846473386,101.35435936658419,HIGH_PRODUCTION,0,0,186.34089856415005
2024-03-27 17:00:00,RIG_ANOMALIES,17,27,2,63.65944261174793,87.33426802384848,87.20576006816866,1.0408545776143523,51.38502885647805,72.6474174716111,92.17441081465441,HIGH_PRODUCTION,0,0,186.38721630384435
2024-03-27 18:00:00,RIG_ANOMALIES,18,27,2,55.30901110519183,87.31357520100036,83.81324595757013,0.9592924660648905,53.861977526696094,77.39715092551344,88.36703257358941,HIGH_PRODUCTION,0,0,186.43353404353866
2024-03-27 19:00:00,RIG_ANOMALIES,19,27,2,46.958579598635716,70.27259740724384,67.89421165765141,0.9084656449970038,49.4288886875714,75.04451129897414,69.62799500548459,HIGH_PRODUCTION,0,0,186.47985178323296
2024-03-27 20:00:00,RIG_ANOMALIES,20,27,2,39.17721619951089,65.63380939072407,67.11991262775611,0.9340463589233767,45.73863169294682,67.31002446278707,71.73433636779274,HIGH_PRODUCTION,0,0,186.52616952292726
2024-03-27 21:00:00,RIG_ANOMALIES,21,27,2,36.872674070127886,60.542523065038566,61.3840667843891,0.9018089415582561,45.52673742825536,70.4002491933252,65.82048208351586,HIGH_PRODUCTION,0,0,186.57248726262156
2024-03-27 22:00:00,RIG_ANOMALIES,22,27,2,36.872674070127886,58.46484389219995,58.308263232664736,0.8388795231327486,42.255409040425434,64.02681412220394,65.6817913176294,STANDBY,0,0,186.61880500231587
2024-03-27 23:00:00,RIG_ANOMALIES,23,27,2,36.872674070127886,67.96400132695712,59.89000049844939,0.8987262497363642,48.8459428815507,70.81973832888418,61.10832720921835,STANDBY,0,0,186.66512274201017
2024-03-28 00:00:00,RIG_ANOMALIES,0,28,3,36.10028835127271,68.8516363453752,63.01152795113279,0.8004628830711574,47.40815918709435,74.37856985799542,67.25802131650616,STANDBY,0,0,186.71144048170447
2024-03-28 01:00:00,RIG_ANOMALIES,1,28,3,36.10028835127271,60.96844554467378,57.570029201653746,0.9222977757609561,47.89212394792319,65.84447877246073,65.98003353026913,STANDBY,0,0,186.75775822139877
2024-03-28 02:00:00,RIG_ANOMALIES,2,28,3,36.10028835127271,68.70175047064994,65.48502786548752,0.8628993508988687,48.69956598304388,69.58238475530545,70.59230680241144,STANDBY,0,0,186.80407596109308
2024-03-28 03:00:00,RIG_ANOMALIES,3,28,3,36.10028835127271,62.27610277142996,60.83770038244131,0.8740458777193685,43.86205343867381,64.23534060465417,64.58714701891635,STANDBY,0,0,186.8503937007874
2024-03-28 04:00:00,RIG_ANOMALIES,4,28,3,38.35655637322725,56.86439566160835,57.96106044539671,0.8715796740643973,46.19579186718895,68.29093071271636,61.086505728893286,STANDBY,0,0,186.8967114404817
2024-03-28 05:00:00,RIG_ANOMALIES,5,28,3,45.97492063778226,77.0004078585064,73.37442144641346,0.9738281387167108,46.71234716181437,73.81081089031075,78.67774870659883,STANDBY,0,0,186.943029180176
2024-03-28 06:00:00,RIG_ANOMALIES,6,28,3,54.15043252690906,82.67295756883821,78.8645867120659,0.9338597566571556,51.01954476171154,76.56794265604135,87.44172954633498,HIGH_PRODUCTION,0,0,186.98934691987031
2024-03-28 07:00:00,RIG_ANOMALIES,7,28,3,62.32594441603586,84.3750405537495,83.03817255092264,1.0068241133583449,58.11519405324891,73.78848088515952,87.44463672229381,HIGH_PRODUCTION,0,0,187.03566465956462
2024-03-28 08:00:00,RIG_ANOMALIES,8,28,3,69.94430868059086,96.40269183323149,89.72802373868244,0.9728387981636881,55.85342003337407,79.44372680791155,93.87262159705439,HIGH_PRODUCTION,0,0,187.08198239925892
2024-03-28 09:00:00,RIG_ANOMALIES,9,28,3,76.48634638588689,100.41871759622092,95.0,1.061716633598316,56.853087375347314,78.90846219801084,103.1805381570001,HIGH_PRODUCTION,0,0,187.12830013895322
2024-03-28 10:00:00,RIG_ANOMALIES,10,28,3,81.50622847353647,110.2687997984067,95.0,0.999132935055183,55.459544622893524,82.61053267732089,97.45977601137439,HIGH_PRODUCTION,0,0,187.17461787864752
2024-03-28 11:00:00,RIG_ANOMALIES,11,28,3,84.66185827501369,111.90456624080834,95.0,1.0655173938534739,58.38798491814145,87.59094796454877,96.44002749825059,HIGH_PRODUCTION,0,0,187.22093561834183
2024-03-28 12:00:00,RIG_ANOMALIES,12,28,3,85.73818483427267,108.9666216563728,95.0,1.0925455774764405,57.9693011899801,81.7414659480065,99.20533010904974,HIGH_PRODUCTION,0,0,187.26725335803613
2024-03-28 13:00:00,RIG_ANOMALIES,13,28,3,84.66185827501369,114.09247720498347,95.0,1.1597697822261863,58.38432665515953,85.6711971822763,98.25903262901384,HIGH_PRODUCTION,0,0,187.31357109773043
2024-03-28 14:00:00,RIG_ANOMALIES,14,28,3,81.50622847353648,99.07009159984337,95.0,1.0023400166707506,53.32332524543094,81.90591154152415,102.7248167792389,HIGH_PRODUCTION,0,0,187.35988883742473
2024-03-28 15:00:00,RIG_ANOMALIES,15,28,3,76.48634638588689,95.28789468184155,92.96789100158061,1.0903228763113697,52.276401697799514,81.26376827750407,99.40848853558617,HIGH_PRODUCTION,0,0,187.40620657711904
2024-03-28 16:00:00,RIG_ANOMALIES,16,28,3,69.94430868059086,91.74995142554356,87.16812804762613,0.9928660136287109,51.302940747903065,75.53296232531255,94.22514555790022,HIGH_PRODUCTION,0,0,187.45252431681334
2024-03-28 17:00:00,RIG_ANOMALIES,17,28,3,62.32594441603586,87.18826636675948,86.26069228581747,0.9599507201270404,50.09682669972681,79.14075439229457,88.90771535791166,HIGH_PRODUCTION,0,0,187.49884205650764
2024-03-28 18:00:00,RIG_ANOMALIES,18,28,3,54.150432526909064,83.51523616874098,79.87902252550526,0.989924677368786,52.330597126919045,74.62359385633331,87.19123831694779,HIGH_PRODUCTION,0,0,187.54515979620194
2024-03-28 19:00:00,RIG_ANOMALIES,19,28,3,45.97492063778226,61.820447060712695,65.04165344170273,0.8282276431179404,45.09413861076781,68.36956029382947,73.96369101859192,HIGH_PRODUCTION,0,0,187.59147753589625
2024-03-28 20:00:00,RIG_ANOMALIES,20,28,3,38.356556373227264,65.65923142365229,69.08307724996415,0.9853183041099352,46.29438600409497,72.77178552672886,69.84279973123657,HIGH_PRODUCTION,0,0,187.63779527559055
2024-03-28 21:00:00,RIG_ANOMALIES,21,28,3,36.10028835127271,54.07553347702663,57.76129094400327,0.9145910047558758,40.44664125263202,61.783617343653745,60.61257960798708,HIGH_PRODUCTION,0,0,187.68411301528485
2024-03-28 22:00:00,RIG_ANOMALIES,22,28,3,36.10028835127271,62.854634160708116,61.17958509599564,0.7682219654799363,46.699358889486206,68.607962915156,64.54036779376246,STANDBY,0,0,187.73043075497915
2024-03-28 23:00:00,RIG_ANOMALIES,23,28,3,36.10028835127271,64.83505393065144,59.91360302113977,0.8527208530572644,47.57178971906439,69.26615549144242,65.14814422244815,STANDBY,0,0,187.77674849467346
2024-03-29 00:00:00,RIG_ANOMALIES,0,29,4,36.10028835127271,60.60019301758069,56.43931825919627,0.7936025167301545,46.879061307843635,70.36099615437472,57.64015016542991,STANDBY,0,0,187.82306623436776
2024-03-29 01:00:00,RIG_ANOMALIES,1,29,4,36.10028835127271,57.072402159777354,54.62892358657477,0.7882995556574612,42.38379651906205,62.03238190175095,59.194822305919885,STANDBY,0,0,187.86938397406206
2024-03-29 02:00:00,RIG_ANOMALIES,2,29,4,36.10028835127271,61.79918774342125,62.43669051409996,0.8610241500311537,44.41254614711733,67.71910815692485,67.93894231282563,STANDBY,0,0,187.91570171375636
2024-03-29 03:00:00,RIG_ANOMALIES,3,29,4,36.10028835127271,59.34658858771126,57.77303591767749,0.8850285567983154,49.16516383378076,65.84638678070758,63.05691047101631,STANDBY,0,0,187.96201945345067
2024-03-29 04:00:00,RIG_ANOMALIES,4,29,4,38.35655637322725,62.21916382837598,62.724452877967664,0.8303301613874849,42.93279095938699,64.7641021506646,66.07021798170503,STANDBY,0,0,188.00833719314497
2024-03-29 05:00:00,RIG_ANOMALIES,5,29,4,45.97492063778226,69.82274323502789,68.39285485971595,0.8644942542569048,48.84850429005877,72.5232889403165,69.87690979515246,STANDBY,0,0,188.05465493283927
2024-03-29 06:00:00,RIG_ANOMALIES,6,29,4,54.15043252690906,75.607541090316,72.75655392940189,1.024249197583117,52.44290876991446,73.27857401079031,80.32422162337679,HIGH_PRODUCTION,0,0,188.10097267253357
2024-03-29 07:00:00,RIG_ANOMALIES,7,29,4,62.32594441603586,89.6549189903069,84.49062591399897,0.9726506385795094,52.52185030372329,72.52773722280034,90.52412924340656,HIGH_PRODUCTION,0,0,188.14729041222787
2024-03-29 08:00:00,RIG_ANOMALIES,8,29,4,69.94430868059086,98.54834976840786,95.0,1.018414487909689,55.8198514400272,79.03681157153085,100.92232598331798,HIGH_PRODUCTION,0,0,188.1936081519222
2024-03-29 09:00:00,RIG_ANOMALIES,9,29,4,76.48634638588689,102.83944105424891,94.28288313945755,0.9809975993637344,57.1928358863437,81.15840970070317,100.1370658244989,HIGH_PRODUCTION,0,0,188.2399258916165
2024-03-29 10:00:00,RIG_ANOMALIES,10,29,4,81.50622847353647,104.56823553854788,95.0,1.0057161749531789,54.316917452517025,80.42390432090698,107.02949223772997,HIGH_PRODUCTION,0,0,188.2862436313108
2024-03-29 11:00:00,RIG_ANOMALIES,11,29,4,84.66185827501369,111.85982463987972,95.0,0.973108034667969,58.984494313531656,84.06833349176327,103.85186348402088,HIGH_PRODUCTION,0,0,188.3325613710051
2024-03-29 12:00:00,RIG_ANOMALIES,12,29,4,85.73818483427267,99.04536525415405,93.81854982488562,0.9617511478055448,54.955835810748,77.80861815129494,98.91658386655021,HIGH_PRODUCTION,0,0,188.37887911069942
2024-03-29 13:00:00,RIG_ANOMALIES,13,29,4,84.66185827501369,108.81365177916605,95.0,0.9005669031554511,58.9675561898995,86.07832572324804,103.57419244548147,HIGH_PRODUCTION,0,0,188.42519685039372
2024-03-29 14:00:00,RIG_ANOMALIES,14,29,4,81.50622847353648,114.40569373052072,95.0,0.983478458685386,60.78044172306633,78.09132020577263,94.57758219715525,HIGH_PRODUCTION,0,0,188.47151459008802
2024-03-29 15:00:00,RIG_ANOMALIES,15,29,4,76.48634638588689,105.10388662747606,95.0,1.0787784932696356,57.28530998401788,84.42986573357825,97.85195932290137,HIGH_PRODUCTION,0,0,188.51783232978232
2024-03-29 16:00:00,RIG_ANOMALIES,16,29,4,69.94430868059086,95.26337755115007,84.73397242303396,0.9376958156716576,56.300257126812475,81.21655576286867,90.17333341256062,HIGH_PRODUCTION,0,0,188.56415006947663
2024-03-29 17:00:00,RIG_ANOMALIES,17,29,4,62.32594441603586,89.67862258602477,88.17939313404649,0.9741145477646918,52.763546093366266,75.26194620773353,92.53543904840102,HIGH_PRODUCTION,0,0,188.61046780917093
2024-03-29 18:00:00,RIG_ANOMALIES,18,29,4,54.150432526909064,84.84510912303861,77.599071270098,0.9736176183161565,51.59322904176293,71.95890270167725,82.82857519915916,HIGH_PRODUCTION,0,0,188.65678554886523
2024-03-29 19:00:00,RIG_ANOMALIES,19,29,4,45.97492063778226,67.59353515109198,69.78391643860343,0.8968952609624963,49.1257071555323,72.26428391401973,75.27774747658593,HIGH_PRODUCTION,0,0,188.70310328855953
2024-03-29 20:00:00,RIG_ANOMALIES,20,29,4,38.356556373227264,61.980181733840446,65.412173167701,0.8928480410328052,50.88598399328171,66.3628356037315,67.68199095389403,HIGH_PRODUCTION,0,0,188.74942102825383
2024-03-29 21:00:00,RIG_ANOMALIES,21,29,4,36.10028835127271,59.89372483248213,60.30375282018242,0.8235712213136632,43.47398743971072,68.12414537199544,62.70588155577809,HIGH_PRODUCTION,0,0,188.79573876794814
2024-03-29 22:00:00,RIG_ANOMALIES,22,29,4,36.10028835127271,57.11830651235683,55.75263996691715,0.925219599320994,45.216707486305694,71.32376296162451,68.72042827572506,STANDBY,0,0,188.84205650764244
2024-03-29 23:00:00,RIG_ANOMALIES,23,29,4,36.10028835127271,66.62756945590428,60.46535476002209,0.8483836986943951,48.43257670432227,70.99640060512748,65.9808658051479,STANDBY,0,0,188.88837424733674
2024-03-30 00:00:00,RIG_ANOMALIES,0,30,5,36.872674070127886,68.4853967974883,62.98063413436654,0.893968488905994,46.047092351587885,72.40607149072602,69.61256893190937,STANDBY,0,0,188.93469198703104
2024-03-30 01:00:00,RIG_ANOMALIES,1,30,5,36.872674070127886,57.94028538446918,57.35620971714415,0.8391531801080933,44.785032108268375,72.52207635507635,60.21186919305866,STANDBY,0,0,188.98100972672535
2024-03-30 02:00:00,RIG_ANOMALIES,2,30,5,36.872674070127886,68.10093822558864,67.23198171268929,0.8544106645636753,52.55939814188662,68.87167745003484,73.7961884682233,STANDBY,0,0,189.02732746641965
2024-03-30 03:00:00,RIG_ANOMALIES,3,30,5,36.872674070127886,60.607404800131825,58.554875800009256,0.8405604333658147,44.488293892019726,70.9027423095733,61.38490639217252,STANDBY,0,0,189.07364520611395
2024-03-30 04:00:00,RIG_ANOMALIES,4,30,5,39.17721619951087,61.64832460131772,57.45221159263544,0.944478421086596,44.19530311803101,63.029329460637406,66.25883215644193,STANDBY,0,0,189.11996294580825
2024-03-30 05:00:00,RIG_ANOMALIES,5,30,5,46.958579598635716,72.42323271294885,70.31049448555962,0.9918520120143408,49.19150365696683,71.11980800190925,78.34486467932061,STANDBY,0,0,189.16628068550256
2024-03-30 06:00:00,RIG_ANOMALIES,6,30,5,55.30901110519182,75.31129189490261,78.9624393734016,0.9372132845087773,46.52608459218544,73.51031763006459,84.04294122829407,HIGH_PRODUCTION,0,0,189.21259842519686
2024-03-30 07:00:00,RIG_ANOMALIES,7,30,5,63.65944261174793,89.34113970353741,84.86653733733942,0.8391934748390497,56.86368317688929,69.37168085703051,91.72809854922977,HIGH_PRODUCTION,0,0,189.25891616489116
2024-03-30 08:00:00,RIG_ANOMALIES,8,30,5,71.44080601087278,97.0181504653549,91.84106004881302,0.9699856541248255,53.9451860050191,77.11399641632632,95.47130944196437,HIGH_PRODUCTION,0,0,189.30523390458546
2024-03-30 09:00:00,RIG_ANOMALIES,9,30,5,78.12281424622702,109.74216822824039,95.0,0.9388160334517772,59.27008553135019,82.3311846850747,94.0884159736611,HIGH_PRODUCTION,0,0,189.35155164427977
2024-03-30 10:00:00,RIG_ANOMALIES,10,30,5,83.250099499112,103.41601397760861,95.0,0.9731625136352984,58.949887711469216,81.90805073254766,96.70095253470637,HIGH_PRODUCTION,0,0,189.39786938397407
2024-03-30 11:00:00,RIG_ANOMALIES,11,30,5,86.47324575278313,105.69689656074821,95.0,1.0626815028157997,56.186411055328556,80.86555695955686,101.46242220138748,HIGH_PRODUCTION,0,0,189.44418712366837
2024-03-30 12:00:00,RIG_ANOMALIES,12,30,5,87.57260091655372,113.05071004022446,95.0,1.08139990752163,57.88196674120656,81.75095701957181,101.8704614634457,HIGH_PRODUCTION,0,0,189.49050486336267
2024-03-30 13:00:00,RIG_ANOMALIES,13,30,5,86.47324575278313,111.22261196246748,95.0,0.9631498627785813,55.573696125487885,81.62899114412012,97.24651297507593,HIGH_PRODUCTION,0,0,189.53682260305698
2024-03-30 14:00:00,RIG_ANOMALIES,14,30,5,83.25009949911201,111.06050213878602,95.0,1.0531145091179615,57.62172555499468,94.6342301914939,99.91381408810086,HIGH_PRODUCTION,0,0,189.58314034275128
2024-03-30 15:00:00,RIG_ANOMALIES,15,30,5,78.12281424622702,103.45507223152863,95.0,1.0306023542478182,56.327367812804255,84.04395190852829,95.78359327564345,HIGH_PRODUCTION,0,0,189.62945808244558
2024-03-30 16:00:00,RIG_ANOMALIES,16,30,5,71.44080601087278,100.22459867162628,95.0,0.9650961901408678,54.54750780968693,80.45421295526528,100.14085766103096,HIGH_PRODUCTION,0,0,189.67577582213988
2024-03-30 17:00:00,RIG_ANOMALIES,17,30,5,63.65944261174793,90.81112901354417,87.4017140100541,0.961637479330472,57.514170899440714,79.60044023117514,97.3867028093132,HIGH_PRODUCTION,0,0,189.72209356183419
2024-03-30 18:00:00,RIG_ANOMALIES,18,30,5,55.30901110519183,89.60096943165455,85.19451588341754,0.9448551650120403,52.98508608763028,77.84521096027173,87.55885036786299,HIGH_PRODUCTION,0,0,189.7684113015285
2024-03-30 19:00:00,RIG_ANOMALIES,19,30,5,46.958579598635716,75.03457585486339,70.49022721909306,0.9025016775229945,50.450988479613386,75.37362901334879,70.90173792593225,HIGH_PRODUCTION,0,0,189.8147290412228
2024-03-30 20:00:00,RIG_ANOMALIES,20,30,5,39.17721619951089,63.79385521063849,63.17240152473978,0.9447426019285958,43.303406496583506,64.6223959384281,74.57762252527455,HIGH_PRODUCTION,0,0,189.8610467809171
2024-03-30 21:00:00,RIG_ANOMALIES,21,30,5,36.872674070127886,61.13397038478128,61.29352126850531,0.7908222228043629,44.039216669609615,66.98888814784857,64.7729831886121,HIGH_PRODUCTION,0,0,189.9073645206114
2024-03-30 22:00:00,RIG_ANOMALIES,22,30,5,36.872674070127886,61.93164313806606,63.30236580719025,0.9271658745573903,45.785724802231194,65.5174503356721,61.396912161925485,STANDBY,0,0,189.9536822603057
2024-03-30 23:00:00,RIG_ANOMALIES,23,30,5,36.872674070127886,66.76931446431104,64.54101529318933,0.8932013337925133,48.1359334366552,71.04647298039785,66.96912396963208,STANDBY,0,0,190.0
