timestamp,rig_id,hour,day,day_of_week,base_load,power_consumption,temperature,vibration,pressure,flow_rate,bearing_temperature,operational_mode,failure_indicator,failure_flag,estimated_rul
2024-01-01 00:00:00,RIG_DEGRADATION,0,1,0,40.0,41.547259629872805,44.93652697850752,0.38804638077199693,40.35785590561525,58.546120634123554,48.08311103025026,STANDBY,0,0,5.0
2024-01-01 01:00:00,RIG_DEGRADATION,1,1,0,40.0,41.57937811239385,47.6929578517037,0.4092142933556766,39.85679315147432,55.68491499904411,49.58595576312374,STANDBY,0,0,4.997684113015285
2024-01-01 02:00:00,RIG_DEGRADATION,2,1,0,40.0,48.911063882286605,50.622381513261345,0.5161058354676398,44.60715802208239,62.5040379303969,57.93170204140717,STANDBY,0,0,4.995368226030569
2024-01-01 03:00:00,RIG_DEGRADATION,3,1,0,40.0,38.930949582544876,45.57147587134886,0.3288061043062478,37.65709391286718,59.684458251843395,54.37016814631108,STANDBY,0,0,4.993052339045855
2024-01-01 04:00:00,RIG_DEGRADATION,4,1,0,42.5,39.4779075166319,50.44067197891555,0.3715556410281529,39.558052788726116,62.87734313080618,61.788491397270334,STANDBY,0,0,4.99073645206114
2024-01-01 05:00:00,RIG_DEGRADATION,5,1,0,50.94133342141177,54.47688720233545,63.31219798901416,0.41128274059101566,42.96385912587247,66.45686911739752,70.6985789646797,STANDBY,0,0,4.988420565076424
2024-01-01 06:00:00,RIG_DEGRADATION,6,1,0,60.0,61.59022176380688,67.55621648202766,0.5197847265655924,44.941848355609956,68.98550284021636,67.81566094262016,HIGH_PRODUCTION,0,0,4.986104678091709
2024-01-01 07:00:00,RIG_DEGRADATION,7,1,0,69.05866657858823,67.58345342161519,74.41823014814187,0.5463510287111912,45.83474096823048,70.73559358262638,81.36521153658553,HIGH_PRODUCTION,0,0,4.983788791106994
2024-01-01 08:00:00,RIG_DEGRADATION,8,1,0,77.5,77.13479549184012,79.66792323298894,0.5127895174078491,45.861763600225274,69.51328430257894,81.20319512370399,HIGH_PRODUCTION,0,0,4.9814729041222785
2024-01-01 09:00:00,RIG_DEGRADATION,9,1,0,84.74873734152916,89.73745599388033,89.58441611925517,0.6645240102003566,51.05196922980457,73.43845880791234,97.08538796263336,HIGH_PRODUCTION,0,0,4.979157017137564
2024-01-01 10:00:00,RIG_DEGRADATION,10,1,0,90.31088913245534,86.94302687506634,91.29445176102763,0.5479974845665985,53.81786137636509,78.78040070020114,96.42644184487314,HIGH_PRODUCTION,0,0,4.976841130152849
2024-01-01 11:00:00,RIG_DEGRADATION,11,1,0,93.8074039201174,94.70365706645632,90.95731858065083,0.584489221351315,56.79661777246008,78.6083470454746,99.30225262192084,HIGH_PRODUCTION,0,0,4.9745252431681335
2024-01-01 12:00:00,RIG_DEGRADATION,12,1,0,95.0,104.54110277818081,95.0,0.5948966104027592,53.67562897590767,82.26903099772115,103.27134571341611,HIGH_PRODUCTION,0,0,4.972209356183418
2024-01-01 13:00:00,RIG_DEGRADATION,13,1,0,93.8074039201174,90.73164772621314,93.21418236491509,0.5741156958268906,52.29653815224741,73.61347532170106,94.94988523795925,HIGH_PRODUCTION,0,0,4.969893469198703
2024-01-01 14:00:00,RIG_DEGRADATION,14,1,0,90.31088913245536,88.96783885625564,86.31963087869083,0.5578371733693115,48.26711441449008,70.48735185637778,90.9002069025659,HIGH_PRODUCTION,0,0,4.967577582213988
2024-01-01 15:00:00,RIG_DEGRADATION,15,1,0,84.74873734152916,88.77468551565767,89.20509392695017,0.5703536149055836,54.36856619028255,76.26978373222596,97.27744266833382,HIGH_PRODUCTION,0,0,4.965261695229273
2024-01-01 16:00:00,RIG_DEGRADATION,16,1,0,77.5,74.02691576930997,75.3073809966691,0.45730750728093017,47.46192647687654,67.97948978870116,77.03192872183241,HIGH_PRODUCTION,0,0,4.962945808244558
2024-01-01 17:00:00,RIG_DEGRADATION,17,1,0,69.05866657858823,69.68532302954027,75.53546635440513,0.5286023114516412,52.96517669272498,75.0636553708051,84.05508152854775,HIGH_PRODUCTION,0,0,4.960629921259843
2024-01-01 18:00:00,RIG_DEGRADATION,18,1,0,60.00000000000001,59.78345873445729,63.45044402686005,0.498285461657475,48.16518234229162,69.549698482184,63.34723315986873,HIGH_PRODUCTION,0,0,4.958314034275127
2024-01-01 19:00:00,RIG_DEGRADATION,19,1,0,50.94133342141177,50.76836555481578,56.592962028629486,0.48667145551271884,41.67164575622559,61.31153457861229,63.04001831906905,HIGH_PRODUCTION,0,0,4.955998147290412
2024-01-01 20:00:00,RIG_DEGRADATION,20,1,0,42.500000000000014,48.607891478033864,56.96392784911851,0.577300549309646,45.2266218331934,70.8398063415574,62.654092923428664,HIGH_PRODUCTION,0,0,4.953682260305697
2024-01-01 21:00:00,RIG_DEGRADATION,21,1,0,40.0,48.499559778984384,52.50911419811629,0.39427940449061205,42.7429638631874,64.02227792195188,59.37533540242299,HIGH_PRODUCTION,0,0,4.951366373320982
2024-01-01 22:00:00,RIG_DEGRADATION,22,1,0,40.0,43.594725620647004,48.30298240181065,0.33310858485889505,39.04368492181852,63.2178887397942,52.22967777511507,STANDBY,0,0,4.949050486336267
2024-01-01 23:00:00,RIG_DEGRADATION,23,1,0,40.0,30.158533375549844,39.42828286227592,0.367539085698508,38.48499293303824,59.86036744660515,41.974480737816634,STANDBY,0,0,4.946734599351552
2024-01-02 00:00:00,RIG_DEGRADATION,0,2,1,38.26446504352977,42.4675158512743,47.978204586988255,0.45043554301762495,40.58826941267497,62.65623156403305,48.52664707983598,STANDBY,0,0,4.944418712366836
2024-01-02 01:00:00,RIG_DEGRADATION,1,2,1,38.26446504352977,45.3890997998057,49.03905426048886,0.4158654178362322,39.40202429062416,66.25345239384194,57.09756387928807,STANDBY,0,0,4.942102825382121
2024-01-02 02:00:00,RIG_DEGRADATION,2,2,1,38.26446504352977,41.60758132583798,48.29467696231438,0.4881341898985224,40.55988765531146,65.95048302482553,51.57804235860143,STANDBY,0,0,4.939786938397406
2024-01-02 03:00:00,RIG_DEGRADATION,3,2,1,38.26446504352977,39.72677171974875,48.34667351622256,0.41172677667343505,38.4707750175803,59.04975142345639,54.52412051650664,STANDBY,0,0,4.937471051412691
2024-01-02 04:00:00,RIG_DEGRADATION,4,2,1,40.65599410875038,40.506956016459,50.58797971254661,0.3903815718976631,40.10281784959777,59.79283399514524,47.27076873395171,STANDBY,0,0,4.935155164427976
2024-01-02 05:00:00,RIG_DEGRADATION,5,2,1,48.73107179936014,50.22258881355219,54.87858739958898,0.5266178613388366,43.12681817236473,63.43931433575574,59.96578442517145,STANDBY,0,0,4.932839277443261
2024-01-02 06:00:00,RIG_DEGRADATION,6,2,1,57.39669756529465,54.89139534229757,65.65901747363765,0.5240116229991694,43.46250678973818,62.87612193227639,68.89523244601494,HIGH_PRODUCTION,0,0,4.9305233904585455
2024-01-02 07:00:00,RIG_DEGRADATION,7,2,1,66.06232333122918,63.901435447988035,69.27218888956011,0.5545295515188245,49.3714127093389,69.6411125218698,75.5871111964778,HIGH_PRODUCTION,0,0,4.92820750347383
2024-01-02 08:00:00,RIG_DEGRADATION,8,2,1,74.13740102183893,82.91999623755207,86.01090466862625,0.6457206049317787,47.684027351047284,74.01156117392217,85.59411507388322,HIGH_PRODUCTION,0,0,4.925891616489116
2024-01-02 09:00:00,RIG_DEGRADATION,9,2,1,81.07162743720572,82.1901015699638,85.34104589777117,0.5611061145886892,50.16730904225061,75.76227875034729,90.40759418796115,HIGH_PRODUCTION,0,0,4.9235757295044005
2024-01-02 10:00:00,RIG_DEGRADATION,10,2,1,86.39244650647325,85.74511329818648,87.43049325631377,0.5223129011006407,51.75229675851583,74.48000381906934,89.3090901044588,HIGH_PRODUCTION,0,0,4.921259842519685
2024-01-02 11:00:00,RIG_DEGRADATION,11,2,1,89.73725320314024,90.43786638323348,95.0,0.49647192151439945,52.68895844741083,77.65727820291558,100.4491961152987,HIGH_PRODUCTION,0,0,4.91894395553497
2024-01-02 12:00:00,RIG_DEGRADATION,12,2,1,90.87810447838321,93.43079797505042,95.0,0.6291548007786313,57.763413422370505,79.26995871411037,102.17154204486853,HIGH_PRODUCTION,0,0,4.916628068550255
2024-01-02 13:00:00,RIG_DEGRADATION,13,2,1,89.73725320314024,85.49286964239079,88.29599699252519,0.5992297127580877,51.36267860262504,73.07947413397682,94.94437492372948,HIGH_PRODUCTION,0,0,4.914312181565539
2024-01-02 14:00:00,RIG_DEGRADATION,14,2,1,86.39244650647326,91.7559480892112,89.84317066206454,0.5774760326552508,52.663166308483945,79.45961312328662,97.64080313378062,HIGH_PRODUCTION,0,0,4.911996294580825
2024-01-02 15:00:00,RIG_DEGRADATION,15,2,1,81.07162743720572,87.36813888993944,86.49647450756042,0.6095084686678713,53.716166296753265,77.12484234616035,94.76082902763167,HIGH_PRODUCTION,0,0,4.90968040759611
2024-01-02 16:00:00,RIG_DEGRADATION,16,2,1,74.13740102183893,76.96742356194059,83.88526434476357,0.5432942419987662,45.49677644505045,72.72028399768692,90.83702125579576,HIGH_PRODUCTION,0,0,4.907364520611394
2024-01-02 17:00:00,RIG_DEGRADATION,17,2,1,66.06232333122918,67.92589594823409,71.7285239740687,0.5390431551494926,46.72518024200413,66.2622234371001,75.2279107686104,HIGH_PRODUCTION,0,0,4.905048633626679
2024-01-02 18:00:00,RIG_DEGRADATION,18,2,1,57.39669756529466,66.94194524396039,69.01425886239802,0.5189152977363802,44.55050006137094,70.52601091768538,68.26803711996988,HIGH_PRODUCTION,0,0,4.902732746641964
2024-01-02 19:00:00,RIG_DEGRADATION,19,2,1,48.73107179936014,54.38169373228656,59.25493089804423,0.45737118504843144,41.736720730019606,64.92056397464515,66.2195955109337,HIGH_PRODUCTION,0,0,4.900416859657248
2024-01-02 20:00:00,RIG_DEGRADATION,20,2,1,40.65599410875039,40.26369720332124,50.430074579025515,0.3227962974160585,42.15542344199074,59.075005349089366,56.84017828378144,HIGH_PRODUCTION,0,0,4.898100972672534
2024-01-02 21:00:00,RIG_DEGRADATION,21,2,1,38.26446504352977,44.9599003925921,52.377233885067334,0.4950082047929223,41.346652624027385,64.36911647626563,55.26583895111807,HIGH_PRODUCTION,0,0,4.895785085687819
2024-01-02 22:00:00,RIG_DEGRADATION,22,2,1,38.26446504352977,30.13997652281458,39.104287088420364,0.4215497423128575,40.02457545774179,58.566166215264104,43.399483545313856,STANDBY,0,0,4.893469198703103
2024-01-02 23:00:00,RIG_DEGRADATION,23,2,1,38.26446504352977,32.48218652054811,40.572651433842616,0.4821160510406314,38.09314365275852,58.93942476598424,50.44287969992763,STANDBY,0,0,4.891153311718388
2024-01-03 00:00:00,RIG_DEGRADATION,0,3,2,36.872674070127886,34.81008420785734,38.72058522343864,0.43735296299659754,42.63632911491971,59.554505218961744,46.85090600545867,STANDBY,0,0,4.888837424733673
2024-01-03 01:00:00,RIG_DEGRADATION,1,3,2,36.872674070127886,38.14774697026335,45.917463237398515,0.4730320822915791,38.30315516566923,58.234679174489855,54.71270684642893,STANDBY,0,0,4.8865215377489575
2024-01-03 02:00:00,RIG_DEGRADATION,2,3,2,36.872674070127886,36.90055379375365,45.71482130667689,0.38708363900019027,40.16901761716187,67.5329042016581,52.38318395068526,STANDBY,0,0,4.884205650764243
2024-01-03 03:00:00,RIG_DEGRADATION,3,3,2,36.872674070127886,39.446133513311636,49.052898825287635,0.49944496224551893,37.65656288281978,61.720360646003066,49.34872534932306,STANDBY,0,0,4.881889763779528
2024-01-03 04:00:00,RIG_DEGRADATION,4,3,2,39.17721619951087,40.12682907110865,52.49319626455555,0.4631638152226969,40.14983427477242,56.34650636248413,62.942302200888996,STANDBY,0,0,4.8795738767948125
2024-01-03 05:00:00,RIG_DEGRADATION,5,3,2,46.958579598635716,49.52318439419222,55.22590949593374,0.4356340466282739,42.03217509865382,71.01704500846314,57.743930065191265,STANDBY,0,0,4.877257989810097
2024-01-03 06:00:00,RIG_DEGRADATION,6,3,2,55.30901110519182,51.954686349548666,57.077426577391385,0.48236409804966895,44.90006768471845,66.16698125617943,56.79685532819916,HIGH_PRODUCTION,0,0,4.874942102825382
2024-01-03 07:00:00,RIG_DEGRADATION,7,3,2,63.65944261174793,63.133648433758005,70.46992994926134,0.498912396594573,42.28630769371896,68.74119039058924,75.62108370674883,HIGH_PRODUCTION,0,0,4.872626215840667
2024-01-03 08:00:00,RIG_DEGRADATION,8,3,2,71.44080601087278,68.91527185933892,76.40142057823485,0.5224685843383615,47.051814617340554,70.01856939725135,79.91781412632498,HIGH_PRODUCTION,0,0,4.870310328855952
2024-01-03 09:00:00,RIG_DEGRADATION,9,3,2,78.12281424622702,86.47275939451002,89.00240926570469,0.570801172630346,49.84192186722045,73.01010173933908,92.07243536669257,HIGH_PRODUCTION,0,0,4.867994441871237
2024-01-03 10:00:00,RIG_DEGRADATION,10,3,2,83.250099499112,78.02074443553273,83.83369349871953,0.5269203919394423,47.8331439624242,73.62846278840408,85.13446191388175,HIGH_PRODUCTION,0,0,4.865678554886522
2024-01-03 11:00:00,RIG_DEGRADATION,11,3,2,86.47324575278313,88.73183147933797,91.33321672676678,0.5455379586117233,52.852279660909424,73.06011329197564,97.3687773499736,HIGH_PRODUCTION,0,0,4.863362667901806
2024-01-03 12:00:00,RIG_DEGRADATION,12,3,2,87.57260091655372,88.73727357645352,90.13987533396093,0.557859221215848,53.76976053472702,77.99681579298361,94.11270909856484,HIGH_PRODUCTION,0,0,4.861046780917091
2024-01-03 13:00:00,RIG_DEGRADATION,13,3,2,86.47324575278313,79.31880201555606,84.38910585059027,0.5874206564988748,47.81856571499213,78.58186409857186,88.76966419615005,HIGH_PRODUCTION,0,0,4.858730893932377
2024-01-03 14:00:00,RIG_DEGRADATION,14,3,2,83.25009949911201,79.89706591205336,83.30654208935253,0.5917729240581024,51.51703104047224,72.6936832571554,89.88250072691696,HIGH_PRODUCTION,0,0,4.856415006947661
2024-01-03 15:00:00,RIG_DEGRADATION,15,3,2,78.12281424622702,85.31291760526614,87.39416223353952,0.58621079606942,54.117102096875364,72.58154192259616,90.31871132548613,HIGH_PRODUCTION,0,0,4.854099119962946
2024-01-03 16:00:00,RIG_DEGRADATION,16,3,2,71.44080601087278,75.65389341669648,80.91502159973075,0.5719022953144413,48.404274084503264,75.2315928785646,87.52365812576235,HIGH_PRODUCTION,0,0,4.851783232978231
2024-01-03 17:00:00,RIG_DEGRADATION,17,3,2,63.65944261174793,59.31569679961238,66.91273046813154,0.5267149397645756,49.9077813448063,63.53803284378224,68.45043224466329,HIGH_PRODUCTION,0,0,4.849467345993515
2024-01-03 18:00:00,RIG_DEGRADATION,18,3,2,55.30901110519183,46.702617188850084,57.96284374760412,0.43337998375368636,40.92035648993649,63.68076703948285,63.578898008946915,HIGH_PRODUCTION,0,0,4.8471514590088
2024-01-03 19:00:00,RIG_DEGRADATION,19,3,2,46.958579598635716,54.333897508768864,61.39190317237125,0.4988253780407934,42.953310690905944,64.25264488378183,62.83888496246397,HIGH_PRODUCTION,0,0,4.844835572024085
2024-01-03 20:00:00,RIG_DEGRADATION,20,3,2,39.17721619951089,46.66920861115515,52.8870756331063,0.48331916084480614,39.07930569910481,66.86552166372572,59.514279700233125,HIGH_PRODUCTION,0,0,4.84251968503937
2024-01-03 21:00:00,RIG_DEGRADATION,21,3,2,36.872674070127886,33.862300764973774,44.40395591677009,0.43162985201647586,37.19783890286999,61.01033330104792,49.32558044621216,HIGH_PRODUCTION,0,0,4.840203798054655
2024-01-03 22:00:00,RIG_DEGRADATION,22,3,2,36.872674070127886,45.047579561298704,48.93698039769876,0.5382595764193379,42.09271144546149,65.5851091631183,54.44022260826488,STANDBY,0,0,4.83788791106994
2024-01-03 23:00:00,RIG_DEGRADATION,23,3,2,36.872674070127886,34.72283848870526,41.87165811431247,0.423343183275527,41.235081643065534,62.90651991969933,44.07282959438051,STANDBY,0,0,4.8355720240852245
2024-01-04 00:00:00,RIG_DEGRADATION,0,4,3,36.10028835127271,41.28278386929424,48.57584495024718,0.5701913746841734,40.26110917971314,63.58719538497814,56.12802668594,STANDBY,0,0,4.833256137100509
2024-01-04 01:00:00,RIG_DEGRADATION,1,4,3,36.10028835127271,27.34462223906629,39.89503815896814,0.34592026460619596,40.5441628591118,60.18780432359293,43.123777315160225,STANDBY,0,0,4.830940250115795
2024-01-04 02:00:00,RIG_DEGRADATION,2,4,3,36.10028835127271,34.42995798794084,46.11752546199907,0.37636301190300525,39.19667512721802,63.088728021427144,55.741075303872044,STANDBY,0,0,4.8286243631310795
2024-01-04 03:00:00,RIG_DEGRADATION,3,4,3,36.10028835127271,35.11258935805433,43.57944653726205,0.3734954498629349,37.90975489557579,63.44662064576648,51.67725234837917,STANDBY,0,0,4.826308476146364
2024-01-04 04:00:00,RIG_DEGRADATION,4,4,3,38.35655637322725,33.335477201544045,45.21850006554362,0.38635798863906956,41.4069182566519,58.893173255108074,49.75063658768666,STANDBY,0,0,4.823992589161649
2024-01-04 05:00:00,RIG_DEGRADATION,5,4,3,45.97492063778226,47.58581066148237,57.026073472785825,0.4957392515346051,44.92079362813692,65.08271663741691,64.3545843461648,STANDBY,0,0,4.821676702176934
2024-01-04 06:00:00,RIG_DEGRADATION,6,4,3,54.15043252690906,58.15013937552274,64.17027510913329,0.5219114751144485,45.65356974291609,68.72816239868249,68.9630893889175,HIGH_PRODUCTION,0,0,4.819360815192218
2024-01-04 07:00:00,RIG_DEGRADATION,7,4,3,62.32594441603586,66.61114085113111,71.6039693943832,0.5112221036543705,43.322253195307105,68.0289229821961,78.55292024602683,HIGH_PRODUCTION,0,0,4.817044928207504
2024-01-04 08:00:00,RIG_DEGRADATION,8,4,3,69.94430868059086,73.50932767135257,76.91385955138163,0.5539811128747878,47.91076530025516,72.42414655707697,80.32273727695878,HIGH_PRODUCTION,0,0,4.8147290412227886
2024-01-04 09:00:00,RIG_DEGRADATION,9,4,3,76.48634638588689,84.78202093704468,85.33942697052521,0.49708778071118986,52.7969511829267,76.92061976111007,89.26616601763128,HIGH_PRODUCTION,0,0,4.812413154238073
2024-01-04 10:00:00,RIG_DEGRADATION,10,4,3,81.50622847353647,82.49824927325072,87.60792175644092,0.5665117165666995,48.611262900574886,77.45360185698415,94.17526478555921,HIGH_PRODUCTION,0,0,4.810097267253358
2024-01-04 11:00:00,RIG_DEGRADATION,11,4,3,84.66185827501369,84.84150420598306,89.96069466641872,0.6415467383493554,51.65829937095822,78.19205913043676,95.04594185479115,HIGH_PRODUCTION,0,0,4.807781380268643
2024-01-04 12:00:00,RIG_DEGRADATION,12,4,3,85.73818483427267,91.34717268159983,92.96114806849975,0.6134775231053268,53.91829013972662,76.54876954401763,97.28411684725596,HIGH_PRODUCTION,0,0,4.805465493283927
2024-01-04 13:00:00,RIG_DEGRADATION,13,4,3,84.66185827501369,89.13917385406735,93.95121805278815,0.6480642308683435,51.98980040352491,75.3468464523962,93.64666045002068,HIGH_PRODUCTION,0,0,4.803149606299213
2024-01-04 14:00:00,RIG_DEGRADATION,14,4,3,81.50622847353648,80.28821807991818,88.5608724772444,0.5360252815993307,51.72377216604341,64.43412505406471,93.02751668388765,HIGH_PRODUCTION,0,0,4.800833719314498
2024-01-04 15:00:00,RIG_DEGRADATION,15,4,3,76.48634638588689,73.49300298863807,79.75478726021493,0.4591312426865446,47.13384016118731,73.25458552766231,87.40468805207041,HIGH_PRODUCTION,0,0,4.798517832329782
2024-01-04 16:00:00,RIG_DEGRADATION,16,4,3,69.94430868059086,76.80769327121526,87.84427225544358,0.5449943144957251,46.25250197934797,69.66894671754524,96.36522864482409,HIGH_PRODUCTION,0,0,4.796201945345067
2024-01-04 17:00:00,RIG_DEGRADATION,17,4,3,62.32594441603586,64.37393969536717,72.46809965854915,0.5682014731446653,45.28896592920633,63.55195992960351,72.09397042481982,HIGH_PRODUCTION,0,0,4.793886058360352
2024-01-04 18:00:00,RIG_DEGRADATION,18,4,3,54.150432526909064,54.35313858495552,61.99309404685239,0.5198854637736796,48.76826828204857,67.62719012010498,69.83896815796562,HIGH_PRODUCTION,0,0,4.7915701713756365
2024-01-04 19:00:00,RIG_DEGRADATION,19,4,3,45.97492063778226,48.870037961128766,57.90022889513865,0.4938313764878758,44.42015286730163,66.70870408801713,65.45637894174672,HIGH_PRODUCTION,0,0,4.789254284390922
2024-01-04 20:00:00,RIG_DEGRADATION,20,4,3,38.356556373227264,40.355222060408316,52.82750201322051,0.5226384280640695,39.58116280289113,63.90458143074361,58.431642183111535,HIGH_PRODUCTION,0,0,4.786938397406207
2024-01-04 21:00:00,RIG_DEGRADATION,21,4,3,36.10028835127271,30.900644084223483,41.98702747703276,0.5052712795243239,38.1811858527647,60.02803686069584,47.84275195667192,HIGH_PRODUCTION,0,0,4.7846225104214914
2024-01-04 22:00:00,RIG_DEGRADATION,22,4,3,36.10028835127271,39.26543948491426,48.069851344176804,0.43719325126615977,40.77800638565996,60.97241423503302,54.95845961234027,STANDBY,0,0,4.782306623436776
2024-01-04 23:00:00,RIG_DEGRADATION,23,4,3,36.10028835127271,43.16022723098286,49.20573856233025,0.41745353029988175,40.63269785118489,62.67354367917051,54.42800122430071,STANDBY,0,0,4.779990736452061
2024-01-05 00:00:00,RIG_DEGRADATION,0,5,4,36.10028835127271,31.404567676732654,40.78238567432793,0.3676378938382636,37.95628656099186,60.997255873651014,45.609458632922816,STANDBY,0,0,4.7776748494673456
2024-01-05 01:00:00,RIG_DEGRADATION,1,5,4,36.10028835127271,33.691567157798836,42.40717561222895,0.37176793861615376,38.964252490440536,61.69977624436556,49.992406785160384,STANDBY,0,0,4.775358962482631
2024-01-05 02:00:00,RIG_DEGRADATION,2,5,4,36.10028835127271,33.36412216046734,44.25972001331908,0.4514497943938845,36.160871187920336,59.18842350661155,54.33516895527414,STANDBY,0,0,4.773043075497916
2024-01-05 03:00:00,RIG_DEGRADATION,3,5,4,36.10028835127271,44.84244086466436,49.67707482669604,0.4700349155108432,41.53596605945258,61.94437213455322,56.65160414192676,STANDBY,0,0,4.7707271885132005
2024-01-05 04:00:00,RIG_DEGRADATION,4,5,4,38.35655637322725,40.98877407366102,49.32475579552671,0.3462880180439893,40.28716273508203,62.123731526260784,49.33200378325434,STANDBY,0,0,4.768411301528485
2024-01-05 05:00:00,RIG_DEGRADATION,5,5,4,45.97492063778226,50.01641572178638,55.62745691554024,0.3868112444687607,41.391100891698265,61.235150992484364,60.590616270448315,STANDBY,0,0,4.76609541454377
2024-01-05 06:00:00,RIG_DEGRADATION,6,5,4,54.15043252690906,54.8453021003779,61.84869611684741,0.47327327680344394,46.287601172944925,62.76589499377401,68.96218468694946,HIGH_PRODUCTION,0,0,4.7637795275590555
2024-01-05 07:00:00,RIG_DEGRADATION,7,5,4,62.32594441603586,64.02280552778068,73.97254333955416,0.5004238856835375,48.567719834018796,67.37881422441383,83.85911894254852,HIGH_PRODUCTION,0,0,4.76146364057434
2024-01-05 08:00:00,RIG_DEGRADATION,8,5,4,69.94430868059086,62.24578479755786,71.96898424385476,0.5154540969144235,46.71972544719163,67.43369796009037,74.20837213576377,HIGH_PRODUCTION,0,0,4.759147753589625
2024-01-05 09:00:00,RIG_DEGRADATION,9,5,4,76.48634638588689,78.99309596580454,81.85185947445524,0.6047770837683132,51.33210354120497,74.7470242622926,91.43731280972179,HIGH_PRODUCTION,0,0,4.75683186660491
2024-01-05 10:00:00,RIG_DEGRADATION,10,5,4,81.50622847353647,81.86961655470705,85.73169464972143,0.6119447224591827,49.369301617211335,66.87199814058013,88.88836992897113,HIGH_PRODUCTION,0,0,4.754515979620194
2024-01-05 11:00:00,RIG_DEGRADATION,11,5,4,84.66185827501369,89.57876543934951,93.1334009944366,0.5980815892133756,49.97411724972609,78.47958376771207,104.35862182025221,HIGH_PRODUCTION,0,0,4.752200092635479
2024-01-05 12:00:00,RIG_DEGRADATION,12,5,4,85.73818483427267,80.94236880626316,89.14949383688764,0.5848524182349123,47.04264892652646,75.99996483613208,95.41508162016214,HIGH_PRODUCTION,0,0,4.749884205650765
2024-01-05 13:00:00,RIG_DEGRADATION,13,5,4,84.66185827501369,85.40798325314006,89.28736211553905,0.6373177266323365,52.63444119955133,70.46804489177195,95.66571771567384,HIGH_PRODUCTION,0,0,4.747568318666049
2024-01-05 14:00:00,RIG_DEGRADATION,14,5,4,81.50622847353648,73.16095520741237,79.94501639469402,0.580387842042043,49.81043614910058,70.70247715307752,88.26817049833373,HIGH_PRODUCTION,0,0,4.745252431681334
2024-01-05 15:00:00,RIG_DEGRADATION,15,5,4,76.48634638588689,76.8702855951624,77.40475644016198,0.6353959684554951,46.53668862544365,65.50280031264879,87.58915669426202,HIGH_PRODUCTION,0,0,4.742936544696619
2024-01-05 16:00:00,RIG_DEGRADATION,16,5,4,69.94430868059086,70.37972596703888,74.80966732518554,0.5102111877434414,49.9402986051773,72.96579127483123,75.62285002467883,HIGH_PRODUCTION,0,0,4.740620657711903
2024-01-05 17:00:00,RIG_DEGRADATION,17,5,4,62.32594441603586,61.09336496414334,69.75814946521122,0.45535205997228156,49.261752931123965,70.59625676614237,75.3425364159757,HIGH_PRODUCTION,0,0,4.738304770727188
2024-01-05 18:00:00,RIG_DEGRADATION,18,5,4,54.150432526909064,62.9234864986234,68.03791037870339,0.517425145753746,45.87134371319639,68.47922114934683,72.09145808442562,HIGH_PRODUCTION,0,0,4.735988883742474
2024-01-05 19:00:00,RIG_DEGRADATION,19,5,4,45.97492063778226,49.14506422538736,57.29088053604557,0.485621053040055,42.566143562969636,63.468423978927845,57.893372857224875,HIGH_PRODUCTION,0,0,4.733672996757758
2024-01-05 20:00:00,RIG_DEGRADATION,20,5,4,38.356556373227264,41.17039524812257,48.24836549593462,0.48031400704838084,39.43394374676852,66.80263352978059,56.103099351937516,HIGH_PRODUCTION,0,0,4.731357109773043
2024-01-05 21:00:00,RIG_DEGRADATION,21,5,4,36.10028835127271,31.75309067123306,46.17088314546443,0.37859788785422377,35.9383118986262,60.63959694478527,55.42049422382172,HIGH_PRODUCTION,0,0,4.729041222788328
2024-01-05 22:00:00,RIG_DEGRADATION,22,5,4,36.10028835127271,36.62133557260262,42.65875674041888,0.43877820532417183,42.55491141339729,72.92799358737118,51.98977358426914,STANDBY,0,0,4.7267253358036125
2024-01-05 23:00:00,RIG_DEGRADATION,23,5,4,36.10028835127271,33.884246777689995,42.74957647244569,0.4466820562296995,39.50394065305831,65.55173886166173,45.345474398386266,STANDBY,0,0,4.724409448818897
2024-01-06 00:00:00,RIG_DEGRADATION,0,6,5,36.872674070127886,37.4324326835306,45.27389920058222,0.3883789775875122,41.07194820302232,61.06831989431448,47.5741843373053,STANDBY,0,0,4.722093561834183
2024-01-06 01:00:00,RIG_DEGRADATION,1,6,5,36.872674070127886,49.71749495116495,54.873442453671515,0.48473423802345406,46.30299261443732,60.48234029080716,60.640313353578435,STANDBY,0,0,4.7197776748494675
2024-01-06 02:00:00,RIG_DEGRADATION,2,6,5,36.872674070127886,37.190410167184226,45.45463842895697,0.43815296511494484,38.08255198639204,63.25192454444775,47.94619479932139,STANDBY,0,0,4.717461787864752
2024-01-06 03:00:00,RIG_DEGRADATION,3,6,5,36.872674070127886,32.07368201455549,44.661959252400806,0.4434721807455869,38.947940842457044,60.19981566460054,50.64119179812352,STANDBY,0,0,4.715145900880037
2024-01-06 04:00:00,RIG_DEGRADATION,4,6,5,39.17721619951087,41.896974503047694,50.546620215947286,0.4482539826954611,43.99237252248179,61.70248325524158,53.87424806539311,STANDBY,0,0,4.712830013895322
2024-01-06 05:00:00,RIG_DEGRADATION,5,6,5,46.958579598635716,46.94117238594336,56.6481950794809,0.4639180481957037,41.67557462999811,61.45076660385349,60.20880952098364,STANDBY,0,0,4.710514126910606
2024-01-06 06:00:00,RIG_DEGRADATION,6,6,5,55.30901110519182,53.00202772398183,61.34246941306643,0.5273318429914624,43.77609462833299,63.145787983822345,68.5346865069853,HIGH_PRODUCTION,0,0,4.708198239925892
2024-01-06 07:00:00,RIG_DEGRADATION,7,6,5,63.65944261174793,71.60346918030432,72.80488704398309,0.6094801249576427,49.254113242192496,71.97750491647659,76.75467309330436,HIGH_PRODUCTION,0,0,4.705882352941177
2024-01-06 08:00:00,RIG_DEGRADATION,8,6,5,71.44080601087278,71.79653454205678,78.72848829859386,0.5886655618660428,47.33854941064475,70.4522967332926,82.92624022274138,HIGH_PRODUCTION,0,0,4.703566465956461
2024-01-06 09:00:00,RIG_DEGRADATION,9,6,5,78.12281424622702,74.76996496199021,82.34663560114397,0.541453309732578,48.61794140537159,78.3220619823269,88.97330032948338,HIGH_PRODUCTION,0,0,4.701250578971746
2024-01-06 10:00:00,RIG_DEGRADATION,10,6,5,83.250099499112,77.72981418324272,85.96632524386575,0.4843380781006368,51.52633762470795,78.28732379538694,91.78616230689542,HIGH_PRODUCTION,0,0,4.698934691987031
2024-01-06 11:00:00,RIG_DEGRADATION,11,6,5,86.47324575278313,78.29989333225517,83.75691626373874,0.5338199388404126,45.404570654786816,75.40437522292748,87.74883085743801,HIGH_PRODUCTION,0,0,4.696618805002316
2024-01-06 12:00:00,RIG_DEGRADATION,12,6,5,87.57260091655372,99.94627687823916,95.0,0.655826844058749,54.78756555101219,84.47496321831336,105.57579886960447,HIGH_PRODUCTION,0,0,4.694302918017601
2024-01-06 13:00:00,RIG_DEGRADATION,13,6,5,86.47324575278313,82.00836012606966,87.60614890651054,0.5830190249888413,50.72006431349737,76.018508534477,98.56321909338304,HIGH_PRODUCTION,0,0,4.691987031032886
2024-01-06 14:00:00,RIG_DEGRADATION,14,6,5,83.25009949911201,84.62511673905736,89.8488574743644,0.5619142185789909,54.476129107547884,73.2802942672639,96.1791055005863,HIGH_PRODUCTION,0,0,4.68967114404817
2024-01-06 15:00:00,RIG_DEGRADATION,15,6,5,78.12281424622702,78.97371315468101,83.10820288953563,0.45883973818539125,47.49252518981663,72.06602172067446,83.23806006458454,HIGH_PRODUCTION,0,0,4.687355257063455
2024-01-06 16:00:00,RIG_DEGRADATION,16,6,5,71.44080601087278,69.49534186446631,77.80631611036952,0.4997231025576416,48.07114309610008,71.1430282788732,81.15151353826812,HIGH_PRODUCTION,0,0,4.68503937007874
2024-01-06 17:00:00,RIG_DEGRADATION,17,6,5,63.65944261174793,70.68746079697354,75.78427670324959,0.6097792251808031,46.81086368922884,68.21236179539358,75.67464404326456,HIGH_PRODUCTION,0,0,4.682723483094025
2024-01-06 18:00:00,RIG_DEGRADATION,18,6,5,55.30901110519183,56.23461594953321,66.15813061803549,0.38414746066707234,42.92135390159777,71.68930327612573,76.69688557050242,HIGH_PRODUCTION,0,0,4.68040759610931
2024-01-06 19:00:00,RIG_DEGRADATION,19,6,5,46.958579598635716,49.07275212834455,57.330868719743314,0.5183687187168007,41.22835010176613,67.35507283355193,59.98775336256322,HIGH_PRODUCTION,0,0,4.678091709124595
2024-01-06 20:00:00,RIG_DEGRADATION,20,6,5,39.17721619951089,44.84824807110838,52.985116269200454,0.45916394873338623,42.868066044108225,61.409239552930806,58.55597167240061,HIGH_PRODUCTION,0,0,4.6757758221398795
2024-01-06 21:00:00,RIG_DEGRADATION,21,6,5,36.872674070127886,35.831080898036575,44.09866906580787,0.40321027831234846,37.70425963524549,62.20924255587982,50.92711162680614,HIGH_PRODUCTION,0,0,4.673459935155164
2024-01-06 22:00:00,RIG_DEGRADATION,22,6,5,36.872674070127886,38.36610966716299,43.94818753710566,0.43440333637772927,40.705235321172644,58.35071380526424,50.85086096743485,STANDBY,0,0,4.671144048170449
2024-01-06 23:00:00,RIG_DEGRADATION,23,6,5,36.872674070127886,45.180582448607986,47.06877048302194,0.5011198874998817,43.58674261411827,56.85597196755752,51.24812732217656,STANDBY,0,0,4.6688281611857345
2024-01-07 00:00:00,RIG_DEGRADATION,0,7,6,38.26446504352977,39.58644334921944,45.29583315997341,0.42629407503871863,36.45098394174424,58.64240454923739,53.12940119519255,STANDBY,0,0,4.666512274201019
2024-01-07 01:00:00,RIG_DEGRADATION,1,7,6,38.26446504352977,41.768435258550525,45.70012694822016,0.4552152551848557,43.39318468176539,63.75126501219852,46.8465413095161,STANDBY,0,0,4.664196387216304
2024-01-07 02:00:00,RIG_DEGRADATION,2,7,6,38.26446504352977,43.353054395147794,49.1588029788323,0.4841565524592239,42.07316319561127,63.51273467832899,51.288701641699966,STANDBY,0,0,4.661880500231589
2024-01-07 03:00:00,RIG_DEGRADATION,3,7,6,38.26446504352977,53.60740335952723,54.407072045739895,0.46786745227794924,41.67104048880726,62.12970324934176,60.08824805645266,STANDBY,0,0,4.659564613246873
2024-01-07 04:00:00,RIG_DEGRADATION,4,7,6,40.65599410875038,37.12358067643422,48.93917397293675,0.431516135532287,43.764394264833165,60.33159330665623,60.06108487137813,STANDBY,0,0,4.657248726262158
2024-01-07 05:00:00,RIG_DEGRADATION,5,7,6,48.73107179936013,46.06487214518146,58.482128857461056,0.42344738639090473,40.57124855798727,66.43522633900805,63.298307553568876,STANDBY,0,0,4.654932839277444
2024-01-07 06:00:00,RIG_DEGRADATION,6,7,6,57.396697565294645,61.33837801297839,66.30551861482994,0.49673289136039156,44.55673392842883,71.99601991619724,75.40347428332066,HIGH_PRODUCTION,0,0,4.652616952292728
2024-01-07 07:00:00,RIG_DEGRADATION,7,7,6,66.06232333122917,63.28086945658208,68.28585056592993,0.4601395714431057,44.937630343774515,69.79080688384278,76.81451212323806,HIGH_PRODUCTION,0,0,4.650301065308013
2024-01-07 08:00:00,RIG_DEGRADATION,8,7,6,74.13740102183893,76.79787127481201,79.51440024565622,0.6113581080294478,47.12581945682164,74.37631468350645,83.75605694203645,HIGH_PRODUCTION,0,0,4.647985178323298
2024-01-07 09:00:00,RIG_DEGRADATION,9,7,6,81.0716274372057,82.41631971874862,86.50150773942129,0.4714880418100875,52.10718281869588,73.36371050252643,94.63593499651797,HIGH_PRODUCTION,0,0,4.645669291338582
2024-01-07 10:00:00,RIG_DEGRADATION,10,7,6,86.39244650647323,86.40759044340713,92.99455065717174,0.5324560085590291,51.56657482892429,76.73086541712587,100.49372189404093,HIGH_PRODUCTION,0,0,4.643353404353867
2024-01-07 11:00:00,RIG_DEGRADATION,11,7,6,89.73725320314023,98.36730712873506,95.0,0.5407239373158781,55.81647273581945,78.05624160786661,100.11596098252154,HIGH_PRODUCTION,0,0,4.641037517369153
2024-01-07 12:00:00,RIG_DEGRADATION,12,7,6,90.8781044783832,94.13847899480727,95.0,0.6230173483330392,57.17863276686506,78.43880299935249,98.56243366414034,HIGH_PRODUCTION,0,0,4.638721630384437
2024-01-07 13:00:00,RIG_DEGRADATION,13,7,6,89.73725320314023,97.99141354911879,95.0,0.689702207067826,56.80950591892525,76.73608475616744,106.57274305208631,HIGH_PRODUCTION,0,0,4.636405743399722
2024-01-07 14:00:00,RIG_DEGRADATION,14,7,6,86.39244650647325,85.45442587391474,86.66680426712428,0.6506295544619862,52.97538859992073,78.51774876093518,90.79871529164915,HIGH_PRODUCTION,0,0,4.634089856415007
2024-01-07 15:00:00,RIG_DEGRADATION,15,7,6,81.0716274372057,83.94438053567369,84.52982898797862,0.5307994953210864,54.575684791034725,75.6102644707617,84.74615387217025,HIGH_PRODUCTION,0,0,4.6317739694302915
2024-01-07 16:00:00,RIG_DEGRADATION,16,7,6,74.13740102183893,69.9532842283401,77.26798706990213,0.5495050384209584,44.84344333147726,67.02467683079699,81.51652751331295,HIGH_PRODUCTION,0,0,4.629458082445577
2024-01-07 17:00:00,RIG_DEGRADATION,17,7,6,66.06232333122917,72.69686270708429,74.97706267638233,0.5471176826561046,47.24378710078533,72.84529747280945,81.4603479114512,HIGH_PRODUCTION,0,0,4.627142195460862
2024-01-07 18:00:00,RIG_DEGRADATION,18,7,6,57.39669756529465,53.63784244286346,62.280859378818775,0.5099015746159496,48.09427046819756,60.86554897954405,66.60381994689035,HIGH_PRODUCTION,0,0,4.6248263084761465
2024-01-07 19:00:00,RIG_DEGRADATION,19,7,6,48.73107179936013,49.884000798167655,57.91114330704439,0.47764648711581836,41.32523981129402,68.24033023426026,66.20755998404132,HIGH_PRODUCTION,0,0,4.622510421491431
2024-01-07 20:00:00,RIG_DEGRADATION,20,7,6,40.65599410875039,40.75524635985235,50.800407772168505,0.45678729324121936,44.85163628918304,58.04659865034968,54.20936374091887,HIGH_PRODUCTION,0,0,4.620194534506716
2024-01-07 21:00:00,RIG_DEGRADATION,21,7,6,38.26446504352977,36.11943065283818,47.06495343594773,0.42190219622419745,41.76959002099851,60.111598796542665,55.77580831497885,HIGH_PRODUCTION,0,0,4.617878647522001
2024-01-07 22:00:00,RIG_DEGRADATION,22,7,6,38.26446504352977,49.928536514408364,54.31910895513624,0.48605048935348355,42.255152161091395,62.215509447625166,58.65093282101945,STANDBY,0,0,4.615562760537285
2024-01-07 23:00:00,RIG_DEGRADATION,23,7,6,38.26446504352977,45.3446115882716,50.661031223411136,0.45369653589255365,41.006055490027315,65.38538159294521,53.20869319302224,STANDBY,0,0,4.613246873552571
2024-01-08 00:00:00,RIG_DEGRADATION,0,8,0,40.0,38.24103079473432,42.923362479222796,0.38234466516928256,42.088770247606604,65.24808135559206,47.65323344995155,STANDBY,0,0,4.610930986567856
2024-01-08 01:00:00,RIG_DEGRADATION,1,8,0,40.0,43.33893335736171,48.72507155173123,0.5511354064871912,42.78372527513412,62.056808118503284,56.633810954174216,STANDBY,0,0,4.60861509958314
2024-01-08 02:00:00,RIG_DEGRADATION,2,8,0,40.0,45.1843558654261,49.652607823577725,0.39730433657140246,42.89142286902462,67.33934923849272,53.15372870043928,STANDBY,0,0,4.606299212598425
2024-01-08 03:00:00,RIG_DEGRADATION,3,8,0,40.0,43.075974084037725,49.1916059993852,0.46948937653627965,39.334267368929304,62.7557247420258,54.28762895610048,STANDBY,0,0,4.60398332561371
2024-01-08 04:00:00,RIG_DEGRADATION,4,8,0,42.5,44.67909471418981,55.02852311040846,0.4061493100986404,43.27582084617444,63.82879139865195,58.97964273123179,STANDBY,0,0,4.601667438628995
2024-01-08 05:00:00,RIG_DEGRADATION,5,8,0,50.94133342141177,58.36186697581308,59.82621697762214,0.4619043058562937,49.26272797558485,61.821419724329076,62.70851794978689,STANDBY,0,0,4.59935155164428
2024-01-08 06:00:00,RIG_DEGRADATION,6,8,0,60.0,61.60583944279422,65.0387694760538,0.48001477075155824,42.25810656932689,65.54979019071114,69.78106122124903,HIGH_PRODUCTION,0,0,4.597035664659565
2024-01-08 07:00:00,RIG_DEGRADATION,7,8,0,69.05866657858823,78.8829818091311,77.92686482029319,0.586570952750981,51.47648580924436,74.10893996480443,86.50375401782075,HIGH_PRODUCTION,0,0,4.594719777674849
2024-01-08 08:00:00,RIG_DEGRADATION,8,8,0,77.5,82.9260862161264,83.19599621135812,0.6629860868561219,49.30885030835961,78.38851798859419,89.22269103376536,HIGH_PRODUCTION,0,0,4.592403890690134
2024-01-08 09:00:00,RIG_DEGRADATION,9,8,0,84.74873734152916,84.30996813466854,85.90516969520932,0.5926905301991401,48.97218841650199,77.1856415387134,89.55146766819698,HIGH_PRODUCTION,0,0,4.590088003705419
2024-01-08 10:00:00,RIG_DEGRADATION,10,8,0,90.31088913245534,89.3923819244633,87.26098071545478,0.7109601781638133,54.10422713741776,79.90289088626403,90.84029034054593,HIGH_PRODUCTION,0,0,4.587772116720704
2024-01-08 11:00:00,RIG_DEGRADATION,11,8,0,93.8074039201174,94.3942696620832,93.64685897977719,0.47380696419281154,53.025904161823256,78.24524662727393,94.03373453975735,HIGH_PRODUCTION,0,0,4.585456229735989
2024-01-08 12:00:00,RIG_DEGRADATION,12,8,0,95.0,92.9305576802686,94.50420581983818,0.6314294564540335,54.74715918314991,75.90262108365748,103.14749848921204,HIGH_PRODUCTION,0,0,4.583140342751274
2024-01-08 13:00:00,RIG_DEGRADATION,13,8,0,93.8074039201174,89.71725320594943,90.67263253655055,0.6398717303701278,51.91867964305855,78.73161866918582,96.36462180776753,HIGH_PRODUCTION,0,0,4.5808244557665585
2024-01-08 14:00:00,RIG_DEGRADATION,14,8,0,90.31088913245536,94.52496615458254,90.84452266294541,0.5439994962552508,53.65724218095184,79.55084009717615,94.09141887720136,HIGH_PRODUCTION,0,0,4.578508568781843
2024-01-08 15:00:00,RIG_DEGRADATION,15,8,0,84.74873734152916,86.3675995531558,90.04753906460182,0.6430294679421299,53.903332547692365,69.34538881842762,94.58345000118194,HIGH_PRODUCTION,0,0,4.576192681797128
2024-01-08 16:00:00,RIG_DEGRADATION,16,8,0,77.5,85.4197319489114,81.82162090477145,0.5989494441084035,50.97501748115001,77.39597512627924,85.97811831813681,HIGH_PRODUCTION,0,0,4.5738767948124135
2024-01-08 17:00:00,RIG_DEGRADATION,17,8,0,69.05866657858823,68.32198669544981,72.10429843489236,0.5573483056731406,43.64969908526931,66.96367804504321,80.78386306520801,HIGH_PRODUCTION,0,0,4.571560907827698
2024-01-08 18:00:00,RIG_DEGRADATION,18,8,0,60.00000000000001,62.610744432122765,68.48076520563859,0.49208125022431237,44.41522970881776,69.89589674499088,76.5934084936509,HIGH_PRODUCTION,0,0,4.569245020842983
2024-01-08 19:00:00,RIG_DEGRADATION,19,8,0,50.94133342141177,53.98559304670137,60.48824490263518,0.5507924477245076,43.6937287590616,62.62389768299266,67.94352262138919,HIGH_PRODUCTION,0,0,4.566929133858268
2024-01-08 20:00:00,RIG_DEGRADATION,20,8,0,42.500000000000014,38.41044128279071,50.03765668638839,0.46052537467887844,40.81360791634655,58.82409417139281,54.210394214510075,HIGH_PRODUCTION,0,0,4.564613246873552
2024-01-08 21:00:00,RIG_DEGRADATION,21,8,0,40.0,41.575889401402385,49.79509549656132,0.3894626091878165,39.83101052065019,61.487434215734325,58.595344521544924,HIGH_PRODUCTION,0,0,4.562297359888838
2024-01-08 22:00:00,RIG_DEGRADATION,22,8,0,40.0,39.482889682817266,44.187269451013904,0.42535324420647874,40.124875129987096,61.24634688760324,50.1188416783396,STANDBY,0,0,4.559981472904123
2024-01-08 23:00:00,RIG_DEGRADATION,23,8,0,40.0,49.43592397520701,49.169417205273625,0.5324219622501165,42.50759204469278,60.17108936393121,53.255599048480065,STANDBY,0,0,4.557665585919407
2024-01-09 00:00:00,RIG_DEGRADATION,0,9,1,38.26446504352977,39.938587246668675,42.739200748610955,0.44697691874052164,41.894930135578655,63.05494672149064,40.11766266485353,STANDBY,0,0,4.555349698934692
2024-01-09 01:00:00,RIG_DEGRADATION,1,9,1,38.26446504352977,41.76793552138236,49.4177887169005,0.4920894860682903,39.9400172052713,61.09680098837102,59.947294216338776,STANDBY,0,0,4.553033811949977
2024-01-09 02:00:00,RIG_DEGRADATION,2,9,1,38.26446504352977,35.1083700109001,44.426121654759505,0.4921968067510113,40.505036277096835,59.15790406756605,51.90797651863674,STANDBY,0,0,4.550717924965261
2024-01-09 03:00:00,RIG_DEGRADATION,3,9,1,38.26446504352977,44.001206487535015,50.78110179674871,0.5133297326835758,41.82910191576932,61.53894643890185,57.44140973256506,STANDBY,0,0,4.548402037980546
2024-01-09 04:00:00,RIG_DEGRADATION,4,9,1,40.65599410875038,46.46099854979187,54.8796538363467,0.48750284552384815,41.83598943698693,64.36277175880306,57.8211060962128,STANDBY,0,0,4.546086150995832
2024-01-09 05:00:00,RIG_DEGRADATION,5,9,1,48.73107179936014,39.60016499683401,53.72003774542224,0.5450576036224775,40.33489301305328,66.85682159414635,60.08890056240148,STANDBY,0,0,4.543770264011116
2024-01-09 06:00:00,RIG_DEGRADATION,6,9,1,57.39669756529465,61.876289229346014,67.42135057422308,0.5521851113726612,45.97816374777643,63.95626147425326,71.99817365643528,HIGH_PRODUCTION,0,0,4.541454377026401
2024-01-09 07:00:00,RIG_DEGRADATION,7,9,1,66.06232333122918,70.30462323261995,73.11064328791429,0.5895900140826994,49.56470122268482,68.93311567444603,78.31557359445358,HIGH_PRODUCTION,0,0,4.539138490041686
2024-01-09 08:00:00,RIG_DEGRADATION,8,9,1,74.13740102183893,78.30588784761538,80.86747603654366,0.5837587681263945,47.35165660000234,78.24212325033899,81.43455022307687,HIGH_PRODUCTION,0,0,4.5368226030569705
2024-01-09 09:00:00,RIG_DEGRADATION,9,9,1,81.07162743720572,85.61406663525729,84.60515021233442,0.601400280204377,50.9094253164287,76.5855279973076,90.05219950119793,HIGH_PRODUCTION,0,0,4.534506716072256
2024-01-09 10:00:00,RIG_DEGRADATION,10,9,1,86.39244650647325,81.90989006862787,85.88038731136041,0.5980403152650646,47.57157740130789,71.61949410525226,93.19185386946668,HIGH_PRODUCTION,0,0,4.532190829087541
2024-01-09 11:00:00,RIG_DEGRADATION,11,9,1,89.73725320314024,94.59356531817471,95.0,0.6164106974494733,51.511007886458295,82.96558248290228,99.03176784160009,HIGH_PRODUCTION,0,0,4.5298749421028255
2024-01-09 12:00:00,RIG_DEGRADATION,12,9,1,90.87810447838321,93.98602560661836,95.0,0.612033142226198,53.04060960926761,76.31311598754266,100.0910395962173,HIGH_PRODUCTION,0,0,4.52755905511811
2024-01-09 13:00:00,RIG_DEGRADATION,13,9,1,89.73725320314024,91.04760505033545,94.09916751319514,0.6119085205497083,53.441564104388725,76.79017642594873,98.20064601641437,HIGH_PRODUCTION,0,0,4.525243168133395
2024-01-09 14:00:00,RIG_DEGRADATION,14,9,1,86.39244650647326,90.87604438633271,94.61982989498826,0.621651164240641,51.093949071366,78.45651406750063,101.37750933998666,HIGH_PRODUCTION,0,0,4.52292728114868
2024-01-09 15:00:00,RIG_DEGRADATION,15,9,1,81.07162743720572,86.53560633573402,85.5090284982064,0.6046126487596724,52.85806996214493,77.08922350011356,88.72992468152377,HIGH_PRODUCTION,0,0,4.520611394163965
2024-01-09 16:00:00,RIG_DEGRADATION,16,9,1,74.13740102183893,85.89758530649917,85.86377916415815,0.5226094949166101,51.28298786009048,71.16527685286707,90.59489746532215,HIGH_PRODUCTION,0,0,4.51829550717925
2024-01-09 17:00:00,RIG_DEGRADATION,17,9,1,66.06232333122918,65.02389825028948,70.26192748925297,0.5197403078460007,46.95349726640464,72.36113310518708,73.68329246443479,HIGH_PRODUCTION,0,0,4.515979620194535
2024-01-09 18:00:00,RIG_DEGRADATION,18,9,1,57.39669756529466,63.39904007795211,67.01430894539902,0.5606461317329912,44.933818086922706,73.49340020761404,68.96129918154736,HIGH_PRODUCTION,0,0,4.513663733209819
2024-01-09 19:00:00,RIG_DEGRADATION,19,9,1,48.73107179936014,56.222464182280056,61.5408232707702,0.58215210969335,45.355042706691506,64.73571877482975,61.848155045974366,HIGH_PRODUCTION,0,0,4.511347846225104
2024-01-09 20:00:00,RIG_DEGRADATION,20,9,1,40.65599410875039,54.42783514580089,58.61579324405248,0.5448898934431962,46.06716753049607,60.57005195616262,61.35428052609505,HIGH_PRODUCTION,0,0,4.509031959240389
2024-01-09 21:00:00,RIG_DEGRADATION,21,9,1,38.26446504352977,31.0432146993348,45.20380011828876,0.41056285928218383,40.33919937207498,61.33285488865032,49.178251199105134,HIGH_PRODUCTION,0,0,4.506716072255674
2024-01-09 22:00:00,RIG_DEGRADATION,22,9,1,38.26446504352977,46.22003832881026,53.044386350265874,0.5290356377629593,41.22503212817876,66.5748251686661,56.963063235121155,STANDBY,0,0,4.504400185270959
2024-01-09 23:00:00,RIG_DEGRADATION,23,9,1,38.26446504352977,34.2604903798197,39.491352821610235,0.4675829835213604,43.121383896891125,59.66862944469513,43.01021626395867,STANDBY,0,0,4.502084298286244
2024-01-10 00:00:00,RIG_DEGRADATION,0,10,2,36.872674070127886,42.057940898727495,46.284504920912326,0.41468507743134936,40.39291218194368,65.67732336633024,47.75627694734898,STANDBY,0,0,4.499768411301528
2024-01-10 01:00:00,RIG_DEGRADATION,1,10,2,36.872674070127886,38.23292677393097,45.94104535880836,0.4906650731396264,41.00139944323016,61.618208317571934,50.09133696678908,STANDBY,0,0,4.497452524316813
2024-01-10 02:00:00,RIG_DEGRADATION,2,10,2,36.872674070127886,43.70630637020069,50.25083568846073,0.5027694154834343,43.45754426316661,66.52803349083571,53.27160352312164,STANDBY,0,0,4.495136637332099
2024-01-10 03:00:00,RIG_DEGRADATION,3,10,2,36.872674070127886,47.98609520630305,51.57982012942858,0.4919163515170646,44.43639041378029,71.18008445406919,56.04115920741993,STANDBY,0,0,4.492820750347383
2024-01-10 04:00:00,RIG_DEGRADATION,4,10,2,39.17721619951087,37.63973169854373,46.07344345309485,0.5174297571283801,42.11571619972236,58.31296409685823,57.77142762595993,STANDBY,0,0,4.490504863362668
2024-01-10 05:00:00,RIG_DEGRADATION,5,10,2,46.958579598635716,47.471903154156585,56.675466930459336,0.5506319666307588,44.47398372978718,63.791536963132636,60.61562080534238,STANDBY,0,0,4.488188976377953
2024-01-10 06:00:00,RIG_DEGRADATION,6,10,2,55.30901110519182,60.71601391355811,64.48655966825515,0.5505727948296812,44.724033457779626,69.74433335576582,70.97481547332694,HIGH_PRODUCTION,0,0,4.4858730893932375
2024-01-10 07:00:00,RIG_DEGRADATION,7,10,2,63.65944261174793,62.73406052765769,69.93335767576738,0.5727466293920761,45.40091842044685,73.22109873699733,77.5788917433902,HIGH_PRODUCTION,0,0,4.483557202408522
2024-01-10 08:00:00,RIG_DEGRADATION,8,10,2,71.44080601087278,71.56226377670588,77.7066639819353,0.525349358779878,47.69997333366788,67.4106145742973,84.6404255716917,HIGH_PRODUCTION,0,0,4.481241315423807
2024-01-10 09:00:00,RIG_DEGRADATION,9,10,2,78.12281424622702,82.30585687925029,86.34056685602557,0.6342655557840214,51.562761476685786,69.84111124573614,87.5102167882006,HIGH_PRODUCTION,0,0,4.4789254284390925
2024-01-10 10:00:00,RIG_DEGRADATION,10,10,2,83.250099499112,77.19709107280494,84.02546524174862,0.6274540959988615,44.57099085818502,71.86517622621305,89.89735128925109,HIGH_PRODUCTION,0,0,4.476609541454377
2024-01-10 11:00:00,RIG_DEGRADATION,11,10,2,86.47324575278313,86.66622369429557,89.36559099724647,0.6057878875735825,56.01613666881221,74.03243846245583,89.52702897049373,HIGH_PRODUCTION,0,0,4.474293654469662
2024-01-10 12:00:00,RIG_DEGRADATION,12,10,2,87.57260091655372,90.45635303409728,91.68365759369475,0.5443660248721532,54.38861738614124,79.0746498135836,94.93680388040974,HIGH_PRODUCTION,0,0,4.471977767484947
2024-01-10 13:00:00,RIG_DEGRADATION,13,10,2,86.47324575278313,89.55630996469844,94.003696626709,0.6688830639722105,52.121936979727224,78.47317639123426,104.38160460809522,HIGH_PRODUCTION,0,0,4.469661880500231
2024-01-10 14:00:00,RIG_DEGRADATION,14,10,2,83.25009949911201,89.73358795733179,90.33849145650838,0.6591753966626812,50.79338066669003,75.9543388682182,92.20471632014929,HIGH_PRODUCTION,0,0,4.467345993515517
2024-01-10 15:00:00,RIG_DEGRADATION,15,10,2,78.12281424622702,81.61168437377124,81.1257904102839,0.548742981964342,49.454468849054585,70.61267866327798,83.56199556685624,HIGH_PRODUCTION,0,0,4.465030106530802
2024-01-10 16:00:00,RIG_DEGRADATION,16,10,2,71.44080601087278,76.37355894857518,80.31376418747077,0.5672851670523305,47.52653231200538,67.86066666156808,86.19875360170417,HIGH_PRODUCTION,0,0,4.462714219546086
2024-01-10 17:00:00,RIG_DEGRADATION,17,10,2,63.65944261174793,63.16766473055152,69.75201982363235,0.6304454781054509,46.28610892818686,67.74963493356208,73.49137158687046,HIGH_PRODUCTION,0,0,4.460398332561371
2024-01-10 18:00:00,RIG_DEGRADATION,18,10,2,55.30901110519183,56.2627641412488,62.872860637162916,0.4804975800192519,40.980156524241266,67.64519252822086,69.46454248542776,HIGH_PRODUCTION,0,0,4.458082445576656
2024-01-10 19:00:00,RIG_DEGRADATION,19,10,2,46.958579598635716,55.60623890213496,62.0179748679929,0.46413597569467624,48.747387138092314,65.15574262856082,68.5953033752998,HIGH_PRODUCTION,0,0,4.45576655859194
2024-01-10 20:00:00,RIG_DEGRADATION,20,10,2,39.17721619951089,37.99976672340248,50.06011465512024,0.44099207772929067,39.57544042986171,59.91866624205789,54.7098540451189,HIGH_PRODUCTION,0,0,4.453450671607225
2024-01-10 21:00:00,RIG_DEGRADATION,21,10,2,36.872674070127886,33.97909859243627,46.309379486757905,0.48622059033580367,39.577188765031785,60.81953797645729,50.643082534375154,HIGH_PRODUCTION,0,0,4.451134784622511
2024-01-10 22:00:00,RIG_DEGRADATION,22,10,2,36.872674070127886,44.10452522802861,50.990107682249366,0.37551006717797264,38.925557023687645,62.99027809310766,60.34619835398467,STANDBY,0,0,4.448818897637795
2024-01-10 23:00:00,RIG_DEGRADATION,23,10,2,36.872674070127886,38.872170211003116,47.866859036745296,0.46948461416477216,41.69323619147544,61.044400195429255,56.07996184326679,STANDBY,0,0,4.44650301065308
2024-01-11 00:00:00,RIG_DEGRADATION,0,11,3,36.10028835127271,36.62084377243615,44.070176987892424,0.42330336174477257,39.50482558043277,66.55461500551797,51.79904137357146,STANDBY,0,0,4.444187123668365
2024-01-11 01:00:00,RIG_DEGRADATION,1,11,3,36.10028835127271,40.32303667856464,46.3511045691507,0.4949223466056001,38.2011873153208,68.27443745219875,49.82531512513087,STANDBY,0,0,4.4418712366836495
2024-01-11 02:00:00,RIG_DEGRADATION,2,11,3,36.10028835127271,44.468762344050056,49.41417088552306,0.46900092912313035,42.3587279923108,68.17213496091554,53.29945486370469,STANDBY,0,0,4.439555349698935
2024-01-11 03:00:00,RIG_DEGRADATION,3,11,3,36.10028835127271,33.49733699196164,44.234435658424424,0.5082708296590464,38.2630943496374,60.65306184368074,49.59842616574914,STANDBY,0,0,4.43723946271422
2024-01-11 04:00:00,RIG_DEGRADATION,4,11,3,38.35655637322725,33.98923515189896,48.38754607997364,0.4865546570004612,37.42667294385654,58.427355007301884,47.73162965014718,STANDBY,0,0,4.4349235757295045
2024-01-11 05:00:00,RIG_DEGRADATION,5,11,3,45.97492063778226,47.701991432049226,58.85180905767335,0.4828389328110042,40.9031863752341,66.15036717724641,58.687712163759876,STANDBY,0,0,4.432607688744789
2024-01-11 06:00:00,RIG_DEGRADATION,6,11,3,54.15043252690906,54.86267278886562,64.49612216797615,0.5490023459076552,42.95174181891283,67.0065667751937,66.68109068307396,HIGH_PRODUCTION,0,0,4.430291801760074
2024-01-11 07:00:00,RIG_DEGRADATION,7,11,3,62.32594441603586,69.98372224285288,74.81568830729802,0.5196837921286651,46.75133896822635,74.55436985500954,76.58602030287632,HIGH_PRODUCTION,0,0,4.4279759147753595
2024-01-11 08:00:00,RIG_DEGRADATION,8,11,3,69.94430868059086,76.91130602766908,82.38931122925122,0.5342615883865968,50.02691563010658,77.34139333864132,87.34836702703309,HIGH_PRODUCTION,0,0,4.425660027790644
2024-01-11 09:00:00,RIG_DEGRADATION,9,11,3,76.48634638588689,75.34055805799375,82.95898619240509,0.6176380500116517,44.996300659800966,70.344686629969,90.3883600746106,HIGH_PRODUCTION,0,0,4.423344140805929
2024-01-11 10:00:00,RIG_DEGRADATION,10,11,3,81.50622847353647,82.39138378353648,88.1430442401117,0.583424659281732,49.67889448956183,75.96122518711454,92.28595353968704,HIGH_PRODUCTION,0,0,4.421028253821214
2024-01-11 11:00:00,RIG_DEGRADATION,11,11,3,84.66185827501369,91.75459233605106,92.34085840087323,0.6664936334711304,54.1359585852376,80.06327474218722,96.06338336707842,HIGH_PRODUCTION,0,0,4.418712366836498
2024-01-11 12:00:00,RIG_DEGRADATION,12,11,3,85.73818483427267,90.09685248925948,90.45623618751235,0.5431127668008369,50.30216067527698,71.72505413361355,97.01160706728254,HIGH_PRODUCTION,0,0,4.416396479851783
2024-01-11 13:00:00,RIG_DEGRADATION,13,11,3,84.66185827501369,82.39846619623405,83.92947038425734,0.516529940089312,50.41360829484764,68.46184209111254,89.59284208469448,HIGH_PRODUCTION,0,0,4.414080592867068
2024-01-11 14:00:00,RIG_DEGRADATION,14,11,3,81.50622847353648,89.74253617770663,89.9436516068528,0.607571298888139,55.24631280541018,80.43764575876585,90.80329619876629,HIGH_PRODUCTION,0,0,4.411764705882353
2024-01-11 15:00:00,RIG_DEGRADATION,15,11,3,76.48634638588689,79.10984241106694,85.21047452087531,0.5579745648620225,47.0955335995948,73.67857003984211,91.99605951976145,HIGH_PRODUCTION,0,0,4.409448818897638
2024-01-11 16:00:00,RIG_DEGRADATION,16,11,3,69.94430868059086,78.75801302778812,83.80179509571785,0.5742667520272485,48.086346763086,77.49289913719525,88.71717616399546,HIGH_PRODUCTION,0,0,4.407132931912923
2024-01-11 17:00:00,RIG_DEGRADATION,17,11,3,62.32594441603586,60.77184772838267,67.0313260211269,0.5471316714779142,47.31929783560888,67.57117761484031,63.28384461047238,HIGH_PRODUCTION,0,0,4.404817044928207
2024-01-11 18:00:00,RIG_DEGRADATION,18,11,3,54.150432526909064,58.22465469760715,67.04349329682664,0.5729585844658529,47.196705998687186,66.78521676122025,69.94370523993604,HIGH_PRODUCTION,0,0,4.402501157943492
2024-01-11 19:00:00,RIG_DEGRADATION,19,11,3,45.97492063778226,52.244888848020885,58.38198829465016,0.46835309178563633,44.58687254487275,67.62653322035824,62.21395787125076,HIGH_PRODUCTION,0,0,4.400185270958778
2024-01-11 20:00:00,RIG_DEGRADATION,20,11,3,38.356556373227264,41.82593806813557,51.29655990335139,0.5127026064646083,39.8469357558522,67.88049606110205,57.95396439272288,HIGH_PRODUCTION,0,0,4.397869383974062
2024-01-11 21:00:00,RIG_DEGRADATION,21,11,3,36.10028835127271,31.94333301773387,42.17686299282226,0.3969794577222916,38.399753170158924,59.40644581732153,50.82470709384495,HIGH_PRODUCTION,0,0,4.395553496989347
2024-01-11 22:00:00,RIG_DEGRADATION,22,11,3,36.10028835127271,42.54956043641768,51.400365457456566,0.37867830505737493,39.73785927121421,64.98433722702005,60.65450144192126,STANDBY,0,0,4.393237610004632
2024-01-11 23:00:00,RIG_DEGRADATION,23,11,3,36.10028835127271,45.59098218039329,52.65384328400923,0.47014372332528587,42.03301187405088,55.82172127378073,52.42468498229355,STANDBY,0,0,4.3909217230199165
2024-01-12 00:00:00,RIG_DEGRADATION,0,12,4,36.10028835127271,38.44904964501542,42.26397803632903,0.5322931286149424,42.14643466722503,60.61539213600065,46.786358917548824,STANDBY,0,0,4.388605836035201
2024-01-12 01:00:00,RIG_DEGRADATION,1,12,4,36.10028835127271,40.1370974265903,45.682931150913696,0.44410079997008955,41.465853860056335,63.4091056742763,50.026087912396285,STANDBY,0,0,4.386289949050486
2024-01-12 02:00:00,RIG_DEGRADATION,2,12,4,36.10028835127271,44.25020115677387,51.161544884837056,0.4964638504568148,41.012246886659796,53.56828038030512,53.29086615317856,STANDBY,0,0,4.3839740620657714
2024-01-12 03:00:00,RIG_DEGRADATION,3,12,4,36.10028835127271,42.797894509723186,49.00624670707685,0.45857704989086145,42.735863676334965,61.96032652557926,53.67069703272456,STANDBY,0,0,4.381658175081056
2024-01-12 04:00:00,RIG_DEGRADATION,4,12,4,38.35655637322725,44.65296938133924,52.52208553180431,0.5281118195274035,40.82413524780836,69.52985224317422,57.719357659147974,STANDBY,0,0,4.379342288096341
2024-01-12 05:00:00,RIG_DEGRADATION,5,12,4,45.97492063778226,43.65881416177064,51.77872360644084,0.4428752634454711,43.19897202360566,62.67196155343358,52.09922643160674,STANDBY,0,0,4.3770264011116256
2024-01-12 06:00:00,RIG_DEGRADATION,6,12,4,54.15043252690906,61.784778264127866,66.14982783043989,0.5100702872389223,45.31241502159492,67.24755421063696,66.69476255530726,HIGH_PRODUCTION,0,0,4.37471051412691
2024-01-12 07:00:00,RIG_DEGRADATION,7,12,4,62.32594441603586,73.23083907049555,75.4840913301608,0.5757026130040259,45.34649741873082,66.50231444159091,81.6605271641692,HIGH_PRODUCTION,0,0,4.372394627142196
2024-01-12 08:00:00,RIG_DEGRADATION,8,12,4,69.94430868059086,70.1232317737999,74.8068072202543,0.5394040212606989,48.351155607871036,72.270247912177,84.303931669961,HIGH_PRODUCTION,0,0,4.3700787401574805
2024-01-12 09:00:00,RIG_DEGRADATION,9,12,4,76.48634638588689,83.90408694229758,87.0657729825016,0.5124329912807488,51.34928080618016,74.70651364360812,94.07170579282348,HIGH_PRODUCTION,0,0,4.367762853172765
2024-01-12 10:00:00,RIG_DEGRADATION,10,12,4,81.50622847353647,93.03962700787508,93.52276784599817,0.5838311014244058,56.97025433300999,74.74030016325528,104.02097858157495,HIGH_PRODUCTION,0,0,4.36544696618805
2024-01-12 11:00:00,RIG_DEGRADATION,11,12,4,84.66185827501369,82.1110363729624,85.30793456393845,0.585594159681672,54.098471040453816,72.09034569116864,88.90252214478313,HIGH_PRODUCTION,0,0,4.363131079203335
2024-01-12 12:00:00,RIG_DEGRADATION,12,12,4,85.73818483427267,85.5009071735326,87.74097894505081,0.6135812769062813,52.94434064375287,74.57858687494226,89.19794981216137,HIGH_PRODUCTION,0,0,4.36081519221862
2024-01-12 13:00:00,RIG_DEGRADATION,13,12,4,84.66185827501369,92.89777997480482,90.92232095285134,0.6889749940890323,51.66347131301471,74.1604736025347,93.53884410091969,HIGH_PRODUCTION,0,0,4.358499305233905
2024-01-12 14:00:00,RIG_DEGRADATION,14,12,4,81.50622847353648,87.98709631785212,89.65970127960404,0.6033287040607354,52.268613010600106,75.42837080138088,91.44898943821967,HIGH_PRODUCTION,0,0,4.35618341824919
2024-01-12 15:00:00,RIG_DEGRADATION,15,12,4,76.48634638588689,76.81522581971637,77.52308726516098,0.5452512239846549,46.023920599962516,67.90843547778977,79.80796270269495,HIGH_PRODUCTION,0,0,4.353867531264474
2024-01-12 16:00:00,RIG_DEGRADATION,16,12,4,69.94430868059086,78.92712052483294,81.86831733631907,0.6538257526727251,49.93294763808498,78.10910759206097,80.84015978655901,HIGH_PRODUCTION,0,0,4.351551644279759
2024-01-12 17:00:00,RIG_DEGRADATION,17,12,4,62.32594441603586,66.65144118216044,75.37102291612922,0.5210310485170346,43.83554156772972,73.6489532881517,82.65082126082805,HIGH_PRODUCTION,0,0,4.349235757295044
2024-01-12 18:00:00,RIG_DEGRADATION,18,12,4,54.150432526909064,63.56882538234671,64.19369437211923,0.5782166771274027,48.345519850386566,65.33659994763694,63.095510149018935,HIGH_PRODUCTION,0,0,4.3469198703103284
2024-01-12 19:00:00,RIG_DEGRADATION,19,12,4,45.97492063778226,44.5328807367364,53.740644904037204,0.44520544459258193,42.199529019419785,66.04532674218952,56.44111921955895,HIGH_PRODUCTION,0,0,4.344603983325614
2024-01-12 20:00:00,RIG_DEGRADATION,20,12,4,38.356556373227264,41.44756802831084,49.81318416318604,0.5632680088681894,40.99124920229575,60.41056365210043,57.081300975787755,HIGH_PRODUCTION,0,0,4.342288096340899
2024-01-12 21:00:00,RIG_DEGRADATION,21,12,4,36.10028835127271,44.23978258436721,52.167392364502334,0.49007862528557666,43.92081641791936,65.7390387159101,60.99329475380034,HIGH_PRODUCTION,0,0,4.339972209356183
2024-01-12 22:00:00,RIG_DEGRADATION,22,12,4,36.10028835127271,41.75750714931601,45.871461942289706,0.5414009235898098,41.294776604039775,62.57738492150102,50.98126296527562,STANDBY,0,0,4.337656322371468
2024-01-12 23:00:00,RIG_DEGRADATION,23,12,4,36.10028835127271,37.60442494278124,46.796109559092024,0.4630196837333168,39.75050392388301,57.92729117690679,52.59121577167674,STANDBY,0,0,4.335340435386753
2024-01-13 00:00:00,RIG_DEGRADATION,0,13,5,36.872674070127886,38.33459450610463,46.26092229022028,0.4501492248925093,37.087420729223275,66.69269606784019,52.75735679532893,STANDBY,0,0,4.333024548402038
2024-01-13 01:00:00,RIG_DEGRADATION,1,13,5,36.872674070127886,40.69409411880682,45.25417087381216,0.4585974836501655,42.19818752315802,64.80620157195648,47.2986953524357,STANDBY,0,0,4.330708661417323
2024-01-13 02:00:00,RIG_DEGRADATION,2,13,5,36.872674070127886,41.50334066357497,48.568759116932085,0.4142385162874763,40.87367077796379,63.192218333344755,52.95788009438485,STANDBY,0,0,4.328392774432608
2024-01-13 03:00:00,RIG_DEGRADATION,3,13,5,36.872674070127886,28.024803165301854,41.350718195159416,0.40284740719178935,38.835076583611844,59.13376990342637,45.1702957001586,STANDBY,0,0,4.3260768874478925
2024-01-13 04:00:00,RIG_DEGRADATION,4,13,5,39.17721619951087,47.981941305096946,54.081245086163996,0.5043802644091226,40.7498972824166,59.716309797092315,57.071956706252394,STANDBY,0,0,4.323761000463177
2024-01-13 05:00:00,RIG_DEGRADATION,5,13,5,46.958579598635716,51.07472824151131,58.40572135659539,0.4613806680474817,41.24424284845013,62.76648490747896,60.49145450283705,STANDBY,0,0,4.321445113478462
2024-01-13 06:00:00,RIG_DEGRADATION,6,13,5,55.30901110519182,59.19968698675139,67.37807992210338,0.5376409403776219,46.22740297489315,66.28809471173778,75.31551037228606,HIGH_PRODUCTION,0,0,4.319129226493747
2024-01-13 07:00:00,RIG_DEGRADATION,7,13,5,63.65944261174793,64.11736206772625,76.08126617932197,0.5524786618665211,47.782977644506886,68.25262356807747,78.16511511683194,HIGH_PRODUCTION,0,0,4.316813339509032
2024-01-13 08:00:00,RIG_DEGRADATION,8,13,5,71.44080601087278,70.66742653956354,74.89777436307712,0.5612452144848555,50.80725416410973,72.71797488297818,77.78501751467066,HIGH_PRODUCTION,0,0,4.314497452524317
2024-01-13 09:00:00,RIG_DEGRADATION,9,13,5,78.12281424622702,88.5743714717413,88.24972441827602,0.6504851258730456,50.59634673934058,74.5240354997245,93.1357943870481,HIGH_PRODUCTION,0,0,4.312181565539602
2024-01-13 10:00:00,RIG_DEGRADATION,10,13,5,83.250099499112,89.19174918021383,86.78973494909849,0.651416713798151,53.58158350262063,75.42990808972726,88.6812508130338,HIGH_PRODUCTION,0,0,4.309865678554886
2024-01-13 11:00:00,RIG_DEGRADATION,11,13,5,86.47324575278313,91.36822990387047,95.0,0.6727096495692644,53.523904975432025,72.19738537581489,102.13494159600893,HIGH_PRODUCTION,0,0,4.307549791570171
2024-01-13 12:00:00,RIG_DEGRADATION,12,13,5,87.57260091655372,91.87479635147083,90.80357334766015,0.6409228110089698,51.38779500546281,76.32269474516484,102.94271473524022,HIGH_PRODUCTION,0,0,4.305233904585457
2024-01-13 13:00:00,RIG_DEGRADATION,13,13,5,86.47324575278313,91.83560325873563,90.30261672084559,0.6677837105663276,51.48956259262027,80.60917592815743,93.34290415603891,HIGH_PRODUCTION,0,0,4.302918017600741
2024-01-13 14:00:00,RIG_DEGRADATION,14,13,5,83.25009949911201,91.20148849639247,95.0,0.655730121155454,53.9608273813426,72.51125906568782,104.11110965793605,HIGH_PRODUCTION,0,0,4.300602130616026
2024-01-13 15:00:00,RIG_DEGRADATION,15,13,5,78.12281424622702,88.49517997687167,88.09046185529687,0.5960930994488972,53.743353907284906,74.85510701032763,96.56267677577914,HIGH_PRODUCTION,0,0,4.298286243631311
2024-01-13 16:00:00,RIG_DEGRADATION,16,13,5,71.44080601087278,67.12017176984237,70.78655066695508,0.5433983645604659,46.09762847726305,71.88740759302456,76.94145893645785,HIGH_PRODUCTION,0,0,4.295970356646595
2024-01-13 17:00:00,RIG_DEGRADATION,17,13,5,63.65944261174793,71.37229695149423,70.70319891381001,0.5038771236625068,46.89236285698317,70.4162129794247,79.26181051511512,HIGH_PRODUCTION,0,0,4.29365446966188
2024-01-13 18:00:00,RIG_DEGRADATION,18,13,5,55.30901110519183,58.00842696025023,68.4728459522896,0.5624701731823456,41.87996136981789,63.77460011100692,71.85190632252517,HIGH_PRODUCTION,0,0,4.291338582677166
2024-01-13 19:00:00,RIG_DEGRADATION,19,13,5,46.958579598635716,46.96621703404166,58.9675219650106,0.5151495016619099,47.84872287312066,63.16049876782301,65.48957702273714,HIGH_PRODUCTION,0,0,4.28902269569245
2024-01-13 20:00:00,RIG_DEGRADATION,20,13,5,39.17721619951089,39.40961975820423,48.63840694612409,0.43758488290322484,38.78934008064447,64.51403427621455,55.52260564671919,HIGH_PRODUCTION,0,0,4.286706808707735
2024-01-13 21:00:00,RIG_DEGRADATION,21,13,5,36.872674070127886,49.27577028956788,56.20436780582783,0.48160431697625916,40.39882212350946,64.4323797462117,63.62691946339296,HIGH_PRODUCTION,0,0,4.28439092172302
2024-01-13 22:00:00,RIG_DEGRADATION,22,13,5,36.872674070127886,41.539012289367264,49.2890362948744,0.4081985801882657,41.91084758029571,62.91011231204963,56.63929034940773,STANDBY,0,0,4.2820750347383045
2024-01-13 23:00:00,RIG_DEGRADATION,23,13,5,36.872674070127886,39.798339844849856,43.93456092443757,0.5542990954774072,39.57658619745073,59.85153096334545,49.29929358751923,STANDBY,0,0,4.279759147753589
2024-01-14 00:00:00,RIG_DEGRADATION,0,14,6,38.26446504352977,35.25532488932502,41.869188729857775,0.5130474649756204,38.58046885495199,57.45894367162219,46.43822571515592,STANDBY,0,0,4.277443260768875
2024-01-14 01:00:00,RIG_DEGRADATION,1,14,6,38.26446504352977,40.12930851475458,48.022445708205424,0.49912924811002624,38.46015730260688,63.34259916002893,54.91994216134146,STANDBY,0,0,4.2751273737841595
2024-01-14 02:00:00,RIG_DEGRADATION,2,14,6,38.26446504352977,49.31565339683073,52.88539466653473,0.4641497128610708,43.40637827814034,66.188936573914,59.048230886376736,STANDBY,0,0,4.272811486799444
2024-01-14 03:00:00,RIG_DEGRADATION,3,14,6,38.26446504352977,37.58385314225802,48.963204719851014,0.4704289517594601,37.46470149466675,57.99515316131166,59.87195239227143,STANDBY,0,0,4.270495599814729
2024-01-14 04:00:00,RIG_DEGRADATION,4,14,6,40.65599410875038,44.73868174114013,54.3263915089084,0.4838123829606464,38.97178007774937,66.40098632506042,59.53014114844211,STANDBY,0,0,4.268179712830014
2024-01-14 05:00:00,RIG_DEGRADATION,5,14,6,48.73107179936013,51.17291267566092,58.134371260398964,0.5309543106756426,42.23096607702209,72.93583028284492,59.041460567386984,STANDBY,0,0,4.265863825845299
2024-01-14 06:00:00,RIG_DEGRADATION,6,14,6,57.396697565294645,63.02793620711743,63.85256566847404,0.5081026915547822,45.11017907409572,69.37442127981187,67.60367109039319,HIGH_PRODUCTION,0,0,4.263547938860584
2024-01-14 07:00:00,RIG_DEGRADATION,7,14,6,66.06232333122917,68.61891353292299,75.52213239817038,0.4762009230474371,48.64354283884632,73.42676703227525,81.32093638555129,HIGH_PRODUCTION,0,0,4.261232051875869
2024-01-14 08:00:00,RIG_DEGRADATION,8,14,6,74.13740102183893,75.5192386903907,79.87756426932437,0.5403722808102789,46.25863263384359,70.79014483037936,83.35060719345746,HIGH_PRODUCTION,0,0,4.258916164891153
2024-01-14 09:00:00,RIG_DEGRADATION,9,14,6,81.0716274372057,87.48829798360958,94.04055769053373,0.595858736205254,53.77855952434072,74.96051348083648,93.90222294520662,HIGH_PRODUCTION,0,0,4.256600277906438
2024-01-14 10:00:00,RIG_DEGRADATION,10,14,6,86.39244650647323,88.72202448678964,88.46511561703069,0.6457152939186461,54.11116000659667,75.73807583312008,91.34767565125819,HIGH_PRODUCTION,0,0,4.254284390921723
2024-01-14 11:00:00,RIG_DEGRADATION,11,14,6,89.73725320314023,102.01335637776268,95.0,0.683930318767825,57.73808071801471,80.72793952326961,102.08432219006693,HIGH_PRODUCTION,0,0,4.251968503937007
2024-01-14 12:00:00,RIG_DEGRADATION,12,14,6,90.8781044783832,91.32096219277747,95.0,0.5665403273999298,50.593154740508645,79.75500314445351,90.80264613418552,HIGH_PRODUCTION,0,0,4.249652616952293
2024-01-14 13:00:00,RIG_DEGRADATION,13,14,6,89.73725320314023,99.72477343589081,94.47824258412682,0.6225582286527986,53.04986572244199,78.52721190671132,102.86763481672627,HIGH_PRODUCTION,0,0,4.247336729967578
2024-01-14 14:00:00,RIG_DEGRADATION,14,14,6,86.39244650647325,90.64812306666992,90.8755219135827,0.567920726993822,53.89581186945213,74.11206986948105,98.64705329390637,HIGH_PRODUCTION,0,0,4.245020842982862
2024-01-14 15:00:00,RIG_DEGRADATION,15,14,6,81.0716274372057,86.87449378377308,89.27336655944592,0.6701639287931381,56.36125647682495,74.53689052640489,94.62020651918455,HIGH_PRODUCTION,0,0,4.242704955998147
2024-01-14 16:00:00,RIG_DEGRADATION,16,14,6,74.13740102183893,80.8515172317995,84.51187301309062,0.715064401695979,50.30019823961853,74.94299367870947,84.19748184390001,HIGH_PRODUCTION,0,0,4.240389069013432
2024-01-14 17:00:00,RIG_DEGRADATION,17,14,6,66.06232333122917,64.32734447465458,71.85623793685838,0.5608824670138608,47.020895265515065,66.53164876689158,70.91503890344731,HIGH_PRODUCTION,0,0,4.238073182028717
2024-01-14 18:00:00,RIG_DEGRADATION,18,14,6,57.39669756529465,67.72631889325501,68.58817145385925,0.6399106565731976,44.97194569097405,69.66149218447134,73.46228919737476,HIGH_PRODUCTION,0,0,4.235757295044002
2024-01-14 19:00:00,RIG_DEGRADATION,19,14,6,48.73107179936013,53.80794486436892,58.901415045094964,0.5672483529810476,43.9238346814054,62.94718808349399,61.302151224245044,HIGH_PRODUCTION,0,0,4.233441408059287
2024-01-14 20:00:00,RIG_DEGRADATION,20,14,6,40.65599410875039,47.112121817535545,54.32197722016746,0.5343707010137984,41.62367971641436,66.4532232700638,57.14773578420545,HIGH_PRODUCTION,0,0,4.2311255210745715
2024-01-14 21:00:00,RIG_DEGRADATION,21,14,6,38.26446504352977,49.586488433456104,51.35635859814346,0.4022035642857742,43.689754714788066,63.115260057202974,58.752779258049806,HIGH_PRODUCTION,0,0,4.228809634089856
2024-01-14 22:00:00,RIG_DEGRADATION,22,14,6,38.26446504352977,43.274686459329864,46.77017649745027,0.47539793935103175,42.51999203279305,58.27338679430301,55.48295870263432,STANDBY,0,0,4.226493747105141
2024-01-14 23:00:00,RIG_DEGRADATION,23,14,6,38.26446504352977,42.95694141030586,46.164078264159194,0.4738955970911336,41.66249174836595,64.77179794001032,56.00990030077,STANDBY,0,0,4.2241778601204265
2024-01-15 00:00:00,RIG_DEGRADATION,0,15,0,40.0,48.00172120939047,50.15453729826459,0.4233733297814678,41.03315027479571,64.1289826435661,61.742261750294844,STANDBY,0,0,4.221861973135711
2024-01-15 01:00:00,RIG_DEGRADATION,1,15,0,40.0,42.109145072790604,45.83208677807607,0.5196958585270129,38.60691801557589,61.02095343342989,51.873082375874944,STANDBY,0,0,4.219546086150996
2024-01-15 02:00:00,RIG_DEGRADATION,2,15,0,40.0,44.86757609133006,51.2039668236656,0.5067400196574843,43.286626120209924,59.197145280261715,53.412646842035905,STANDBY,0,0,4.217230199166281
2024-01-15 03:00:00,RIG_DEGRADATION,3,15,0,40.0,34.4936795696821,47.14083875738118,0.4065459360381347,39.75542648857353,57.18887082479324,53.25539722155449,STANDBY,0,0,4.214914312181565
2024-01-15 04:00:00,RIG_DEGRADATION,4,15,0,42.5,43.36000553607078,54.11033480388405,0.4270557596851733,43.20437431957219,61.326475573575266,59.16825312583759,STANDBY,0,0,4.21259842519685
2024-01-15 05:00:00,RIG_DEGRADATION,5,15,0,50.94133342141177,53.13747644994645,56.97465923624052,0.5106425528239411,42.815591225215776,60.952155841888285,64.3970495579551,STANDBY,0,0,4.210282538212136
2024-01-15 06:00:00,RIG_DEGRADATION,6,15,0,60.0,66.47153425611768,67.19860587916477,0.6594633598024155,43.70068797693375,69.33803224290497,71.0441754740616,HIGH_PRODUCTION,0,0,4.20796665122742
2024-01-15 07:00:00,RIG_DEGRADATION,7,15,0,69.05866657858823,71.36873333742237,75.62015276308179,0.5849940611569834,43.05732706007902,68.7230452441513,83.33100433972395,HIGH_PRODUCTION,0,0,4.205650764242705
2024-01-15 08:00:00,RIG_DEGRADATION,8,15,0,77.5,87.58208956533755,85.49095223723928,0.6767668411991727,48.80778578442383,76.64432464245895,91.2346977851167,HIGH_PRODUCTION,0,0,4.20333487725799
2024-01-15 09:00:00,RIG_DEGRADATION,9,15,0,84.74873734152916,98.66850830776887,91.79943541251372,0.6138534829611829,53.023390710943325,78.6692261393305,96.48783496344208,HIGH_PRODUCTION,0,0,4.201018990273274
2024-01-15 10:00:00,RIG_DEGRADATION,10,15,0,90.31088913245534,93.82025486890238,93.98418173098865,0.6509407098328777,53.08714669272499,78.09462753219846,102.8122886885428,HIGH_PRODUCTION,0,0,4.19870310328856
2024-01-15 11:00:00,RIG_DEGRADATION,11,15,0,93.8074039201174,98.39495337977498,93.98920979405052,0.7170558141626736,53.85366935873024,71.2954281270909,98.10365545003586,HIGH_PRODUCTION,0,0,4.196387216303845
2024-01-15 12:00:00,RIG_DEGRADATION,12,15,0,95.0,97.55596690983126,94.06540803097829,0.7518937679267798,54.890957226010485,78.09265882675106,99.98470647209429,HIGH_PRODUCTION,0,0,4.194071329319129
2024-01-15 13:00:00,RIG_DEGRADATION,13,15,0,93.8074039201174,90.96660365550211,89.59632698482324,0.677285335432754,49.7008127000513,79.05623342422174,94.2758093029268,HIGH_PRODUCTION,0,0,4.191755442334414
2024-01-15 14:00:00,RIG_DEGRADATION,14,15,0,90.31088913245536,97.63463350139786,95.0,0.5946137836998686,56.262493376988196,79.50109359050808,96.96344690485645,HIGH_PRODUCTION,0,0,4.189439555349699
2024-01-15 15:00:00,RIG_DEGRADATION,15,15,0,84.74873734152916,103.14718703466286,93.80547096111032,0.743113906835079,58.80565424126983,81.00511200865864,100.66748122565946,HIGH_PRODUCTION,0,0,4.1871236683649835
2024-01-15 16:00:00,RIG_DEGRADATION,16,15,0,77.5,78.49317241253975,77.1351631812336,0.6192542364678011,50.0002234059501,75.7395859821493,78.11669702652513,HIGH_PRODUCTION,0,0,4.184807781380268
2024-01-15 17:00:00,RIG_DEGRADATION,17,15,0,69.05866657858823,72.44275926735953,75.88976644922883,0.5377215182027895,47.281260351121176,72.56923630240976,84.52798241328266,HIGH_PRODUCTION,0,0,4.182491894395554
2024-01-15 18:00:00,RIG_DEGRADATION,18,15,0,60.00000000000001,67.13771212787908,71.53534401115847,0.5677524193506398,46.63099584638607,70.1917458621794,77.18523646703493,HIGH_PRODUCTION,0,0,4.1801760074108385
2024-01-15 19:00:00,RIG_DEGRADATION,19,15,0,50.94133342141177,52.80782838166619,60.309449051238566,0.5784941970907611,46.25387040269783,60.75316587968004,63.55222599228812,HIGH_PRODUCTION,0,0,4.177860120426123
2024-01-15 20:00:00,RIG_DEGRADATION,20,15,0,42.500000000000014,52.27053513138689,53.89511788609394,0.5962074985375259,45.02503558882075,68.60704613338977,60.666267767919656,HIGH_PRODUCTION,0,0,4.175544233441408
2024-01-15 21:00:00,RIG_DEGRADATION,21,15,0,40.0,41.86320414352125,50.82907536323743,0.49948168692171846,42.193644671017836,63.60204647889837,55.77733273435169,HIGH_PRODUCTION,0,0,4.173228346456693
2024-01-15 22:00:00,RIG_DEGRADATION,22,15,0,40.0,40.559203286541326,46.905209271783015,0.508198612674441,39.71986494651333,57.63667720750027,52.176148950993145,STANDBY,0,0,4.170912459471978
2024-01-15 23:00:00,RIG_DEGRADATION,23,15,0,40.0,48.26572999965038,46.571214837695535,0.5919720022787188,41.84756286485501,64.73610019831523,49.58140650805069,STANDBY,0,0,4.168596572487263
2024-01-16 00:00:00,RIG_DEGRADATION,0,16,1,38.26446504352977,54.791680938326536,53.8727648997302,0.534256944932483,41.97058567693328,69.80249950184418,58.51134491292597,STANDBY,0,0,4.166280685502548
2024-01-16 01:00:00,RIG_DEGRADATION,1,16,1,38.26446504352977,42.29543800271806,48.15181558539776,0.46491224117169416,38.38527815806803,62.227560366194766,55.20583840045309,STANDBY,0,0,4.163964798517832
2024-01-16 02:00:00,RIG_DEGRADATION,2,16,1,38.26446504352977,49.574938959305356,55.366544368171226,0.45747962186585717,42.72014512335477,64.39047336504169,63.984190425865776,STANDBY,0,0,4.161648911533117
2024-01-16 03:00:00,RIG_DEGRADATION,3,16,1,38.26446504352977,47.32620358877214,52.413433054453435,0.5071093315129859,40.14465779393277,65.13466054825338,61.02330149951878,STANDBY,0,0,4.159333024548402
2024-01-16 04:00:00,RIG_DEGRADATION,4,16,1,40.65599410875038,38.71125156216076,50.69152525839614,0.4825720768213785,36.33702839005586,60.71935834579364,52.27521276428278,STANDBY,0,0,4.157017137563686
2024-01-16 05:00:00,RIG_DEGRADATION,5,16,1,48.73107179936014,58.56178410949084,64.38372093117394,0.5795264879660355,46.12237671305293,65.36271617239947,65.85464717153754,STANDBY,0,0,4.154701250578972
2024-01-16 06:00:00,RIG_DEGRADATION,6,16,1,57.39669756529465,73.92686931940409,73.37620401050992,0.5678297656305695,47.45512478659323,72.33131691987028,81.51522934991665,HIGH_PRODUCTION,0,0,4.152385363594257
2024-01-16 07:00:00,RIG_DEGRADATION,7,16,1,66.06232333122918,72.78512177582357,72.35362297511747,0.4991197558161148,49.145251736142434,71.99326230220304,79.74995071630636,HIGH_PRODUCTION,0,0,4.150069476609541
2024-01-16 08:00:00,RIG_DEGRADATION,8,16,1,74.13740102183893,77.34903505733382,80.2394190591852,0.5412253735060906,49.53130644216811,73.91539727743898,90.58406175573532,HIGH_PRODUCTION,0,0,4.147753589624826
2024-01-16 09:00:00,RIG_DEGRADATION,9,16,1,81.07162743720572,93.45177041658407,93.60138092352175,0.7401606894109302,50.62030816806827,74.26572197305084,101.55028916534911,HIGH_PRODUCTION,0,0,4.145437702640111
2024-01-16 10:00:00,RIG_DEGRADATION,10,16,1,86.39244650647325,96.53599502755985,95.0,0.7171413010881722,52.21094886502052,78.03377212971519,103.66010753594706,HIGH_PRODUCTION,0,0,4.143121815655396
2024-01-16 11:00:00,RIG_DEGRADATION,11,16,1,89.73725320314024,93.73919112001239,95.0,0.7196179455408256,54.05182542819734,78.6747711951732,96.9135918748126,HIGH_PRODUCTION,0,0,4.140805928670681
2024-01-16 12:00:00,RIG_DEGRADATION,12,16,1,90.87810447838321,95.9005414695681,94.91963818684829,0.6082501584756214,49.507313896874805,79.70162783547671,97.56993257873951,HIGH_PRODUCTION,0,0,4.138490041685966
2024-01-16 13:00:00,RIG_DEGRADATION,13,16,1,89.73725320314024,87.26280465125802,89.16692011028076,0.6169057653442174,50.49860132267106,76.31247469733538,95.62848515409028,HIGH_PRODUCTION,0,0,4.1361741547012505
2024-01-16 14:00:00,RIG_DEGRADATION,14,16,1,86.39244650647326,93.85687823118616,94.58160301964689,0.6937546970378934,52.2796284081658,77.08799650707152,99.26273826049118,HIGH_PRODUCTION,0,0,4.133858267716535
2024-01-16 15:00:00,RIG_DEGRADATION,15,16,1,81.07162743720572,83.34987547847896,86.6966957905145,0.5432184964548273,52.25033751522325,77.50726014527416,90.65121553972119,HIGH_PRODUCTION,0,0,4.131542380731821
2024-01-16 16:00:00,RIG_DEGRADATION,16,16,1,74.13740102183893,72.01013512587117,71.67950134376072,0.49303607826936746,47.846317785731664,67.01729791425657,86.68867544763296,HIGH_PRODUCTION,0,0,4.1292264937471055
2024-01-16 17:00:00,RIG_DEGRADATION,17,16,1,66.06232333122918,77.92029701616289,78.10986791919152,0.5392465540591308,54.65627212833104,73.16182856877593,82.29377771716014,HIGH_PRODUCTION,0,0,4.12691060676239
2024-01-16 18:00:00,RIG_DEGRADATION,18,16,1,57.39669756529466,61.02753438206892,67.24519191948988,0.5185256360037405,46.326780254428094,67.4978553885509,71.26469150962652,HIGH_PRODUCTION,0,0,4.124594719777675
2024-01-16 19:00:00,RIG_DEGRADATION,19,16,1,48.73107179936014,56.03526537106026,62.74114047022423,0.5896986703265262,43.08225447852149,71.89367841561676,67.3730576944442,HIGH_PRODUCTION,0,0,4.12227883279296
2024-01-16 20:00:00,RIG_DEGRADATION,20,16,1,40.65599410875039,39.152613521214285,47.245555312937014,0.5069838586463128,39.52201965797884,64.15598715073808,50.1942252580389,HIGH_PRODUCTION,0,0,4.119962945808244
2024-01-16 21:00:00,RIG_DEGRADATION,21,16,1,38.26446504352977,41.417738590653094,50.09789572899153,0.528270872800754,36.46263032108915,56.63065107157952,55.59602203960302,HIGH_PRODUCTION,0,0,4.117647058823529
2024-01-16 22:00:00,RIG_DEGRADATION,22,16,1,38.26446504352977,45.37029280076881,47.310697441414355,0.48299618531230054,40.88456484946208,61.4736649945663,58.40714883894972,STANDBY,0,0,4.115331171838815
2024-01-16 23:00:00,RIG_DEGRADATION,23,16,1,38.26446504352977,45.471736017057076,48.743108995297206,0.4423633459008015,39.242428475870966,64.80434111063086,51.59531475906531,STANDBY,0,0,4.113015284854099
2024-01-17 00:00:00,RIG_DEGRADATION,0,17,2,36.872674070127886,38.38253151519071,47.0243277337597,0.48728637482695564,37.91525679858102,61.571975259299236,53.13235163639825,STANDBY,0,0,4.110699397869384
2024-01-17 01:00:00,RIG_DEGRADATION,1,17,2,36.872674070127886,41.37114661434635,50.741162358201215,0.4730800574291575,39.52202221757603,61.72477419414615,56.4218684271155,STANDBY,0,0,4.108383510884669
2024-01-17 02:00:00,RIG_DEGRADATION,2,17,2,36.872674070127886,47.384053257583474,49.44043569093378,0.4939450887321216,45.05081106524261,66.1014296736898,52.89842985204942,STANDBY,0,0,4.106067623899953
2024-01-17 03:00:00,RIG_DEGRADATION,3,17,2,36.872674070127886,46.21518586576051,51.19373894808255,0.5423216302307586,43.91222250077208,59.56081703464092,54.06181431408855,STANDBY,0,0,4.103751736915239
2024-01-17 04:00:00,RIG_DEGRADATION,4,17,2,39.17721619951087,45.23971613130726,54.68327048469043,0.512227557888784,39.793453836881625,63.41427659141756,64.41082516902924,STANDBY,0,0,4.101435849930524
2024-01-17 05:00:00,RIG_DEGRADATION,5,17,2,46.958579598635716,47.48065565123331,55.32917333963238,0.48592823603453894,37.90532503571585,61.8596859153881,59.94968352001496,STANDBY,0,0,4.099119962945808
2024-01-17 06:00:00,RIG_DEGRADATION,6,17,2,55.30901110519182,59.744434513482425,66.77393589469787,0.5519608377445049,44.23481906701588,67.0672367822271,71.05340887106426,HIGH_PRODUCTION,0,0,4.096804075961093
2024-01-17 07:00:00,RIG_DEGRADATION,7,17,2,63.65944261174793,68.5069614414168,69.95876002857915,0.5261129843162036,44.20261157947807,77.16080413279806,83.33564344480543,HIGH_PRODUCTION,0,0,4.094488188976378
2024-01-17 08:00:00,RIG_DEGRADATION,8,17,2,71.44080601087278,74.38188740133398,81.55675176474418,0.5553676067325258,47.652928609830845,74.67058909661993,85.04869156953784,HIGH_PRODUCTION,0,0,4.0921723019916625
2024-01-17 09:00:00,RIG_DEGRADATION,9,17,2,78.12281424622702,78.18294103885637,82.9726262578825,0.5915229229625926,48.33325059590573,68.27647810673915,92.94410354699201,HIGH_PRODUCTION,0,0,4.089856415006947
2024-01-17 10:00:00,RIG_DEGRADATION,10,17,2,83.250099499112,89.9631319326884,91.27154079859301,0.5671628045737268,54.35744741327623,79.49656672752639,97.11795751317855,HIGH_PRODUCTION,0,0,4.087540528022233
2024-01-17 11:00:00,RIG_DEGRADATION,11,17,2,86.47324575278313,91.72729252962199,91.49965500861639,0.6718475403560322,54.52977678885865,73.59034822590446,97.92011653219222,HIGH_PRODUCTION,0,0,4.0852246410375175
2024-01-17 12:00:00,RIG_DEGRADATION,12,17,2,87.57260091655372,100.3737091653122,95.0,0.5944588850528004,54.53898728300667,79.075325876513,101.93835257062857,HIGH_PRODUCTION,0,0,4.082908754052802
2024-01-17 13:00:00,RIG_DEGRADATION,13,17,2,86.47324575278313,90.68260651435244,94.85552669451992,0.5896076083606459,52.97017934322394,79.4440723988762,101.28788821287492,HIGH_PRODUCTION,0,0,4.080592867068087
2024-01-17 14:00:00,RIG_DEGRADATION,14,17,2,83.25009949911201,86.84916498807246,90.01373977912336,0.6048079119230394,52.40635709737215,79.4073600736179,94.99544463218434,HIGH_PRODUCTION,0,0,4.078276980083372
2024-01-17 15:00:00,RIG_DEGRADATION,15,17,2,78.12281424622702,72.70947839607791,76.04648573586134,0.6010323580726904,46.46864173821166,72.53451018062445,82.33968313898036,HIGH_PRODUCTION,0,0,4.075961093098657
2024-01-17 16:00:00,RIG_DEGRADATION,16,17,2,71.44080601087278,84.156460533899,84.2165873119158,0.6162210830405556,46.37548176317127,69.85947685256136,91.3200948961309,HIGH_PRODUCTION,0,0,4.073645206113942
2024-01-17 17:00:00,RIG_DEGRADATION,17,17,2,63.65944261174793,60.81785847429691,70.6919979418994,0.4228008825503967,47.100478057585626,67.98064983565025,71.16222323003355,HIGH_PRODUCTION,0,0,4.071329319129227
2024-01-17 18:00:00,RIG_DEGRADATION,18,17,2,55.30901110519183,54.47333406022732,62.50044594382174,0.49799174386010864,45.00993435701946,63.30747251985056,72.8059175065442,HIGH_PRODUCTION,0,0,4.069013432144511
2024-01-17 19:00:00,RIG_DEGRADATION,19,17,2,46.958579598635716,56.17185135984314,63.457353373060435,0.6134547944626693,44.64276971273263,60.488057211114416,69.23970333642546,HIGH_PRODUCTION,0,0,4.066697545159796
2024-01-17 20:00:00,RIG_DEGRADATION,20,17,2,39.17721619951089,45.9883732755769,55.535121457673704,0.5354338778173828,43.03683598152684,60.9064303932977,61.684104306547766,HIGH_PRODUCTION,0,0,4.064381658175082
2024-01-17 21:00:00,RIG_DEGRADATION,21,17,2,36.872674070127886,42.972510515632045,51.96551877834802,0.44435040186714614,39.186529977773425,62.41244119483238,58.431646204604625,HIGH_PRODUCTION,0,0,4.062065771190366
2024-01-17 22:00:00,RIG_DEGRADATION,22,17,2,36.872674070127886,40.439757757109966,45.73139079368565,0.46733323592497245,38.81724328736946,65.37321255351752,52.28544075127273,STANDBY,0,0,4.059749884205651
2024-01-17 23:00:00,RIG_DEGRADATION,23,17,2,36.872674070127886,34.63323065508512,43.791777755536415,0.5186179294226688,36.161232894806616,66.93387485725985,49.15681291705403,STANDBY,0,0,4.057433997220936
2024-01-18 00:00:00,RIG_DEGRADATION,0,18,3,36.10028835127271,43.78448072064125,50.24992716317664,0.4804673423481695,41.83898667421769,64.66874400945471,50.05178579449761,STANDBY,0,0,4.05511811023622
2024-01-18 01:00:00,RIG_DEGRADATION,1,18,3,36.10028835127271,45.13900531800647,50.20135165203473,0.46071181551534723,41.70971810920058,61.31463576872882,50.58383715818847,STANDBY,0,0,4.052802223251505
2024-01-18 02:00:00,RIG_DEGRADATION,2,18,3,36.10028835127271,36.500695704721956,47.06266113585026,0.44371098477819343,39.02871467053218,56.845853497295536,51.07099782883193,STANDBY,0,0,4.05048633626679
2024-01-18 03:00:00,RIG_DEGRADATION,3,18,3,36.10028835127271,43.19334561452005,53.140443302531835,0.5180783625572924,40.916568683303716,62.961001856369464,54.68819045229019,STANDBY,0,0,4.048170449282075
2024-01-18 04:00:00,RIG_DEGRADATION,4,18,3,38.35655637322725,50.30989274914856,56.699650723973605,0.5432897767346819,40.183952008879636,64.21769942858175,65.21580390610589,STANDBY,0,0,4.04585456229736
2024-01-18 05:00:00,RIG_DEGRADATION,5,18,3,45.97492063778226,43.293827455465696,54.85920535604862,0.5653534987185259,39.236957775762235,60.755394668211984,62.03098277218588,STANDBY,0,0,4.043538675312645
2024-01-18 06:00:00,RIG_DEGRADATION,6,18,3,54.15043252690906,59.101228992350606,67.4891143464287,0.5631537624492824,42.94371414096459,65.50095035168096,74.44136331910474,HIGH_PRODUCTION,0,0,4.0412227883279295
2024-01-18 07:00:00,RIG_DEGRADATION,7,18,3,62.32594441603586,63.941340917865766,68.52002861155233,0.5972124960554492,47.80424116083031,74.24069364671756,74.25701447259466,HIGH_PRODUCTION,0,0,4.038906901343214
2024-01-18 08:00:00,RIG_DEGRADATION,8,18,3,69.94430868059086,70.69584621343927,78.41759656755076,0.566682445552665,45.13603746242908,70.67296707785965,83.69023671226942,HIGH_PRODUCTION,0,0,4.0365910143585
2024-01-18 09:00:00,RIG_DEGRADATION,9,18,3,76.48634638588689,82.94392895417208,83.52516243457423,0.5838261557751134,50.7858982242278,77.09001124958924,89.31965883617094,HIGH_PRODUCTION,0,0,4.0342751273737845
2024-01-18 10:00:00,RIG_DEGRADATION,10,18,3,81.50622847353647,88.50494289249,91.65219090168691,0.5934543267393904,53.9598107616249,77.50660599670803,99.6146523533431,HIGH_PRODUCTION,0,0,4.031959240389069
2024-01-18 11:00:00,RIG_DEGRADATION,11,18,3,84.66185827501369,91.7751610370901,93.3992066435608,0.6392497500046194,52.130393629228486,77.39242041667075,96.27069279499408,HIGH_PRODUCTION,0,0,4.029643353404354
2024-01-18 12:00:00,RIG_DEGRADATION,12,18,3,85.73818483427267,94.60395140025385,94.1098398778247,0.6381663792785576,55.94598210887451,80.41140956807499,97.47274559952298,HIGH_PRODUCTION,0,0,4.027327466419639
2024-01-18 13:00:00,RIG_DEGRADATION,13,18,3,84.66185827501369,91.2819653330969,93.343896072931,0.590985001847985,51.88939755065246,77.74248834911138,96.1784176848356,HIGH_PRODUCTION,0,0,4.025011579434923
2024-01-18 14:00:00,RIG_DEGRADATION,14,18,3,81.50622847353648,91.77185930717675,92.04484078783236,0.6123969166931209,55.61490691730959,78.07461842289374,94.90523579737608,HIGH_PRODUCTION,0,0,4.022695692450208
2024-01-18 15:00:00,RIG_DEGRADATION,15,18,3,76.48634638588689,80.33868743989775,81.14401063618034,0.71221736016981,50.428645097960164,73.90587111516952,86.49514062403377,HIGH_PRODUCTION,0,0,4.020379805465494
2024-01-18 16:00:00,RIG_DEGRADATION,16,18,3,69.94430868059086,81.32022336469522,81.66310443427166,0.5770700375101163,51.10125073266575,71.10351205219612,90.25668984194311,HIGH_PRODUCTION,0,0,4.018063918480778
2024-01-18 17:00:00,RIG_DEGRADATION,17,18,3,62.32594441603586,64.52449079365795,68.89801481260555,0.5615053135886807,45.18513166157046,70.073386797292,73.63764874373265,HIGH_PRODUCTION,0,0,4.015748031496063
2024-01-18 18:00:00,RIG_DEGRADATION,18,18,3,54.150432526909064,52.28233251993037,59.68387022455977,0.3990112163446094,42.13789829416098,67.8244228847944,71.05106135138408,HIGH_PRODUCTION,0,0,4.013432144511348
2024-01-18 19:00:00,RIG_DEGRADATION,19,18,3,45.97492063778226,55.27468820832546,60.39536658162132,0.5225874994064791,43.16821892027432,68.64844475932419,66.4314714016322,HIGH_PRODUCTION,0,0,4.011116257526632
2024-01-18 20:00:00,RIG_DEGRADATION,20,18,3,38.356556373227264,44.764245502294884,54.157482825394865,0.561299667364044,41.843792613329306,65.99443975852566,57.960329894243706,HIGH_PRODUCTION,0,0,4.008800370541918
2024-01-18 21:00:00,RIG_DEGRADATION,21,18,3,36.10028835127271,35.684382083986556,43.899430559511856,0.4669225382967551,37.99980604291889,61.04763954196856,54.06509966178447,HIGH_PRODUCTION,0,0,4.006484483557203
2024-01-18 22:00:00,RIG_DEGRADATION,22,18,3,36.10028835127271,50.65867807325449,50.56520114220117,0.4815250775211373,41.965927527533445,66.20860765029634,55.77770906432443,STANDBY,0,0,4.004168596572487
2024-01-18 23:00:00,RIG_DEGRADATION,23,18,3,36.10028835127271,33.70667234759998,39.55549464813743,0.4276851825726272,35.99026671043416,58.62862963034946,46.93498213762618,STANDBY,0,0,4.001852709587772
2024-01-19 00:00:00,RIG_DEGRADATION,0,19,4,36.10028835127271,47.89469333226405,48.94882451229647,0.54569563193108,42.26431720052839,63.658146492593595,50.61949760163975,STANDBY,0,0,3.9995368226030568
2024-01-19 01:00:00,RIG_DEGRADATION,1,19,4,36.10028835127271,51.94340195552367,51.57676490011748,0.5829387309957995,43.13065691442372,69.85144044654072,56.0126237376013,STANDBY,0,0,3.997220935618342
2024-01-19 02:00:00,RIG_DEGRADATION,2,19,4,36.10028835127271,54.59164252094835,53.69208056589839,0.6644643028288055,46.33520985743645,63.86253216723619,59.64868488260007,STANDBY,0,0,3.9949050486336266
2024-01-19 03:00:00,RIG_DEGRADATION,3,19,4,36.10028835127271,46.70557092671033,51.68331625005243,0.3818021625176097,44.30549962656862,66.37643730188722,54.534448772233105,STANDBY,0,0,3.9925891616489118
2024-01-19 04:00:00,RIG_DEGRADATION,4,19,4,38.35655637322725,49.168459311275555,54.48369989369374,0.48958191151335356,43.759022979470636,60.34745153243011,58.229502916932375,STANDBY,0,0,3.9902732746641965
2024-01-19 05:00:00,RIG_DEGRADATION,5,19,4,45.97492063778226,59.38165371583859,64.05627533336207,0.5601151387331976,42.41341593394093,67.7085475551029,68.51695638941733,STANDBY,0,0,3.987957387679481
2024-01-19 06:00:00,RIG_DEGRADATION,6,19,4,54.15043252690906,58.10003986429101,61.93028260949289,0.60009059637762,43.454028804045116,73.45856599054932,68.82362804974828,HIGH_PRODUCTION,0,0,3.985641500694766
2024-01-19 07:00:00,RIG_DEGRADATION,7,19,4,62.32594441603586,62.92944279712024,68.68437840458557,0.6348204878816404,44.82699042220756,69.03032990932039,66.31485307731378,HIGH_PRODUCTION,0,0,3.983325613710051
2024-01-19 08:00:00,RIG_DEGRADATION,8,19,4,69.94430868059086,85.11478596808426,84.20159035271533,0.599247965497202,53.35124992115248,72.7347997067857,85.26909035527157,HIGH_PRODUCTION,0,0,3.9810097267253357
2024-01-19 09:00:00,RIG_DEGRADATION,9,19,4,76.48634638588689,78.56230910920976,81.11845217465685,0.5967814795959119,51.973049476779266,73.45436302956499,89.93028824030513,HIGH_PRODUCTION,0,0,3.978693839740621
2024-01-19 10:00:00,RIG_DEGRADATION,10,19,4,81.50622847353647,93.99440410913829,89.75804406643164,0.6342746745191719,53.847283223695285,80.76503597742396,96.99076088251928,HIGH_PRODUCTION,0,0,3.9763779527559056
2024-01-19 11:00:00,RIG_DEGRADATION,11,19,4,84.66185827501369,95.58872303526249,95.0,0.6872685965675783,51.01155936775368,77.65521433957336,98.14097553671317,HIGH_PRODUCTION,0,0,3.9740620657711903
2024-01-19 12:00:00,RIG_DEGRADATION,12,19,4,85.73818483427267,84.7019384647498,90.28620942064994,0.6796485051845064,53.62690046352392,71.46282609317187,97.45097253791803,HIGH_PRODUCTION,0,0,3.971746178786475
2024-01-19 13:00:00,RIG_DEGRADATION,13,19,4,84.66185827501369,98.93702315906329,91.6607605395627,0.7303781687349918,51.827896195654944,81.93107071415149,96.78514531420056,HIGH_PRODUCTION,0,0,3.96943029180176
2024-01-19 14:00:00,RIG_DEGRADATION,14,19,4,81.50622847353648,84.1113952710902,86.51757901040806,0.6513992959048709,50.22301008068057,74.9694326891943,88.15501465775176,HIGH_PRODUCTION,0,0,3.9671144048170452
2024-01-19 15:00:00,RIG_DEGRADATION,15,19,4,76.48634638588689,80.04354627769385,83.20619013022997,0.569908474591795,51.59990895620052,74.82455358445394,84.46567713126575,HIGH_PRODUCTION,0,0,3.96479851783233
2024-01-19 16:00:00,RIG_DEGRADATION,16,19,4,69.94430868059086,69.73656829852364,76.35536373805773,0.6222723558521486,49.82888209695583,70.11248822999276,77.47647682374901,HIGH_PRODUCTION,0,0,3.9624826308476147
2024-01-19 17:00:00,RIG_DEGRADATION,17,19,4,62.32594441603586,61.80391560937536,73.3922033298592,0.6835582398222768,45.77201543631072,64.51967388744076,76.8574460063363,HIGH_PRODUCTION,0,0,3.9601667438628994
2024-01-19 18:00:00,RIG_DEGRADATION,18,19,4,54.150432526909064,54.2165856135179,60.65346702655057,0.6116463053457835,42.952727800627756,68.19065094932026,67.89043359786328,HIGH_PRODUCTION,0,0,3.957850856878184
2024-01-19 19:00:00,RIG_DEGRADATION,19,19,4,45.97492063778226,56.93112794341024,63.27483318193446,0.509198855762522,42.2088144383609,68.3675205168466,65.75561884182387,HIGH_PRODUCTION,0,0,3.955534969893469
2024-01-19 20:00:00,RIG_DEGRADATION,20,19,4,38.356556373227264,52.43435353516201,56.326492501935526,0.5892286778726792,41.77003248832728,65.03151407279464,59.41210926086481,HIGH_PRODUCTION,0,0,3.9532190829087543
2024-01-19 21:00:00,RIG_DEGRADATION,21,19,4,36.10028835127271,32.29611188748241,43.476352950048295,0.6116954141639344,36.916173665705294,57.92810335910704,49.305335323130905,HIGH_PRODUCTION,0,0,3.950903195924039
2024-01-19 22:00:00,RIG_DEGRADATION,22,19,4,36.10028835127271,43.01845544769815,47.17476421929321,0.5917577770336049,38.43909246939417,61.81922939724363,53.75740712408245,STANDBY,0,0,3.9485873089393237
2024-01-19 23:00:00,RIG_DEGRADATION,23,19,4,36.10028835127271,42.884794091670095,50.56195157639826,0.4740739059687299,41.05442096571679,65.73354223470606,54.21802995290431,STANDBY,0,0,3.9462714219546084
2024-01-20 00:00:00,RIG_DEGRADATION,0,20,5,36.872674070127886,37.936613692558566,46.2853177829331,0.4764718311317206,37.35006772051316,64.48979862604529,49.057003793733244,STANDBY,0,0,3.9439555349698936
2024-01-20 01:00:00,RIG_DEGRADATION,1,20,5,36.872674070127886,45.695988433772946,53.73663201098848,0.5466792944388004,39.62320194905477,62.70775305025083,54.91587191406758,STANDBY,0,0,3.9416396479851783
2024-01-20 02:00:00,RIG_DEGRADATION,2,20,5,36.872674070127886,52.12454199633268,57.01011398735074,0.4964393105438131,39.81491538935331,62.28283301831301,68.62686152948973,STANDBY,0,0,3.9393237610004634
2024-01-20 03:00:00,RIG_DEGRADATION,3,20,5,36.872674070127886,43.514794267674326,51.77477750077636,0.5116010684904085,42.28453283310108,62.68149024892433,53.210398629760135,STANDBY,0,0,3.937007874015748
2024-01-20 04:00:00,RIG_DEGRADATION,4,20,5,39.17721619951087,48.08939839679719,55.707282491578816,0.5285628582474667,41.71640022470669,67.40035836675678,57.47971774458121,STANDBY,0,0,3.934691987031033
2024-01-20 05:00:00,RIG_DEGRADATION,5,20,5,46.958579598635716,55.890938795203475,59.7693789249992,0.5707340434489642,44.256939571913726,62.935132653090506,59.968566242171164,STANDBY,0,0,3.9323761000463175
2024-01-20 06:00:00,RIG_DEGRADATION,6,20,5,55.30901110519182,52.11439210195119,59.209752598440346,0.5090511918023141,43.38423459066358,67.75242708888372,67.68656908848794,HIGH_PRODUCTION,0,0,3.9300602130616027
2024-01-20 07:00:00,RIG_DEGRADATION,7,20,5,63.65944261174793,63.49465081921975,68.29569460823012,0.6906558421189243,44.62748138985241,63.216849979092686,76.51606231393997,HIGH_PRODUCTION,0,0,3.9277443260768874
2024-01-20 08:00:00,RIG_DEGRADATION,8,20,5,71.44080601087278,77.35317118228902,82.68399154119167,0.6017646644019637,47.28654346456478,75.28958448440078,88.9458839862838,HIGH_PRODUCTION,0,0,3.9254284390921725
2024-01-20 09:00:00,RIG_DEGRADATION,9,20,5,78.12281424622702,87.22276544040317,84.67113480763382,0.7223129773884382,55.34623545140766,75.13529240246676,87.64742014064689,HIGH_PRODUCTION,0,0,3.9231125521074572
2024-01-20 10:00:00,RIG_DEGRADATION,10,20,5,83.250099499112,90.37126444010369,91.62974763818303,0.71849957695477,51.84415849839092,75.20867470568656,99.79073574676943,HIGH_PRODUCTION,0,0,3.920796665122742
2024-01-20 11:00:00,RIG_DEGRADATION,11,20,5,86.47324575278313,97.91470623777064,95.0,0.682845289873128,53.246227994113546,81.17937964344068,100.72524128939502,HIGH_PRODUCTION,0,0,3.9184807781380266
2024-01-20 12:00:00,RIG_DEGRADATION,12,20,5,87.57260091655372,95.49879860762891,94.24179763239879,0.5706434565781247,59.68416803654177,76.57878887270343,100.54637138511622,HIGH_PRODUCTION,0,0,3.916164891153312
2024-01-20 13:00:00,RIG_DEGRADATION,13,20,5,86.47324575278313,96.74901123670686,95.0,0.6527830975917711,52.915653742645354,79.75796334343977,100.80202429841341,HIGH_PRODUCTION,0,0,3.9138490041685965
2024-01-20 14:00:00,RIG_DEGRADATION,14,20,5,83.25009949911201,89.01607211138128,92.60482014676211,0.6563733951440114,51.90859047396516,79.43951176937682,91.69404144306549,HIGH_PRODUCTION,0,0,3.9115331171838816
2024-01-20 15:00:00,RIG_DEGRADATION,15,20,5,78.12281424622702,83.8120105377657,86.24901504653303,0.6873976855847166,49.29530161343261,69.16082352558405,91.42170621519544,HIGH_PRODUCTION,0,0,3.9092172301991663
2024-01-20 16:00:00,RIG_DEGRADATION,16,20,5,71.44080601087278,75.69334928054832,80.23071102745266,0.592168255476256,51.22053519044246,74.45208270434647,84.36011949310691,HIGH_PRODUCTION,0,0,3.906901343214451
2024-01-20 17:00:00,RIG_DEGRADATION,17,20,5,63.65944261174793,54.560443368375694,62.220899568172364,0.5255472106712059,42.50437446996964,65.79275285694285,68.1686771531418,HIGH_PRODUCTION,0,0,3.9045854562297357
2024-01-20 18:00:00,RIG_DEGRADATION,18,20,5,55.30901110519183,65.208114325926,68.57026372418422,0.5658559404455845,47.1245846352105,71.16386999406811,72.03644379657004,HIGH_PRODUCTION,0,0,3.902269569245021
2024-01-20 19:00:00,RIG_DEGRADATION,19,20,5,46.958579598635716,53.60524016030216,63.50604247077745,0.5622620920051731,45.125077077488186,64.68856159861103,69.78594277936398,HIGH_PRODUCTION,0,0,3.899953682260306
2024-01-20 20:00:00,RIG_DEGRADATION,20,20,5,39.17721619951089,56.32693176464428,63.84692740949629,0.5806992377024714,45.04760691314042,68.98894340081935,71.85513508306789,HIGH_PRODUCTION,0,0,3.8976377952755907
2024-01-20 21:00:00,RIG_DEGRADATION,21,20,5,36.872674070127886,43.501694734695505,51.97801318943068,0.4946731003511108,38.73918147885784,63.104564706057495,47.93136631618556,HIGH_PRODUCTION,0,0,3.8953219082908754
2024-01-20 22:00:00,RIG_DEGRADATION,22,20,5,36.872674070127886,45.15221616340534,50.58970287962819,0.4996028715553656,43.12715196078763,62.60399639083111,60.6847541969434,STANDBY,0,0,3.89300602130616
2024-01-20 23:00:00,RIG_DEGRADATION,23,20,5,36.872674070127886,45.27113383576324,51.487850619267206,0.4995996852907736,42.09948835421216,63.50646928076834,56.729110738431835,STANDBY,0,0,3.890690134321445
2024-01-21 00:00:00,RIG_DEGRADATION,0,21,6,38.26446504352977,46.21540650444895,46.434145069585604,0.539741806024795,41.62869115251833,60.24301650509162,49.09103121999873,STANDBY,0,0,3.88837424733673
2024-01-21 01:00:00,RIG_DEGRADATION,1,21,6,38.26446504352977,45.58926445144233,51.56781400684406,0.5903968413616042,41.74901633966046,61.02959983157897,56.58924610539087,STANDBY,0,0,3.886058360352015
2024-01-21 02:00:00,RIG_DEGRADATION,2,21,6,38.26446504352977,48.662563223489066,50.74903544075179,0.6385508087964245,39.16870549378124,66.4033747817412,54.36999165769265,STANDBY,0,0,3.8837424733673
2024-01-21 03:00:00,RIG_DEGRADATION,3,21,6,38.26446504352977,43.488101075020275,47.12882586795989,0.5376550012920862,44.83526808447182,62.791073756141,49.180953183589246,STANDBY,0,0,3.8814265863825845
2024-01-21 04:00:00,RIG_DEGRADATION,4,21,6,40.65599410875038,50.22759706993247,53.594072585184925,0.5485617685893183,45.46184628400167,66.41271364063344,57.09778030737606,STANDBY,0,0,3.8791106993978692
2024-01-21 05:00:00,RIG_DEGRADATION,5,21,6,48.73107179936013,46.35184219759316,58.87225600216896,0.5558831471182617,44.01883168806459,66.88959467281256,66.16065632437821,STANDBY,0,0,3.876794812413154
2024-01-21 06:00:00,RIG_DEGRADATION,6,21,6,57.396697565294645,66.8525508850775,73.53413900067878,0.6654985666907611,46.34797607002652,69.65410737690424,79.47562122825752,HIGH_PRODUCTION,0,0,3.874478925428439
2024-01-21 07:00:00,RIG_DEGRADATION,7,21,6,66.06232333122917,69.48785752395042,72.20403133536567,0.4636749806062548,47.42941543791851,73.14131252254197,77.81119378915639,HIGH_PRODUCTION,0,0,3.8721630384437242
2024-01-21 08:00:00,RIG_DEGRADATION,8,21,6,74.13740102183893,84.20831654766675,83.8631185328632,0.5789885769667513,53.04630412546526,75.95851831196117,90.93275543698202,HIGH_PRODUCTION,0,0,3.869847151459009
2024-01-21 09:00:00,RIG_DEGRADATION,9,21,6,81.0716274372057,88.93279897018068,83.10822729276451,0.7269168079486679,52.82024072762115,80.20465691695472,94.16674423100261,HIGH_PRODUCTION,0,0,3.8675312644742936
2024-01-21 10:00:00,RIG_DEGRADATION,10,21,6,86.39244650647323,89.10739505580979,90.71135930943147,0.612273278236064,50.23859077380007,74.8160083652367,93.80628345628804,HIGH_PRODUCTION,0,0,3.8652153774895783
2024-01-21 11:00:00,RIG_DEGRADATION,11,21,6,89.73725320314023,84.16179349203586,89.83197925775644,0.6358911732929184,48.658559236743905,72.89904637261291,101.3733019785577,HIGH_PRODUCTION,0,0,3.8628994905048635
2024-01-21 12:00:00,RIG_DEGRADATION,12,21,6,90.8781044783832,98.6399372259044,93.94110307125307,0.7020781780287502,52.009734885911634,79.59195562183659,99.33428894119638,HIGH_PRODUCTION,0,0,3.860583603520148
2024-01-21 13:00:00,RIG_DEGRADATION,13,21,6,89.73725320314023,95.23125682305987,95.0,0.6752900442257892,51.924640119165836,79.69582815500098,99.1177948300471,HIGH_PRODUCTION,0,0,3.8582677165354333
2024-01-21 14:00:00,RIG_DEGRADATION,14,21,6,86.39244650647325,97.2399716094576,91.54106575340992,0.6647814006739661,52.84675024387773,80.68566497811004,92.6994511600824,HIGH_PRODUCTION,0,0,3.855951829550718
2024-01-21 15:00:00,RIG_DEGRADATION,15,21,6,81.0716274372057,90.12366223978658,87.77383933579505,0.5815881501656214,52.470023683023705,74.03678792513543,91.77486393378844,HIGH_PRODUCTION,0,0,3.8536359425660027
2024-01-21 16:00:00,RIG_DEGRADATION,16,21,6,74.13740102183893,83.8074309955957,86.11630189183647,0.600111892318497,53.61329189406506,75.51829073548038,94.13142925894014,HIGH_PRODUCTION,0,0,3.8513200555812874
2024-01-21 17:00:00,RIG_DEGRADATION,17,21,6,66.06232333122917,63.08074668839135,68.1799923663366,0.6201621346878831,44.594960804672034,68.3045617781377,70.20863940649524,HIGH_PRODUCTION,0,0,3.8490041685965726
2024-01-21 18:00:00,RIG_DEGRADATION,18,21,6,57.39669756529465,63.06008333657669,70.41322693167034,0.5825992370601165,47.18554541152918,68.34569854743059,71.51102276365013,HIGH_PRODUCTION,0,0,3.8466882816118573
2024-01-21 19:00:00,RIG_DEGRADATION,19,21,6,48.73107179936013,51.38689937169437,58.67473955353039,0.6155060636885543,42.75290348171453,66.1103273944819,62.50616846786336,HIGH_PRODUCTION,0,0,3.8443723946271424
2024-01-21 20:00:00,RIG_DEGRADATION,20,21,6,40.65599410875039,48.416027846951025,54.50814379393263,0.5727166848211698,41.265551494268436,67.44122993134152,63.98133133537945,HIGH_PRODUCTION,0,0,3.842056507642427
2024-01-21 21:00:00,RIG_DEGRADATION,21,21,6,38.26446504352977,46.75012422511384,53.323309899051964,0.5108150381543745,42.63694770088685,63.76193860443054,58.277594079114046,HIGH_PRODUCTION,0,0,3.839740620657712
2024-01-21 22:00:00,RIG_DEGRADATION,22,21,6,38.26446504352977,33.989692393913906,45.01785901860686,0.5212868432337027,37.9940234997523,60.75162187333665,52.37144995621256,STANDBY,0,0,3.8374247336729965
2024-01-21 23:00:00,RIG_DEGRADATION,23,21,6,38.26446504352977,40.637067670322345,47.909595585545276,0.5243637859222194,40.54804391491761,57.132898368327204,52.181892141666665,STANDBY,0,0,3.8351088466882817
2024-01-22 00:00:00,RIG_DEGRADATION,0,22,0,40.0,41.537391413182505,45.95755830097625,0.5214025100386737,35.94845739424408,58.20630131436679,50.46359488332006,STANDBY,0,0,3.8327929597035664
2024-01-22 01:00:00,RIG_DEGRADATION,1,22,0,40.0,51.072009233149416,55.58956277748055,0.4891734855800961,42.019639378424365,64.20485525027617,54.048740806919845,STANDBY,0,0,3.8304770727188515
2024-01-22 02:00:00,RIG_DEGRADATION,2,22,0,40.0,49.62961320415789,52.99747104810355,0.447431499280952,43.35226977795178,66.65094446261548,58.770427958461156,STANDBY,0,0,3.828161185734136
2024-01-22 03:00:00,RIG_DEGRADATION,3,22,0,40.0,45.83671404568847,53.36254337413058,0.5224045428214659,43.36527736695947,64.13341758141888,60.995077811747876,STANDBY,0,0,3.825845298749421
2024-01-22 04:00:00,RIG_DEGRADATION,4,22,0,42.5,39.348824110702886,47.33573417940118,0.4682530931907459,42.28099185249843,63.933274891418336,51.127982948909015,STANDBY,0,0,3.8235294117647056
2024-01-22 05:00:00,RIG_DEGRADATION,5,22,0,50.94133342141177,51.023794126028896,57.14296889016689,0.5407218409193981,45.71796165427548,70.02311658574088,61.448195837026134,STANDBY,0,0,3.8212135247799908
2024-01-22 06:00:00,RIG_DEGRADATION,6,22,0,60.0,62.105995138169654,67.31066298367551,0.5749467083592534,46.61511966012387,64.41531700229142,77.68024362881361,HIGH_PRODUCTION,0,0,3.818897637795276
2024-01-22 07:00:00,RIG_DEGRADATION,7,22,0,69.05866657858823,64.50490263023877,69.72119804903213,0.6615795865873899,47.335205687204684,70.75599477863337,79.58504658640881,HIGH_PRODUCTION,0,0,3.8165817508105606
2024-01-22 08:00:00,RIG_DEGRADATION,8,22,0,77.5,79.4690003632084,83.6915757251495,0.6306063157639287,48.83179044905956,76.83071227402515,89.04799497180622,HIGH_PRODUCTION,0,0,3.8142658638258453
2024-01-22 09:00:00,RIG_DEGRADATION,9,22,0,84.74873734152916,88.73765039485087,90.11409170081753,0.6512299385604272,52.97462811676909,79.56093703402708,99.09705617623625,HIGH_PRODUCTION,0,0,3.81194997684113
2024-01-22 10:00:00,RIG_DEGRADATION,10,22,0,90.31088913245534,97.13730127053162,94.05798673420136,0.7265349842069946,56.584574181855814,83.24812335452688,99.6649776119184,HIGH_PRODUCTION,0,0,3.8096340898564147
2024-01-22 11:00:00,RIG_DEGRADATION,11,22,0,93.8074039201174,99.68349287298241,94.16865660727906,0.7862324260542126,58.68344735061156,84.06766610743844,102.2500048319624,HIGH_PRODUCTION,0,0,3.8073182028717
2024-01-22 12:00:00,RIG_DEGRADATION,12,22,0,95.0,105.53306760424823,95.0,0.6482048285358795,54.53176751269686,72.09370801679815,105.03282931715765,HIGH_PRODUCTION,0,0,3.805002315886985
2024-01-22 13:00:00,RIG_DEGRADATION,13,22,0,93.8074039201174,95.63592834515413,91.83329326410957,0.7142211534509475,53.290310580952124,77.15265423350516,96.11564771302292,HIGH_PRODUCTION,0,0,3.8026864289022697
2024-01-22 14:00:00,RIG_DEGRADATION,14,22,0,90.31088913245536,93.48365957874536,89.91167298096006,0.7190816902456512,54.145869359794425,82.86266054442852,94.12861818321713,HIGH_PRODUCTION,0,0,3.8003705419175544
2024-01-22 15:00:00,RIG_DEGRADATION,15,22,0,84.74873734152916,101.84959584287282,92.52541966392094,0.7581988858058935,55.52215932151472,84.27289074635411,93.23670431612344,HIGH_PRODUCTION,0,0,3.798054654932839
2024-01-22 16:00:00,RIG_DEGRADATION,16,22,0,77.5,80.43284578876928,81.63803735339752,0.6690846631429181,47.156236626275,68.20270363232186,85.99718814285086,HIGH_PRODUCTION,0,0,3.7957387679481243
2024-01-22 17:00:00,RIG_DEGRADATION,17,22,0,69.05866657858823,83.04110314731452,83.21168501375121,0.6483561235896657,52.438377272163756,78.42338241265142,85.81669157582598,HIGH_PRODUCTION,0,0,3.793422880963409
2024-01-22 18:00:00,RIG_DEGRADATION,18,22,0,60.00000000000001,67.58602776508258,72.47400998483405,0.5432532224323896,45.45726970464219,71.28844826492629,77.29809003104141,HIGH_PRODUCTION,0,0,3.791106993978694
2024-01-22 19:00:00,RIG_DEGRADATION,19,22,0,50.94133342141177,55.24987144407559,62.03001477795976,0.6460504998751704,42.94738666543411,66.03409753034323,67.95122391461648,HIGH_PRODUCTION,0,0,3.788791106993979
2024-01-22 20:00:00,RIG_DEGRADATION,20,22,0,42.500000000000014,51.773381583756844,56.614610918464386,0.6057287692357666,39.917956562402374,67.37215421366835,61.418280970711976,HIGH_PRODUCTION,0,0,3.7864752200092635
2024-01-22 21:00:00,RIG_DEGRADATION,21,22,0,40.0,53.31956563878379,53.97839447948724,0.44663930462802737,39.802250699364116,69.58789087598873,60.423750177587436,HIGH_PRODUCTION,0,0,3.784159333024548
2024-01-22 22:00:00,RIG_DEGRADATION,22,22,0,40.0,49.49034971842959,54.26127279673912,0.5830043174971276,43.53863050415783,61.598838526668445,61.1178138957623,STANDBY,0,0,3.7818434460398334
2024-01-22 23:00:00,RIG_DEGRADATION,23,22,0,40.0,37.02296854529757,45.01215457708603,0.5271381759065202,36.578863473660576,66.81428949828017,43.65061140051064,STANDBY,0,0,3.779527559055118
2024-01-23 00:00:00,RIG_DEGRADATION,0,23,1,38.26446504352977,46.63143164944002,50.590537808891966,0.45019969170162505,41.25419591143166,64.21851330011964,54.491904923452545,STANDBY,0,0,3.777211672070403
2024-01-23 01:00:00,RIG_DEGRADATION,1,23,1,38.26446504352977,46.71678565440065,50.99750809882271,0.5604346006639201,42.878408010175654,63.165903662684414,60.002714577687755,STANDBY,0,0,3.774895785085688
2024-01-23 02:00:00,RIG_DEGRADATION,2,23,1,38.26446504352977,52.942842543726904,55.0683296021237,0.496659465471507,44.464563174585095,63.693393614628896,65.95011016356304,STANDBY,0,0,3.7725798981009726
2024-01-23 03:00:00,RIG_DEGRADATION,3,23,1,38.26446504352977,52.633749018099365,56.17154483694739,0.563686118530659,39.923933123587894,63.82341240850473,56.87162725172605,STANDBY,0,0,3.7702640111162573
2024-01-23 04:00:00,RIG_DEGRADATION,4,23,1,40.65599410875038,49.16994485769119,53.25662936291645,0.5648793138853693,43.57756568043504,61.9846136000412,61.36658358464855,STANDBY,0,0,3.7679481241315425
2024-01-23 05:00:00,RIG_DEGRADATION,5,23,1,48.73107179936014,56.22832274589981,60.777659002997254,0.5287796787594854,42.17756900868797,63.01404348166747,66.46861473666625,STANDBY,0,0,3.765632237146827
2024-01-23 06:00:00,RIG_DEGRADATION,6,23,1,57.39669756529465,66.43172619977186,69.93930461312083,0.6065948147860825,48.874296979351094,66.25234989795408,76.45099867373658,HIGH_PRODUCTION,0,0,3.7633163501621123
2024-01-23 07:00:00,RIG_DEGRADATION,7,23,1,66.06232333122918,82.73709376391344,83.11627041692063,0.6354361933278366,52.63858551335244,79.88608028972664,83.3973970267461,HIGH_PRODUCTION,0,0,3.761000463177397
2024-01-23 08:00:00,RIG_DEGRADATION,8,23,1,74.13740102183893,86.58012226602308,85.543233446754,0.7087269363582823,50.98445901121251,80.03991727106188,91.0947417834111,HIGH_PRODUCTION,0,0,3.7586845761926817
2024-01-23 09:00:00,RIG_DEGRADATION,9,23,1,81.07162743720572,90.21867567546074,92.84888167146796,0.6626616600237097,53.09478108533303,72.73264780018712,98.5455397324149,HIGH_PRODUCTION,0,0,3.7563686892079664
2024-01-23 10:00:00,RIG_DEGRADATION,10,23,1,86.39244650647325,85.47645925088747,89.58649230919488,0.6132876248717722,49.91769196887204,77.55738129552088,99.12786146808894,HIGH_PRODUCTION,0,0,3.7540528022232516
2024-01-23 11:00:00,RIG_DEGRADATION,11,23,1,89.73725320314024,97.41829812337039,95.0,0.6330678839974538,55.47020432160577,83.09248164871505,101.34014342248042,HIGH_PRODUCTION,0,0,3.7517369152385367
2024-01-23 12:00:00,RIG_DEGRADATION,12,23,1,90.87810447838321,100.64074554023735,95.0,0.8033355051954596,55.981017405332686,79.03165578759632,98.60923687896779,HIGH_PRODUCTION,0,0,3.7494210282538214
2024-01-23 13:00:00,RIG_DEGRADATION,13,23,1,89.73725320314024,94.01669638262474,93.17416404109305,0.6024126252271746,53.074665195249935,83.60694490818429,96.0906879140947,HIGH_PRODUCTION,0,0,3.747105141269106
2024-01-23 14:00:00,RIG_DEGRADATION,14,23,1,86.39244650647326,97.46326393628286,95.0,0.6861858211500187,57.89876525880186,81.68170578234401,102.1375855708544,HIGH_PRODUCTION,0,0,3.744789254284391
2024-01-23 15:00:00,RIG_DEGRADATION,15,23,1,81.07162743720572,95.51483053062378,91.65854947724391,0.8028619953586987,50.346245427078856,82.2649977252089,102.37078027788841,HIGH_PRODUCTION,0,0,3.7424733672996755
2024-01-23 16:00:00,RIG_DEGRADATION,16,23,1,74.13740102183893,78.29501883540325,78.78626453644402,0.5972926372694605,48.91995952811389,76.75636519866661,83.85129094189561,HIGH_PRODUCTION,0,0,3.7401574803149606
2024-01-23 17:00:00,RIG_DEGRADATION,17,23,1,66.06232333122918,71.92767696715704,76.07007582362331,0.7213405835767819,46.75447961276949,71.91353046872746,80.43225170373776,HIGH_PRODUCTION,0,0,3.737841593330246
2024-01-23 18:00:00,RIG_DEGRADATION,18,23,1,57.39669756529466,57.40433203040812,62.73177608240225,0.6854525494188028,42.6809347853657,65.48385044029143,67.49858875964391,HIGH_PRODUCTION,0,0,3.7355257063455305
2024-01-23 19:00:00,RIG_DEGRADATION,19,23,1,48.73107179936014,61.22859741266977,65.35730191796009,0.5448200636329821,44.57221318443117,71.25480432057087,70.47135163639265,HIGH_PRODUCTION,0,0,3.733209819360815
2024-01-23 20:00:00,RIG_DEGRADATION,20,23,1,40.65599410875039,48.636489943683706,54.174877396088775,0.5839837207528259,38.521581982962275,59.93717755038596,58.6808469264469,HIGH_PRODUCTION,0,0,3.7308939323761
2024-01-23 21:00:00,RIG_DEGRADATION,21,23,1,38.26446504352977,37.87953877220058,46.3478921633613,0.47540261203707557,36.208617455192716,59.624782371381,50.65012694390216,HIGH_PRODUCTION,0,0,3.7285780453913846
2024-01-23 22:00:00,RIG_DEGRADATION,22,23,1,38.26446504352977,45.962181444338476,51.3964273382635,0.5000695588669347,41.27510826708921,66.12347940765348,56.930426718763506,STANDBY,0,0,3.7262621584066697
2024-01-23 23:00:00,RIG_DEGRADATION,23,23,1,38.26446504352977,44.46409555509761,49.50532727139205,0.5801701485039823,40.82407879353408,59.8651344666944,53.755565284209396,STANDBY,0,0,3.723946271421955
2024-01-24 00:00:00,RIG_DEGRADATION,0,24,2,36.872674070127886,34.075686327419895,38.8939185312286,0.5034305800484653,38.26080500310976,54.380855023693066,48.8531240441676,STANDBY,0,0,3.7216303844372396
2024-01-24 01:00:00,RIG_DEGRADATION,1,24,2,36.872674070127886,42.79793214810764,48.55295897487179,0.5076153430399477,36.66663510369061,61.06685911449563,53.35830710131005,STANDBY,0,0,3.7193144974525243
2024-01-24 02:00:00,RIG_DEGRADATION,2,24,2,36.872674070127886,40.62857570219362,45.29831464113379,0.5740916361427613,38.349636312605206,64.00659985695987,53.674419500459734,STANDBY,0,0,3.716998610467809
2024-01-24 03:00:00,RIG_DEGRADATION,3,24,2,36.872674070127886,41.14373864588977,48.056926565597934,0.5323451740154579,40.14391562419419,59.057208222291194,53.775442239204814,STANDBY,0,0,3.714682723483094
2024-01-24 04:00:00,RIG_DEGRADATION,4,24,2,39.17721619951087,42.81045188374045,51.58045758927156,0.46661669085356616,36.70466922478427,64.25684257525563,57.462132394192324,STANDBY,0,0,3.712366836498379
2024-01-24 05:00:00,RIG_DEGRADATION,5,24,2,46.958579598635716,47.265457044428096,53.75354243448924,0.5342080341272772,40.01173275992124,55.34341665686847,56.16598175329935,STANDBY,0,0,3.710050949513664
2024-01-24 06:00:00,RIG_DEGRADATION,6,24,2,55.30901110519182,68.42402532512709,67.23358595605804,0.6323811334460077,47.95119774832868,72.96821812944061,74.87409108160436,HIGH_PRODUCTION,0,0,3.7077350625289487
2024-01-24 07:00:00,RIG_DEGRADATION,7,24,2,63.65944261174793,71.9673894577907,77.14552595203259,0.6196609039361517,48.049697864002304,68.07472287756393,87.22706011913606,HIGH_PRODUCTION,0,0,3.7054191755442334
2024-01-24 08:00:00,RIG_DEGRADATION,8,24,2,71.44080601087278,80.9511394883384,85.7682596909892,0.6798159405101363,51.41109159558114,71.41801377279906,89.2128606592496,HIGH_PRODUCTION,0,0,3.703103288559518
2024-01-24 09:00:00,RIG_DEGRADATION,9,24,2,78.12281424622702,90.68563319705534,86.27992063879945,0.7080107677232271,53.11276518073006,83.98941562650005,90.60953172860252,HIGH_PRODUCTION,0,0,3.7007874015748032
2024-01-24 10:00:00,RIG_DEGRADATION,10,24,2,83.250099499112,87.87206071341275,91.01781720115784,0.6635938795468315,49.85581228876676,77.01011311210664,91.3831482071026,HIGH_PRODUCTION,0,0,3.698471514590088
2024-01-24 11:00:00,RIG_DEGRADATION,11,24,2,86.47324575278313,102.61851353991197,95.0,0.7288772143394637,55.238438246069535,77.05488780392179,99.30980300745702,HIGH_PRODUCTION,0,0,3.696155627605373
2024-01-24 12:00:00,RIG_DEGRADATION,12,24,2,87.57260091655372,93.69776950258445,90.52038904390969,0.7390311461628527,53.99952037552802,80.51568522938557,94.58039153805923,HIGH_PRODUCTION,0,0,3.693839740620658
2024-01-24 13:00:00,RIG_DEGRADATION,13,24,2,86.47324575278313,100.18207575551999,95.0,0.669640971977729,51.22894458368607,78.51304813749871,98.37686273876359,HIGH_PRODUCTION,0,0,3.6915238536359425
2024-01-24 14:00:00,RIG_DEGRADATION,14,24,2,83.25009949911201,89.2022933793886,90.08201108772963,0.6952436061492642,52.92628756650951,76.35487206351206,92.28142678464233,HIGH_PRODUCTION,0,0,3.689207966651227
2024-01-24 15:00:00,RIG_DEGRADATION,15,24,2,78.12281424622702,83.34985219173855,86.31503245770726,0.5825074099545431,51.18918594140588,75.0174899966072,95.50358590290446,HIGH_PRODUCTION,0,0,3.6868920796665123
2024-01-24 16:00:00,RIG_DEGRADATION,16,24,2,71.44080601087278,82.89332863192931,82.19787469227744,0.7379732199191759,53.77319984844445,77.71898387309528,84.85632037950836,HIGH_PRODUCTION,0,0,3.684576192681797
2024-01-24 17:00:00,RIG_DEGRADATION,17,24,2,63.65944261174793,68.4225171604016,73.62942000743328,0.6269781476596982,42.678635302996526,69.88875601531929,76.38322677058777,HIGH_PRODUCTION,0,0,3.682260305697082
2024-01-24 18:00:00,RIG_DEGRADATION,18,24,2,55.30901110519183,64.3468876055821,66.00525844724558,0.616693401710495,47.79547407841797,66.15000529059036,69.58415527553232,HIGH_PRODUCTION,0,0,3.679944418712367
2024-01-24 19:00:00,RIG_DEGRADATION,19,24,2,46.958579598635716,55.596922677566766,61.225679433146155,0.5368208454267208,45.28456911333638,64.77627168214477,72.20267805254052,HIGH_PRODUCTION,0,0,3.6776285317276516
2024-01-24 20:00:00,RIG_DEGRADATION,20,24,2,39.17721619951089,47.21615519380827,52.00109969815787,0.4851390072830776,36.513244222764165,63.59658201645895,60.42594221543071,HIGH_PRODUCTION,0,0,3.6753126447429363
2024-01-24 21:00:00,RIG_DEGRADATION,21,24,2,36.872674070127886,46.13647744316636,51.01132369919667,0.6378978886107441,39.92559332780746,62.25317006851835,53.608366901233154,HIGH_PRODUCTION,0,0,3.6729967577582214
2024-01-24 22:00:00,RIG_DEGRADATION,22,24,2,36.872674070127886,40.1284120733365,47.41412924315171,0.4568027774032765,42.24583974435468,61.303572669601664,53.50224317153728,STANDBY,0,0,3.6706808707735066
2024-01-24 23:00:00,RIG_DEGRADATION,23,24,2,36.872674070127886,55.12682796279527,59.807507371335596,0.5701273557384561,43.370067954669004,68.05604829412168,62.34270439854812,STANDBY,0,0,3.6683649837887913
2024-01-25 00:00:00,RIG_DEGRADATION,0,25,3,36.10028835127271,42.80879608095423,46.17661910558328,0.4984169316868439,41.129081385147614,61.71252005086245,51.9538372616301,STANDBY,0,0,3.666049096804076
2024-01-25 01:00:00,RIG_DEGRADATION,1,25,3,36.10028835127271,37.961775385199864,47.365159486391896,0.4294383001543782,37.46438954497209,57.420470203210655,54.578232655457924,STANDBY,0,0,3.6637332098193607
2024-01-25 02:00:00,RIG_DEGRADATION,2,25,3,36.10028835127271,46.72109906576052,51.95400413966579,0.5277014346404723,43.68295647742885,66.29196445856167,55.797874446761064,STANDBY,0,0,3.6614173228346454
2024-01-25 03:00:00,RIG_DEGRADATION,3,25,3,36.10028835127271,39.27315550340173,45.80315618635604,0.5463999389590842,40.42742374640248,61.683398008530304,52.01056405502574,STANDBY,0,0,3.6591014358499305
2024-01-25 04:00:00,RIG_DEGRADATION,4,25,3,38.35655637322725,45.36718288554788,54.93391329106692,0.6028896532720741,39.64430364982744,65.7794723378265,54.977329446786854,STANDBY,0,0,3.6567855488652157
2024-01-25 05:00:00,RIG_DEGRADATION,5,25,3,45.97492063778226,56.625941512806726,61.90132659765742,0.532090545122092,45.737841958172346,66.62129649392155,67.53732263248504,STANDBY,0,0,3.6544696618805004
2024-01-25 06:00:00,RIG_DEGRADATION,6,25,3,54.15043252690906,54.238165394908336,62.400339626126886,0.6299889649952946,46.008323000939704,65.08354743505762,71.82809187344986,HIGH_PRODUCTION,0,0,3.652153774895785
2024-01-25 07:00:00,RIG_DEGRADATION,7,25,3,62.32594441603586,66.81342615454847,73.38719487737316,0.6159925107898031,47.20383457490452,66.08788940842118,73.56332547923353,HIGH_PRODUCTION,0,0,3.64983788791107
2024-01-25 08:00:00,RIG_DEGRADATION,8,25,3,69.94430868059086,74.92666146707867,76.8597121405321,0.6319926559761446,52.5654370476455,73.8663462395491,83.41374072119841,HIGH_PRODUCTION,0,0,3.647522000926355
2024-01-25 09:00:00,RIG_DEGRADATION,9,25,3,76.48634638588689,81.11821502808233,84.44185835203743,0.592728430166772,49.11316376495537,73.35592278904835,87.42111919818957,HIGH_PRODUCTION,0,0,3.6452061139416396
2024-01-25 10:00:00,RIG_DEGRADATION,10,25,3,81.50622847353647,84.3636846451485,90.03991587441949,0.6604062228897682,52.82739852875568,70.55969459156451,93.41406540823318,HIGH_PRODUCTION,0,0,3.6428902269569248
2024-01-25 11:00:00,RIG_DEGRADATION,11,25,3,84.66185827501369,88.12678899725884,86.39763149708268,0.6916453497887157,52.11807716801572,73.23939650026638,85.59756947545335,HIGH_PRODUCTION,0,0,3.6405743399722095
2024-01-25 12:00:00,RIG_DEGRADATION,12,25,3,85.73818483427267,96.88674934031401,94.91606921751996,0.6750315101674985,51.04869989537889,81.5688162513993,103.75508143720413,HIGH_PRODUCTION,0,0,3.638258452987494
2024-01-25 13:00:00,RIG_DEGRADATION,13,25,3,84.66185827501369,99.61306552636158,95.0,0.690771393110996,55.10499860987367,84.44634430781812,106.59875235247773,HIGH_PRODUCTION,0,0,3.635942566002779
2024-01-25 14:00:00,RIG_DEGRADATION,14,25,3,81.50622847353648,96.89608072928701,95.0,0.683767122768429,54.9734795361991,77.42979612242311,98.20958321248324,HIGH_PRODUCTION,0,0,3.633626679018064
2024-01-25 15:00:00,RIG_DEGRADATION,15,25,3,76.48634638588689,82.80245575276537,85.20314004951884,0.6163705769244188,49.950065485869736,74.25972222894649,91.74978894873394,HIGH_PRODUCTION,0,0,3.6313107920333487
2024-01-25 16:00:00,RIG_DEGRADATION,16,25,3,69.94430868059086,76.64800251358801,80.5473990609128,0.6355832467237034,46.88187113773366,74.615130650432,79.66161226657624,HIGH_PRODUCTION,0,0,3.628994905048634
2024-01-25 17:00:00,RIG_DEGRADATION,17,25,3,62.32594441603586,64.2064658839675,67.27698084840694,0.6330214794066235,44.72501932884386,72.67176631161828,80.02098343282509,HIGH_PRODUCTION,0,0,3.6266790180639186
2024-01-25 18:00:00,RIG_DEGRADATION,18,25,3,54.150432526909064,57.610219951689054,66.8029602431318,0.5438792413243347,45.58845064202863,67.29513672564596,70.1493033160415,HIGH_PRODUCTION,0,0,3.6243631310792033
2024-01-25 19:00:00,RIG_DEGRADATION,19,25,3,45.97492063778226,56.01280332184644,62.74173602013892,0.6649995934328474,43.07138346548602,67.01142341986734,62.335765410780894,HIGH_PRODUCTION,0,0,3.622047244094488
2024-01-25 20:00:00,RIG_DEGRADATION,20,25,3,38.356556373227264,41.456556212482376,50.46785270200735,0.5661925302831277,38.87338554832335,62.49958076507139,55.056371940691605,HIGH_PRODUCTION,0,0,3.619731357109773
2024-01-25 21:00:00,RIG_DEGRADATION,21,25,3,36.10028835127271,44.92022619586665,48.829918901980136,0.6047226195326579,41.007757607734476,62.61209507273902,47.66109148293182,HIGH_PRODUCTION,0,0,3.617415470125058
2024-01-25 22:00:00,RIG_DEGRADATION,22,25,3,36.10028835127271,44.972609883874625,51.409707788182935,0.6284289970628383,38.196436572202145,60.076881124229516,57.34273469631456,STANDBY,0,0,3.615099583140343
2024-01-25 23:00:00,RIG_DEGRADATION,23,25,3,36.10028835127271,49.16014217252769,51.23574329039147,0.5243579260808187,42.242795409580474,66.92444083209497,53.24506871679595,STANDBY,0,0,3.6127836961556277
2024-01-26 00:00:00,RIG_DEGRADATION,0,26,4,36.10028835127271,46.46832353483987,51.24417735415824,0.4956974815254487,40.959721993238865,59.4546829396342,58.90575861880077,STANDBY,0,0,3.6104678091709124
2024-01-26 01:00:00,RIG_DEGRADATION,1,26,4,36.10028835127271,41.854591521744844,48.62026152050139,0.5436636654890025,40.40123689518825,65.97608598038038,53.19030494141126,STANDBY,0,0,3.608151922186197
2024-01-26 02:00:00,RIG_DEGRADATION,2,26,4,36.10028835127271,51.78784839868827,53.233893309374224,0.687221922233995,39.47590582567609,66.27543139630193,59.45999949607487,STANDBY,0,0,3.605836035201482
2024-01-26 03:00:00,RIG_DEGRADATION,3,26,4,36.10028835127271,52.36806398673343,55.88042475298284,0.4895385938883936,42.252317576096395,66.30859914152019,60.842316370350424,STANDBY,0,0,3.6035201482167674
2024-01-26 04:00:00,RIG_DEGRADATION,4,26,4,38.35655637322725,47.5931222083592,56.39312076365728,0.5554643461618185,42.05453083879238,64.42911936001528,60.24024099979655,STANDBY,0,0,3.601204261232052
2024-01-26 05:00:00,RIG_DEGRADATION,5,26,4,45.97492063778226,59.286136142808544,65.1592179027092,0.6512272652674669,45.180356944815266,70.14101031249608,69.53886080894763,STANDBY,0,0,3.5988883742473368
2024-01-26 06:00:00,RIG_DEGRADATION,6,26,4,54.15043252690906,71.52462573106405,75.41600155647835,0.5909652616809837,48.022416522378606,72.9028254916311,76.5728369672134,HIGH_PRODUCTION,0,0,3.5965724872626215
2024-01-26 07:00:00,RIG_DEGRADATION,7,26,4,62.32594441603586,71.43541518362072,72.93551266423523,0.7733953701618732,46.94941790510408,71.00668690189461,83.39692833610498,HIGH_PRODUCTION,0,0,3.594256600277906
2024-01-26 08:00:00,RIG_DEGRADATION,8,26,4,69.94430868059086,81.94958209749547,79.63132703313848,0.7482362687670969,49.73538712889747,70.28736507114746,81.37234726248504,HIGH_PRODUCTION,0,0,3.5919407132931913
2024-01-26 09:00:00,RIG_DEGRADATION,9,26,4,76.48634638588689,84.69969050696363,90.07263786659811,0.7074996106054897,54.04314622382701,77.62736375168197,95.3638922420572,HIGH_PRODUCTION,0,0,3.5896248263084765
2024-01-26 10:00:00,RIG_DEGRADATION,10,26,4,81.50622847353647,93.28488390466723,90.03144486250105,0.7124051788660279,54.134947796051655,80.03919091509101,92.72361492620315,HIGH_PRODUCTION,0,0,3.587308939323761
2024-01-26 11:00:00,RIG_DEGRADATION,11,26,4,84.66185827501369,82.93471313675686,85.69305660470614,0.638775566699721,48.20928698836515,71.83237164002084,93.06772234257116,HIGH_PRODUCTION,0,0,3.584993052339046
2024-01-26 12:00:00,RIG_DEGRADATION,12,26,4,85.73818483427267,94.31177657823348,95.0,0.6364357396566708,53.69491363614837,73.60898856452582,97.69430975551354,HIGH_PRODUCTION,0,0,3.5826771653543306
2024-01-26 13:00:00,RIG_DEGRADATION,13,26,4,84.66185827501369,87.91798418260845,87.93540064895285,0.6581044235747348,55.16662135000829,74.0636286167358,90.12259177101585,HIGH_PRODUCTION,0,0,3.5803612783696153
2024-01-26 14:00:00,RIG_DEGRADATION,14,26,4,81.50622847353648,92.74244898843115,88.22122768059158,0.7390417703207537,55.30106141157498,76.18184465602828,91.99762874408394,HIGH_PRODUCTION,0,0,3.5780453913849004
2024-01-26 15:00:00,RIG_DEGRADATION,15,26,4,76.48634638588689,81.2999461257757,84.79050107455356,0.7038712266096542,49.686722720198325,73.13423564214231,86.38300437293117,HIGH_PRODUCTION,0,0,3.5757295044001856
2024-01-26 16:00:00,RIG_DEGRADATION,16,26,4,69.94430868059086,75.44207503820353,79.88206504548165,0.5432453459773718,47.1039483517104,66.25906367678661,77.46357451756352,HIGH_PRODUCTION,0,0,3.5734136174154703
2024-01-26 17:00:00,RIG_DEGRADATION,17,26,4,62.32594441603586,76.96960795260938,75.32467973944124,0.6523044243256321,47.87941854707975,72.1687920932463,80.88825696529595,HIGH_PRODUCTION,0,0,3.571097730430755
2024-01-26 18:00:00,RIG_DEGRADATION,18,26,4,54.150432526909064,60.532493892779556,66.10589568152211,0.6520773960567312,44.87875126100862,63.238406018325236,70.02816777272271,HIGH_PRODUCTION,0,0,3.5687818434460397
2024-01-26 19:00:00,RIG_DEGRADATION,19,26,4,45.97492063778226,53.156645467833265,62.51626809497673,0.6623643804477692,43.268245839294586,65.31583564525617,66.11826006253436,HIGH_PRODUCTION,0,0,3.566465956461325
2024-01-26 20:00:00,RIG_DEGRADATION,20,26,4,38.356556373227264,39.096507357231296,51.46781982504124,0.5973749899617726,40.55078509800726,61.44184672236498,60.827934949582165,HIGH_PRODUCTION,0,0,3.5641500694766095
2024-01-26 21:00:00,RIG_DEGRADATION,21,26,4,36.10028835127271,41.201966778744676,50.62690743415363,0.5751779489279051,38.118852670976054,64.27334851377938,60.86266623461992,HIGH_PRODUCTION,0,0,3.5618341824918947
2024-01-26 22:00:00,RIG_DEGRADATION,22,26,4,36.10028835127271,33.80959085556629,43.4886582678574,0.4555977447266782,40.40143395445798,56.17649967642706,44.462971119980914,STANDBY,0,0,3.5595182955071794
2024-01-26 23:00:00,RIG_DEGRADATION,23,26,4,36.10028835127271,39.681507275033866,46.296754633652135,0.554639322709287,38.80960465086819,61.76202450981524,49.19958350751219,STANDBY,0,0,3.557202408522464
2024-01-27 00:00:00,RIG_DEGRADATION,0,27,5,36.872674070127886,46.31482531160964,47.30280247578188,0.5945304780173695,42.088320706898884,61.005808717596686,54.70770932244591,STANDBY,0,0,3.5548865215377488
2024-01-27 01:00:00,RIG_DEGRADATION,1,27,5,36.872674070127886,49.131429135891764,51.038116187609305,0.5866198273010137,44.22260615167448,64.31468650909092,52.98688588226664,STANDBY,0,0,3.552570634553034
2024-01-27 02:00:00,RIG_DEGRADATION,2,27,5,36.872674070127886,43.93820902962443,48.80496519483117,0.5865979818192331,40.35464422592522,62.88464770330598,50.59816158782063,STANDBY,0,0,3.5502547475683186
2024-01-27 03:00:00,RIG_DEGRADATION,3,27,5,36.872674070127886,44.809095167787376,50.88353816305528,0.5665833149106213,42.41812834213494,64.5151777090032,53.46204391537939,STANDBY,0,0,3.5479388605836037
2024-01-27 04:00:00,RIG_DEGRADATION,4,27,5,39.17721619951087,51.54572697518036,58.23092422826002,0.5778652288772425,41.77052331599032,67.54268895702947,65.0013994072353,STANDBY,0,0,3.5456229735988884
2024-01-27 05:00:00,RIG_DEGRADATION,5,27,5,46.958579598635716,55.958251905458916,61.576279837364595,0.564359281465291,43.61147385750277,64.37830023343419,63.93514030207361,STANDBY,0,0,3.543307086614173
2024-01-27 06:00:00,RIG_DEGRADATION,6,27,5,55.30901110519182,61.05928642541636,68.97835105974198,0.5562445462706833,47.45189844597023,71.36654894722716,73.84867021218447,HIGH_PRODUCTION,0,0,3.540991199629458
2024-01-27 07:00:00,RIG_DEGRADATION,7,27,5,63.65944261174793,73.66440122444517,77.83053813088605,0.6317397315602087,47.56938099586737,67.24366565445887,81.1226683547931,HIGH_PRODUCTION,0,0,3.538675312644743
2024-01-27 08:00:00,RIG_DEGRADATION,8,27,5,71.44080601087278,86.51137067373318,85.81471129646405,0.7094331884130767,53.27765644032388,75.54075551972431,90.37442670055844,HIGH_PRODUCTION,0,0,3.5363594256600277
2024-01-27 09:00:00,RIG_DEGRADATION,9,27,5,78.12281424622702,76.56083652201774,81.19087259211142,0.6935117656512412,47.47073379616891,69.73314525824473,90.81878964766344,HIGH_PRODUCTION,0,0,3.534043538675313
2024-01-27 10:00:00,RIG_DEGRADATION,10,27,5,83.250099499112,92.9553818526364,92.24997984528407,0.7163100546453787,51.35501847076983,80.61674852060415,98.75720347306603,HIGH_PRODUCTION,0,0,3.5317276516905975
2024-01-27 11:00:00,RIG_DEGRADATION,11,27,5,86.47324575278313,90.00171648044726,94.7537435486356,0.664413008789674,53.182715016462815,74.88270030438696,102.56212512629592,HIGH_PRODUCTION,0,0,3.5294117647058822
2024-01-27 12:00:00,RIG_DEGRADATION,12,27,5,87.57260091655372,94.6880476718552,93.99073984650661,0.634973734120079,51.33190274815207,79.45664831585913,95.96551896259108,HIGH_PRODUCTION,0,0,3.527095877721167
2024-01-27 13:00:00,RIG_DEGRADATION,13,27,5,86.47324575278313,101.25373810151515,95.0,0.7392615922832186,55.13451818569207,77.54440842202791,98.99302389581237,HIGH_PRODUCTION,0,0,3.524779990736452
2024-01-27 14:00:00,RIG_DEGRADATION,14,27,5,83.25009949911201,95.51517179153801,95.0,0.6707962906329239,52.63750965649655,81.76266699016286,102.13899389821535,HIGH_PRODUCTION,0,0,3.5224641037517372
2024-01-27 15:00:00,RIG_DEGRADATION,15,27,5,78.12281424622702,91.0722813194043,90.67387903141244,0.6833536494286934,51.19288247397561,78.06610852598176,98.36052243065001,HIGH_PRODUCTION,0,0,3.520148216767022
2024-01-27 16:00:00,RIG_DEGRADATION,16,27,5,71.44080601087278,83.45936294142744,80.4320169074074,0.7430537498501677,51.839066408002935,67.92360712485369,79.62522128183039,HIGH_PRODUCTION,0,0,3.5178323297823066
2024-01-27 17:00:00,RIG_DEGRADATION,17,27,5,63.65944261174793,77.2076165607531,75.49485896172007,0.7254401520776305,50.36441030676616,69.75119263590071,86.34398761612414,HIGH_PRODUCTION,0,0,3.5155164427975913
2024-01-27 18:00:00,RIG_DEGRADATION,18,27,5,55.30901110519183,63.48294321408882,70.22498707595896,0.5577495300480191,45.035072182697405,64.23222005210206,75.05635268928681,HIGH_PRODUCTION,0,0,3.513200555812876
2024-01-27 19:00:00,RIG_DEGRADATION,19,27,5,46.958579598635716,66.74893854763384,66.83548570425114,0.6263196405806586,47.828672631279325,69.67920208626927,75.28813542158451,HIGH_PRODUCTION,0,0,3.510884668828161
2024-01-27 20:00:00,RIG_DEGRADATION,20,27,5,39.17721619951089,45.13546681605521,53.21957465895925,0.55630580586925,43.396869496734276,62.80080147397401,57.65672285612608,HIGH_PRODUCTION,0,0,3.5085687818434463
2024-01-27 21:00:00,RIG_DEGRADATION,21,27,5,36.872674070127886,40.15608572134788,47.90469505562354,0.4276883580298392,42.35845755056491,66.25695341080733,47.05198481779646,HIGH_PRODUCTION,0,0,3.506252894858731
2024-01-27 22:00:00,RIG_DEGRADATION,22,27,5,36.872674070127886,49.92505148832906,55.24424789321293,0.4403530319467211,41.02703470599709,65.2629220375494,58.17128032278759,STANDBY,0,0,3.5039370078740157
2024-01-27 23:00:00,RIG_DEGRADATION,23,27,5,36.872674070127886,41.28928391999546,45.88261954750272,0.5263109642148032,36.999464348080316,63.322999207154275,41.08691249161161,STANDBY,0,0,3.5016211208893004
2024-01-28 00:00:00,RIG_DEGRADATION,0,28,6,38.26446504352977,36.13542835193453,46.59346660967814,0.5391307943814778,40.238445993275775,60.95053838557412,48.59844456486626,STANDBY,0,0,3.4993052339045856
2024-01-28 01:00:00,RIG_DEGRADATION,1,28,6,38.26446504352977,46.33650695010123,51.72626465884398,0.6260848494055807,41.139690373147275,58.99614703394817,51.69164721355365,STANDBY,0,0,3.4969893469198703
2024-01-28 02:00:00,RIG_DEGRADATION,2,28,6,38.26446504352977,51.25060831258689,53.053900794515826,0.6144016642983907,42.89791891854347,66.39865587960179,55.384184007823706,STANDBY,0,0,3.4946734599351554
2024-01-28 03:00:00,RIG_DEGRADATION,3,28,6,38.26446504352977,54.5637960334942,57.12647985397969,0.5666803658455346,43.803569932261475,67.08768344689948,63.33570217827482,STANDBY,0,0,3.49235757295044
2024-01-28 04:00:00,RIG_DEGRADATION,4,28,6,40.65599410875038,48.00362273089194,57.266461665177125,0.5927919761149165,41.05504812688496,66.8631268707817,56.47149280612111,STANDBY,0,0,3.490041685965725
2024-01-28 05:00:00,RIG_DEGRADATION,5,28,6,48.73107179936013,58.01556449638056,61.957579404344976,0.6089779120505504,48.238481129809244,67.96431302026126,66.752647968716,STANDBY,0,0,3.4877257989810095
2024-01-28 06:00:00,RIG_DEGRADATION,6,28,6,57.396697565294645,68.01977842442545,71.06143805683402,0.6293782918910378,47.559705392745855,73.75489956897779,70.34027041125202,HIGH_PRODUCTION,0,0,3.4854099119962947
2024-01-28 07:00:00,RIG_DEGRADATION,7,28,6,66.06232333122917,78.7848877879857,80.81974476619689,0.6698289636030396,50.440735505157164,73.08916970615883,83.72605278418759,HIGH_PRODUCTION,0,0,3.4830940250115794
2024-01-28 08:00:00,RIG_DEGRADATION,8,28,6,74.13740102183893,90.05580752029694,87.03282884520237,0.6645193411047547,52.60834652055001,77.0894131063986,91.30548095678266,HIGH_PRODUCTION,0,0,3.4807781380268645
2024-01-28 09:00:00,RIG_DEGRADATION,9,28,6,81.0716274372057,84.43362715514877,88.30667398531295,0.6024450151236607,52.94335516738045,75.13763979064207,92.96193608840834,HIGH_PRODUCTION,0,0,3.4784622510421492
2024-01-28 10:00:00,RIG_DEGRADATION,10,28,6,86.39244650647323,91.09288335587996,93.09713021720762,0.6667576184692254,50.76006012051004,81.80907837642258,98.77410164963834,HIGH_PRODUCTION,0,0,3.476146364057434
2024-01-28 11:00:00,RIG_DEGRADATION,11,28,6,89.73725320314023,102.11501300692552,95.0,0.7377637089308594,54.32357148138331,78.57404797914427,98.94504771780255,HIGH_PRODUCTION,0,0,3.4738304770727186
2024-01-28 12:00:00,RIG_DEGRADATION,12,28,6,90.8781044783832,95.6537295082339,95.0,0.8021671372469209,53.97991217080232,80.04323003626644,97.01391529499139,HIGH_PRODUCTION,0,0,3.471514590088004
2024-01-28 13:00:00,RIG_DEGRADATION,13,28,6,89.73725320314023,101.13331977976999,95.0,0.7027244578354288,57.45469803012857,85.68870817608465,98.46365863237622,HIGH_PRODUCTION,0,0,3.4691987031032885
2024-01-28 14:00:00,RIG_DEGRADATION,14,28,6,86.39244650647325,98.93341126713892,95.0,0.7479757306838906,54.960835330686336,80.46722924348298,101.32248247963933,HIGH_PRODUCTION,0,0,3.4668828161185736
2024-01-28 15:00:00,RIG_DEGRADATION,15,28,6,81.0716274372057,90.19382046934669,89.93198740046815,0.7583771280967814,50.850488861857485,77.92670034270903,97.6963917409773,HIGH_PRODUCTION,0,0,3.4645669291338583
2024-01-28 16:00:00,RIG_DEGRADATION,16,28,6,74.13740102183893,76.81712407404524,81.59949132711735,0.703114066606503,52.061092417110764,78.54757637749105,87.0137160289552,HIGH_PRODUCTION,0,0,3.462251042149143
2024-01-28 17:00:00,RIG_DEGRADATION,17,28,6,66.06232333122917,81.23743836928908,79.4990946796728,0.7247252806056589,48.83318862192699,75.26091606154591,82.94303490196104,HIGH_PRODUCTION,0,0,3.4599351551644277
2024-01-28 18:00:00,RIG_DEGRADATION,18,28,6,57.39669756529465,73.2460923514809,71.32327268263249,0.6166771942901381,48.52389986377918,82.7906942788895,71.9902498462105,HIGH_PRODUCTION,0,0,3.457619268179713
2024-01-28 19:00:00,RIG_DEGRADATION,19,28,6,48.73107179936013,62.10279149664341,66.32991861559792,0.6132831724751413,45.01045316572878,63.602716255294894,65.31412360679676,HIGH_PRODUCTION,0,0,3.455303381194998
2024-01-28 20:00:00,RIG_DEGRADATION,20,28,6,40.65599410875039,40.0106903772761,46.65714755807404,0.44983486931617334,39.984374293496344,62.47139904668577,52.74143277055727,HIGH_PRODUCTION,0,0,3.4529874942102827
2024-01-28 21:00:00,RIG_DEGRADATION,21,28,6,38.26446504352977,46.68872534640929,52.094326534249134,0.5272006056337045,39.48407429364774,63.58629031097812,53.73600084890091,HIGH_PRODUCTION,0,0,3.4506716072255674
2024-01-28 22:00:00,RIG_DEGRADATION,22,28,6,38.26446504352977,47.46179610659343,51.00237957965802,0.5639300227722874,42.69822403341019,67.33813951658215,53.98910668314526,STANDBY,0,0,3.448355720240852
2024-01-28 23:00:00,RIG_DEGRADATION,23,28,6,38.26446504352977,49.219251803943784,50.388463135718496,0.6180296724202787,43.46330460084143,61.70378823978891,54.947048449644825,STANDBY,0,0,3.446039833256137
2024-01-29 00:00:00,RIG_DEGRADATION,0,29,0,40.0,52.4060347106206,57.127704898387435,0.5426521743613826,44.141407688905666,61.343016956207364,61.36073494753096,STANDBY,0,0,3.443723946271422
2024-01-29 01:00:00,RIG_DEGRADATION,1,29,0,40.0,45.61873936043051,52.19978253398785,0.6072772748094483,40.9582369773721,66.16823692310325,59.17653750218166,STANDBY,0,0,3.441408059286707
2024-01-29 02:00:00,RIG_DEGRADATION,2,29,0,40.0,44.41812676017024,48.059353104027046,0.5128024253552712,43.7022265019588,63.236064853496565,50.314590988800596,STANDBY,0,0,3.439092172301992
2024-01-29 03:00:00,RIG_DEGRADATION,3,29,0,40.0,46.47334321647529,52.485065776685495,0.6180910759754132,42.01008939598619,66.42106642184275,53.87509850192653,STANDBY,0,0,3.4367762853172765
2024-01-29 04:00:00,RIG_DEGRADATION,4,29,0,42.5,44.71842459514396,53.60540094843059,0.5662509542887558,43.325787587055274,62.618255727022216,58.706036278721996,STANDBY,0,0,3.4344603983325612
2024-01-29 05:00:00,RIG_DEGRADATION,5,29,0,50.94133342141177,63.16378302346496,66.13546223001907,0.6087419242074052,46.230725631178,70.18633974857842,74.80681749604811,STANDBY,0,0,3.432144511347846
2024-01-29 06:00:00,RIG_DEGRADATION,6,29,0,60.0,79.14088702040738,74.72605499873968,0.6181139192609613,50.83622700456986,74.84466741863842,77.8746882285904,HIGH_PRODUCTION,0,0,3.429828624363131
2024-01-29 07:00:00,RIG_DEGRADATION,7,29,0,69.05866657858823,72.66499582180556,75.47432877619849,0.7614121689476315,48.99127757313898,68.13914981179676,75.6068759293282,HIGH_PRODUCTION,0,0,3.427512737378416
2024-01-29 08:00:00,RIG_DEGRADATION,8,29,0,77.5,79.83429565361881,80.57483712834832,0.6395486519222223,48.60313673675178,66.61289171878326,85.0543769991027,HIGH_PRODUCTION,0,0,3.425196850393701
2024-01-29 09:00:00,RIG_DEGRADATION,9,29,0,84.74873734152916,98.49778775519401,95.0,0.7252264187570995,56.96012192204897,78.38439503023697,101.57081099981447,HIGH_PRODUCTION,0,0,3.4228809634089856
2024-01-29 10:00:00,RIG_DEGRADATION,10,29,0,90.31088913245534,91.1762619537196,90.6788984343822,0.7360498724217803,53.21624445907888,80.56387195028476,96.74618197135152,HIGH_PRODUCTION,0,0,3.4205650764242703
2024-01-29 11:00:00,RIG_DEGRADATION,11,29,0,93.8074039201174,105.44055792908404,95.0,0.5844794064363692,57.39063898049056,77.14672497307629,97.71429875187633,HIGH_PRODUCTION,0,0,3.4182491894395555
2024-01-29 12:00:00,RIG_DEGRADATION,12,29,0,95.0,101.70409069078147,95.0,0.7414200918188605,55.04527744558588,78.46785681090151,94.29116802036047,HIGH_PRODUCTION,0,0,3.41593330245484
2024-01-29 13:00:00,RIG_DEGRADATION,13,29,0,93.8074039201174,112.81915391244041,95.0,0.7565674705008215,56.395850066047,86.66482773080962,102.43101124791632,HIGH_PRODUCTION,0,0,3.4136174154701253
2024-01-29 14:00:00,RIG_DEGRADATION,14,29,0,90.31088913245536,98.18858852363489,95.0,0.6733152876652013,49.109240817698904,80.83344259253586,100.14542375289226,HIGH_PRODUCTION,0,0,3.41130152848541
2024-01-29 15:00:00,RIG_DEGRADATION,15,29,0,84.74873734152916,91.84056976980347,89.72329063774622,0.6713602831981922,52.99077531209956,76.90045291788607,94.38519825961997,HIGH_PRODUCTION,0,0,3.4089856415006947
2024-01-29 16:00:00,RIG_DEGRADATION,16,29,0,77.5,87.20574518300502,85.3500271925569,0.6726818025710964,53.694415104797905,75.04306163972265,88.51688265814579,HIGH_PRODUCTION,0,0,3.4066697545159794
2024-01-29 17:00:00,RIG_DEGRADATION,17,29,0,69.05866657858823,85.15596976881491,84.48041559520168,0.6715978238964738,53.04874661421925,73.23735710630031,92.3294839418304,HIGH_PRODUCTION,0,0,3.4043538675312646
2024-01-29 18:00:00,RIG_DEGRADATION,18,29,0,60.00000000000001,68.12839051782942,71.31310286892487,0.6911394482309281,48.694307386343155,70.80911798095606,74.84575540772008,HIGH_PRODUCTION,0,0,3.4020379805465493
2024-01-29 19:00:00,RIG_DEGRADATION,19,29,0,50.94133342141177,57.587042487032804,61.665976332341465,0.6177091475815896,40.123248887379525,76.45524661235359,68.06809657426447,HIGH_PRODUCTION,0,0,3.3997220935618344
2024-01-29 20:00:00,RIG_DEGRADATION,20,29,0,42.500000000000014,61.219970399362346,62.22916851054785,0.5533484722892531,45.8485309159253,66.11760873708963,67.13493562448984,HIGH_PRODUCTION,0,0,3.397406206577119
2024-01-29 21:00:00,RIG_DEGRADATION,21,29,0,40.0,51.29966015374767,53.72867400640346,0.6351384347499456,40.02948592480564,66.29890097841582,59.262707923963326,HIGH_PRODUCTION,0,0,3.395090319592404
2024-01-29 22:00:00,RIG_DEGRADATION,22,29,0,40.0,57.23281859380181,57.56548424667779,0.5049646327405339,46.22664036639584,66.75937547370914,61.29017910885883,STANDBY,0,0,3.3927744326076885
2024-01-29 23:00:00,RIG_DEGRADATION,23,29,0,40.0,46.2308722473644,55.363339951614066,0.5302526303330944,41.180724770173555,65.67300593893316,58.372498004041375,STANDBY,0,0,3.3904585456229737
2024-01-30 00:00:00,RIG_DEGRADATION,0,30,1,38.26446504352977,54.816593231110275,53.18888814516468,0.5803606698196206,47.28894196638337,70.38055146654973,55.4566374727264,STANDBY,0,0,3.3881426586382584
2024-01-30 01:00:00,RIG_DEGRADATION,1,30,1,38.26446504352977,49.3542452218117,51.26794828350565,0.6123474674263448,42.883014753533004,67.23865564891025,56.29617655947464,STANDBY,0,0,3.3858267716535435
2024-01-30 02:00:00,RIG_DEGRADATION,2,30,1,38.26446504352977,46.84021749161197,47.831287754129335,0.5157611337758465,44.008421851450066,67.52101810426994,55.61842609738058,STANDBY,0,0,3.383510884668828
2024-01-30 03:00:00,RIG_DEGRADATION,3,30,1,38.26446504352977,56.762287467073946,58.71843327150373,0.5804791165864014,44.63851553558801,69.78125194951362,63.832526767534354,STANDBY,0,0,3.381194997684113
2024-01-30 04:00:00,RIG_DEGRADATION,4,30,1,40.65599410875038,54.777817071002076,56.48778823069559,0.5607804302660069,44.38114891931272,68.39035222312971,63.46028739685414,STANDBY,0,0,3.3788791106993976
2024-01-30 05:00:00,RIG_DEGRADATION,5,30,1,48.73107179936014,60.54633698040912,61.523715418256906,0.7154635737145766,46.99387439776634,68.37491992897071,67.68156383746891,STANDBY,0,0,3.3765632237146828
2024-01-30 06:00:00,RIG_DEGRADATION,6,30,1,57.39669756529465,68.65589428115896,67.77953685771129,0.7145928764816549,47.1709307091055,74.12833829085024,73.28485319345938,HIGH_PRODUCTION,0,0,3.374247336729968
2024-01-30 07:00:00,RIG_DEGRADATION,7,30,1,66.06232333122918,74.49990435965091,78.34672452435393,0.6927385901487003,48.96683123054144,71.9484518069382,78.40457485861829,HIGH_PRODUCTION,0,0,3.3719314497452526
2024-01-30 08:00:00,RIG_DEGRADATION,8,30,1,74.13740102183893,79.48632832724016,80.56502092548875,0.6777540033640065,51.252731266821776,75.9958835257676,86.41894541289912,HIGH_PRODUCTION,0,0,3.3696155627605373
2024-01-30 09:00:00,RIG_DEGRADATION,9,30,1,81.07162743720572,86.93448444508482,84.77615259055833,0.7219232674948356,54.90760802405736,74.1839099989995,87.80848677973772,HIGH_PRODUCTION,0,0,3.367299675775822
2024-01-30 10:00:00,RIG_DEGRADATION,10,30,1,86.39244650647325,100.03748645919224,95.0,0.7452717797198456,53.11275472799921,82.55599975929991,98.18199226009243,HIGH_PRODUCTION,0,0,3.3649837887911067
2024-01-30 11:00:00,RIG_DEGRADATION,11,30,1,89.73725320314024,98.97226685344414,95.0,0.724424477716411,52.52044201408068,80.5429501910244,98.48249908277906,HIGH_PRODUCTION,0,0,3.362667901806392
2024-01-30 12:00:00,RIG_DEGRADATION,12,30,1,90.87810447838321,97.8464473997484,95.0,0.7474803948336014,55.32645898996305,75.36189736375293,101.763373880131,HIGH_PRODUCTION,0,0,3.360352014821677
2024-01-30 13:00:00,RIG_DEGRADATION,13,30,1,89.73725320314024,95.58495018990622,95.0,0.7944166414836616,53.562800152370706,80.7412716503124,96.70111627941802,HIGH_PRODUCTION,0,0,3.3580361278369617
2024-01-30 14:00:00,RIG_DEGRADATION,14,30,1,86.39244650647326,98.53330586530289,95.0,0.703705671001482,56.00859323405403,80.02411824709235,94.47034321143236,HIGH_PRODUCTION,0,0,3.3557202408522464
2024-01-30 15:00:00,RIG_DEGRADATION,15,30,1,81.07162743720572,93.61656363517356,91.31245581105588,0.7111366901186787,53.80975136512192,77.03290405553793,91.85528613517775,HIGH_PRODUCTION,0,0,3.353404353867531
2024-01-30 16:00:00,RIG_DEGRADATION,16,30,1,74.13740102183893,90.62787196675855,88.07730269047205,0.7345734061406385,51.32051719214103,78.09567900463125,88.14606612434233,HIGH_PRODUCTION,0,0,3.3510884668828163
2024-01-30 17:00:00,RIG_DEGRADATION,17,30,1,66.06232333122918,79.41825716150227,79.74611668770982,0.7255470188958805,51.682528028149136,73.27097602284582,80.21984494833706,HIGH_PRODUCTION,0,0,3.348772579898101
2024-01-30 18:00:00,RIG_DEGRADATION,18,30,1,57.39669756529466,71.80324361637123,72.64691474417175,0.5967001410077508,49.22958298776077,72.19028233143992,79.74123561185377,HIGH_PRODUCTION,0,0,3.346456692913386
2024-01-30 19:00:00,RIG_DEGRADATION,19,30,1,48.73107179936014,52.3605607176404,59.36674300277153,0.575074900650601,40.877958441996526,61.40571285049117,62.734638396927046,HIGH_PRODUCTION,0,0,3.344140805928671
2024-01-30 20:00:00,RIG_DEGRADATION,20,30,1,40.65599410875039,56.950640883340704,59.45897001104819,0.5389872890981698,43.76357720708353,67.52608671283917,61.34868725993353,HIGH_PRODUCTION,0,0,3.3418249189439555
2024-01-30 21:00:00,RIG_DEGRADATION,21,30,1,38.26446504352977,49.69402621336431,54.447982777319766,0.5343296276334958,44.440282281643164,61.54741429172428,62.14959731374055,HIGH_PRODUCTION,0,0,3.33950903195924
2024-01-30 22:00:00,RIG_DEGRADATION,22,30,1,38.26446504352977,54.74497634680356,53.80046816355467,0.5517967602291596,44.462089938448536,62.642667065603405,64.57091561320476,STANDBY,0,0,3.3371931449745253
2024-01-30 23:00:00,RIG_DEGRADATION,23,30,1,38.26446504352977,48.73491449901304,50.5737539206733,0.5854522301367417,41.19243407590435,63.76963587687506,56.812011752114394,STANDBY,0,0,3.33487725798981
2024-01-31 00:00:00,RIG_DEGRADATION,0,31,2,36.872674070127886,36.73867264390005,44.605323426523924,0.533782263065459,42.36353892353216,58.11280609568017,46.32171957229768,STANDBY,0,0,3.332561371005095
2024-01-31 01:00:00,RIG_DEGRADATION,1,31,2,36.872674070127886,50.97279204835681,54.33363205041489,0.6353544660573242,45.968275457160274,64.69033704170818,59.125173560965315,STANDBY,0,0,3.33024548402038
2024-01-31 02:00:00,RIG_DEGRADATION,2,31,2,36.872674070127886,51.67960113091485,56.86845879206508,0.5515969069732415,44.71715926246033,64.06777101147927,56.95889778776707,STANDBY,0,0,3.3279295970356646
2024-01-31 03:00:00,RIG_DEGRADATION,3,31,2,36.872674070127886,54.474848039027094,59.60442395699491,0.6077737362422183,45.52648809872941,65.66840076174948,63.45817691680461,STANDBY,0,0,3.3256137100509493
2024-01-31 04:00:00,RIG_DEGRADATION,4,31,2,39.17721619951087,51.14316370442202,59.91253023273429,0.665584366345284,39.86051880212139,66.80746877688536,63.34067888501593,STANDBY,0,0,3.3232978230662344
2024-01-31 05:00:00,RIG_DEGRADATION,5,31,2,46.958579598635716,54.749576400003576,62.99619129243873,0.5990723320685076,40.260814026431724,66.18904389285052,66.01817293227009,STANDBY,0,0,3.320981936081519
2024-01-31 06:00:00,RIG_DEGRADATION,6,31,2,55.30901110519182,62.52985368714461,70.22113054065268,0.5539023669015752,44.32421195787976,65.62718198644504,73.95164352878903,HIGH_PRODUCTION,0,0,3.3186660490968043
2024-01-31 07:00:00,RIG_DEGRADATION,7,31,2,63.65944261174793,73.47399413649424,77.74920022769453,0.6655989788535669,48.38150739399149,75.81951546343522,86.47320798022693,HIGH_PRODUCTION,0,0,3.316350162112089
2024-01-31 08:00:00,RIG_DEGRADATION,8,31,2,71.44080601087278,85.37599189045075,88.65834975221597,0.7889637537160664,46.9108960588816,74.78011298636058,92.86936016336075,HIGH_PRODUCTION,0,0,3.3140342751273737
2024-01-31 09:00:00,RIG_DEGRADATION,9,31,2,78.12281424622702,92.55523591110101,91.44842656526214,0.6410406521588037,55.231351745324666,76.96438729218771,97.10584227338231,HIGH_PRODUCTION,0,0,3.3117183881426584
2024-01-31 10:00:00,RIG_DEGRADATION,10,31,2,83.250099499112,88.76417163537216,92.97802713224185,0.70677193247467,55.834278542080625,73.66578686085973,103.57335062650846,HIGH_PRODUCTION,0,0,3.3094025011579435
2024-01-31 11:00:00,RIG_DEGRADATION,11,31,2,86.47324575278313,95.68456992938206,95.0,0.7116880565402274,52.94255985682987,79.14941893912665,104.51281328580527,HIGH_PRODUCTION,0,0,3.3070866141732287
2024-01-31 12:00:00,RIG_DEGRADATION,12,31,2,87.57260091655372,103.74088131227035,95.0,0.7837514362830444,57.131221954101825,80.95531717045817,99.97275826027793,HIGH_PRODUCTION,0,0,3.3047707271885134
2024-01-31 13:00:00,RIG_DEGRADATION,13,31,2,86.47324575278313,98.18050362935148,95.0,0.6722543798187945,56.671279355856655,79.85293246989073,103.08164903693552,HIGH_PRODUCTION,0,0,3.302454840203798
2024-01-31 14:00:00,RIG_DEGRADATION,14,31,2,83.25009949911201,91.26360441035014,94.90858752507016,0.7306258912373838,54.1360086369406,77.31093886912936,101.71776158677274,HIGH_PRODUCTION,0,0,3.300138953219083
2024-01-31 15:00:00,RIG_DEGRADATION,15,31,2,78.12281424622702,82.52755089614695,84.42164914934558,0.6206393576497051,51.83059499457455,76.41962410984648,89.97285939154895,HIGH_PRODUCTION,0,0,3.2978230662343675
2024-01-31 16:00:00,RIG_DEGRADATION,16,31,2,71.44080601087278,76.00894336741239,81.68742880608406,0.7319157793742582,51.35419211471321,71.02173630725386,87.02455434278048,HIGH_PRODUCTION,0,0,3.2955071792496526
2024-01-31 17:00:00,RIG_DEGRADATION,17,31,2,63.65944261174793,67.7435677637406,72.52875173870962,0.6341766418761824,49.41250634649773,70.8335184551224,75.45690053213613,HIGH_PRODUCTION,0,0,3.293191292264938
2024-01-31 18:00:00,RIG_DEGRADATION,18,31,2,55.30901110519183,62.78286746742839,65.74476265349884,0.6658612242247539,45.418844782228526,73.05743601470029,70.96387570380006,HIGH_PRODUCTION,0,0,3.2908754052802225
2024-01-31 19:00:00,RIG_DEGRADATION,19,31,2,46.958579598635716,58.74675113305405,61.545555651078494,0.6349035966517804,45.44744781832299,69.94055890062627,66.19800459431589,HIGH_PRODUCTION,0,0,3.288559518295507
2024-01-31 20:00:00,RIG_DEGRADATION,20,31,2,39.17721619951089,44.34451524426913,53.20423160142083,0.5295851799081406,44.50326873668426,67.29197091608968,58.410098454016605,HIGH_PRODUCTION,0,0,3.286243631310792
2024-01-31 21:00:00,RIG_DEGRADATION,21,31,2,36.872674070127886,47.36694811260956,53.97699108645498,0.5610577369228614,40.85686576532186,66.32228468245195,51.946505035079085,HIGH_PRODUCTION,0,0,3.2839277443260766
2024-01-31 22:00:00,RIG_DEGRADATION,22,31,2,36.872674070127886,48.18630671949278,51.00818139193536,0.5080848083807412,43.08896508670281,67.89042259178655,54.5268393971387,STANDBY,0,0,3.2816118573413617
2024-01-31 23:00:00,RIG_DEGRADATION,23,31,2,36.872674070127886,52.507471852501666,51.40257634413165,0.5921872665790686,40.69374089360436,67.07314191880286,56.26006071008773,STANDBY,0,0,3.279295970356647
2024-02-01 00:00:00,RIG_DEGRADATION,0,1,3,36.10028835127271,52.59938620432148,53.992468123706686,0.5393557988300237,41.29802321643256,67.45189629165135,63.106153364203664,STANDBY,0,0,3.2769800833719316
2024-02-01 01:00:00,RIG_DEGRADATION,1,1,3,36.10028835127271,48.18209495135911,51.56886507038814,0.6008305697423226,40.30950296592739,65.52965122086233,59.876218764186454,STANDBY,0,0,3.2746641963872163
2024-02-01 02:00:00,RIG_DEGRADATION,2,1,3,36.10028835127271,49.5353768368635,55.51890701344323,0.6076369110039356,41.72320878439851,66.86663403944034,58.42073655707302,STANDBY,0,0,3.272348309402501
2024-02-01 03:00:00,RIG_DEGRADATION,3,1,3,36.10028835127271,45.061778715684504,49.97139086030401,0.49425746580562135,39.86387079499404,66.2531457103922,57.98821308769368,STANDBY,0,0,3.270032422417786
2024-02-01 04:00:00,RIG_DEGRADATION,4,1,3,38.35655637322725,50.65323078064939,56.21689502202816,0.66010251427647,43.62154692352321,67.95148634655285,67.99052512791562,STANDBY,0,0,3.267716535433071
2024-02-01 05:00:00,RIG_DEGRADATION,5,1,3,45.97492063778226,54.19216770496786,61.956305596882025,0.6239608679535327,44.75211400105565,69.6559589356534,68.43752894335667,STANDBY,0,0,3.265400648448356
2024-02-01 06:00:00,RIG_DEGRADATION,6,1,3,54.15043252690906,60.659362478508285,69.6986702739836,0.6441100210749704,43.548597207577686,64.86915182447709,78.72141372412396,HIGH_PRODUCTION,0,0,3.2630847614636407
2024-02-01 07:00:00,RIG_DEGRADATION,7,1,3,62.32594441603586,71.55423579055545,75.9320019578106,0.6373465375236099,49.4124708672913,69.03172096833943,80.01713895897566,HIGH_PRODUCTION,0,0,3.2607688744789254
2024-02-01 08:00:00,RIG_DEGRADATION,8,1,3,69.94430868059086,88.98270669869238,85.88282558732323,0.6670543859828566,49.16532112262763,77.40577780482386,83.9652778312066,HIGH_PRODUCTION,0,0,3.25845298749421
2024-02-01 09:00:00,RIG_DEGRADATION,9,1,3,76.48634638588689,90.52721155392805,86.07183661914526,0.6256185087665099,50.39729152656517,78.07175169699397,91.11928376144897,HIGH_PRODUCTION,0,0,3.2561371005094952
2024-02-01 10:00:00,RIG_DEGRADATION,10,1,3,81.50622847353647,92.90842637191457,89.88060702239078,0.7305657420663281,52.68504669444186,73.18584114069205,98.05085069374678,HIGH_PRODUCTION,0,0,3.25382121352478
2024-02-01 11:00:00,RIG_DEGRADATION,11,1,3,84.66185827501369,83.53096014034392,84.78125944424374,0.740336357011483,49.11605460849872,69.93220476959968,87.4220071609342,HIGH_PRODUCTION,0,0,3.251505326540065
2024-02-01 12:00:00,RIG_DEGRADATION,12,1,3,85.73818483427267,90.71749201285402,93.03316897013772,0.7823137486089781,53.37124673378718,77.23068924138005,96.98287117093521,HIGH_PRODUCTION,0,0,3.24918943955535
2024-02-01 13:00:00,RIG_DEGRADATION,13,1,3,84.66185827501369,89.35301259642273,90.00944411228808,0.6536241429809411,54.87534221182759,81.27439221109333,92.61093257190325,HIGH_PRODUCTION,0,0,3.2468735525706345
2024-02-01 14:00:00,RIG_DEGRADATION,14,1,3,81.50622847353648,87.41546469474666,89.12575799097166,0.6891676928171491,53.65106099561428,72.6198139555926,94.84947292678025,HIGH_PRODUCTION,0,0,3.244557665585919
2024-02-01 15:00:00,RIG_DEGRADATION,15,1,3,76.48634638588689,86.7531169355962,89.55458814036255,0.7366386928092729,50.805424281832806,78.6137756969512,98.37038378296612,HIGH_PRODUCTION,0,0,3.2422417786012043
2024-02-01 16:00:00,RIG_DEGRADATION,16,1,3,69.94430868059086,77.69331343636694,79.5939965021878,0.6807494773619873,48.757138907839966,78.15246933666212,85.8786022469216,HIGH_PRODUCTION,0,0,3.239925891616489
2024-02-01 17:00:00,RIG_DEGRADATION,17,1,3,62.32594441603586,79.81974012946984,82.15414101985351,0.7239107721822124,50.491581082889816,78.17965917055113,87.72451890549469,HIGH_PRODUCTION,0,0,3.237610004631774
2024-02-01 18:00:00,RIG_DEGRADATION,18,1,3,54.150432526909064,63.585713026657615,68.45157307623833,0.688640880360404,45.801698873398266,71.33791612996862,73.38884555676437,HIGH_PRODUCTION,0,0,3.235294117647059
2024-02-01 19:00:00,RIG_DEGRADATION,19,1,3,45.97492063778226,56.01080426352928,62.215761652753876,0.6208664537813096,42.65445707501491,69.2373421535836,65.46650005252408,HIGH_PRODUCTION,0,0,3.2329782306623436
2024-02-01 20:00:00,RIG_DEGRADATION,20,1,3,38.356556373227264,52.912058167549944,59.95351672566855,0.6298259153862884,44.540039256134854,62.50105435241244,65.03317475966517,HIGH_PRODUCTION,0,0,3.2306623436776283
2024-02-01 21:00:00,RIG_DEGRADATION,21,1,3,36.10028835127271,46.34495146190397,50.24034896469567,0.48899788254463883,41.63304288245485,63.37336859831461,54.137106431796916,HIGH_PRODUCTION,0,0,3.2283464566929134
2024-02-01 22:00:00,RIG_DEGRADATION,22,1,3,36.10028835127271,52.44368557232814,56.22272017262677,0.5480431018617535,40.92057373539332,65.55765428969353,63.09680714639306,STANDBY,0,0,3.2260305697081986
2024-02-01 23:00:00,RIG_DEGRADATION,23,1,3,36.10028835127271,44.44296313978381,48.833634035127275,0.5611572004219931,44.0713771287601,60.4280992741864,55.08148789349127,STANDBY,0,0,3.2237146827234833
2024-02-02 00:00:00,RIG_DEGRADATION,0,2,4,36.10028835127271,50.69982616108439,52.55980623918529,0.6896981817472613,43.0729111295067,63.605105063627846,56.5164948653547,STANDBY,0,0,3.221398795738768
2024-02-02 01:00:00,RIG_DEGRADATION,1,2,4,36.10028835127271,45.75641813076992,46.03050932817087,0.6211240956147615,36.39993839674516,62.92018365711723,51.899709078236086,STANDBY,0,0,3.2190829087540527
2024-02-02 02:00:00,RIG_DEGRADATION,2,2,4,36.10028835127271,41.5165152684372,47.83662969182513,0.581829094888012,41.78295513151507,65.05471452782619,51.66145253870977,STANDBY,0,0,3.2167670217693374
2024-02-02 03:00:00,RIG_DEGRADATION,3,2,4,36.10028835127271,42.222705078201635,51.717090422610774,0.6071324419052905,40.54349465695711,62.83032996600606,53.29391272910805,STANDBY,0,0,3.2144511347846225
2024-02-02 04:00:00,RIG_DEGRADATION,4,2,4,38.35655637322725,49.47252593621383,55.59202504921625,0.581518719788886,41.86187749854012,62.12271719644057,60.173782952734115,STANDBY,0,0,3.2121352477999077
2024-02-02 05:00:00,RIG_DEGRADATION,5,2,4,45.97492063778226,63.72663835860926,67.84044778924769,0.6637977305923777,42.94241657419641,70.3623767725063,72.61301842910325,STANDBY,0,0,3.2098193608151924
2024-02-02 06:00:00,RIG_DEGRADATION,6,2,4,54.15043252690906,62.4411181091421,68.79153243135347,0.5630969450783071,48.25398414231918,66.77431337532113,75.52928506193538,HIGH_PRODUCTION,0,0,3.207503473830477
2024-02-02 07:00:00,RIG_DEGRADATION,7,2,4,62.32594441603586,67.78524760948592,73.17714758626681,0.664716864476866,46.472417735786046,72.20459280172582,83.86314396482575,HIGH_PRODUCTION,0,0,3.2051875868457618
2024-02-02 08:00:00,RIG_DEGRADATION,8,2,4,69.94430868059086,76.11462735535943,80.68686608153011,0.6844447637557575,44.349192365936304,74.8363345982491,90.45326101923973,HIGH_PRODUCTION,0,0,3.202871699861047
2024-02-02 09:00:00,RIG_DEGRADATION,9,2,4,76.48634638588689,80.7678733506595,85.1899391427422,0.6196744806753904,48.13338248350318,74.29728732028288,89.9047431121273,HIGH_PRODUCTION,0,0,3.2005558128763316
2024-02-02 10:00:00,RIG_DEGRADATION,10,2,4,81.50622847353647,90.62291216163196,89.4465596810763,0.6987395846965345,52.75399079811757,79.32314516159848,93.16830286270061,HIGH_PRODUCTION,0,0,3.1982399258916168
2024-02-02 11:00:00,RIG_DEGRADATION,11,2,4,84.66185827501369,92.8742834494905,92.40701543401642,0.738486858115283,53.379504102593145,79.53753536633283,101.29514987807168,HIGH_PRODUCTION,0,0,3.1959240389069015
2024-02-02 12:00:00,RIG_DEGRADATION,12,2,4,85.73818483427267,91.51887339781341,91.02402883830949,0.7293910522721841,51.508909181240924,77.63758449899362,94.97374433654478,HIGH_PRODUCTION,0,0,3.193608151922186
2024-02-02 13:00:00,RIG_DEGRADATION,13,2,4,84.66185827501369,94.63020085906234,95.0,0.7009474379129925,54.72898586199857,78.38829268919201,96.99575675973337,HIGH_PRODUCTION,0,0,3.191292264937471
2024-02-02 14:00:00,RIG_DEGRADATION,14,2,4,81.50622847353648,88.76381985972675,92.04383948667224,0.8104715457880285,49.80836981136545,78.87314927691675,93.39698534883269,HIGH_PRODUCTION,0,0,3.188976377952756
2024-02-02 15:00:00,RIG_DEGRADATION,15,2,4,76.48634638588689,87.39970660860322,89.2246431209626,0.7150149559720016,51.685738190767985,73.14127618265265,98.50892400983527,HIGH_PRODUCTION,0,0,3.1866604909680407
2024-02-02 16:00:00,RIG_DEGRADATION,16,2,4,69.94430868059086,83.36344297224227,85.46315158133368,0.7690281357915204,51.163030538978546,75.7318808058067,85.234564110944,HIGH_PRODUCTION,0,0,3.184344603983326
2024-02-02 17:00:00,RIG_DEGRADATION,17,2,4,62.32594441603586,70.67766592767684,75.03414222490483,0.6801154111745269,45.813584567750524,73.83438813663504,80.888329733153,HIGH_PRODUCTION,0,0,3.1820287169986106
2024-02-02 18:00:00,RIG_DEGRADATION,18,2,4,54.150432526909064,69.4429795084949,71.76412480125869,0.6463929666203561,49.38206309811511,71.97179529924958,76.44517243736333,HIGH_PRODUCTION,0,0,3.1797128300138953
2024-02-02 19:00:00,RIG_DEGRADATION,19,2,4,45.97492063778226,59.51747948525145,63.79850885136323,0.6842485773712438,47.27597821516676,70.00639363653464,69.15046850592117,HIGH_PRODUCTION,0,0,3.17739694302918
2024-02-02 20:00:00,RIG_DEGRADATION,20,2,4,38.356556373227264,48.8727172533587,58.38861706896773,0.6636158806580392,42.373740883779945,64.07811274717604,67.58963479044687,HIGH_PRODUCTION,0,0,3.175081056044465
2024-02-02 21:00:00,RIG_DEGRADATION,21,2,4,36.10028835127271,46.18784233986977,51.34805291648444,0.6325683382149225,42.002394818439726,64.66157871319182,55.881035323692224,HIGH_PRODUCTION,0,0,3.17276516905975
2024-02-02 22:00:00,RIG_DEGRADATION,22,2,4,36.10028835127271,50.91412665682438,55.07235040401297,0.6366230483303932,44.42850320489602,61.28320482093237,59.84917789466973,STANDBY,0,0,3.170449282075035
2024-02-02 23:00:00,RIG_DEGRADATION,23,2,4,36.10028835127271,41.08431533996406,42.87048957564257,0.5470971397950636,41.16625196244509,64.81226841620831,41.031522470995725,STANDBY,0,0,3.1681333950903197
2024-02-03 00:00:00,RIG_DEGRADATION,0,3,5,36.872674070127886,50.28993155050192,56.381103865686796,0.6231621697616501,42.45344293428062,65.9604936358541,60.03533068638201,STANDBY,0,0,3.1658175081056044
2024-02-03 01:00:00,RIG_DEGRADATION,1,3,5,36.872674070127886,55.215891515229856,58.54303811731932,0.5858275416665636,45.54866838312939,65.06564161046704,63.13853904178853,STANDBY,0,0,3.163501621120889
2024-02-03 02:00:00,RIG_DEGRADATION,2,3,5,36.872674070127886,41.74804859079882,46.713899070385885,0.609722266077119,43.824316956254464,60.8363709362564,54.065212626057374,STANDBY,0,0,3.161185734136174
2024-02-03 03:00:00,RIG_DEGRADATION,3,3,5,36.872674070127886,37.80862874912468,43.76468577289436,0.6241912422609046,39.01301215847489,60.165457936885346,48.346850273738404,STANDBY,0,0,3.1588698471514594
2024-02-03 04:00:00,RIG_DEGRADATION,4,3,5,39.17721619951087,39.395227352799225,49.60912348919266,0.5946399509484457,39.05173170242654,58.80692265869947,54.38965483629313,STANDBY,0,0,3.156553960166744
2024-02-03 05:00:00,RIG_DEGRADATION,5,3,5,46.958579598635716,52.41341290012231,60.91487587362315,0.5771138625109878,45.607301964187926,66.16160061932959,62.281164513199506,STANDBY,0,0,3.1542380731820288
2024-02-03 06:00:00,RIG_DEGRADATION,6,3,5,55.30901110519182,68.48998982611953,70.25029261805544,0.6368028142098003,45.83574695028841,75.764362054189,78.15443327865678,HIGH_PRODUCTION,0,0,3.1519221861973135
2024-02-03 07:00:00,RIG_DEGRADATION,7,3,5,63.65944261174793,73.1469280911822,77.89951338306005,0.6692000173011065,46.124192292756234,73.3980675123516,80.32614578140193,HIGH_PRODUCTION,0,0,3.149606299212598
2024-02-03 08:00:00,RIG_DEGRADATION,8,3,5,71.44080601087278,81.98960591748568,85.21695606280802,0.7262291947454282,50.24107538599837,75.21394067442793,91.63619510186084,HIGH_PRODUCTION,0,0,3.1472904122278833
2024-02-03 09:00:00,RIG_DEGRADATION,9,3,5,78.12281424622702,85.73973615428427,86.99369399744417,0.6809376031891233,53.387574714996354,74.22229753381563,93.36583341688697,HIGH_PRODUCTION,0,0,3.1449745252431685
2024-02-03 10:00:00,RIG_DEGRADATION,10,3,5,83.250099499112,86.46556308641479,86.20375186498877,0.6623470374619429,54.986182523498556,72.54532858123508,85.45701017152733,HIGH_PRODUCTION,0,0,3.142658638258453
2024-02-03 11:00:00,RIG_DEGRADATION,11,3,5,86.47324575278313,95.5942025793249,95.0,0.7323139883435688,54.18749548615102,80.02441879665207,99.02726064223839,HIGH_PRODUCTION,0,0,3.140342751273738
2024-02-03 12:00:00,RIG_DEGRADATION,12,3,5,87.57260091655372,97.2685613459477,95.0,0.761935555899516,54.8145218834854,82.4105431872895,104.13247049930035,HIGH_PRODUCTION,0,0,3.1380268642890226
2024-02-03 13:00:00,RIG_DEGRADATION,13,3,5,86.47324575278313,104.69155109094734,95.0,0.7390121408144806,56.63643493444658,84.69573408989953,100.47943794530916,HIGH_PRODUCTION,0,0,3.1357109773043073
2024-02-03 14:00:00,RIG_DEGRADATION,14,3,5,83.25009949911201,97.92431954551455,95.0,0.7040529486667202,54.316152221107615,72.80205071299667,98.73791234834839,HIGH_PRODUCTION,0,0,3.1333950903195924
2024-02-03 15:00:00,RIG_DEGRADATION,15,3,5,78.12281424622702,83.18621285553625,84.1248087840896,0.7748478389707004,50.9041668906367,70.13737549321111,89.40064602199517,HIGH_PRODUCTION,0,0,3.1310792033348775
2024-02-03 16:00:00,RIG_DEGRADATION,16,3,5,71.44080601087278,80.21330424214482,80.61936664876116,0.697952668673163,51.34071408384036,70.67066624465086,82.11046212850798,HIGH_PRODUCTION,0,0,3.1287633163501622
2024-02-03 17:00:00,RIG_DEGRADATION,17,3,5,63.65944261174793,70.35396422192512,73.78971230882914,0.7036881275867496,49.371508600330635,70.33683436711962,78.9507928874038,HIGH_PRODUCTION,0,0,3.126447429365447
2024-02-03 18:00:00,RIG_DEGRADATION,18,3,5,55.30901110519183,60.59155077342972,67.73611097060915,0.6248907851837902,49.39225423562447,66.95305360079415,70.26087439162306,HIGH_PRODUCTION,0,0,3.1241315423807317
2024-02-03 19:00:00,RIG_DEGRADATION,19,3,5,46.958579598635716,62.20190594301829,64.20611368210145,0.626896737458337,47.50954533139891,71.43929644324793,72.79727208635931,HIGH_PRODUCTION,0,0,3.121815655396017
2024-02-03 20:00:00,RIG_DEGRADATION,20,3,5,39.17721619951089,45.102584758396816,51.73730779225053,0.5359313795811053,41.92769954751302,64.5587051889832,57.43182296905548,HIGH_PRODUCTION,0,0,3.1194997684113015
2024-02-03 21:00:00,RIG_DEGRADATION,21,3,5,36.872674070127886,55.36861937900878,57.294819042141214,0.6838772844376243,43.60082806155198,67.1910669039059,61.874545099159626,HIGH_PRODUCTION,0,0,3.1171838814265866
2024-02-03 22:00:00,RIG_DEGRADATION,22,3,5,36.872674070127886,45.15087757549851,52.82121424136542,0.5970664487403696,38.1544738423541,59.479456450464504,60.25011374670244,STANDBY,0,0,3.1148679944418713
2024-02-03 23:00:00,RIG_DEGRADATION,23,3,5,36.872674070127886,44.48268915464794,46.87348986184235,0.6235227194900851,36.5737260093599,62.48139434233638,47.68789206496346,STANDBY,0,0,3.112552107457156
2024-02-04 00:00:00,RIG_DEGRADATION,0,4,6,38.26446504352977,45.36775663621616,47.97938682586788,0.6023318882902036,39.910547150885414,61.05665127338134,52.94584221512315,STANDBY,0,0,3.1102362204724407
2024-02-04 01:00:00,RIG_DEGRADATION,1,4,6,38.26446504352977,45.23465527672209,48.10558209205398,0.6345912908297417,45.42821670242383,58.67234146760796,57.040861943243975,STANDBY,0,0,3.107920333487726
2024-02-04 02:00:00,RIG_DEGRADATION,2,4,6,38.26446504352977,40.436410691510055,48.62975439045604,0.4928668424304578,40.58418272961555,63.93173977740186,54.45994130657752,STANDBY,0,0,3.1056044465030106
2024-02-04 03:00:00,RIG_DEGRADATION,3,4,6,38.26446504352977,49.726630876058366,56.8994932604717,0.6351416365253565,40.60575331841935,59.999692864085205,61.83674084752823,STANDBY,0,0,3.1032885595182957
2024-02-04 04:00:00,RIG_DEGRADATION,4,4,6,40.65599410875038,58.663382166910644,60.484592407181836,0.6667235090460795,45.267356313778166,68.44157822844737,65.36838472290181,STANDBY,0,0,3.1009726725335804
2024-02-04 05:00:00,RIG_DEGRADATION,5,4,6,48.73107179936013,68.13288186174341,67.47087849265071,0.6164730570328621,45.6042230245322,73.68936599163827,67.6825809547194,STANDBY,0,0,3.098656785548865
2024-02-04 06:00:00,RIG_DEGRADATION,6,4,6,57.396697565294645,63.86968085233989,67.99590335429528,0.6340265436040184,47.94621592790042,68.11983946925032,68.78020450525301,HIGH_PRODUCTION,0,0,3.09634089856415
2024-02-04 07:00:00,RIG_DEGRADATION,7,4,6,66.06232333122917,73.77327590254774,78.20864851156082,0.6541163440344244,54.02633164481624,72.97315591059927,80.72036443943442,HIGH_PRODUCTION,0,0,3.094025011579435
2024-02-04 08:00:00,RIG_DEGRADATION,8,4,6,74.13740102183893,91.58726601484304,89.90475990141778,0.7639538662372005,52.53984997809853,74.63142116933501,94.9873272514384,HIGH_PRODUCTION,0,0,3.0917091245947197
2024-02-04 09:00:00,RIG_DEGRADATION,9,4,6,81.0716274372057,92.11076687666474,89.49659289849014,0.6920871846213867,52.735196320418204,78.44847864519919,92.5213320078984,HIGH_PRODUCTION,0,0,3.089393237610005
2024-02-04 10:00:00,RIG_DEGRADATION,10,4,6,86.39244650647323,94.26743589511051,93.87668584072735,0.8109304333242531,53.26440887413651,80.28272354327153,97.86502593983259,HIGH_PRODUCTION,0,0,3.0870773506252895
2024-02-04 11:00:00,RIG_DEGRADATION,11,4,6,89.73725320314023,101.886224826306,95.0,0.7539310447257815,57.11836589586441,77.01737290378507,105.82360525966915,HIGH_PRODUCTION,0,0,3.0847614636405742
2024-02-04 12:00:00,RIG_DEGRADATION,12,4,6,90.8781044783832,107.63929730348062,95.0,0.821511992008695,54.871375112436695,83.9114310646001,104.20950740037692,HIGH_PRODUCTION,0,0,3.082445576655859
2024-02-04 13:00:00,RIG_DEGRADATION,13,4,6,89.73725320314023,105.53439555299491,95.0,0.716220299904329,55.972970534628736,78.28270043788558,96.97941009531185,HIGH_PRODUCTION,0,0,3.080129689671144
2024-02-04 14:00:00,RIG_DEGRADATION,14,4,6,86.39244650647325,102.60780164610281,95.0,0.8189975358035388,54.14335805766837,83.25309811141582,103.22610635376961,HIGH_PRODUCTION,0,0,3.0778138026864292
2024-02-04 15:00:00,RIG_DEGRADATION,15,4,6,81.0716274372057,92.45875660085363,90.19498214534786,0.7326142905391907,52.59377960309516,76.30114617215499,98.11926841735378,HIGH_PRODUCTION,0,0,3.075497915701714
2024-02-04 16:00:00,RIG_DEGRADATION,16,4,6,74.13740102183893,88.74988381885757,88.28209333256501,0.7614653829986958,55.2350283904534,73.4882958877051,96.65494376260119,HIGH_PRODUCTION,0,0,3.0731820287169986
2024-02-04 17:00:00,RIG_DEGRADATION,17,4,6,66.06232333122917,73.7648293554864,80.90840999229327,0.6362216198121768,46.559188450560704,72.8021008640125,85.87941391804551,HIGH_PRODUCTION,0,0,3.0708661417322833
2024-02-04 18:00:00,RIG_DEGRADATION,18,4,6,57.39669756529465,76.23306054828413,75.69116716264067,0.6734348739771174,51.63411351071334,73.81611116653882,82.21413749909453,HIGH_PRODUCTION,0,0,3.068550254747568
2024-02-04 19:00:00,RIG_DEGRADATION,19,4,6,48.73107179936013,52.374143004694034,59.71800654394764,0.5732731576172019,42.34436859941131,58.07930354598313,63.615251793699656,HIGH_PRODUCTION,0,0,3.066234367762853
2024-02-04 20:00:00,RIG_DEGRADATION,20,4,6,40.65599410875039,54.76092883857779,59.40508006744023,0.6114205919699657,42.814816878287026,67.40094301442359,60.728550370525355,HIGH_PRODUCTION,0,0,3.0639184807781383
2024-02-04 21:00:00,RIG_DEGRADATION,21,4,6,38.26446504352977,40.82040458072833,48.80380638085058,0.5784599342503802,39.5685612939945,63.51770222965188,59.31122898514838,HIGH_PRODUCTION,0,0,3.061602593793423
2024-02-04 22:00:00,RIG_DEGRADATION,22,4,6,38.26446504352977,46.422467763070166,53.463084724518865,0.5923165673615838,45.17818718369742,62.08242261224425,60.53680595958812,STANDBY,0,0,3.0592867068087077
2024-02-04 23:00:00,RIG_DEGRADATION,23,4,6,38.26446504352977,46.70154257050116,50.893268993111036,0.5768080781385488,42.49101653097421,63.909319459407556,58.97229646289307,STANDBY,0,0,3.0569708198239924
2024-02-05 00:00:00,RIG_DEGRADATION,0,5,0,40.0,49.28844600496337,50.72505558099094,0.5873038623705682,39.574519538856975,64.72826839198355,61.51086859974434,STANDBY,0,0,3.0546549328392776
2024-02-05 01:00:00,RIG_DEGRADATION,1,5,0,40.0,39.51017152741483,48.0624305836481,0.5848357121476278,41.520744127367,58.742834841802754,53.83878488945943,STANDBY,0,0,3.0523390458545623
2024-02-05 02:00:00,RIG_DEGRADATION,2,5,0,40.0,51.51082834490136,57.34172303592374,0.6224829381371788,42.20626634295047,61.2733958222507,58.86435949618202,STANDBY,0,0,3.0500231588698474
2024-02-05 03:00:00,RIG_DEGRADATION,3,5,0,40.0,49.04450384708125,52.74321626140039,0.5546351742280654,42.7315209310712,64.87061261192393,55.480804534578304,STANDBY,0,0,3.047707271885132
2024-02-05 04:00:00,RIG_DEGRADATION,4,5,0,42.5,52.37843080998384,55.38735184523201,0.652986706501054,40.67114531438884,64.58558179387728,59.65559201820619,STANDBY,0,0,3.045391384900417
2024-02-05 05:00:00,RIG_DEGRADATION,5,5,0,50.94133342141177,54.19002681372357,60.51733813824876,0.6160738086048779,40.82775036586465,65.0569155402327,63.75981294600233,STANDBY,0,0,3.0430754979157015
2024-02-05 06:00:00,RIG_DEGRADATION,6,5,0,60.0,64.5474231589175,66.24297255606074,0.6859654747164168,46.56587354025956,69.50154819920378,69.28849891675289,HIGH_PRODUCTION,0,0,3.0407596109309867
2024-02-05 07:00:00,RIG_DEGRADATION,7,5,0,69.05866657858823,75.25224693675126,73.82285495455656,0.6830800998386636,47.77592316536245,71.95626392739489,77.75939833369658,HIGH_PRODUCTION,0,0,3.0384437239462714
2024-02-05 08:00:00,RIG_DEGRADATION,8,5,0,77.5,87.95149163160515,83.85543344832593,0.7675677223015345,51.59139818567395,74.27791707260613,92.8179139654312,HIGH_PRODUCTION,0,0,3.0361278369615565
2024-02-05 09:00:00,RIG_DEGRADATION,9,5,0,84.74873734152916,100.05172865004337,94.05955899133038,0.7899277385952619,55.147208312151776,76.92508656642788,98.12585858251528,HIGH_PRODUCTION,0,0,3.0338119499768412
2024-02-05 10:00:00,RIG_DEGRADATION,10,5,0,90.31088913245534,105.00459198288235,95.0,0.8443887963340302,54.51174512443592,80.45116441551139,101.71391701145909,HIGH_PRODUCTION,0,0,3.031496062992126
2024-02-05 11:00:00,RIG_DEGRADATION,11,5,0,93.8074039201174,102.86681669997215,95.0,0.7277610837128492,60.04257168152557,78.0338380877018,100.89833164050198,HIGH_PRODUCTION,0,0,3.0291801760074106
2024-02-05 12:00:00,RIG_DEGRADATION,12,5,0,95.0,110.85951690629739,95.0,0.7897074897527029,60.95672426979087,82.7959340314411,99.04627444623026,HIGH_PRODUCTION,0,0,3.0268642890226958
2024-02-05 13:00:00,RIG_DEGRADATION,13,5,0,93.8074039201174,108.31560872545512,95.0,0.7949847826546032,59.32357155816998,79.6479487503681,96.5562061869451,HIGH_PRODUCTION,0,0,3.0245484020379805
2024-02-05 14:00:00,RIG_DEGRADATION,14,5,0,90.31088913245536,105.53407126220387,95.0,0.8258648205744177,58.26233334431707,82.79160882266294,100.05965833801561,HIGH_PRODUCTION,0,0,3.0222325150532656
2024-02-05 15:00:00,RIG_DEGRADATION,15,5,0,84.74873734152916,95.72127411096272,95.0,0.8527004189525892,55.00655122517185,78.53863120917156,99.75573186813037,HIGH_PRODUCTION,0,0,3.0199166280685503
2024-02-05 16:00:00,RIG_DEGRADATION,16,5,0,77.5,89.82313127489763,90.45538393824673,0.6671235604849607,51.89444150496183,77.23690579482012,96.02718803468552,HIGH_PRODUCTION,0,0,3.017600741083835
2024-02-05 17:00:00,RIG_DEGRADATION,17,5,0,69.05866657858823,80.90691236149675,79.684353922548,0.7554779555771628,49.74310984369281,68.16098861020993,86.41227068436848,HIGH_PRODUCTION,0,0,3.0152848540991197
2024-02-05 18:00:00,RIG_DEGRADATION,18,5,0,60.00000000000001,66.12368235513199,67.07979288566773,0.5872212915665889,47.15804106730424,72.86639257847024,67.13550076629113,HIGH_PRODUCTION,0,0,3.012968967114405
2024-02-05 19:00:00,RIG_DEGRADATION,19,5,0,50.94133342141177,64.86701239551682,66.10695216158575,0.5950973797592621,46.37671274633618,64.08935432331096,70.65198958644186,HIGH_PRODUCTION,0,0,3.01065308012969
2024-02-05 20:00:00,RIG_DEGRADATION,20,5,0,42.500000000000014,59.79386101606265,64.2705206486372,0.6563799164904724,42.45465616153976,65.36444764318858,66.00692570638635,HIGH_PRODUCTION,0,0,3.0083371931449747
2024-02-05 21:00:00,RIG_DEGRADATION,21,5,0,40.0,53.96520941602013,56.250767372033245,0.6368937547306839,43.843871672614384,68.49727062582483,60.386449570667146,HIGH_PRODUCTION,0,0,3.0060213061602594
2024-02-05 22:00:00,RIG_DEGRADATION,22,5,0,40.0,52.09317098626441,52.9140206067248,0.5922176338519665,41.074481193697125,64.10645438415976,62.65659203225375,STANDBY,0,0,3.003705419175544
2024-02-05 23:00:00,RIG_DEGRADATION,23,5,0,40.0,50.21684754290621,53.72028160525747,0.6962268367632013,42.716936792775584,66.71279379635907,63.530607152200304,STANDBY,0,0,3.001389532190829
2024-02-06 00:00:00,RIG_DEGRADATION,0,6,1,38.26446504352977,48.04605595743786,49.32521807677184,0.6269687883260786,41.817926013925195,65.96328930848483,57.97149218987875,STANDBY,0,0,2.999073645206114
2024-02-06 01:00:00,RIG_DEGRADATION,1,6,1,38.26446504352977,46.694355843200164,49.59333078722567,0.6166717164170797,40.52827880768575,63.613429748840325,52.683208922540054,STANDBY,0,0,2.9967577582213987
2024-02-06 02:00:00,RIG_DEGRADATION,2,6,1,38.26446504352977,52.39990718755967,52.90420879349145,0.6776086884411072,41.75324772501218,65.50739767948997,56.784066999182656,STANDBY,0,0,2.994441871236684
2024-02-06 03:00:00,RIG_DEGRADATION,3,6,1,38.26446504352977,55.501453842995154,57.53036449889138,0.6079033168080387,43.38314104952724,65.85529005238327,66.32930586359828,STANDBY,0,0,2.9921259842519685
2024-02-06 04:00:00,RIG_DEGRADATION,4,6,1,40.65599410875038,49.59103713110376,55.803357163961316,0.6558612878070946,43.89228212639427,61.9316146382942,61.911478706037784,STANDBY,0,0,2.989810097267253
2024-02-06 05:00:00,RIG_DEGRADATION,5,6,1,48.73107179936014,62.257706561380274,64.00657027446937,0.6960426212501518,47.00193758907608,69.75820077315399,67.35045309762958,STANDBY,0,0,2.9874942102825384
2024-02-06 06:00:00,RIG_DEGRADATION,6,6,1,57.39669756529465,66.43160296454919,70.28089992289868,0.6235378619236007,47.24519973057321,69.95811863341775,79.55951593068893,HIGH_PRODUCTION,0,0,2.985178323297823
2024-02-06 07:00:00,RIG_DEGRADATION,7,6,1,66.06232333122918,76.37481615396976,77.66542083019564,0.7363343007277245,45.631109466884524,76.19308652650481,82.60732130757003,HIGH_PRODUCTION,0,0,2.9828624363131078
2024-02-06 08:00:00,RIG_DEGRADATION,8,6,1,74.13740102183893,80.10571271813691,86.71982421185595,0.7013951585806746,53.02068224598956,75.3244952207033,92.68995209659062,HIGH_PRODUCTION,0,0,2.980546549328393
2024-02-06 09:00:00,RIG_DEGRADATION,9,6,1,81.07162743720572,94.1247800752107,92.97028502650386,0.7473412439489608,52.318705607345194,76.73540707499171,93.25487174905375,HIGH_PRODUCTION,0,0,2.9782306623436776
2024-02-06 10:00:00,RIG_DEGRADATION,10,6,1,86.39244650647325,98.59951555687286,95.0,0.7980417116219622,56.77000061492317,80.2093012617185,100.96785380572669,HIGH_PRODUCTION,0,0,2.9759147753589623
2024-02-06 11:00:00,RIG_DEGRADATION,11,6,1,89.73725320314024,99.45333920504365,95.0,0.8578800040352426,54.98618871799463,83.37627821919374,97.30448391468977,HIGH_PRODUCTION,0,0,2.9735988883742475
2024-02-06 12:00:00,RIG_DEGRADATION,12,6,1,90.87810447838321,97.47854940732118,95.0,0.7556711074557761,53.71005389950347,78.28998757130351,100.96330184957895,HIGH_PRODUCTION,0,0,2.971283001389532
2024-02-06 13:00:00,RIG_DEGRADATION,13,6,1,89.73725320314024,108.10190968397238,95.0,0.8364155044190897,56.717873727037144,84.35987978351504,100.3922395096063,HIGH_PRODUCTION,0,0,2.968967114404817
2024-02-06 14:00:00,RIG_DEGRADATION,14,6,1,86.39244650647326,98.20331758813651,95.0,0.7169793288690116,52.121912466007366,76.78714831081277,98.6331546428942,HIGH_PRODUCTION,0,0,2.966651227420102
2024-02-06 15:00:00,RIG_DEGRADATION,15,6,1,81.07162743720572,102.35804093787975,94.96098949149234,0.7867012715247471,52.75830485596507,85.3420184576691,101.36432567041095,HIGH_PRODUCTION,0,0,2.9643353404353867
2024-02-06 16:00:00,RIG_DEGRADATION,16,6,1,74.13740102183893,87.53795488757267,89.454259637203,0.7125668503713152,50.26452413014317,78.67507677959414,96.07945942319165,HIGH_PRODUCTION,0,0,2.9620194534506714
2024-02-06 17:00:00,RIG_DEGRADATION,17,6,1,66.06232333122918,79.00599880918621,82.20543849084618,0.7053257876287393,49.53804087872556,74.49376596079172,87.2398782073493,HIGH_PRODUCTION,0,0,2.9597035664659566
2024-02-06 18:00:00,RIG_DEGRADATION,18,6,1,57.39669756529466,72.30108127366523,76.97562039596373,0.74943334303328,46.40371538996289,71.34543909786377,80.65498141986376,HIGH_PRODUCTION,0,0,2.9573876794812413
2024-02-06 19:00:00,RIG_DEGRADATION,19,6,1,48.73107179936014,65.32171812887096,68.09046612508561,0.655444115945784,49.82390312457561,66.24835270001599,71.94945501435583,HIGH_PRODUCTION,0,0,2.9550717924965264
2024-02-06 20:00:00,RIG_DEGRADATION,20,6,1,40.65599410875039,57.48359167919232,61.527331431350916,0.6157745164340214,41.61574325344476,68.51184973582114,68.92489346290083,HIGH_PRODUCTION,0,0,2.952755905511811
2024-02-06 21:00:00,RIG_DEGRADATION,21,6,1,38.26446504352977,57.51835599969927,59.6704330792224,0.7434260276808331,47.29309855808255,66.02979406557543,63.46853702052087,HIGH_PRODUCTION,0,0,2.950440018527096
2024-02-06 22:00:00,RIG_DEGRADATION,22,6,1,38.26446504352977,50.95404542842532,50.298643747795055,0.6569831142862426,42.409350514146254,64.56492548575994,59.16598162145412,STANDBY,0,0,2.948124131542381
2024-02-06 23:00:00,RIG_DEGRADATION,23,6,1,38.26446504352977,50.67014342032739,49.41309196187334,0.6352130328388768,44.6411326033624,65.51787659040413,52.020604171623745,STANDBY,0,0,2.9458082445576657
2024-02-07 00:00:00,RIG_DEGRADATION,0,7,2,36.872674070127886,41.91889270367204,49.70512834894712,0.5958962614868144,40.05017691968582,63.37855047021068,60.354196462123696,STANDBY,0,0,2.9434923575729504
2024-02-07 01:00:00,RIG_DEGRADATION,1,7,2,36.872674070127886,45.47991015482141,48.66614863084919,0.5738980177391404,42.982033676375885,62.95861576981845,50.394895704075005,STANDBY,0,0,2.9411764705882355
2024-02-07 02:00:00,RIG_DEGRADATION,2,7,2,36.872674070127886,47.39553915505292,49.983967973398684,0.606193355589622,40.526734850552145,64.288608666865,55.09478531574782,STANDBY,0,0,2.93886058360352
2024-02-07 03:00:00,RIG_DEGRADATION,3,7,2,36.872674070127886,47.00516120159089,51.93537781646239,0.6689711338707097,42.437585758518196,62.646312882306916,52.11428689184948,STANDBY,0,0,2.936544696618805
2024-02-07 04:00:00,RIG_DEGRADATION,4,7,2,39.17721619951087,41.460254360212694,50.48263196791567,0.5809247743788187,36.83559718066198,59.90579659524322,56.18584521018901,STANDBY,0,0,2.93422880963409
2024-02-07 05:00:00,RIG_DEGRADATION,5,7,2,46.958579598635716,61.40799120215987,65.42071134837548,0.6907553970854163,46.822176960899064,66.00029750666229,68.05773397293333,STANDBY,0,0,2.9319129226493748
2024-02-07 06:00:00,RIG_DEGRADATION,6,7,2,55.30901110519182,64.352567457116,67.46341087347014,0.5890622003478423,48.06141350456817,69.79266245997667,68.40477261403198,HIGH_PRODUCTION,0,0,2.9295970356646595
2024-02-07 07:00:00,RIG_DEGRADATION,7,7,2,63.65944261174793,80.63195135201624,82.67053368077532,0.7692660123206765,51.40307784854376,70.34344439146953,87.09584218048,HIGH_PRODUCTION,0,0,2.9272811486799446
2024-02-07 08:00:00,RIG_DEGRADATION,8,7,2,71.44080601087278,83.51713488354841,81.86627356504495,0.7003696781982374,51.36171335181884,79.13826314762129,81.38205146789208,HIGH_PRODUCTION,0,0,2.9249652616952293
2024-02-07 09:00:00,RIG_DEGRADATION,9,7,2,78.12281424622702,91.99612576619491,95.0,0.7798029289279803,53.70086507033688,81.51154307040677,101.10407638621746,HIGH_PRODUCTION,0,0,2.922649374710514
2024-02-07 10:00:00,RIG_DEGRADATION,10,7,2,83.250099499112,95.0717815722245,94.9755588621765,0.7741010823546031,53.75155685815999,78.19510352588588,97.27162482153668,HIGH_PRODUCTION,0,0,2.920333487725799
2024-02-07 11:00:00,RIG_DEGRADATION,11,7,2,86.47324575278313,91.49142032459561,91.4781497757312,0.7281005129822313,49.85709982188751,75.29493097025195,94.43072483392726,HIGH_PRODUCTION,0,0,2.918017600741084
2024-02-07 12:00:00,RIG_DEGRADATION,12,7,2,87.57260091655372,100.81818477501376,95.0,0.8841307022433617,57.07460789024537,77.33060424413267,100.90233609615359,HIGH_PRODUCTION,0,0,2.9157017137563686
2024-02-07 13:00:00,RIG_DEGRADATION,13,7,2,86.47324575278313,103.23172040145421,95.0,0.8017720282687368,58.44533486728677,79.96630248180406,100.7819632041946,HIGH_PRODUCTION,0,0,2.9133858267716537
2024-02-07 14:00:00,RIG_DEGRADATION,14,7,2,83.25009949911201,88.34536706891508,89.89438249801348,0.836526606084592,55.644888873626186,75.97511774432384,98.9938438318749,HIGH_PRODUCTION,0,0,2.9110699397869384
2024-02-07 15:00:00,RIG_DEGRADATION,15,7,2,78.12281424622702,88.43405719096954,92.27217860346377,0.790356580576996,50.454700251246905,74.14773461550455,101.58517755158837,HIGH_PRODUCTION,0,0,2.908754052802223
2024-02-07 16:00:00,RIG_DEGRADATION,16,7,2,71.44080601087278,73.95574755579932,79.34885308887957,0.7007972205766039,49.57503035177878,74.30861391551574,86.5610371847232,HIGH_PRODUCTION,0,0,2.9064381658175082
2024-02-07 17:00:00,RIG_DEGRADATION,17,7,2,63.65944261174793,72.05465621717518,73.94087688780863,0.596175934346812,48.53612222687541,70.88761783570011,78.34551997310217,HIGH_PRODUCTION,0,0,2.904122278832793
2024-02-07 18:00:00,RIG_DEGRADATION,18,7,2,55.30901110519183,59.92609189818765,67.57679357715593,0.7108908729667593,44.96615768801351,69.71061580928595,73.02537540935313,HIGH_PRODUCTION,0,0,2.9018063918480776
2024-02-07 19:00:00,RIG_DEGRADATION,19,7,2,46.958579598635716,56.70629350035549,60.599209351310115,0.5725168624605844,45.642295144516815,65.67912264971449,66.69223490498867,HIGH_PRODUCTION,0,0,2.899490504863363
2024-02-07 20:00:00,RIG_DEGRADATION,20,7,2,39.17721619951089,56.72575045439935,61.52314858375759,0.5811604313509741,47.300277705972725,66.18468578091957,70.26214165149501,HIGH_PRODUCTION,0,0,2.8971746178786475
2024-02-07 21:00:00,RIG_DEGRADATION,21,7,2,36.872674070127886,52.062542387444466,51.81093397188229,0.7043564993349747,40.67446792778518,64.77002498950486,53.73422118155501,HIGH_PRODUCTION,0,0,2.894858730893932
2024-02-07 22:00:00,RIG_DEGRADATION,22,7,2,36.872674070127886,49.64812650274719,48.815711169569674,0.5175412318520989,43.3912697159186,65.70732458074244,49.7595903364052,STANDBY,0,0,2.8925428439092173
2024-02-07 23:00:00,RIG_DEGRADATION,23,7,2,36.872674070127886,46.65746649793035,48.02793696232722,0.5662757041070439,42.58045106696764,68.42731454181259,52.89362640372244,STANDBY,0,0,2.890226956924502
2024-02-08 00:00:00,RIG_DEGRADATION,0,8,3,36.10028835127271,42.83751687816375,49.02450197250121,0.6552028595280734,40.78910797600117,63.580511710627086,52.56527896178557,STANDBY,0,0,2.887911069939787
2024-02-08 01:00:00,RIG_DEGRADATION,1,8,3,36.10028835127271,48.23385011926739,49.904471160436614,0.5860883490604047,41.583624696134166,66.58579122954819,53.326642050638824,STANDBY,0,0,2.885595182955072
2024-02-08 02:00:00,RIG_DEGRADATION,2,8,3,36.10028835127271,45.05175830887716,48.87278640645464,0.5711884694675667,40.30086249042058,69.7106139107642,57.030452470861476,STANDBY,0,0,2.8832792959703566
2024-02-08 03:00:00,RIG_DEGRADATION,3,8,3,36.10028835127271,42.954148645134566,50.96758643418685,0.5332534495045537,40.68992883706026,63.00039811895013,60.0563682491819,STANDBY,0,0,2.8809634089856417
2024-02-08 04:00:00,RIG_DEGRADATION,4,8,3,38.35655637322725,44.61384713988779,49.49253121404039,0.6023072754145193,40.2262789992247,59.20829308058278,56.92881453899206,STANDBY,0,0,2.8786475220009264
2024-02-08 05:00:00,RIG_DEGRADATION,5,8,3,45.97492063778226,59.205315488474156,63.80886861837879,0.6210807090017916,44.73936177768796,63.27993792537823,66.43325820425446,STANDBY,0,0,2.876331635016211
2024-02-08 06:00:00,RIG_DEGRADATION,6,8,3,54.15043252690906,65.84107600690632,68.20292557906518,0.6624023999185924,44.85194917170903,70.6614467100942,74.80080887466313,HIGH_PRODUCTION,0,0,2.8740157480314963
2024-02-08 07:00:00,RIG_DEGRADATION,7,8,3,62.32594441603586,79.58724095460187,83.15267674378026,0.7438919781775141,52.740751402505886,69.28983295379552,85.75176483691895,HIGH_PRODUCTION,0,0,2.871699861046781
2024-02-08 08:00:00,RIG_DEGRADATION,8,8,3,69.94430868059086,81.85087686660006,82.94489074542356,0.7210149830287276,48.91316827657426,73.39451339852246,84.81900630776367,HIGH_PRODUCTION,0,0,2.8693839740620657
2024-02-08 09:00:00,RIG_DEGRADATION,9,8,3,76.48634638588689,95.6229154032982,91.2607136533355,0.8047241693778966,53.0197832548348,74.79757703719439,98.40721858917797,HIGH_PRODUCTION,0,0,2.867068087077351
2024-02-08 10:00:00,RIG_DEGRADATION,10,8,3,81.50622847353647,92.84829170693355,87.83026736436875,0.7135418307638615,52.123256446689304,76.81694927394452,91.88087174036605,HIGH_PRODUCTION,0,0,2.8647522000926355
2024-02-08 11:00:00,RIG_DEGRADATION,11,8,3,84.66185827501369,99.52080222642284,95.0,0.7739083880019844,51.53380401935764,80.70536502607818,100.71363150293601,HIGH_PRODUCTION,0,0,2.8624363131079202
2024-02-08 12:00:00,RIG_DEGRADATION,12,8,3,85.73818483427267,101.16712196843045,95.0,0.8584834262247146,55.87306631865096,80.03092890160224,105.1557670336962,HIGH_PRODUCTION,0,0,2.8601204261232054
2024-02-08 13:00:00,RIG_DEGRADATION,13,8,3,84.66185827501369,102.22443308605388,95.0,0.8542264224200449,58.6219317242575,81.73426743315072,105.63191826505296,HIGH_PRODUCTION,0,0,2.85780453913849
2024-02-08 14:00:00,RIG_DEGRADATION,14,8,3,81.50622847353648,107.17282951055867,95.0,0.8158415900673446,57.66266056989003,85.91298713364647,102.14453175654441,HIGH_PRODUCTION,0,0,2.855488652153775
2024-02-08 15:00:00,RIG_DEGRADATION,15,8,3,76.48634638588689,98.66111801919949,95.0,0.7104873016239248,50.498106685685705,79.65215028775194,101.33951065395871,HIGH_PRODUCTION,0,0,2.85317276516906
2024-02-08 16:00:00,RIG_DEGRADATION,16,8,3,69.94430868059086,70.94707675876923,76.51742136701668,0.6876373572378006,45.205993914428745,73.01328397868055,82.8010002916988,HIGH_PRODUCTION,0,0,2.8508568781843446
2024-02-08 17:00:00,RIG_DEGRADATION,17,8,3,62.32594441603586,73.1376686684965,79.19613334030507,0.6875032352505753,46.504183888151076,75.29937927280372,86.34759278669874,HIGH_PRODUCTION,0,0,2.8485409911996293
2024-02-08 18:00:00,RIG_DEGRADATION,18,8,3,54.150432526909064,66.06037291410745,69.64932428072497,0.7046347320791408,48.06398303082051,71.95668484882344,75.62230981930868,HIGH_PRODUCTION,0,0,2.8462251042149145
2024-02-08 19:00:00,RIG_DEGRADATION,19,8,3,45.97492063778226,59.47182551046732,62.90893004745805,0.7914060314664871,45.500997257985254,67.34564434385236,68.9882991684971,HIGH_PRODUCTION,0,0,2.843909217230199
2024-02-08 20:00:00,RIG_DEGRADATION,20,8,3,38.356556373227264,50.51583164159046,57.41405915730753,0.6082604545377468,45.38220685290326,71.13774651744887,63.10447215668975,HIGH_PRODUCTION,0,0,2.841593330245484
2024-02-08 21:00:00,RIG_DEGRADATION,21,8,3,36.10028835127271,51.201265466056675,53.06122418174589,0.6376746667833988,39.657775500403076,66.24326721868972,56.83873687750803,HIGH_PRODUCTION,0,0,2.839277443260769
2024-02-08 22:00:00,RIG_DEGRADATION,22,8,3,36.10028835127271,57.721920361076826,57.63088705307057,0.5562152419447539,42.97616590330193,65.30732889140441,66.3662536107806,STANDBY,0,0,2.8369615562760537
2024-02-08 23:00:00,RIG_DEGRADATION,23,8,3,36.10028835127271,41.72673895445434,46.618767547128414,0.5562978229719167,41.901857604731774,60.37015206017096,51.10285149585097,STANDBY,0,0,2.8346456692913384
2024-02-09 00:00:00,RIG_DEGRADATION,0,9,4,36.10028835127271,51.16477703575971,57.100653846702585,0.6695239081670078,42.62984929768595,66.69661197341802,63.05368063568569,STANDBY,0,0,2.8323297823066236
2024-02-09 01:00:00,RIG_DEGRADATION,1,9,4,36.10028835127271,44.89806790032508,47.572422439152355,0.5588569694969261,45.25460973982066,61.93479390501385,52.6290360624738,STANDBY,0,0,2.8300138953219083
2024-02-09 02:00:00,RIG_DEGRADATION,2,9,4,36.10028835127271,49.520845610357426,52.761537738141655,0.5300405399534331,42.563068669737774,64.04981253034634,58.32246245741595,STANDBY,0,0,2.827698008337193
2024-02-09 03:00:00,RIG_DEGRADATION,3,9,4,36.10028835127271,55.72888900150722,56.51920102494395,0.7460751177680967,40.112428801089095,64.58801320751309,58.98118039103937,STANDBY,0,0,2.825382121352478
2024-02-09 04:00:00,RIG_DEGRADATION,4,9,4,38.35655637322725,47.74689301452852,54.93850580200031,0.630789567077511,40.48460786767458,65.23397734673209,55.71131927172178,STANDBY,0,0,2.823066234367763
2024-02-09 05:00:00,RIG_DEGRADATION,5,9,4,45.97492063778226,55.573605555501686,56.919072577555596,0.6376593846070051,43.40751034226696,64.87917921456892,61.7883527849506,STANDBY,0,0,2.8207503473830475
2024-02-09 06:00:00,RIG_DEGRADATION,6,9,4,54.15043252690906,73.03170780174236,74.7154194073095,0.6674599383047243,46.37434219461024,73.38034404744555,81.2751151259767,HIGH_PRODUCTION,0,0,2.8184344603983327
2024-02-09 07:00:00,RIG_DEGRADATION,7,9,4,62.32594441603586,91.93997421323411,93.23183108104917,0.7525769867816564,51.50725667304916,78.51449119427679,100.61997498110223,HIGH_PRODUCTION,0,0,2.8161185734136174
2024-02-09 08:00:00,RIG_DEGRADATION,8,9,4,69.94430868059086,80.73522942674593,84.97309882637369,0.7305157736305311,50.80606637854604,78.38620028664242,87.63118613631315,HIGH_PRODUCTION,0,0,2.813802686428902
2024-02-09 09:00:00,RIG_DEGRADATION,9,9,4,76.48634638588689,88.83370419858619,89.82768170381262,0.7818894471558803,55.04751606467805,71.32984146165877,93.36429611614145,HIGH_PRODUCTION,0,0,2.8114867994441872
2024-02-09 10:00:00,RIG_DEGRADATION,10,9,4,81.50622847353647,88.82027026052519,89.44985404603423,0.7163227631187554,52.88517302197294,75.83950233567575,91.6824706930847,HIGH_PRODUCTION,0,0,2.809170912459472
2024-02-09 11:00:00,RIG_DEGRADATION,11,9,4,84.66185827501369,105.42842825796694,95.0,0.7606974276922847,53.671088791233565,78.2227949231883,99.8156511959175,HIGH_PRODUCTION,0,0,2.806855025474757
2024-02-09 12:00:00,RIG_DEGRADATION,12,9,4,85.73818483427267,100.55860450035097,95.0,0.7360002217831544,57.129483409440425,79.08840216813685,99.05370487528239,HIGH_PRODUCTION,0,0,2.8045391384900418
2024-02-09 13:00:00,RIG_DEGRADATION,13,9,4,84.66185827501369,97.46773196398159,95.0,0.7840966698100758,57.27937207370882,77.46563871410814,98.88494100955111,HIGH_PRODUCTION,0,0,2.8022232515053265
2024-02-09 14:00:00,RIG_DEGRADATION,14,9,4,81.50622847353648,99.82960208424831,95.0,0.8206222113904236,55.97739622344521,82.5563803177041,101.27977103014561,HIGH_PRODUCTION,0,0,2.7999073645206116
2024-02-09 15:00:00,RIG_DEGRADATION,15,9,4,76.48634638588689,90.77763783875088,86.70464153399027,0.8025549623077185,54.00681940160188,79.13401872665995,89.72430183912569,HIGH_PRODUCTION,0,0,2.7975914775358963
2024-02-09 16:00:00,RIG_DEGRADATION,16,9,4,69.94430868059086,86.36519041427749,82.30642571501504,0.7606090072029446,51.068667359150275,76.44770539306975,83.74319138546821,HIGH_PRODUCTION,0,0,2.795275590551181
2024-02-09 17:00:00,RIG_DEGRADATION,17,9,4,62.32594441603586,74.95749496171092,75.46769858765606,0.6905078350370143,49.05967470817402,74.9226717622204,78.50118738074794,HIGH_PRODUCTION,0,0,2.792959703566466
2024-02-09 18:00:00,RIG_DEGRADATION,18,9,4,54.150432526909064,67.10940970441445,68.01857993456049,0.6974067783414464,49.99779980515933,72.65485185800331,77.262224799234,HIGH_PRODUCTION,0,0,2.790643816581751
2024-02-09 19:00:00,RIG_DEGRADATION,19,9,4,45.97492063778226,54.62340059948461,61.77144496591077,0.6478653495616318,46.10639076582004,68.13445289269188,63.8483910731579,HIGH_PRODUCTION,0,0,2.7883279295970356
2024-02-09 20:00:00,RIG_DEGRADATION,20,9,4,38.356556373227264,49.7298711178777,55.249027421687764,0.6766715128747974,40.54222956653929,66.18949003463335,60.51027241290512,HIGH_PRODUCTION,0,0,2.7860120426123207
2024-02-09 21:00:00,RIG_DEGRADATION,21,9,4,36.10028835127271,49.87859875935669,60.03859642214794,0.6370018862391309,39.69306918242965,63.406560723781,64.21955496337286,HIGH_PRODUCTION,0,0,2.7836961556276054
2024-02-09 22:00:00,RIG_DEGRADATION,22,9,4,36.10028835127271,47.691228924065314,50.31869540396645,0.6911253971963094,42.33315878318028,65.43537707206359,60.33469663914394,STANDBY,0,0,2.78138026864289
2024-02-09 23:00:00,RIG_DEGRADATION,23,9,4,36.10028835127271,54.700753163728486,54.232611377821826,0.7355935306061555,45.354874373705606,72.20749052019588,59.27093553678462,STANDBY,0,0,2.7790643816581753
2024-02-10 00:00:00,RIG_DEGRADATION,0,10,5,36.872674070127886,48.94668480185844,52.91517480862006,0.6584973774187104,40.06549881792387,67.2881937465854,49.72741416953332,STANDBY,0,0,2.77674849467346
2024-02-10 01:00:00,RIG_DEGRADATION,1,10,5,36.872674070127886,47.91832893220673,54.06319219785788,0.5449757499137421,44.07740948372336,61.87251856663764,59.7666157827363,STANDBY,0,0,2.7744326076887447
2024-02-10 02:00:00,RIG_DEGRADATION,2,10,5,36.872674070127886,49.3748344233216,53.46443029448361,0.6034171786246729,43.16151983173821,60.46816095953683,60.28334515567538,STANDBY,0,0,2.77211672070403
2024-02-10 03:00:00,RIG_DEGRADATION,3,10,5,36.872674070127886,47.65373433323275,54.195341511519935,0.6077838116373503,45.60225206452173,61.84861473698996,61.20691204880557,STANDBY,0,0,2.7698008337193145
2024-02-10 04:00:00,RIG_DEGRADATION,4,10,5,39.17721619951087,56.69712864913456,60.991239485945016,0.6703091307772263,43.55103747547679,62.579949622639205,66.72089391420604,STANDBY,0,0,2.767484946734599
2024-02-10 05:00:00,RIG_DEGRADATION,5,10,5,46.958579598635716,61.77312864657668,65.64450250947263,0.6517532128315222,45.52942634960581,65.47309456151977,69.08884880621852,STANDBY,0,0,2.7651690597498844
2024-02-10 06:00:00,RIG_DEGRADATION,6,10,5,55.30901110519182,68.57369339032479,72.68647760265684,0.6530304729671328,49.88997670167097,70.53105433618731,77.31020389092245,HIGH_PRODUCTION,0,0,2.762853172765169
2024-02-10 07:00:00,RIG_DEGRADATION,7,10,5,63.65944261174793,83.62751704646227,79.52179387207727,0.7282756302532041,50.37097461419806,74.81835893023631,85.07011477315754,HIGH_PRODUCTION,0,0,2.7605372857804538
2024-02-10 08:00:00,RIG_DEGRADATION,8,10,5,71.44080601087278,84.35576005847042,85.02145712914134,0.7018995072913696,52.556573052796615,78.60544505873177,88.70097748282883,HIGH_PRODUCTION,0,0,2.758221398795739
2024-02-10 09:00:00,RIG_DEGRADATION,9,10,5,78.12281424622702,91.07930701957889,91.8466335078488,0.6632993803564461,50.36546130218534,78.20014343704194,97.87112120367223,HIGH_PRODUCTION,0,0,2.7559055118110236
2024-02-10 10:00:00,RIG_DEGRADATION,10,10,5,83.250099499112,93.69761094986943,89.65711853030422,0.8255697583030974,56.3548172551102,78.76418806519416,92.72419683951786,HIGH_PRODUCTION,0,0,2.7535896248263083
2024-02-10 11:00:00,RIG_DEGRADATION,11,10,5,86.47324575278313,93.64554908767226,92.0982225979532,0.7784806332293212,56.19462171668378,77.25596558988617,95.6858348520744,HIGH_PRODUCTION,0,0,2.7512737378415935
2024-02-10 12:00:00,RIG_DEGRADATION,12,10,5,87.57260091655372,103.61312905639852,95.0,0.8450653066111092,56.44171739305414,86.1600417379686,102.79723720380741,HIGH_PRODUCTION,0,0,2.748957850856878
2024-02-10 13:00:00,RIG_DEGRADATION,13,10,5,86.47324575278313,93.27648713138997,90.03106571795747,0.6813870640522128,54.48565119043907,79.02937666070233,98.9650314433105,HIGH_PRODUCTION,0,0,2.746641963872163
2024-02-10 14:00:00,RIG_DEGRADATION,14,10,5,83.25009949911201,96.49850399751428,92.59492373450627,0.7247997892894689,53.25144276354288,81.3561995025171,94.23844241399634,HIGH_PRODUCTION,0,0,2.744326076887448
2024-02-10 15:00:00,RIG_DEGRADATION,15,10,5,78.12281424622702,96.85390266277773,95.0,0.7276193369602839,55.66539877474376,79.65490977551411,101.06630752836341,HIGH_PRODUCTION,0,0,2.7420101899027327
2024-02-10 16:00:00,RIG_DEGRADATION,16,10,5,71.44080601087278,82.08560275004496,85.61581224470542,0.5588247449572561,50.61776827379899,79.44367759122512,92.15373094766663,HIGH_PRODUCTION,0,0,2.739694302918018
2024-02-10 17:00:00,RIG_DEGRADATION,17,10,5,63.65944261174793,76.51142892951584,80.98585468152096,0.7429457735127954,49.92324832453091,65.78396614462629,85.58636129081808,HIGH_PRODUCTION,0,0,2.7373784159333026
2024-02-10 18:00:00,RIG_DEGRADATION,18,10,5,55.30901110519183,67.18462456516124,71.01248785006536,0.623246218113876,49.96498216809971,69.844327588289,77.17104334254249,HIGH_PRODUCTION,0,0,2.7350625289485873
2024-02-10 19:00:00,RIG_DEGRADATION,19,10,5,46.958579598635716,62.11380659674711,66.83279884063471,0.6159745967612072,45.80618854815841,74.44562273407581,65.99192129602363,HIGH_PRODUCTION,0,0,2.7327466419638724
2024-02-10 20:00:00,RIG_DEGRADATION,20,10,5,39.17721619951089,54.58639376569488,58.83908351619047,0.6797373941710508,46.67396755084272,61.64784404935078,63.002155308052885,HIGH_PRODUCTION,0,0,2.730430754979157
2024-02-10 21:00:00,RIG_DEGRADATION,21,10,5,36.872674070127886,60.496877332443475,59.58413814131044,0.6523127848087906,46.2359749536034,70.45226042108652,70.64741495004483,HIGH_PRODUCTION,0,0,2.728114867994442
2024-02-10 22:00:00,RIG_DEGRADATION,22,10,5,36.872674070127886,52.38783696866634,59.15110170790094,0.6065993172519857,45.58676233281613,64.23326927807189,66.25130541231184,STANDBY,0,0,2.725798981009727
2024-02-10 23:00:00,RIG_DEGRADATION,23,10,5,36.872674070127886,48.21218162084412,53.26160713058442,0.6990083086892193,40.45234976185949,66.29049969310171,56.789448319333744,STANDBY,0,0,2.7234830940250117
2024-02-11 00:00:00,RIG_DEGRADATION,0,11,6,38.26446504352977,50.12885028455547,48.557471258616594,0.6288544203257452,43.38943081744879,66.85849578406786,58.821177317732094,STANDBY,0,0,2.7211672070402964
2024-02-11 01:00:00,RIG_DEGRADATION,1,11,6,38.26446504352977,53.79353159171262,55.923316894598884,0.6349836858032457,43.76450101071116,67.20103967961792,61.97461904966981,STANDBY,0,0,2.7188513200555815
2024-02-11 02:00:00,RIG_DEGRADATION,2,11,6,38.26446504352977,48.64801702427427,53.20891410322393,0.6209856366397177,39.83734037617316,66.45207160733172,61.06966805006479,STANDBY,0,0,2.716535433070866
2024-02-11 03:00:00,RIG_DEGRADATION,3,11,6,38.26446504352977,52.043438170581055,58.1445790958941,0.616796883733232,44.618500682553346,62.825673335692606,59.687660766972456,STANDBY,0,0,2.714219546086151
2024-02-11 04:00:00,RIG_DEGRADATION,4,11,6,40.65599410875038,53.75006681404111,53.37786906164738,0.6276139132209326,46.548734687294775,65.67622048986765,60.3620732241605,STANDBY,0,0,2.711903659101436
2024-02-11 05:00:00,RIG_DEGRADATION,5,11,6,48.73107179936013,54.66772062005916,61.97317804642426,0.6395693807050702,41.32686489847892,67.99934530494755,68.80246002493149,STANDBY,0,0,2.7095877721167207
2024-02-11 06:00:00,RIG_DEGRADATION,6,11,6,57.396697565294645,70.3927792472226,70.54645067125458,0.6368262377659035,46.570569630316875,75.84783791841299,76.8576437653821,HIGH_PRODUCTION,0,0,2.7072718851320055
2024-02-11 07:00:00,RIG_DEGRADATION,7,11,6,66.06232333122917,82.37337728767622,80.538839686361,0.6511141503305097,47.78218930295577,75.77225676133736,85.8406530165858,HIGH_PRODUCTION,0,0,2.7049559981472906
2024-02-11 08:00:00,RIG_DEGRADATION,8,11,6,74.13740102183893,86.10877102281243,89.30428679373222,0.8783051278080314,47.32969706733293,78.61911975375203,90.27895674730645,HIGH_PRODUCTION,0,0,2.7026401111625753
2024-02-11 09:00:00,RIG_DEGRADATION,9,11,6,81.0716274372057,92.50115048018968,92.29464367768082,0.7947663632512093,52.888108467707774,71.32144562895192,99.79663383098753,HIGH_PRODUCTION,0,0,2.70032422417786
2024-02-11 10:00:00,RIG_DEGRADATION,10,11,6,86.39244650647323,103.11000621362292,95.0,0.8340045285014912,56.58712845334052,79.44054589647007,101.15351128332567,HIGH_PRODUCTION,0,0,2.698008337193145
2024-02-11 11:00:00,RIG_DEGRADATION,11,11,6,89.73725320314023,104.2234644091018,95.0,0.8853027997261296,56.128257475680066,79.85216674208915,99.24344316982959,HIGH_PRODUCTION,0,0,2.69569245020843
2024-02-11 12:00:00,RIG_DEGRADATION,12,11,6,90.8781044783832,104.8928568090485,95.0,0.7500529399358891,54.397197703052655,79.51093360145614,97.99272100715326,HIGH_PRODUCTION,0,0,2.6933765632237145
2024-02-11 13:00:00,RIG_DEGRADATION,13,11,6,89.73725320314023,100.75987751211682,95.0,0.7467090135151172,53.1703024425118,80.4397715988075,100.55443510882083,HIGH_PRODUCTION,0,0,2.6910606762389997
2024-02-11 14:00:00,RIG_DEGRADATION,14,11,6,86.39244650647325,111.42641326093924,95.0,0.7972771890426364,56.29928209807071,86.58836071064539,104.0319331425574,HIGH_PRODUCTION,0,0,2.6887447892542844
2024-02-11 15:00:00,RIG_DEGRADATION,15,11,6,81.0716274372057,85.90552135244701,84.57372017611831,0.7813436859598288,51.25797028599319,78.07862697271219,90.20538087596677,HIGH_PRODUCTION,0,0,2.686428902269569
2024-02-11 16:00:00,RIG_DEGRADATION,16,11,6,74.13740102183893,87.69293195758812,86.16361459054143,0.7616855784781665,50.78703893924016,78.88474802946656,97.16864839138796,HIGH_PRODUCTION,0,0,2.6841130152848542
2024-02-11 17:00:00,RIG_DEGRADATION,17,11,6,66.06232333122917,79.09432391505932,81.55285499443457,0.7765704939370444,49.75964191935652,75.11627896794892,81.45102820840441,HIGH_PRODUCTION,0,0,2.681797128300139
2024-02-11 18:00:00,RIG_DEGRADATION,18,11,6,57.39669756529465,70.5711560880779,73.95421613384212,0.7492623581743107,52.98494046946552,69.83072307125241,76.66470685218498,HIGH_PRODUCTION,0,0,2.6794812413154236
2024-02-11 19:00:00,RIG_DEGRADATION,19,11,6,48.73107179936013,65.1481413762811,67.12997869434871,0.7217536124096571,47.71524795900127,68.49736886631426,75.92804249491356,HIGH_PRODUCTION,0,0,2.677165354330709
2024-02-11 20:00:00,RIG_DEGRADATION,20,11,6,40.65599410875039,47.82850649613723,51.242230010732385,0.6020161246328664,43.14315477247874,61.186750724921524,52.939192504400026,HIGH_PRODUCTION,0,0,2.6748494673459935
2024-02-11 21:00:00,RIG_DEGRADATION,21,11,6,38.26446504352977,59.683802422469746,66.35917342856676,0.697514108597078,45.31044550521433,68.12653618990657,72.54338714815682,HIGH_PRODUCTION,0,0,2.672533580361278
2024-02-11 22:00:00,RIG_DEGRADATION,22,11,6,38.26446504352977,41.848515575825935,47.7562281435926,0.6608556848703229,42.81212400741636,59.773991566014836,54.46876612751866,STANDBY,0,0,2.6702176933765633
2024-02-11 23:00:00,RIG_DEGRADATION,23,11,6,38.26446504352977,53.4682720534827,51.965759791510564,0.5953506902049386,42.1268026555098,64.74720292480481,56.09712979834222,STANDBY,0,0,2.667901806391848
2024-02-12 00:00:00,RIG_DEGRADATION,0,12,0,40.0,61.288813703736906,58.36842711929877,0.6933995531286214,43.991075045657176,66.42781801781373,61.84368523680347,STANDBY,0,0,2.6655859194071327
2024-02-12 01:00:00,RIG_DEGRADATION,1,12,0,40.0,58.48016658789042,57.80520562311664,0.5288497669010397,46.25854044755713,68.24269316269202,62.23417430077565,STANDBY,0,0,2.663270032422418
2024-02-12 02:00:00,RIG_DEGRADATION,2,12,0,40.0,45.777888505909885,51.79385713629498,0.6149740761699548,41.36147074342595,69.08700538598191,57.21388139859897,STANDBY,0,0,2.6609541454377026
2024-02-12 03:00:00,RIG_DEGRADATION,3,12,0,40.0,57.93321888748199,58.511560619859225,0.6551887565268867,44.3960484056095,68.62668278915805,57.89188794284233,STANDBY,0,0,2.6586382584529877
2024-02-12 04:00:00,RIG_DEGRADATION,4,12,0,42.5,57.39318183163397,60.305515052965305,0.688318438491792,46.78150575993846,63.86495358359949,66.62042253965863,STANDBY,0,0,2.6563223714682724
2024-02-12 05:00:00,RIG_DEGRADATION,5,12,0,50.94133342141177,65.70438586204364,68.34492943347419,0.6686202539457735,49.634927484970994,64.79046195937323,71.80684673358759,STANDBY,0,0,2.654006484483557
2024-02-12 06:00:00,RIG_DEGRADATION,6,12,0,60.0,71.22839121739567,73.48758702041245,0.6921356475970428,46.2777370415212,68.71123853534078,75.69367686485418,HIGH_PRODUCTION,0,0,2.6516905974988423
2024-02-12 07:00:00,RIG_DEGRADATION,7,12,0,69.05866657858823,84.04849819499186,80.34253443530457,0.852892245997975,47.58338523714556,76.35039379022872,82.90932269088583,HIGH_PRODUCTION,0,0,2.649374710514127
2024-02-12 08:00:00,RIG_DEGRADATION,8,12,0,77.5,91.90735452320895,87.78292812617255,0.7412906723854484,51.257564936267755,76.92489105051321,97.81892326229091,HIGH_PRODUCTION,0,0,2.6470588235294117
2024-02-12 09:00:00,RIG_DEGRADATION,9,12,0,84.74873734152916,88.55771223180538,88.82876653155533,0.7323956345319276,50.93450441534432,76.22372699015745,94.892684470504,HIGH_PRODUCTION,0,0,2.644742936544697
2024-02-12 10:00:00,RIG_DEGRADATION,10,12,0,90.31088913245534,102.55231087626676,93.85472125854773,0.8083226973332704,55.3020602580628,75.5136004612349,100.10581208804946,HIGH_PRODUCTION,0,0,2.6424270495599815
2024-02-12 11:00:00,RIG_DEGRADATION,11,12,0,93.8074039201174,110.49033441188507,95.0,0.8536728173234293,55.14675540276283,85.34142311598254,106.00439383560737,HIGH_PRODUCTION,0,0,2.6401111625752662
2024-02-12 12:00:00,RIG_DEGRADATION,12,12,0,95.0,105.89471430379638,95.0,0.8092243796729474,57.74244927580204,82.99682652457017,99.7109212528014,HIGH_PRODUCTION,0,0,2.6377952755905514
2024-02-12 13:00:00,RIG_DEGRADATION,13,12,0,93.8074039201174,106.24578567136079,95.0,0.78374595801559,57.846704412102106,83.01741325946138,96.89353393792732,HIGH_PRODUCTION,0,0,2.635479388605836
2024-02-12 14:00:00,RIG_DEGRADATION,14,12,0,90.31088913245536,107.49400916047999,95.0,0.8029559545216605,55.1470796233599,81.36429239403414,102.69757612977332,HIGH_PRODUCTION,0,0,2.633163501621121
2024-02-12 15:00:00,RIG_DEGRADATION,15,12,0,84.74873734152916,106.96156841813678,95.0,0.8078694014990798,56.88558515904329,80.27774870000053,99.69240450904888,HIGH_PRODUCTION,0,0,2.630847614636406
2024-02-12 16:00:00,RIG_DEGRADATION,16,12,0,77.5,89.9144387758585,85.23133613231455,0.6819919541146413,55.32483759382568,78.43140532075549,85.946509984274,HIGH_PRODUCTION,0,0,2.6285317276516906
2024-02-12 17:00:00,RIG_DEGRADATION,17,12,0,69.05866657858823,80.23103056304377,76.9207257361945,0.7349624703947144,49.65514775686149,77.08203924039526,79.78520454593918,HIGH_PRODUCTION,0,0,2.6262158406669753
2024-02-12 18:00:00,RIG_DEGRADATION,18,12,0,60.00000000000001,76.7303570588151,73.00169894736548,0.6961171162431945,52.3041284558656,74.99631779051731,79.36467160674886,HIGH_PRODUCTION,0,0,2.6238999536822605
2024-02-12 19:00:00,RIG_DEGRADATION,19,12,0,50.94133342141177,58.292970207815834,62.48676200640683,0.5899866541594668,46.38232787649801,69.16998133178242,65.97422576721343,HIGH_PRODUCTION,0,0,2.621584066697545
2024-02-12 20:00:00,RIG_DEGRADATION,20,12,0,42.500000000000014,55.61103060829197,55.3988480201881,0.6435403637633537,43.6998227314517,68.85060525619782,64.17870590077987,HIGH_PRODUCTION,0,0,2.61926817971283
2024-02-12 21:00:00,RIG_DEGRADATION,21,12,0,40.0,64.89947608325961,61.02421963523373,0.7650294800091694,47.61606942922916,66.6479738787972,68.81602893738588,HIGH_PRODUCTION,0,0,2.616952292728115
2024-02-12 22:00:00,RIG_DEGRADATION,22,12,0,40.0,43.87617682926649,47.158798915406074,0.6569572250092022,38.06298174509455,61.11518503601811,50.365826499830355,STANDBY,0,0,2.6146364057433997
2024-02-12 23:00:00,RIG_DEGRADATION,23,12,0,40.0,51.02362670242802,53.95194316501468,0.6566477902198593,41.034120853695825,61.31228902155009,57.59885649595438,STANDBY,0,0,2.6123205187586844
2024-02-13 00:00:00,RIG_DEGRADATION,0,13,1,38.26446504352977,46.37981860961269,48.12978638996314,0.6988487414459513,40.48987754765411,61.4574589884496,52.24629314597952,STANDBY,0,0,2.6100046317739696
2024-02-13 01:00:00,RIG_DEGRADATION,1,13,1,38.26446504352977,48.221213579349076,51.712244259572756,0.6141011236897718,43.061569565512336,63.155213581223244,56.49236692407538,STANDBY,0,0,2.6076887447892543
2024-02-13 02:00:00,RIG_DEGRADATION,2,13,1,38.26446504352977,62.16980111839771,60.44430789922,0.6549134039482843,46.99236365200295,68.1195929715609,58.87538519830695,STANDBY,0,0,2.605372857804539
2024-02-13 03:00:00,RIG_DEGRADATION,3,13,1,38.26446504352977,49.59819418967872,56.29776052580563,0.7562352610912181,41.96875802616198,66.08004845062078,56.79837307529081,STANDBY,0,0,2.603056970819824
2024-02-13 04:00:00,RIG_DEGRADATION,4,13,1,40.65599410875038,54.232907052742604,61.136058852229226,0.6858541247872305,44.88963499613618,67.89345473707172,66.40520825648588,STANDBY,0,0,2.600741083835109
2024-02-13 05:00:00,RIG_DEGRADATION,5,13,1,48.73107179936014,63.9463789522909,64.13613855761486,0.6730135896059996,44.3285964051893,70.24759616719645,68.37169781826874,STANDBY,0,0,2.5984251968503935
2024-02-13 06:00:00,RIG_DEGRADATION,6,13,1,57.39669756529465,72.94059708372188,75.00828917733533,0.7270994473339785,50.9672126202832,71.41999967741711,82.33107193116001,HIGH_PRODUCTION,0,0,2.5961093098656787
2024-02-13 07:00:00,RIG_DEGRADATION,7,13,1,66.06232333122918,79.6971001670286,81.357389441323,0.7033262751521401,49.56733500550732,75.79039323923077,85.64864760067788,HIGH_PRODUCTION,0,0,2.5937934228809634
2024-02-13 08:00:00,RIG_DEGRADATION,8,13,1,74.13740102183893,94.41707768585727,90.00865623641901,0.6952837847927442,53.732139614643906,76.25162941605429,91.97259648165453,HIGH_PRODUCTION,0,0,2.5914775358962485
2024-02-13 09:00:00,RIG_DEGRADATION,9,13,1,81.07162743720572,87.36047054881348,88.32638570316782,0.7463730729704475,53.04987284070929,74.81014479570912,93.84731109038417,HIGH_PRODUCTION,0,0,2.589161648911533
2024-02-13 10:00:00,RIG_DEGRADATION,10,13,1,86.39244650647325,96.73761728002057,95.0,0.8502343144777058,52.69616630986147,81.24398809233553,106.17028180495609,HIGH_PRODUCTION,0,0,2.586845761926818
2024-02-13 11:00:00,RIG_DEGRADATION,11,13,1,89.73725320314024,95.49443844784261,95.0,0.7976285250950179,53.53706261930097,78.89413901954245,102.52935746880605,HIGH_PRODUCTION,0,0,2.584529874942103
2024-02-13 12:00:00,RIG_DEGRADATION,12,13,1,90.87810447838321,102.38755923479019,95.0,0.7623893941517769,53.23646819235233,79.45809932387834,98.62060013679604,HIGH_PRODUCTION,0,0,2.5822139879573878
2024-02-13 13:00:00,RIG_DEGRADATION,13,13,1,89.73725320314024,101.754466165324,95.0,0.8116516381149724,57.37020477760591,83.06426410738231,99.30506234869044,HIGH_PRODUCTION,0,0,2.5798981009726725
2024-02-13 14:00:00,RIG_DEGRADATION,14,13,1,86.39244650647326,100.91574170211143,95.0,0.7671327418254741,52.96429706775515,81.3204677551036,104.8849398692046,HIGH_PRODUCTION,0,0,2.5775822139879576
2024-02-13 15:00:00,RIG_DEGRADATION,15,13,1,81.07162743720572,96.99584816795408,92.28635227427445,0.7763080425338573,56.12381936613661,78.63419486550143,97.95272125453894,HIGH_PRODUCTION,0,0,2.5752663270032423
2024-02-13 16:00:00,RIG_DEGRADATION,16,13,1,74.13740102183893,87.10096507312483,89.9597865864683,0.8114501052759149,53.10006151425867,76.71972186994975,94.7005296416469,HIGH_PRODUCTION,0,0,2.572950440018527
2024-02-13 17:00:00,RIG_DEGRADATION,17,13,1,66.06232333122918,77.83859546500943,80.79566115045614,0.7546476448412645,50.43789208274297,75.48001907590054,88.45092615162262,HIGH_PRODUCTION,0,0,2.570634553033812
2024-02-13 18:00:00,RIG_DEGRADATION,18,13,1,57.39669756529466,71.61516630409082,74.08535423428228,0.6982393774199656,48.27586747002147,72.88620245720804,75.59055349167774,HIGH_PRODUCTION,0,0,2.568318666049097
2024-02-13 19:00:00,RIG_DEGRADATION,19,13,1,48.73107179936014,69.8288098217197,69.28827926245248,0.7561049609158979,47.24452532547587,69.78063712600094,71.56575362372254,HIGH_PRODUCTION,0,0,2.5660027790643816
2024-02-13 20:00:00,RIG_DEGRADATION,20,13,1,40.65599410875039,52.6055161552694,57.6134233857419,0.6554667472550282,41.26368722188981,59.41915016614048,60.884593074874864,HIGH_PRODUCTION,0,0,2.5636868920796667
2024-02-13 21:00:00,RIG_DEGRADATION,21,13,1,38.26446504352977,53.601606299832056,59.49811530130702,0.7000816036057516,43.1596681450554,64.95501726143706,61.048373354728824,HIGH_PRODUCTION,0,0,2.5613710050949514
2024-02-13 22:00:00,RIG_DEGRADATION,22,13,1,38.26446504352977,56.5387860925502,58.11538150567508,0.6884128347972764,45.84763388665985,66.99235574652742,59.216186962613236,STANDBY,0,0,2.559055118110236
2024-02-13 23:00:00,RIG_DEGRADATION,23,13,1,38.26446504352977,51.314162391557005,50.44604530993436,0.6392950638522082,43.402095108733654,60.86139754811428,59.09323822311766,STANDBY,0,0,2.5567392311255213
2024-02-14 00:00:00,RIG_DEGRADATION,0,14,2,36.872674070127886,42.907596770670125,50.41463810897608,0.5942640173632334,38.987737741709516,61.17580193712521,54.34555651642911,STANDBY,0,0,2.554423344140806
2024-02-14 01:00:00,RIG_DEGRADATION,1,14,2,36.872674070127886,50.26957610718674,51.90712106149117,0.5732960462422119,41.10129827817045,67.02620624848812,53.282141381597356,STANDBY,0,0,2.5521074571560907
2024-02-14 02:00:00,RIG_DEGRADATION,2,14,2,36.872674070127886,51.349339998240566,50.71603382932052,0.6139240690965725,40.82562684357716,63.99904443520825,64.35447539466124,STANDBY,0,0,2.549791570171376
2024-02-14 03:00:00,RIG_DEGRADATION,3,14,2,36.872674070127886,48.355659809081764,52.80277317448174,0.7415166078979923,44.07124244687276,67.67243456928284,55.68540900798025,STANDBY,0,0,2.5474756831866605
2024-02-14 04:00:00,RIG_DEGRADATION,4,14,2,39.17721619951087,50.9465109040388,55.04980559568397,0.566156160824661,42.836471965394324,72.18983202885978,56.70413245730407,STANDBY,0,0,2.545159796201945
2024-02-14 05:00:00,RIG_DEGRADATION,5,14,2,46.958579598635716,70.2821729046664,67.39935822812564,0.7343545506262452,48.32816464350844,71.03782898439084,71.0061753348315,STANDBY,0,0,2.5428439092172304
2024-02-14 06:00:00,RIG_DEGRADATION,6,14,2,55.30901110519182,69.96105478264496,70.65700565728531,0.7106066211302142,48.18204639406177,70.61863843871002,76.34556407954284,HIGH_PRODUCTION,0,0,2.540528022232515
2024-02-14 07:00:00,RIG_DEGRADATION,7,14,2,63.65944261174793,72.50980891907308,75.84509933230618,0.6530422508675557,45.073692295102354,76.8902810681075,76.36897964492812,HIGH_PRODUCTION,0,0,2.5382121352477998
2024-02-14 08:00:00,RIG_DEGRADATION,8,14,2,71.44080601087278,91.88907402380536,85.1249725806273,0.8384042482189151,54.38302222227469,80.8936842881449,90.30760679402492,HIGH_PRODUCTION,0,0,2.535896248263085
2024-02-14 09:00:00,RIG_DEGRADATION,9,14,2,78.12281424622702,91.5025062485499,91.10412785065229,0.7550917457514421,49.16682341859702,75.0080017024029,90.07185532282462,HIGH_PRODUCTION,0,0,2.5335803612783696
2024-02-14 10:00:00,RIG_DEGRADATION,10,14,2,83.250099499112,95.3530152379629,93.03005604674792,0.7008444505677127,55.42604510145937,77.11347515069053,99.31356319381206,HIGH_PRODUCTION,0,0,2.5312644742936543
2024-02-14 11:00:00,RIG_DEGRADATION,11,14,2,86.47324575278313,106.15987338962456,95.0,0.9287592535397955,57.33723219239098,82.40219548826323,103.11553986488937,HIGH_PRODUCTION,0,0,2.5289485873089395
2024-02-14 12:00:00,RIG_DEGRADATION,12,14,2,87.57260091655372,95.21027321684372,95.0,0.860895744623526,53.34488968228862,76.00824479834411,96.81669419465223,HIGH_PRODUCTION,0,0,2.526632700324224
2024-02-14 13:00:00,RIG_DEGRADATION,13,14,2,86.47324575278313,98.87118082844195,93.88723999605068,0.7353174819612959,52.52536616528592,78.39782872665218,101.58950850572259,HIGH_PRODUCTION,0,0,2.524316813339509
2024-02-14 14:00:00,RIG_DEGRADATION,14,14,2,83.25009949911201,101.76542576430207,95.0,0.773470308202125,54.35889783061077,81.9741209987102,99.69771963246228,HIGH_PRODUCTION,0,0,2.522000926354794
2024-02-14 15:00:00,RIG_DEGRADATION,15,14,2,78.12281424622702,89.48075660563188,92.43597728499834,0.7530939365057879,52.82681029098148,81.26420217335726,94.94105557463864,HIGH_PRODUCTION,0,0,2.5196850393700787
2024-02-14 16:00:00,RIG_DEGRADATION,16,14,2,71.44080601087278,90.57582121223727,86.75078192786755,0.7148094772531776,52.7284734461607,77.58566731006877,90.34603241042524,HIGH_PRODUCTION,0,0,2.5173691523853634
2024-02-14 17:00:00,RIG_DEGRADATION,17,14,2,63.65944261174793,70.70255323007449,75.92380453750731,0.7463237510661382,49.28360928339985,77.07819126870115,80.39921459712306,HIGH_PRODUCTION,0,0,2.5150532654006486
2024-02-14 18:00:00,RIG_DEGRADATION,18,14,2,55.30901110519183,82.52259199181916,80.67360234241764,0.6612026399390498,49.82337726382034,73.91348403610085,84.64976489369965,HIGH_PRODUCTION,0,0,2.5127373784159333
2024-02-14 19:00:00,RIG_DEGRADATION,19,14,2,46.958579598635716,65.15995579150245,67.13956080633957,0.6473660236001781,43.01136311539103,70.17629450765149,74.13035447841024,HIGH_PRODUCTION,0,0,2.5104214914312184
2024-02-14 20:00:00,RIG_DEGRADATION,20,14,2,39.17721619951089,41.17935461485976,49.29507363936049,0.5338563337217617,40.48461125967384,61.718486594202766,55.8258732802816,HIGH_PRODUCTION,0,0,2.508105604446503
2024-02-14 21:00:00,RIG_DEGRADATION,21,14,2,36.872674070127886,57.90761300869017,60.799477093369624,0.643507088341454,46.706625372045835,64.27098962745798,70.5300737262827,HIGH_PRODUCTION,0,0,2.505789717461788
2024-02-14 22:00:00,RIG_DEGRADATION,22,14,2,36.872674070127886,60.03476183007656,59.68801710046137,0.6977716074357116,50.534775061765174,68.25262804438944,64.64358266195799,STANDBY,0,0,2.503473830477073
2024-02-14 23:00:00,RIG_DEGRADATION,23,14,2,36.872674070127886,53.03498992883349,51.84941343351306,0.5952736640035245,47.1574717104028,68.3974198524633,50.850671983024384,STANDBY,0,0,2.5011579434923576
2024-02-15 00:00:00,RIG_DEGRADATION,0,15,3,36.10028835127271,59.59055669859241,55.89347354756871,0.6815799522877866,48.41165702521815,68.92783078694279,67.08907250076507,STANDBY,0,0,2.4988420565076424
2024-02-15 01:00:00,RIG_DEGRADATION,1,15,3,36.10028835127271,54.37808736423842,57.03131677387166,0.5893046828686872,40.89599354106763,70.61379974218696,62.11919854680279,STANDBY,0,0,2.4965261695229275
2024-02-15 02:00:00,RIG_DEGRADATION,2,15,3,36.10028835127271,49.353106660787205,52.485038318968776,0.6894987771641865,39.03434551333993,66.60934471238293,59.04295183282171,STANDBY,0,0,2.494210282538212
2024-02-15 03:00:00,RIG_DEGRADATION,3,15,3,36.10028835127271,47.902875758735654,50.17133823256872,0.6520619478847602,43.61868994716556,66.53214550015252,55.70625696944635,STANDBY,0,0,2.491894395553497
2024-02-15 04:00:00,RIG_DEGRADATION,4,15,3,38.35655637322725,61.94171877163142,63.7780525825696,0.6799346842235245,47.59805072940191,70.27979331464842,71.65393228167713,STANDBY,0,0,2.489578508568782
2024-02-15 05:00:00,RIG_DEGRADATION,5,15,3,45.97492063778226,61.36480662437404,64.11988670162404,0.72702646105346,43.50868125583573,67.87163553493308,71.24398626365098,STANDBY,0,0,2.4872626215840667
2024-02-15 06:00:00,RIG_DEGRADATION,6,15,3,54.15043252690906,65.40772240892568,67.84309100422965,0.7231369646977881,47.294175855979915,67.5208056786141,69.11395357768313,HIGH_PRODUCTION,0,0,2.4849467345993514
2024-02-15 07:00:00,RIG_DEGRADATION,7,15,3,62.32594441603586,77.96196087948822,79.37078112078217,0.7254741511900388,48.415579925222865,71.8556556862367,89.53960980052929,HIGH_PRODUCTION,0,0,2.4826308476146366
2024-02-15 08:00:00,RIG_DEGRADATION,8,15,3,69.94430868059086,84.70825802390314,88.13154881570688,0.7917866454610704,54.46946411431531,78.4731009333946,93.88529983606583,HIGH_PRODUCTION,0,0,2.4803149606299213
2024-02-15 09:00:00,RIG_DEGRADATION,9,15,3,76.48634638588689,95.74501041821664,93.551502351888,0.852254257261645,53.590723526725434,82.55855755929953,99.79469720219335,HIGH_PRODUCTION,0,0,2.477999073645206
2024-02-15 10:00:00,RIG_DEGRADATION,10,15,3,81.50622847353647,98.24989078934651,95.0,0.8012074161652472,52.8670352667613,79.75103881141014,101.97232702529757,HIGH_PRODUCTION,0,0,2.475683186660491
2024-02-15 11:00:00,RIG_DEGRADATION,11,15,3,84.66185827501369,94.96708658256333,92.16657346491257,0.8312425699519121,53.91880112280563,79.3456744830461,93.43513290853144,HIGH_PRODUCTION,0,0,2.473367299675776
2024-02-15 12:00:00,RIG_DEGRADATION,12,15,3,85.73818483427267,94.6870010364921,94.0861174069502,0.7057057082254301,55.15412234869857,71.91795018428778,102.21324590419297,HIGH_PRODUCTION,0,0,2.4710514126910605
2024-02-15 13:00:00,RIG_DEGRADATION,13,15,3,84.66185827501369,100.29853444355803,95.0,0.757461498447178,56.756305743442134,81.03552016044358,104.9668946677515,HIGH_PRODUCTION,0,0,2.4687355257063457
2024-02-15 14:00:00,RIG_DEGRADATION,14,15,3,81.50622847353648,92.31759988329826,94.10709857211818,0.6866225814747517,52.48519888999354,77.77753091914668,101.44089581682636,HIGH_PRODUCTION,0,0,2.4664196387216304
2024-02-15 15:00:00,RIG_DEGRADATION,15,15,3,76.48634638588689,90.5723265306583,91.75396876766649,0.7946557915585285,50.860513944488524,79.48140251426688,95.91588923399291,HIGH_PRODUCTION,0,0,2.464103751736915
2024-02-15 16:00:00,RIG_DEGRADATION,16,15,3,69.94430868059086,92.60819308889707,89.06063752600895,0.7769454094932757,54.36283290462613,82.57127237420109,94.76089374675362,HIGH_PRODUCTION,0,0,2.4617878647522002
2024-02-15 17:00:00,RIG_DEGRADATION,17,15,3,62.32594441603586,83.33246481085959,81.27338641931796,0.7639913275180173,51.71002816691228,75.91272740246058,91.75869045770568,HIGH_PRODUCTION,0,0,2.459471977767485
2024-02-15 18:00:00,RIG_DEGRADATION,18,15,3,54.150432526909064,79.16429694677225,77.91168049861152,0.7710613560818722,49.92186051650687,71.96751942036697,81.09913231679387,HIGH_PRODUCTION,0,0,2.4571560907827696
2024-02-15 19:00:00,RIG_DEGRADATION,19,15,3,45.97492063778226,63.17262144928445,65.99619452452266,0.5917372030972027,46.24940753338936,59.92604962537243,69.34214620712207,HIGH_PRODUCTION,0,0,2.454840203798055
2024-02-15 20:00:00,RIG_DEGRADATION,20,15,3,38.356556373227264,50.571742764131315,60.71798128399237,0.6824636299365552,42.06545786839624,67.79543548334522,64.73686794167159,HIGH_PRODUCTION,0,0,2.4525243168133395
2024-02-15 21:00:00,RIG_DEGRADATION,21,15,3,36.10028835127271,53.86617035251359,57.761638455059426,0.6824031019303467,45.13054975747126,61.81132377715652,65.18916262615089,HIGH_PRODUCTION,0,0,2.450208429828624
2024-02-15 22:00:00,RIG_DEGRADATION,22,15,3,36.10028835127271,47.83753388647971,56.3912652305649,0.6934366216803339,38.69616305707872,66.37801315904811,61.26968490935612,STANDBY,0,0,2.4478925428439093
2024-02-15 23:00:00,RIG_DEGRADATION,23,15,3,36.10028835127271,52.7129546114991,52.36193467013307,0.6536573681614791,44.73893197507915,68.42510278649092,56.32504602051972,STANDBY,0,0,2.445576655859194
2024-02-16 00:00:00,RIG_DEGRADATION,0,16,4,36.10028835127271,57.347811076608075,57.41273086797207,0.6952370704997247,43.62453291473884,65.30755052961818,62.65881928648566,STANDBY,0,0,2.443260768874479
2024-02-16 01:00:00,RIG_DEGRADATION,1,16,4,36.10028835127271,52.851576582677225,56.07886848346987,0.6664136222643737,45.17296309062405,66.68879096981424,60.99394904319987,STANDBY,0,0,2.440944881889764
2024-02-16 02:00:00,RIG_DEGRADATION,2,16,4,36.10028835127271,51.18466221407112,50.79670271476057,0.6157734348112256,45.514183046541135,64.60871727571775,53.76520316428834,STANDBY,0,0,2.4386289949050486
2024-02-16 03:00:00,RIG_DEGRADATION,3,16,4,36.10028835127271,52.588019860680156,55.506807176530685,0.4888293968574484,45.46986945360177,63.80232047914601,62.20760460280691,STANDBY,0,0,2.4363131079203337
2024-02-16 04:00:00,RIG_DEGRADATION,4,16,4,38.35655637322725,52.6198593303235,55.574809056129716,0.6446109926589789,42.655927140256516,63.4723681280923,63.80789404926001,STANDBY,0,0,2.4339972209356184
2024-02-16 05:00:00,RIG_DEGRADATION,5,16,4,45.97492063778226,56.725255209339394,62.422135476323,0.6846962716388675,47.90966400853162,60.98072747907794,69.03264491922884,STANDBY,0,0,2.431681333950903
2024-02-16 06:00:00,RIG_DEGRADATION,6,16,4,54.15043252690906,70.06225457543206,73.01431354451935,0.7264153230067205,46.39065066878629,71.8303765726198,81.23550695626558,HIGH_PRODUCTION,0,0,2.4293654469661883
2024-02-16 07:00:00,RIG_DEGRADATION,7,16,4,62.32594441603586,62.6539732545157,68.43770819779755,0.6503232355491023,45.85801982442972,69.24358951613365,72.24162505288591,HIGH_PRODUCTION,0,0,2.427049559981473
2024-02-16 08:00:00,RIG_DEGRADATION,8,16,4,69.94430868059086,90.27033878764354,87.1304912323273,0.8298007358649051,52.92968642276433,76.83899819992617,85.92870630521149,HIGH_PRODUCTION,0,0,2.4247336729967577
2024-02-16 09:00:00,RIG_DEGRADATION,9,16,4,76.48634638588689,93.71753857266873,91.25470445346824,0.854028598000147,51.45718897387308,74.68031745118822,95.55524973583793,HIGH_PRODUCTION,0,0,2.422417786012043
2024-02-16 10:00:00,RIG_DEGRADATION,10,16,4,81.50622847353647,93.52889553921275,93.45033321323899,0.7600975031997663,53.806410835525696,79.72021661018486,100.3455571134138,HIGH_PRODUCTION,0,0,2.4201018990273275
2024-02-16 11:00:00,RIG_DEGRADATION,11,16,4,84.66185827501369,100.87498412226597,95.0,0.8889840257389252,56.006874754981695,79.12525085302629,100.88892967297788,HIGH_PRODUCTION,0,0,2.4177860120426122
2024-02-16 12:00:00,RIG_DEGRADATION,12,16,4,85.73818483427267,105.77564408136965,95.0,0.8143692931806598,56.346065566225256,80.808465237922,99.64900454060894,HIGH_PRODUCTION,0,0,2.4154701250578974
2024-02-16 13:00:00,RIG_DEGRADATION,13,16,4,84.66185827501369,101.60040802872192,95.0,0.7349349619351571,53.43388579786463,85.57898921800219,100.66662292875903,HIGH_PRODUCTION,0,0,2.413154238073182
2024-02-16 14:00:00,RIG_DEGRADATION,14,16,4,81.50622847353648,103.31695991663449,95.0,0.8262351617378987,54.978853793022985,80.98914787345913,99.20914089578724,HIGH_PRODUCTION,0,0,2.410838351088467
2024-02-16 15:00:00,RIG_DEGRADATION,15,16,4,76.48634638588689,93.97630364083182,93.12819075283991,0.747661666731554,57.93610778102935,79.86077449047471,97.52025026824639,HIGH_PRODUCTION,0,0,2.408522464103752
2024-02-16 16:00:00,RIG_DEGRADATION,16,16,4,69.94430868059086,87.51596322305969,85.23004501323557,0.7165833047563154,50.11305006108895,76.85747598043044,86.80926657926805,HIGH_PRODUCTION,0,0,2.4062065771190366
2024-02-16 17:00:00,RIG_DEGRADATION,17,16,4,62.32594441603586,79.25656435134471,78.83905648922412,0.7360637398125327,48.38885898232217,74.61114751836836,84.05350580416808,HIGH_PRODUCTION,0,0,2.4038906901343213
2024-02-16 18:00:00,RIG_DEGRADATION,18,16,4,54.150432526909064,66.84498298759158,69.15347644683003,0.7015504794480081,44.78995131394004,73.2489580890172,73.81057618600627,HIGH_PRODUCTION,0,0,2.4015748031496065
2024-02-16 19:00:00,RIG_DEGRADATION,19,16,4,45.97492063778226,61.75550819289648,67.11439068659965,0.7278277257161623,44.537184980038255,70.25754678970507,73.45428981279335,HIGH_PRODUCTION,0,0,2.399258916164891
2024-02-16 20:00:00,RIG_DEGRADATION,20,16,4,38.356556373227264,55.88405835599114,58.607394142754686,0.7389652822179191,44.267868696984365,68.67632985037994,67.88239725263583,HIGH_PRODUCTION,0,0,2.396943029180176
2024-02-16 21:00:00,RIG_DEGRADATION,21,16,4,36.10028835127271,43.975439383824835,49.52774794395735,0.649281718664202,39.66955959548351,70.72714767830544,56.838618760272254,HIGH_PRODUCTION,0,0,2.394627142195461
2024-02-16 22:00:00,RIG_DEGRADATION,22,16,4,36.10028835127271,53.17563930489039,56.022927749703385,0.5248892985490934,41.846644860541026,67.11166954267865,58.682418562369804,STANDBY,0,0,2.3923112552107457
2024-02-16 23:00:00,RIG_DEGRADATION,23,16,4,36.10028835127271,54.19637723874022,53.391705759781765,0.693200317135261,43.0958496350013,64.18148569205259,64.44825320717432,STANDBY,0,0,2.3899953682260304
2024-02-17 00:00:00,RIG_DEGRADATION,0,17,5,36.872674070127886,47.218221493778756,50.04963307936697,0.5956231679481445,47.47892086166587,65.51627747372724,58.49491959527971,STANDBY,0,0,2.3876794812413156
2024-02-17 01:00:00,RIG_DEGRADATION,1,17,5,36.872674070127886,55.34311244021325,58.630215600980115,0.6983319837399344,45.12900796204712,66.51853573092568,62.79067844442307,STANDBY,0,0,2.3853635942566003
2024-02-17 02:00:00,RIG_DEGRADATION,2,17,5,36.872674070127886,48.35067661333253,50.09123722290365,0.6487273893616261,39.59021949257467,64.7054615219465,56.49541644878671,STANDBY,0,0,2.383047707271885
2024-02-17 03:00:00,RIG_DEGRADATION,3,17,5,36.872674070127886,53.53349636644817,56.68678162269739,0.6684632966640778,43.269115622179385,63.36879129127604,58.351971127047044,STANDBY,0,0,2.38073182028717
2024-02-17 04:00:00,RIG_DEGRADATION,4,17,5,39.17721619951087,62.12592296261072,61.26527130340892,0.6647378837760047,44.88214917915949,71.53847292193058,65.6065808768445,STANDBY,0,0,2.378415933302455
2024-02-17 05:00:00,RIG_DEGRADATION,5,17,5,46.958579598635716,60.07692637866469,67.33078431949698,0.696697256094786,46.200470277783744,68.08449524581366,71.96693376748307,STANDBY,0,0,2.3761000463177395
2024-02-17 06:00:00,RIG_DEGRADATION,6,17,5,55.30901110519182,77.30348949336282,73.08059384388879,0.8025701334936628,50.4866345862474,70.04192612082277,77.64792726463448,HIGH_PRODUCTION,0,0,2.3737841593330247
2024-02-17 07:00:00,RIG_DEGRADATION,7,17,5,63.65944261174793,84.35053511835046,81.87234616644204,0.8526477051389585,53.196473980504535,76.53018990890705,86.83271018801203,HIGH_PRODUCTION,0,0,2.3714682723483094
2024-02-17 08:00:00,RIG_DEGRADATION,8,17,5,71.44080601087278,85.6598376955118,87.2276930022257,0.7514847240952094,48.14362549103636,79.91853593822874,91.82640980314245,HIGH_PRODUCTION,0,0,2.369152385363594
2024-02-17 09:00:00,RIG_DEGRADATION,9,17,5,78.12281424622702,88.83529183303104,87.7652429332467,0.7702296873325591,51.551425729724755,78.0695228006621,96.49241928812803,HIGH_PRODUCTION,0,0,2.366836498378879
2024-02-17 10:00:00,RIG_DEGRADATION,10,17,5,83.250099499112,103.54932932328029,95.0,0.7889857117718622,57.02039464018684,81.05846626331788,101.87502286021487,HIGH_PRODUCTION,0,0,2.364520611394164
2024-02-17 11:00:00,RIG_DEGRADATION,11,17,5,86.47324575278313,110.1300839504915,95.0,0.8319099630743116,57.93032650716693,80.92308343578404,93.42430887932134,HIGH_PRODUCTION,0,0,2.362204724409449
2024-02-17 12:00:00,RIG_DEGRADATION,12,17,5,87.57260091655372,92.27000410480402,94.38443871344326,0.79693098979989,54.28020243123882,77.98397568714263,97.94384766464441,HIGH_PRODUCTION,0,0,2.3598888374247338
2024-02-17 13:00:00,RIG_DEGRADATION,13,17,5,86.47324575278313,100.91511452810748,95.0,0.8127230985706503,56.92970127519399,76.38727495701379,98.20315625035768,HIGH_PRODUCTION,0,0,2.3575729504400185
2024-02-17 14:00:00,RIG_DEGRADATION,14,17,5,83.25009949911201,94.58142883461959,95.0,0.7557535439364587,55.5623891429941,85.13596487635056,97.83645730023646,HIGH_PRODUCTION,0,0,2.3552570634553036
2024-02-17 15:00:00,RIG_DEGRADATION,15,17,5,78.12281424622702,85.94866764551566,87.0985057070514,0.6946120883706285,49.561836612485955,75.27368811697781,91.05390336843074,HIGH_PRODUCTION,0,0,2.3529411764705883
2024-02-17 16:00:00,RIG_DEGRADATION,16,17,5,71.44080601087278,86.41105901911718,84.54569306093123,0.7305738169800416,52.607654819429015,77.80516440867935,89.30532518087298,HIGH_PRODUCTION,0,0,2.350625289485873
2024-02-17 17:00:00,RIG_DEGRADATION,17,17,5,63.65944261174793,78.50748842823131,80.0742291383543,0.7433318277948567,54.96205382147343,76.38636091179391,76.63426185593696,HIGH_PRODUCTION,0,0,2.348309402501158
2024-02-17 18:00:00,RIG_DEGRADATION,18,17,5,55.30901110519183,64.689860839351,66.72946882322755,0.7813101856838451,47.37282229996424,71.82687150070899,69.1182781366142,HIGH_PRODUCTION,0,0,2.345993515516443
2024-02-17 19:00:00,RIG_DEGRADATION,19,17,5,46.958579598635716,65.87137843349775,67.98049362991924,0.6816872028271618,48.71077662792319,75.99605865235412,71.21334744259536,HIGH_PRODUCTION,0,0,2.3436776285317276
2024-02-17 20:00:00,RIG_DEGRADATION,20,17,5,39.17721619951089,57.0330660119121,58.34727952247343,0.6871585676506615,43.66676860469095,64.376362026734,63.83004910128997,HIGH_PRODUCTION,0,0,2.3413617415470127
2024-02-17 21:00:00,RIG_DEGRADATION,21,17,5,36.872674070127886,43.48875063155676,49.68055214117128,0.5426541216777314,44.84846642625996,61.475869926074,56.26709054208553,HIGH_PRODUCTION,0,0,2.3390458545622974
2024-02-17 22:00:00,RIG_DEGRADATION,22,17,5,36.872674070127886,57.8232628142896,56.38115469013972,0.5732472402265876,45.154108817938884,74.77552728544654,60.18650089294687,STANDBY,0,0,2.336729967577582
2024-02-17 23:00:00,RIG_DEGRADATION,23,17,5,36.872674070127886,57.2106605456214,58.589297577164906,0.5565525802598495,43.70956625331348,69.86963375061471,62.56308709454368,STANDBY,0,0,2.3344140805928673
2024-02-18 00:00:00,RIG_DEGRADATION,0,18,6,38.26446504352977,48.58856029898593,54.05678032221394,0.7585310546529229,41.445865137194744,63.34077159824684,61.99372796665611,STANDBY,0,0,2.332098193608152
2024-02-18 01:00:00,RIG_DEGRADATION,1,18,6,38.26446504352977,48.20775630285685,53.610707386368496,0.6712851988617822,40.285172856322234,58.02051655400744,62.785038828476544,STANDBY,0,0,2.3297823066234367
2024-02-18 02:00:00,RIG_DEGRADATION,2,18,6,38.26446504352977,56.71140198491211,59.698687804816124,0.6305177622196265,44.03032034016694,66.16425677924386,66.93961268129564,STANDBY,0,0,2.327466419638722
2024-02-18 03:00:00,RIG_DEGRADATION,3,18,6,38.26446504352977,56.67687399104684,59.61114587852357,0.6537617964094481,43.310755035786364,68.40480711498526,67.61349723397413,STANDBY,0,0,2.3251505326540065
2024-02-18 04:00:00,RIG_DEGRADATION,4,18,6,40.65599410875038,58.747317552460714,59.902871691875596,0.6694094593367347,42.80549246543733,67.20275651922717,66.01937765606763,STANDBY,0,0,2.322834645669291
2024-02-18 05:00:00,RIG_DEGRADATION,5,18,6,48.73107179936013,64.01320149775589,65.77770540320572,0.7797394966430303,45.60032238028758,70.27192176247412,70.46668668526195,STANDBY,0,0,2.3205187586845764
2024-02-18 06:00:00,RIG_DEGRADATION,6,18,6,57.396697565294645,72.70389944198091,73.8371381365004,0.742895941042736,48.350479898718504,70.05262778952468,78.95374242973135,HIGH_PRODUCTION,0,0,2.318202871699861
2024-02-18 07:00:00,RIG_DEGRADATION,7,18,6,66.06232333122917,76.86228440539686,79.15896763446122,0.7575678680705954,47.75057432628275,70.19692292103133,88.51433123684578,HIGH_PRODUCTION,0,0,2.3158869847151458
2024-02-18 08:00:00,RIG_DEGRADATION,8,18,6,74.13740102183893,72.47273409186143,79.44904087989899,0.8005647926226654,47.27952819180303,72.29159484384198,80.31796269514611,HIGH_PRODUCTION,0,0,2.313571097730431
2024-02-18 09:00:00,RIG_DEGRADATION,9,18,6,81.0716274372057,96.94993033969659,94.06063155539597,0.8414133301157523,54.59387162505069,81.69560692188463,98.76212892513375,HIGH_PRODUCTION,0,0,2.3112552107457156
2024-02-18 10:00:00,RIG_DEGRADATION,10,18,6,86.39244650647323,113.48502020784488,95.0,0.9014493603577582,58.26341092580057,86.06214046696402,98.43930156858653,HIGH_PRODUCTION,0,0,2.3089393237610003
2024-02-18 11:00:00,RIG_DEGRADATION,11,18,6,89.73725320314023,103.57692530650348,95.0,0.6997311348708358,59.69725289502636,79.77701881553462,101.18157694433059,HIGH_PRODUCTION,0,0,2.3066234367762855
2024-02-18 12:00:00,RIG_DEGRADATION,12,18,6,90.8781044783832,108.27272465800436,95.0,0.7822523689150537,58.332053486550485,86.66708523359532,99.09565586675564,HIGH_PRODUCTION,0,0,2.30430754979157
2024-02-18 13:00:00,RIG_DEGRADATION,13,18,6,89.73725320314023,102.54186652412876,95.0,0.9499233341196002,55.913330586807135,82.369002327892,97.99555247731158,HIGH_PRODUCTION,0,0,2.301991662806855
2024-02-18 14:00:00,RIG_DEGRADATION,14,18,6,86.39244650647325,102.33140024760488,95.0,0.7776774905229928,55.17456824835648,76.81215853054414,99.10241263448685,HIGH_PRODUCTION,0,0,2.29967577582214
2024-02-18 15:00:00,RIG_DEGRADATION,15,18,6,81.0716274372057,102.60957055528935,95.0,0.8475872181702568,55.31467173663315,75.35035563248658,98.6131085529543,HIGH_PRODUCTION,0,0,2.2973598888374247
2024-02-18 16:00:00,RIG_DEGRADATION,16,18,6,74.13740102183893,87.58395246961864,87.18828931828037,0.741650128021031,52.589437796339716,74.88355575520171,87.62999936231157,HIGH_PRODUCTION,0,0,2.29504400185271
2024-02-18 17:00:00,RIG_DEGRADATION,17,18,6,66.06232333122917,81.79256316322811,80.47191270200237,0.7856725406899135,51.59621642083499,72.11442224583486,84.84061051700357,HIGH_PRODUCTION,0,0,2.2927281148679945
2024-02-18 18:00:00,RIG_DEGRADATION,18,18,6,57.39669756529465,70.3785551057978,71.16322177138528,0.8334106221948334,46.04854087150149,67.36149502296985,75.68907470875334,HIGH_PRODUCTION,0,0,2.2904122278832793
2024-02-18 19:00:00,RIG_DEGRADATION,19,18,6,48.73107179936013,70.15664156285564,65.68235690193275,0.7420078413628718,46.56210604274472,68.53883115136243,71.43765972365382,HIGH_PRODUCTION,0,0,2.2880963408985644
2024-02-18 20:00:00,RIG_DEGRADATION,20,18,6,40.65599410875039,56.02835560834121,60.061402277281644,0.8304817134583803,43.47310813477745,66.2310154132632,59.74604050104054,HIGH_PRODUCTION,0,0,2.285780453913849
2024-02-18 21:00:00,RIG_DEGRADATION,21,18,6,38.26446504352977,52.4595267156722,53.10500335435318,0.7275700582598256,43.40340219265582,60.238806724957335,62.02247899773158,HIGH_PRODUCTION,0,0,2.283464566929134
2024-02-18 22:00:00,RIG_DEGRADATION,22,18,6,38.26446504352977,56.85792916629742,58.50054412528679,0.616089605333304,43.08700951979781,64.9687672711966,64.95862586598322,STANDBY,0,0,2.281148679944419
2024-02-18 23:00:00,RIG_DEGRADATION,23,18,6,38.26446504352977,54.78872327838044,53.993059180127304,0.5826671554364772,43.967818421098045,67.23592830903142,60.25108322332744,STANDBY,0,0,2.2788327929597036
2024-02-19 00:00:00,RIG_DEGRADATION,0,19,0,40.0,47.58121906106137,51.89112012912249,0.5271132350677661,41.60925599473799,64.18552197177937,61.33341205073634,STANDBY,0,0,2.2765169059749883
2024-02-19 01:00:00,RIG_DEGRADATION,1,19,0,40.0,62.461416223537356,61.94247683569258,0.6855661317191004,46.91291135374715,68.67173185746225,67.81697411352822,STANDBY,0,0,2.2742010189902735
2024-02-19 02:00:00,RIG_DEGRADATION,2,19,0,40.0,49.680352583022014,51.973743399540716,0.6376859058174373,42.95235264378237,66.25037903390559,50.28894870516274,STANDBY,0,0,2.271885132005558
2024-02-19 03:00:00,RIG_DEGRADATION,3,19,0,40.0,52.6463051206165,55.1558330462624,0.6662378431015773,44.23552627408504,66.64759862861843,59.64329855257844,STANDBY,0,0,2.269569245020843
2024-02-19 04:00:00,RIG_DEGRADATION,4,19,0,42.5,68.54239766623957,65.64363874260722,0.7103395825569607,49.21470437314709,70.66528361668696,71.57384068993812,STANDBY,0,0,2.267253358036128
2024-02-19 05:00:00,RIG_DEGRADATION,5,19,0,50.94133342141177,69.50287693219316,67.34552945840349,0.7978200480075178,47.76495600756709,75.229533468243,69.0863077041094,STANDBY,0,0,2.2649374710514127
2024-02-19 06:00:00,RIG_DEGRADATION,6,19,0,60.0,79.20777535412874,75.24207125428647,0.6725806108311007,48.46939310295152,74.5636983374948,82.90054154260204,HIGH_PRODUCTION,0,0,2.2626215840666974
2024-02-19 07:00:00,RIG_DEGRADATION,7,19,0,69.05866657858823,82.70096363595998,80.55076198598923,0.805181889640993,51.1605824037558,73.58434478924127,82.72018133257063,HIGH_PRODUCTION,0,0,2.2603056970819826
2024-02-19 08:00:00,RIG_DEGRADATION,8,19,0,77.5,100.90825215168735,93.60792303909682,0.8410365681997316,53.98303813364494,80.02983692392928,101.13845785908819,HIGH_PRODUCTION,0,0,2.2579898100972673
2024-02-19 09:00:00,RIG_DEGRADATION,9,19,0,84.74873734152916,103.38842523335175,95.0,0.8891113360689936,55.01437158257626,79.56232719664457,96.77584303891815,HIGH_PRODUCTION,0,0,2.255673923112552
2024-02-19 10:00:00,RIG_DEGRADATION,10,19,0,90.31088913245534,98.99688199031954,95.0,0.8454980157801084,57.98926801134382,81.34688769469979,105.5631040485337,HIGH_PRODUCTION,0,0,2.253358036127837
2024-02-19 11:00:00,RIG_DEGRADATION,11,19,0,93.8074039201174,108.0970818704478,95.0,0.9299983104847578,54.15551002611192,81.27613187181285,103.89783521274147,HIGH_PRODUCTION,0,0,2.251042149143122
2024-02-19 12:00:00,RIG_DEGRADATION,12,19,0,95.0,117.28603076313937,95.0,0.8220237679916907,61.329153789649865,86.7353905979621,100.26519133058778,HIGH_PRODUCTION,0,0,2.2487262621584065
2024-02-19 13:00:00,RIG_DEGRADATION,13,19,0,93.8074039201174,113.2442745173574,95.0,0.8942479032770894,56.14270770173826,84.46589160896796,101.46515742157641,HIGH_PRODUCTION,0,0,2.2464103751736917
2024-02-19 14:00:00,RIG_DEGRADATION,14,19,0,90.31088913245536,114.61984818816222,95.0,0.8969030971927079,59.0604011385194,85.93080652711353,101.82827555143572,HIGH_PRODUCTION,0,0,2.2440944881889764
2024-02-19 15:00:00,RIG_DEGRADATION,15,19,0,84.74873734152916,96.55044747905607,95.0,0.7814510532912593,55.950406574626065,81.12844966230298,96.1039418439198,HIGH_PRODUCTION,0,0,2.241778601204261
2024-02-19 16:00:00,RIG_DEGRADATION,16,19,0,77.5,98.54871646783323,92.0826238842304,0.8087356950766845,50.45153927042353,75.33258046503386,98.54643877857004,HIGH_PRODUCTION,0,0,2.2394627142195462
2024-02-19 17:00:00,RIG_DEGRADATION,17,19,0,69.05866657858823,84.04186599028047,82.51224622836985,0.7691634027244089,49.6357956104915,71.72146267773746,83.97117346473087,HIGH_PRODUCTION,0,0,2.237146827234831
2024-02-19 18:00:00,RIG_DEGRADATION,18,19,0,60.00000000000001,68.41543374678605,70.53123782039627,0.773931530649796,45.78881037233431,71.6142362455267,75.6881091698013,HIGH_PRODUCTION,0,0,2.2348309402501156
2024-02-19 19:00:00,RIG_DEGRADATION,19,19,0,50.94133342141177,64.91435340761801,69.79035685005064,0.7126522433693028,44.98611452138107,70.30036044923605,73.41863022010607,HIGH_PRODUCTION,0,0,2.232515053265401
2024-02-19 20:00:00,RIG_DEGRADATION,20,19,0,42.500000000000014,48.33058571810297,57.93812114053525,0.6811876178473244,41.787591942050184,63.72248531500019,64.13843916038918,HIGH_PRODUCTION,0,0,2.2301991662806855
2024-02-19 21:00:00,RIG_DEGRADATION,21,19,0,40.0,51.77126025723048,51.05449468148462,0.589994164886321,40.47256972069407,63.839124250922424,58.1986591032554,HIGH_PRODUCTION,0,0,2.22788327929597
2024-02-19 22:00:00,RIG_DEGRADATION,22,19,0,40.0,57.07406586912261,59.61242981638045,0.8144115088842601,44.86610074542171,71.20295307780016,59.915435605112805,STANDBY,0,0,2.2255673923112553
2024-02-19 23:00:00,RIG_DEGRADATION,23,19,0,40.0,50.90355313551171,53.615726689547294,0.6702581251779748,44.018204100506566,61.34975583546243,60.9755418281521,STANDBY,0,0,2.22325150532654
2024-02-20 00:00:00,RIG_DEGRADATION,0,20,1,38.26446504352977,57.78790480084091,59.779558192247094,0.6409261004903761,43.128508549873146,66.660356687917,58.82436379553751,STANDBY,0,0,2.2209356183418247
2024-02-20 01:00:00,RIG_DEGRADATION,1,20,1,38.26446504352977,56.46480886592443,55.561065338007424,0.6896452178040403,42.593582346724055,76.33198351560051,63.027031964853045,STANDBY,0,0,2.21861973135711
2024-02-20 02:00:00,RIG_DEGRADATION,2,20,1,38.26446504352977,55.72888081372667,58.9284377523801,0.6709877940294819,43.79129140758802,67.09905445582304,62.35163928863674,STANDBY,0,0,2.2163038443723946
2024-02-20 03:00:00,RIG_DEGRADATION,3,20,1,38.26446504352977,44.09501369312294,51.50531765715809,0.6298968113283009,40.89927438722243,63.74452106754403,59.0471262546661,STANDBY,0,0,2.2139879573876797
2024-02-20 04:00:00,RIG_DEGRADATION,4,20,1,40.65599410875038,52.85025297225119,55.41944982120824,0.7018213447199599,43.78370588188189,66.72246002668193,55.44237741946179,STANDBY,0,0,2.2116720704029644
2024-02-20 05:00:00,RIG_DEGRADATION,5,20,1,48.73107179936014,58.72355484013466,62.660326092107034,0.6251093898474639,46.37834746128707,59.85978628019234,66.83495027688066,STANDBY,0,0,2.209356183418249
2024-02-20 06:00:00,RIG_DEGRADATION,6,20,1,57.39669756529465,74.54955863026836,75.79408288649512,0.709175495818197,46.92555183174039,73.1480484061965,80.88028206453694,HIGH_PRODUCTION,0,0,2.2070402964335343
2024-02-20 07:00:00,RIG_DEGRADATION,7,20,1,66.06232333122918,67.17415493533218,73.85736482272785,0.7380804815359984,44.58913783193249,67.79346928396389,73.06466230055076,HIGH_PRODUCTION,0,0,2.204724409448819
2024-02-20 08:00:00,RIG_DEGRADATION,8,20,1,74.13740102183893,91.81457425038863,89.54215022110502,0.886084246072949,55.40015565404667,75.83134020217337,94.745068823011,HIGH_PRODUCTION,0,0,2.2024085224641037
2024-02-20 09:00:00,RIG_DEGRADATION,9,20,1,81.07162743720572,98.42490460384695,95.0,0.7156000616360121,51.58931652135347,75.83312011722612,98.58870063649601,HIGH_PRODUCTION,0,0,2.200092635479389
2024-02-20 10:00:00,RIG_DEGRADATION,10,20,1,86.39244650647325,99.89144982387111,95.0,0.8085342089507324,52.89014978043071,76.30226934695479,104.68624450255226,HIGH_PRODUCTION,0,0,2.1977767484946735
2024-02-20 11:00:00,RIG_DEGRADATION,11,20,1,89.73725320314024,107.50206264978783,95.0,0.8918751008043192,57.7400680971013,88.04900803990604,101.94295947806586,HIGH_PRODUCTION,0,0,2.1954608615099582
2024-02-20 12:00:00,RIG_DEGRADATION,12,20,1,90.87810447838321,105.57360237423396,95.0,0.8941986145366496,53.9016265662816,85.11380776088572,105.86800154652292,HIGH_PRODUCTION,0,0,2.1931449745252434
2024-02-20 13:00:00,RIG_DEGRADATION,13,20,1,89.73725320314024,106.77567965504576,95.0,0.8800099379681294,57.47667831555628,87.17578056474706,97.19596531613455,HIGH_PRODUCTION,0,0,2.190829087540528
2024-02-20 14:00:00,RIG_DEGRADATION,14,20,1,86.39244650647326,105.1245425191851,95.0,0.801835783561194,57.509813809997425,82.09795956206524,102.90773993001211,HIGH_PRODUCTION,0,0,2.1885132005558128
2024-02-20 15:00:00,RIG_DEGRADATION,15,20,1,81.07162743720572,99.43602585607641,93.1502071572619,0.8085077571406143,56.042032916485695,77.74285838587247,98.12470918942391,HIGH_PRODUCTION,0,0,2.186197313571098
2024-02-20 16:00:00,RIG_DEGRADATION,16,20,1,74.13740102183893,94.12024006593649,92.66832241761034,0.7731262715281877,53.86275940857109,72.09781368919464,96.57479229380213,HIGH_PRODUCTION,0,0,2.1838814265863826
2024-02-20 17:00:00,RIG_DEGRADATION,17,20,1,66.06232333122918,88.64416388474027,86.87140074239298,0.7679285318250458,49.833192106236964,72.8191379453631,92.6001673511887,HIGH_PRODUCTION,0,0,2.1815655396016673
2024-02-20 18:00:00,RIG_DEGRADATION,18,20,1,57.39669756529466,70.61906247288192,74.7732221662914,0.7585815280493178,44.9456789320955,74.27764308366778,81.73867305342816,HIGH_PRODUCTION,0,0,2.1792496526169525
2024-02-20 19:00:00,RIG_DEGRADATION,19,20,1,48.73107179936014,69.59368064449299,70.22234748726855,0.8005227031047238,51.46701818040271,68.3607284616804,76.15768015005554,HIGH_PRODUCTION,0,0,2.176933765632237
2024-02-20 20:00:00,RIG_DEGRADATION,20,20,1,40.65599410875039,53.65263256038917,59.1662943055324,0.6584286451639274,44.558253098048574,64.20423971183017,63.87446100630049,HIGH_PRODUCTION,0,0,2.174617878647522
2024-02-20 21:00:00,RIG_DEGRADATION,21,20,1,38.26446504352977,52.060819869167545,57.40387932800645,0.5758851075719897,43.92746332849062,64.47040763032035,59.97593259116791,HIGH_PRODUCTION,0,0,2.172301991662807
2024-02-20 22:00:00,RIG_DEGRADATION,22,20,1,38.26446504352977,49.71315577136395,53.486610145717634,0.7420124911033161,41.83986534512225,65.51805634544114,60.43485233227933,STANDBY,0,0,2.1699861046780917
2024-02-20 23:00:00,RIG_DEGRADATION,23,20,1,38.26446504352977,49.10798729357655,51.55855361822368,0.63167651490435,42.36332230929741,63.846777237458184,57.73784924580096,STANDBY,0,0,2.1676702176933764
2024-02-21 00:00:00,RIG_DEGRADATION,0,21,2,36.872674070127886,51.64118124025626,51.192176097642495,0.6475013727095016,37.67474131451655,63.05062747225129,56.29028650971169,STANDBY,0,0,2.1653543307086616
2024-02-21 01:00:00,RIG_DEGRADATION,1,21,2,36.872674070127886,55.316831619191184,54.95643248179221,0.7269221919863849,44.55544353343995,62.99063678243545,53.890931843747666,STANDBY,0,0,2.1630384437239463
2024-02-21 02:00:00,RIG_DEGRADATION,2,21,2,36.872674070127886,50.56461973832263,55.76334355993195,0.590110622263334,40.51717188774263,64.89284462178632,58.80625036301174,STANDBY,0,0,2.160722556739231
2024-02-21 03:00:00,RIG_DEGRADATION,3,21,2,36.872674070127886,61.172775525524145,62.472154891107024,0.6947889586862458,43.96495878063067,69.50872811636222,65.3009293101101,STANDBY,0,0,2.158406669754516
2024-02-21 04:00:00,RIG_DEGRADATION,4,21,2,39.17721619951087,59.8181173275009,62.64410304416636,0.7566806921514219,43.742872181413034,65.5038687934567,72.83956290895583,STANDBY,0,0,2.156090782769801
2024-02-21 05:00:00,RIG_DEGRADATION,5,21,2,46.958579598635716,65.93291277700023,66.14995832770086,0.6917220258182338,47.172227134698375,67.3723030519557,69.29615831054248,STANDBY,0,0,2.1537748957850855
2024-02-21 06:00:00,RIG_DEGRADATION,6,21,2,55.30901110519182,67.41300882734504,68.36385489553288,0.7357215906523571,47.67333384718621,73.57162053407708,78.53873236812098,HIGH_PRODUCTION,0,0,2.1514590088003707
2024-02-21 07:00:00,RIG_DEGRADATION,7,21,2,63.65944261174793,79.03227277501819,82.90090306552909,0.7318957220488598,51.265229125649306,72.17855775066384,91.67047415707522,HIGH_PRODUCTION,0,0,2.1491431218156554
2024-02-21 08:00:00,RIG_DEGRADATION,8,21,2,71.44080601087278,88.65185221803685,85.46289457198723,0.7279934993938726,54.658395123638094,77.26727545321425,88.25939568997843,HIGH_PRODUCTION,0,0,2.1468272348309405
2024-02-21 09:00:00,RIG_DEGRADATION,9,21,2,78.12281424622702,94.91958256236327,92.88898804551502,0.7049626516859883,57.75899720581997,78.15931562073094,92.63099900497272,HIGH_PRODUCTION,0,0,2.144511347846225
2024-02-21 10:00:00,RIG_DEGRADATION,10,21,2,83.250099499112,95.951301110892,95.0,0.8289422061113378,51.82728518961333,74.95344994483001,95.83766527812517,HIGH_PRODUCTION,0,0,2.14219546086151
2024-02-21 11:00:00,RIG_DEGRADATION,11,21,2,86.47324575278313,100.44234717651959,95.0,0.9403324098266524,54.86903813395215,78.95305692011154,102.77230107485902,HIGH_PRODUCTION,0,0,2.139879573876795
2024-02-21 12:00:00,RIG_DEGRADATION,12,21,2,87.57260091655372,102.88091657308446,95.0,0.8685888509196247,52.93994893677507,80.44997263494245,98.28425695840932,HIGH_PRODUCTION,0,0,2.1375636868920798
2024-02-21 13:00:00,RIG_DEGRADATION,13,21,2,86.47324575278313,104.77629566259067,95.0,0.8283158760760516,58.56987796759327,77.73856423282731,96.40901615080793,HIGH_PRODUCTION,0,0,2.1352477999073645
2024-02-21 14:00:00,RIG_DEGRADATION,14,21,2,83.25009949911201,95.76113171571683,95.0,0.9027864563518913,53.71918304147798,78.62191680084678,101.39360860789333,HIGH_PRODUCTION,0,0,2.1329319129226496
2024-02-21 15:00:00,RIG_DEGRADATION,15,21,2,78.12281424622702,94.7521867588733,94.88136265338439,0.8211893379356404,56.50767151456075,81.09807214458392,97.12092524112411,HIGH_PRODUCTION,0,0,2.1306160259379343
2024-02-21 16:00:00,RIG_DEGRADATION,16,21,2,71.44080601087278,86.17954846825164,87.00033701706423,0.7349205569072514,54.05318115108386,77.9756481780712,94.31973736393103,HIGH_PRODUCTION,0,0,2.128300138953219
2024-02-21 17:00:00,RIG_DEGRADATION,17,21,2,63.65944261174793,87.53820331882024,85.76582767731236,0.7781473605578115,52.63539564149295,72.12101904442954,89.69449443669977,HIGH_PRODUCTION,0,0,2.125984251968504
2024-02-21 18:00:00,RIG_DEGRADATION,18,21,2,55.30901110519183,64.84770932300572,64.48829643954068,0.7160569067761522,44.188643401083155,69.91205452632147,70.88722639409279,HIGH_PRODUCTION,0,0,2.123668364983789
2024-02-21 19:00:00,RIG_DEGRADATION,19,21,2,46.958579598635716,55.26956025492022,60.189122871839686,0.7490923367247849,42.62360331423712,65.43889338068362,61.58360633840522,HIGH_PRODUCTION,0,0,2.1213524779990736
2024-02-21 20:00:00,RIG_DEGRADATION,20,21,2,39.17721619951089,56.176201188631445,55.37582034255763,0.7174956101800953,45.722404018640006,64.72313370448148,62.507725907520765,HIGH_PRODUCTION,0,0,2.1190365910143587
2024-02-21 21:00:00,RIG_DEGRADATION,21,21,2,36.872674070127886,57.13592563063683,60.7659937661416,0.6585519310389049,45.003729940085734,69.34517937811275,66.69372609983215,HIGH_PRODUCTION,0,0,2.1167207040296434
2024-02-21 22:00:00,RIG_DEGRADATION,22,21,2,36.872674070127886,44.64898875442573,51.621435402274194,0.6129524276453393,44.201370916580096,64.01923327688148,55.583958370264675,STANDBY,0,0,2.114404817044928
2024-02-21 23:00:00,RIG_DEGRADATION,23,21,2,36.872674070127886,56.3431932973668,54.470331913890654,0.7138913946617892,43.35578106222541,66.46496145960067,53.97229396666833,STANDBY,0,0,2.1120889300602133
2024-02-22 00:00:00,RIG_DEGRADATION,0,22,3,36.10028835127271,59.546026541041485,55.02000878786537,0.7387727566874427,45.096488774500244,64.3595567012815,57.18719058648398,STANDBY,0,0,2.109773043075498
2024-02-22 01:00:00,RIG_DEGRADATION,1,22,3,36.10028835127271,46.810738674300445,50.674398087189815,0.6834184004600716,42.38785761473741,63.59134483581278,56.036342693123025,STANDBY,0,0,2.1074571560907827
2024-02-22 02:00:00,RIG_DEGRADATION,2,22,3,36.10028835127271,58.45060838713361,57.97382761189416,0.750709466985694,47.99958117103437,67.23273707320547,64.31169052745166,STANDBY,0,0,2.105141269106068
2024-02-22 03:00:00,RIG_DEGRADATION,3,22,3,36.10028835127271,44.74581594493799,49.629347578885834,0.5867750943000857,41.120950346495896,60.779608382790684,53.67001047512729,STANDBY,0,0,2.1028253821213525
2024-02-22 04:00:00,RIG_DEGRADATION,4,22,3,38.35655637322725,54.13771231952411,57.43230527936689,0.7069553377546833,43.51894698944499,68.44549231048774,65.96037549866676,STANDBY,0,0,2.100509495136637
2024-02-22 05:00:00,RIG_DEGRADATION,5,22,3,45.97492063778226,62.87564955834293,66.6219857341199,0.7153693691354501,43.012919925264136,67.47039404163412,75.34148774658203,STANDBY,0,0,2.0981936081519224
2024-02-22 06:00:00,RIG_DEGRADATION,6,22,3,54.15043252690906,68.30269485506666,75.67155370315369,0.7311089619441042,50.52959317739967,75.44323923615988,78.63871519320165,HIGH_PRODUCTION,0,0,2.095877721167207
2024-02-22 07:00:00,RIG_DEGRADATION,7,22,3,62.32594441603586,79.8760824156534,80.1204099861215,0.6839889417561874,51.57407502715506,74.50961752064414,93.54134069635755,HIGH_PRODUCTION,0,0,2.0935618341824918
2024-02-22 08:00:00,RIG_DEGRADATION,8,22,3,69.94430868059086,90.82576328001332,90.93129238788063,0.76535229472463,51.77117064407956,78.2524117597734,96.19208986311887,HIGH_PRODUCTION,0,0,2.091245947197777
2024-02-22 09:00:00,RIG_DEGRADATION,9,22,3,76.48634638588689,96.9876720660695,92.54703957476347,0.8479323387881071,52.578623135610385,84.13296722331776,92.77694971957844,HIGH_PRODUCTION,0,0,2.0889300602130616
2024-02-22 10:00:00,RIG_DEGRADATION,10,22,3,81.50622847353647,99.70475505690594,95.0,0.7699361959118607,54.246478241241185,84.4546452275295,99.84601611964528,HIGH_PRODUCTION,0,0,2.0866141732283463
2024-02-22 11:00:00,RIG_DEGRADATION,11,22,3,84.66185827501369,96.0363050643959,95.0,0.9149632079389739,50.26488542491544,77.17484707910157,99.0769350173414,HIGH_PRODUCTION,0,0,2.0842982862436314
2024-02-22 12:00:00,RIG_DEGRADATION,12,22,3,85.73818483427267,92.82430338749698,93.94536223434508,0.8332477021394689,58.42698458781628,79.21510417896829,100.33147196848287,HIGH_PRODUCTION,0,0,2.081982399258916
2024-02-22 13:00:00,RIG_DEGRADATION,13,22,3,84.66185827501369,100.69737539398767,95.0,0.8991882839907951,52.8066369490607,81.39898880832449,97.10335172116143,HIGH_PRODUCTION,0,0,2.079666512274201
2024-02-22 14:00:00,RIG_DEGRADATION,14,22,3,81.50622847353648,99.35198451028863,95.0,0.7916885545747485,55.68410793938244,81.25934600877977,100.08013052068546,HIGH_PRODUCTION,0,0,2.077350625289486
2024-02-22 15:00:00,RIG_DEGRADATION,15,22,3,76.48634638588689,94.69491578682104,94.77156876879715,0.7553452611761583,54.72717614705074,79.7752116776945,98.77395497812323,HIGH_PRODUCTION,0,0,2.0750347383047707
2024-02-22 16:00:00,RIG_DEGRADATION,16,22,3,69.94430868059086,90.37353959004898,91.57904940669235,0.8978396863881657,52.921081737083206,77.86737393672534,97.14014677237894,HIGH_PRODUCTION,0,0,2.0727188513200554
2024-02-22 17:00:00,RIG_DEGRADATION,17,22,3,62.32594441603586,77.69968305502863,81.6552094407004,0.729385818541762,47.84411283905572,74.0024950322941,88.04609513084225,HIGH_PRODUCTION,0,0,2.0704029643353405
2024-02-22 18:00:00,RIG_DEGRADATION,18,22,3,54.150432526909064,64.14921928683133,67.95822734024817,0.6961736282491653,48.236811152203046,74.25303899205036,76.01394747125954,HIGH_PRODUCTION,0,0,2.0680870773506252
2024-02-22 19:00:00,RIG_DEGRADATION,19,22,3,45.97492063778226,67.73921183406438,71.00063349760889,0.6315640982022793,45.689917422369334,67.44334889128481,78.7342590880467,HIGH_PRODUCTION,0,0,2.0657711903659104
2024-02-22 20:00:00,RIG_DEGRADATION,20,22,3,38.356556373227264,51.82587106339832,54.68543268631288,0.5878831402323038,40.80649575266782,63.9717332466564,59.29088398263477,HIGH_PRODUCTION,0,0,2.063455303381195
2024-02-22 21:00:00,RIG_DEGRADATION,21,22,3,36.10028835127271,52.599734799221025,57.083112374486866,0.6838875519361495,44.34849779136701,65.95313538755238,59.597428849672106,HIGH_PRODUCTION,0,0,2.06113941639648
2024-02-22 22:00:00,RIG_DEGRADATION,22,22,3,36.10028835127271,51.26544837030699,50.52863037239038,0.6638448113982023,44.14439247091982,68.50873327798483,54.41456770546832,STANDBY,0,0,2.058823529411765
2024-02-22 23:00:00,RIG_DEGRADATION,23,22,3,36.10028835127271,44.98425005315098,48.997613209097,0.6292278935275377,39.982477958181576,64.1269686692318,50.05373962692862,STANDBY,0,0,2.0565076424270496
2024-02-23 00:00:00,RIG_DEGRADATION,0,23,4,36.10028835127271,54.02673138062975,54.775528652688045,0.7173598961950288,41.059669428349004,68.3444316253286,58.17845318674108,STANDBY,0,0,2.0541917554423343
2024-02-23 01:00:00,RIG_DEGRADATION,1,23,4,36.10028835127271,56.60689428078403,60.48689517855707,0.7426272012289484,46.81591498006785,69.50220839634119,66.47679115260657,STANDBY,0,0,2.0518758684576195
2024-02-23 02:00:00,RIG_DEGRADATION,2,23,4,36.10028835127271,54.33471732564351,55.22051705133683,0.7385673851220076,43.22262021103247,66.84498282392056,66.10456173132306,STANDBY,0,0,2.049559981472904
2024-02-23 03:00:00,RIG_DEGRADATION,3,23,4,36.10028835127271,58.01047432674707,59.6000392555211,0.702032911928982,45.87257682582483,63.6895986448304,65.58363264331042,STANDBY,0,0,2.047244094488189
2024-02-23 04:00:00,RIG_DEGRADATION,4,23,4,38.35655637322725,47.213770530721,55.698471697362294,0.6219331423541128,41.47824999681305,59.96564992849786,63.59586927778486,STANDBY,0,0,2.044928207503474
2024-02-23 05:00:00,RIG_DEGRADATION,5,23,4,45.97492063778226,66.89863401974445,69.52544922995659,0.7316996992129262,46.28249362837572,67.98754758506018,69.82272316022735,STANDBY,0,0,2.0426123205187587
2024-02-23 06:00:00,RIG_DEGRADATION,6,23,4,54.15043252690906,73.61467083964429,78.07926166291413,0.7820634320063176,52.6121686864537,71.55438396384618,82.96868766473442,HIGH_PRODUCTION,0,0,2.0402964335340434
2024-02-23 07:00:00,RIG_DEGRADATION,7,23,4,62.32594441603586,77.13971434773782,77.4184842076389,0.7802038237125604,48.33223565803019,76.30981474721207,81.88957025584254,HIGH_PRODUCTION,0,0,2.0379805465493286
2024-02-23 08:00:00,RIG_DEGRADATION,8,23,4,69.94430868059086,89.73424292656229,87.91906571398809,0.7924528251990589,52.558719418764554,77.98103566290233,92.0550773627009,HIGH_PRODUCTION,0,0,2.0356646595646133
2024-02-23 09:00:00,RIG_DEGRADATION,9,23,4,76.48634638588689,98.99912481051395,95.0,0.8040933453967655,52.483922803822225,78.28619190676852,98.20912988354245,HIGH_PRODUCTION,0,0,2.033348772579898
2024-02-23 10:00:00,RIG_DEGRADATION,10,23,4,81.50622847353647,100.9251324874541,95.0,0.7937004787910535,57.04773473936667,80.59319984038747,92.82514910655311,HIGH_PRODUCTION,0,0,2.031032885595183
2024-02-23 11:00:00,RIG_DEGRADATION,11,23,4,84.66185827501369,99.8735876433676,95.0,0.8689015373628688,56.2208869899149,76.29107957850516,97.82920904497595,HIGH_PRODUCTION,0,0,2.028716998610468
2024-02-23 12:00:00,RIG_DEGRADATION,12,23,4,85.73818483427267,98.58871742593067,95.0,0.8943511710771971,54.52308688645665,82.30142461124592,99.53283735790117,HIGH_PRODUCTION,0,0,2.0264011116257525
2024-02-23 13:00:00,RIG_DEGRADATION,13,23,4,84.66185827501369,105.37871460732526,95.0,0.7919311737942565,55.47839533122328,82.68502623366004,100.55855705674666,HIGH_PRODUCTION,0,0,2.0240852246410377
2024-02-23 14:00:00,RIG_DEGRADATION,14,23,4,81.50622847353648,96.09674759295604,95.0,0.8663226536169302,56.000943637938,76.9825151354447,97.23335777878495,HIGH_PRODUCTION,0,0,2.0217693376563224
2024-02-23 15:00:00,RIG_DEGRADATION,15,23,4,76.48634638588689,100.1722767451719,95.0,0.8037756669754779,54.688734097885956,80.13698667884582,98.35689329927162,HIGH_PRODUCTION,0,0,2.019453450671607
2024-02-23 16:00:00,RIG_DEGRADATION,16,23,4,69.94430868059086,83.35764049752636,86.1007149963264,0.8748237555207864,52.998593356224944,71.29881648291531,89.21645421290017,HIGH_PRODUCTION,0,0,2.0171375636868922
2024-02-23 17:00:00,RIG_DEGRADATION,17,23,4,62.32594441603586,73.38285996965851,74.41027301410992,0.7377813345149037,47.720750755839155,75.57517734174954,79.95776041479796,HIGH_PRODUCTION,0,0,2.014821676702177
2024-02-23 18:00:00,RIG_DEGRADATION,18,23,4,54.150432526909064,69.76716195024561,71.96147124535958,0.7881226259976211,48.527906966952465,68.26936970353984,80.13582338883496,HIGH_PRODUCTION,0,0,2.0125057897174616
2024-02-23 19:00:00,RIG_DEGRADATION,19,23,4,45.97492063778226,63.74445699180821,65.49091849107427,0.6813039722868487,45.40271064575551,67.73604727322906,68.66985805394187,HIGH_PRODUCTION,0,0,2.010189902732747
2024-02-23 20:00:00,RIG_DEGRADATION,20,23,4,38.356556373227264,54.416095880561485,58.693326373731715,0.7250874329909645,41.500934112661994,71.37695134537074,70.87400061755179,HIGH_PRODUCTION,0,0,2.0078740157480315
2024-02-23 21:00:00,RIG_DEGRADATION,21,23,4,36.10028835127271,45.75185157568348,49.59353160217272,0.6312906867231698,39.77957668151956,59.275374102739335,58.874395917502746,HIGH_PRODUCTION,0,0,2.005558128763316
2024-02-23 22:00:00,RIG_DEGRADATION,22,23,4,36.10028835127271,47.96560277489017,50.90532115292993,0.697102207940065,41.68763239491055,64.41424048256857,52.63587657256293,STANDBY,0,0,2.0032422417786013
2024-02-23 23:00:00,RIG_DEGRADATION,23,23,4,36.10028835127271,53.37535297453538,54.431535990255924,0.705423818675205,42.778455199825736,65.82196076632746,55.57788046101952,STANDBY,0,0,2.000926354793886
2024-02-24 00:00:00,RIG_DEGRADATION,0,24,5,36.872674070127886,54.8556737942075,58.167043769574065,0.7450576898097578,43.857835743427,69.05073046470133,58.57812254205281,STANDBY,0,0,1.9986104678091712
2024-02-24 01:00:00,RIG_DEGRADATION,1,24,5,36.872674070127886,56.87269991316327,54.93074091190426,0.735336728950659,46.570602908188654,66.12718205022753,58.12294296240668,STANDBY,0,0,1.9962945808244559
2024-02-24 02:00:00,RIG_DEGRADATION,2,24,5,36.872674070127886,47.123465743965994,52.437508700240386,0.6894327433585308,38.54554692695589,61.151231619124516,60.232234934635116,STANDBY,0,0,1.9939786938397406
2024-02-24 03:00:00,RIG_DEGRADATION,3,24,5,36.872674070127886,56.36592205326769,56.689857305034174,0.6762741444226095,45.2765941805759,68.73589789099549,61.5402480299944,STANDBY,0,0,1.9916628068550257
2024-02-24 04:00:00,RIG_DEGRADATION,4,24,5,39.17721619951087,51.44107994794209,54.92233518150452,0.6257627742398347,42.105271064366285,67.26032228479684,60.03205857233589,STANDBY,0,0,1.9893469198703104
2024-02-24 05:00:00,RIG_DEGRADATION,5,24,5,46.958579598635716,66.64619147070465,68.87847226912129,0.6939010719052677,47.726089345795216,72.5735199753509,72.44618035922923,STANDBY,0,0,1.9870310328855951
2024-02-24 06:00:00,RIG_DEGRADATION,6,24,5,55.30901110519182,73.12536338872883,73.89579541379089,0.7366899704220844,49.39841178266965,69.55140063916117,84.62591534168823,HIGH_PRODUCTION,0,0,1.9847151459008803
2024-02-24 07:00:00,RIG_DEGRADATION,7,24,5,63.65944261174793,80.93249768132016,81.65948482792805,0.7538661913141755,52.17509660752501,74.18052596096157,86.72825373384582,HIGH_PRODUCTION,0,0,1.982399258916165
2024-02-24 08:00:00,RIG_DEGRADATION,8,24,5,71.44080601087278,91.85898758664452,88.57666887224607,0.8913248096076307,53.08341812766055,78.36652757373349,93.04176981138671,HIGH_PRODUCTION,0,0,1.9800833719314497
2024-02-24 09:00:00,RIG_DEGRADATION,9,24,5,78.12281424622702,86.78996297124291,86.4239366668536,0.8343645872840952,52.30420808330429,73.09427477668774,92.72290616249113,HIGH_PRODUCTION,0,0,1.9777674849467348
2024-02-24 10:00:00,RIG_DEGRADATION,10,24,5,83.250099499112,92.70040235547444,89.48265414686256,0.7011001795142844,51.31747342873894,80.09084145828713,91.76309126604052,HIGH_PRODUCTION,0,0,1.9754515979620195
2024-02-24 11:00:00,RIG_DEGRADATION,11,24,5,86.47324575278313,106.87911971700802,95.0,0.877622626134552,56.5539574581649,77.22564491463137,97.53567916485079,HIGH_PRODUCTION,0,0,1.9731357109773042
2024-02-24 12:00:00,RIG_DEGRADATION,12,24,5,87.57260091655372,105.35800413374021,95.0,0.8729022941875775,54.10532440941003,82.33369481712005,97.86214572523558,HIGH_PRODUCTION,0,0,1.9708198239925894
2024-02-24 13:00:00,RIG_DEGRADATION,13,24,5,86.47324575278313,99.75332745376015,95.0,0.9030243326695871,56.403238148382,78.73513558610713,98.92119286934987,HIGH_PRODUCTION,0,0,1.968503937007874
2024-02-24 14:00:00,RIG_DEGRADATION,14,24,5,83.25009949911201,94.84533547778787,92.76686090648292,0.8036102487026382,52.47131543166743,78.22025111510051,99.23761177414698,HIGH_PRODUCTION,0,0,1.9661880500231588
2024-02-24 15:00:00,RIG_DEGRADATION,15,24,5,78.12281424622702,91.12133961800316,88.47752961638956,0.875856532262159,51.35983278865964,79.18855568567173,97.16528629955238,HIGH_PRODUCTION,0,0,1.963872163038444
2024-02-24 16:00:00,RIG_DEGRADATION,16,24,5,71.44080601087278,92.23003882927536,88.76890740385736,0.839119319774621,54.6550426813469,77.22769391419467,97.75408642072544,HIGH_PRODUCTION,0,0,1.9615562760537286
2024-02-24 17:00:00,RIG_DEGRADATION,17,24,5,63.65944261174793,80.19449094751539,79.94011626704508,0.7895310999467767,48.75664377869291,75.75771926625751,84.65049275336621,HIGH_PRODUCTION,0,0,1.9592403890690133
2024-02-24 18:00:00,RIG_DEGRADATION,18,24,5,55.30901110519183,63.41132352192851,67.9185177115627,0.7431001231341068,47.86039675901569,71.00035727281447,75.42142253451817,HIGH_PRODUCTION,0,0,1.9569245020842985
2024-02-24 19:00:00,RIG_DEGRADATION,19,24,5,46.958579598635716,62.93938062059411,66.74040870218529,0.7086501373678554,45.713790057499324,68.98139943184597,69.54054225219654,HIGH_PRODUCTION,0,0,1.9546086150995832
2024-02-24 20:00:00,RIG_DEGRADATION,20,24,5,39.17721619951089,54.95123174671203,56.51621923971689,0.7406709813870063,43.35638827056625,59.53600231066932,62.88184188137311,HIGH_PRODUCTION,0,0,1.9522927281148679
2024-02-24 21:00:00,RIG_DEGRADATION,21,24,5,36.872674070127886,54.31206978432001,57.509152119716816,0.795505951338113,45.7440507619606,68.41754307612457,62.943044405653644,HIGH_PRODUCTION,0,0,1.949976841130153
2024-02-24 22:00:00,RIG_DEGRADATION,22,24,5,36.872674070127886,55.40954780904762,56.524108665994255,0.6625260471180063,41.40238378423574,67.39656013786717,58.28806537700009,STANDBY,0,0,1.9476609541454377
2024-02-24 23:00:00,RIG_DEGRADATION,23,24,5,36.872674070127886,48.02507942157099,50.23457895990558,0.6266399597399864,39.514609598735824,60.92649662466531,49.86197945875961,STANDBY,0,0,1.9453450671607224
2024-02-25 00:00:00,RIG_DEGRADATION,0,25,6,38.26446504352977,57.427522160810675,57.74028046628571,0.7244392834410752,44.87439000545672,65.34830680860325,63.92911483485403,STANDBY,0,0,1.9430291801760076
2024-02-25 01:00:00,RIG_DEGRADATION,1,25,6,38.26446504352977,47.89223784245628,53.680564397176944,0.8034546781388484,40.104110060677996,61.128947715501525,55.738872870889736,STANDBY,0,0,1.9407132931912923
2024-02-25 02:00:00,RIG_DEGRADATION,2,25,6,38.26446504352977,56.14136525481193,59.37266883293804,0.7140697996880265,44.54888220031368,65.23712248975063,69.05371161350467,STANDBY,0,0,1.938397406206577
2024-02-25 03:00:00,RIG_DEGRADATION,3,25,6,38.26446504352977,51.432216430995716,55.56241720763124,0.8273665016363203,42.2129288481836,66.54436238925348,60.843206187733195,STANDBY,0,0,1.9360815192218621
2024-02-25 04:00:00,RIG_DEGRADATION,4,25,6,40.65599410875038,63.08801866272076,61.44835755487854,0.6712474637429482,45.05806477856795,67.29496880818415,67.24225090208846,STANDBY,0,0,1.9337656322371468
2024-02-25 05:00:00,RIG_DEGRADATION,5,25,6,48.73107179936013,66.85243241406441,67.45936140621555,0.7765230806932514,48.53442140781107,73.32608096941627,70.61705824358664,STANDBY,0,0,1.9314497452524315
2024-02-25 06:00:00,RIG_DEGRADATION,6,25,6,57.396697565294645,84.91508712568117,81.03525516055623,0.786843268992597,48.240519681407676,79.44476794143807,92.89593467060627,HIGH_PRODUCTION,0,0,1.9291338582677167
2024-02-25 07:00:00,RIG_DEGRADATION,7,25,6,66.06232333122917,77.78330478628484,79.8068078078658,0.8086166075632415,49.65274190217728,69.58632246453678,84.32650548124678,HIGH_PRODUCTION,0,0,1.9268179712830014
2024-02-25 08:00:00,RIG_DEGRADATION,8,25,6,74.13740102183893,95.89055271617045,92.08235054171277,0.8202476156940227,60.40641452310196,76.23528869282953,97.90313077059119,HIGH_PRODUCTION,0,0,1.924502084298286
2024-02-25 09:00:00,RIG_DEGRADATION,9,25,6,81.0716274372057,95.55829307643384,92.91621259207143,0.7449217274870112,53.687782150616144,73.3919967739912,99.43648711598567,HIGH_PRODUCTION,0,0,1.9221861973135712
2024-02-25 10:00:00,RIG_DEGRADATION,10,25,6,86.39244650647323,104.08244625547997,95.0,0.929786049827404,55.645082773937126,77.10150984298805,98.83522215700675,HIGH_PRODUCTION,0,0,1.919870310328856
2024-02-25 11:00:00,RIG_DEGRADATION,11,25,6,89.73725320314023,108.73577523368382,95.0,0.9021714197086281,56.385786331196705,79.25242906888072,97.95416987760264,HIGH_PRODUCTION,0,0,1.917554423344141
2024-02-25 12:00:00,RIG_DEGRADATION,12,25,6,90.8781044783832,106.88045602927582,95.0,0.8782463619624449,56.85132093741157,81.3331312884685,99.08635601943774,HIGH_PRODUCTION,0,0,1.9152385363594258
2024-02-25 13:00:00,RIG_DEGRADATION,13,25,6,89.73725320314023,103.20834895877067,95.0,0.9749857858931306,57.120165291436805,80.9293199859464,101.83361522516724,HIGH_PRODUCTION,0,0,1.9129226493747105
2024-02-25 14:00:00,RIG_DEGRADATION,14,25,6,86.39244650647325,94.83226156555244,90.65575105895984,0.8580125651274915,53.93342027850788,81.22270441295284,98.89488743448437,HIGH_PRODUCTION,0,0,1.9106067623899956
2024-02-25 15:00:00,RIG_DEGRADATION,15,25,6,81.0716274372057,107.50790617598358,95.0,0.8845560862393372,55.133802444017654,78.81789611352642,96.3434124864676,HIGH_PRODUCTION,0,0,1.9082908754052803
2024-02-25 16:00:00,RIG_DEGRADATION,16,25,6,74.13740102183893,92.77861241750145,86.76773698619193,0.8407569325621134,51.28523596554307,75.37894798935733,92.84717732360832,HIGH_PRODUCTION,0,0,1.905974988420565
2024-02-25 17:00:00,RIG_DEGRADATION,17,25,6,66.06232333122917,77.40940714319353,78.56978311398913,0.7433040252371185,52.93374222230877,70.95123448614883,80.1188761070222,HIGH_PRODUCTION,0,0,1.9036591014358502
2024-02-25 18:00:00,RIG_DEGRADATION,18,25,6,57.39669756529465,69.45697847343068,68.9253968452791,0.7371328609330099,48.66629923088387,75.7811026176587,78.11980080892374,HIGH_PRODUCTION,0,0,1.9013432144511349
2024-02-25 19:00:00,RIG_DEGRADATION,19,25,6,48.73107179936013,60.02218469451274,65.2056931213329,0.7973257200791697,46.51475963154443,68.40484420752409,72.54230857331353,HIGH_PRODUCTION,0,0,1.8990273274664196
2024-02-25 20:00:00,RIG_DEGRADATION,20,25,6,40.65599410875039,62.60842289773209,63.95696700009459,0.7008126119214492,45.31649671243681,67.45741370804033,71.33044587504415,HIGH_PRODUCTION,0,0,1.8967114404817047
2024-02-25 21:00:00,RIG_DEGRADATION,21,25,6,38.26446504352977,45.398556268789015,52.7532623792678,0.7043176803415748,38.08898881842156,61.41543715068212,59.92501882323024,HIGH_PRODUCTION,0,0,1.8943955534969894
2024-02-25 22:00:00,RIG_DEGRADATION,22,25,6,38.26446504352977,53.93587257002057,56.19711028813412,0.7337233356492713,46.30671969789533,68.4022479409122,63.843779449968295,STANDBY,0,0,1.892079666512274
2024-02-25 23:00:00,RIG_DEGRADATION,23,25,6,38.26446504352977,56.808060064452015,59.80351676826975,0.6813790933034916,45.10930804302326,70.1708775035612,69.7083032383864,STANDBY,0,0,1.8897637795275593
2024-02-26 00:00:00,RIG_DEGRADATION,0,26,0,40.0,63.75244825699512,61.50044307280763,0.7323240232035606,44.12063751267873,67.75313153147927,66.3897350495296,STANDBY,0,0,1.887447892542844
2024-02-26 01:00:00,RIG_DEGRADATION,1,26,0,40.0,50.331601041042546,51.77021787486966,0.6882421417945281,38.09559033025549,70.1146234624591,55.12147473630062,STANDBY,0,0,1.8851320055581287
2024-02-26 02:00:00,RIG_DEGRADATION,2,26,0,40.0,57.22544431398005,57.767782486484585,0.741855809109756,44.457609912399306,69.05586764775951,62.6343158288463,STANDBY,0,0,1.8828161185734138
2024-02-26 03:00:00,RIG_DEGRADATION,3,26,0,40.0,61.61597701762432,60.04408255591855,0.6573224537104602,47.767694642261574,71.05077778434529,66.64797694561553,STANDBY,0,0,1.8805002315886985
2024-02-26 04:00:00,RIG_DEGRADATION,4,26,0,42.5,63.42848289594488,63.85407136755883,0.7862353333468572,44.93122765009632,73.33614261428973,64.85031907449316,STANDBY,0,0,1.8781843446039832
2024-02-26 05:00:00,RIG_DEGRADATION,5,26,0,50.94133342141177,59.91159796648512,63.67509775764665,0.7780135634631998,47.95286408580576,69.93701717420029,67.09081033636215,STANDBY,0,0,1.8758684576192683
2024-02-26 06:00:00,RIG_DEGRADATION,6,26,0,60.0,73.61540810955672,74.76220559467556,0.7133395514047853,49.058362931629226,68.17910566264811,76.77917851773913,HIGH_PRODUCTION,0,0,1.873552570634553
2024-02-26 07:00:00,RIG_DEGRADATION,7,26,0,69.05866657858823,82.08966115271734,79.40989792335964,0.8186082057763963,50.366655340029524,74.07882264376124,86.92207346464292,HIGH_PRODUCTION,0,0,1.8712366836498378
2024-02-26 08:00:00,RIG_DEGRADATION,8,26,0,77.5,89.12907275912966,87.62797781132338,0.9078517340442264,52.62215700675292,77.6909031457506,94.74314242919556,HIGH_PRODUCTION,0,0,1.868920796665123
2024-02-26 09:00:00,RIG_DEGRADATION,9,26,0,84.74873734152916,104.0752519609273,95.0,0.848782257020509,57.569269109894655,83.85232177671725,101.64903320806489,HIGH_PRODUCTION,0,0,1.8666049096804076
2024-02-26 10:00:00,RIG_DEGRADATION,10,26,0,90.31088913245534,111.11308914999906,95.0,0.8660912468274096,59.76717301141899,84.48418500939727,99.54919743998008,HIGH_PRODUCTION,0,0,1.8642890226956923
2024-02-26 11:00:00,RIG_DEGRADATION,11,26,0,93.8074039201174,108.7251198082957,95.0,0.9597016674340482,55.606945421359285,81.86865422441169,100.07771102142715,HIGH_PRODUCTION,0,0,1.8619731357109774
2024-02-26 12:00:00,RIG_DEGRADATION,12,26,0,95.0,106.29822553177313,95.0,0.8131556701688389,54.204230584848766,81.53281337975581,94.82271115265532,HIGH_PRODUCTION,0,0,1.8596572487262621
2024-02-26 13:00:00,RIG_DEGRADATION,13,26,0,93.8074039201174,112.06289510104978,95.0,0.8989744566297376,56.47429705815525,85.6187729360964,98.09180752549233,HIGH_PRODUCTION,0,0,1.8573413617415468
2024-02-26 14:00:00,RIG_DEGRADATION,14,26,0,90.31088913245536,103.3678348770698,95.0,0.8470575639578934,55.97951349275876,84.36863565458953,102.5892585701115,HIGH_PRODUCTION,0,0,1.855025474756832
2024-02-26 15:00:00,RIG_DEGRADATION,15,26,0,84.74873734152916,101.36186295957397,95.0,0.8963062736113877,57.67259344259707,81.44537075313454,101.15495682707852,HIGH_PRODUCTION,0,0,1.8527095877721167
2024-02-26 16:00:00,RIG_DEGRADATION,16,26,0,77.5,99.57425010386609,93.09969545016737,0.880456119132171,54.57365752649491,77.64766397129016,97.55252131423829,HIGH_PRODUCTION,0,0,1.8503937007874018
2024-02-26 17:00:00,RIG_DEGRADATION,17,26,0,69.05866657858823,86.3995495801083,84.33750461376196,0.7307590745579375,51.26163637211651,81.11992537611701,90.20267349255352,HIGH_PRODUCTION,0,0,1.8480778138026865
2024-02-26 18:00:00,RIG_DEGRADATION,18,26,0,60.00000000000001,76.16508748293083,76.94322869981441,0.7504275502928615,48.154996818786465,72.39982901136715,84.97779677756927,HIGH_PRODUCTION,0,0,1.8457619268179712
2024-02-26 19:00:00,RIG_DEGRADATION,19,26,0,50.94133342141177,68.38971629622428,69.91067336738332,0.794859027978893,49.11528041634028,68.80378962462889,74.43084595807656,HIGH_PRODUCTION,0,0,1.8434460398332564
2024-02-26 20:00:00,RIG_DEGRADATION,20,26,0,42.500000000000014,62.76642297384758,61.45141510219847,0.6951427724454311,44.982916294255425,65.26600891893841,63.01891544822498,HIGH_PRODUCTION,0,0,1.841130152848541
2024-02-26 21:00:00,RIG_DEGRADATION,21,26,0,40.0,51.30833817031615,57.80448888068416,0.7140545274153156,45.493857102918774,66.18458510528184,62.53011455751238,HIGH_PRODUCTION,0,0,1.8388142658638258
2024-02-26 22:00:00,RIG_DEGRADATION,22,26,0,40.0,60.0708703942701,60.59978755603013,0.750302593458936,44.71802121886952,73.92094046019136,72.75725101995623,STANDBY,0,0,1.836498378879111
2024-02-26 23:00:00,RIG_DEGRADATION,23,26,0,40.0,61.62053701248557,57.241339800459805,0.830443076905291,44.26642125332807,68.61983917988674,60.78979526809376,STANDBY,0,0,1.8341824918943956
2024-02-27 00:00:00,RIG_DEGRADATION,0,27,1,38.26446504352977,54.08824154911931,52.86936943978463,0.7173919650199062,41.38988632955105,68.0099165998373,56.64727501766328,STANDBY,0,0,1.8318666049096803
2024-02-27 01:00:00,RIG_DEGRADATION,1,27,1,38.26446504352977,55.07452421718532,52.093430013915025,0.7161994543047755,46.863002985833866,70.22465963002878,58.60311508934164,STANDBY,0,0,1.8295507179249655
2024-02-27 02:00:00,RIG_DEGRADATION,2,27,1,38.26446504352977,53.076995156607204,52.99234635809869,0.7832971009965688,41.733828477504794,65.99375662153136,60.384034413389415,STANDBY,0,0,1.8272348309402502
2024-02-27 03:00:00,RIG_DEGRADATION,3,27,1,38.26446504352977,59.154660163068876,61.08711672129263,0.7481317560380942,45.46859619610915,65.60851249214468,66.41931540881372,STANDBY,0,0,1.824918943955535
2024-02-27 04:00:00,RIG_DEGRADATION,4,27,1,40.65599410875038,61.46750559785376,61.19306500221698,0.8409236864088713,48.21214192598139,63.91376244715212,60.061532850005584,STANDBY,0,0,1.82260305697082
2024-02-27 05:00:00,RIG_DEGRADATION,5,27,1,48.73107179936014,69.42321926160739,66.0983139757061,0.8260893315696692,45.95527474362629,69.66758828256326,66.34585728595114,STANDBY,0,0,1.8202871699861047
2024-02-27 06:00:00,RIG_DEGRADATION,6,27,1,57.39669756529465,73.4806045209327,74.33783920185945,0.7486820471309423,49.47085750685411,72.54416558744249,82.73101665254497,HIGH_PRODUCTION,0,0,1.8179712830013894
2024-02-27 07:00:00,RIG_DEGRADATION,7,27,1,66.06232333122918,85.12622836796378,81.62423754982436,0.7774460836568289,50.891423161330124,79.05379687967228,85.34282934752552,HIGH_PRODUCTION,0,0,1.8156553960166746
2024-02-27 08:00:00,RIG_DEGRADATION,8,27,1,74.13740102183893,89.29032006181282,91.20173566953426,0.8409572391170613,52.83801615449837,78.06428780688877,97.19043219914644,HIGH_PRODUCTION,0,0,1.8133395090319593
2024-02-27 09:00:00,RIG_DEGRADATION,9,27,1,81.07162743720572,97.71330210350037,94.24335713638477,0.897982182631905,56.18414506787548,79.97202375228925,98.81371704028369,HIGH_PRODUCTION,0,0,1.811023622047244
2024-02-27 10:00:00,RIG_DEGRADATION,10,27,1,86.39244650647325,110.76064674210022,95.0,0.9251330594101419,60.20769537377467,84.30093991556943,94.34552089892024,HIGH_PRODUCTION,0,0,1.8087077350625291
2024-02-27 11:00:00,RIG_DEGRADATION,11,27,1,89.73725320314024,109.6599620306286,95.0,0.8204618066774145,60.09704874154775,81.65556570429443,98.75869462084064,HIGH_PRODUCTION,0,0,1.8063918480778138
2024-02-27 12:00:00,RIG_DEGRADATION,12,27,1,90.87810447838321,112.27332436136146,95.0,0.9530482667101127,59.04973214535738,77.57915127565145,100.46669134858527,HIGH_PRODUCTION,0,0,1.8040759610930985
2024-02-27 13:00:00,RIG_DEGRADATION,13,27,1,89.73725320314024,109.60381265449722,95.0,0.8712725277765041,58.28746347773155,86.31572645528502,98.72510058138826,HIGH_PRODUCTION,0,0,1.8017600741083837
2024-02-27 14:00:00,RIG_DEGRADATION,14,27,1,86.39244650647326,98.97039812627773,95.0,0.755051942526078,56.266099208181494,83.71957275239744,104.34569920945574,HIGH_PRODUCTION,0,0,1.7994441871236684
2024-02-27 15:00:00,RIG_DEGRADATION,15,27,1,81.07162743720572,99.8889928049636,94.41416198564555,0.8904211674239843,53.00298723990054,81.27413792654234,99.92183512264211,HIGH_PRODUCTION,0,0,1.797128300138953
2024-02-27 16:00:00,RIG_DEGRADATION,16,27,1,74.13740102183893,99.43220117208523,92.120934857333,0.8785385417206039,52.68067010310312,84.58783334856386,101.64056872474958,HIGH_PRODUCTION,0,0,1.7948124131542382
2024-02-27 17:00:00,RIG_DEGRADATION,17,27,1,66.06232333122918,85.15759336141505,81.05914375634907,0.8143505845977335,53.43388238566544,79.37644963937738,84.30968949143593,HIGH_PRODUCTION,0,0,1.792496526169523
2024-02-27 18:00:00,RIG_DEGRADATION,18,27,1,57.39669756529466,68.49250074844797,70.27159134826971,0.816981930660603,44.29040659696608,69.93185486038068,76.9824582872005,HIGH_PRODUCTION,0,0,1.7901806391848076
2024-02-27 19:00:00,RIG_DEGRADATION,19,27,1,48.73107179936014,67.33684570742925,68.1543559906803,0.7509991723021099,46.878012690391806,66.37212586144831,70.53606337166886,HIGH_PRODUCTION,0,0,1.7878647522000928
2024-02-27 20:00:00,RIG_DEGRADATION,20,27,1,40.65599410875039,52.10119633375827,58.77728927011001,0.6597430319946712,40.48016230789226,66.90655398689972,66.01799127276487,HIGH_PRODUCTION,0,0,1.7855488652153775
2024-02-27 21:00:00,RIG_DEGRADATION,21,27,1,38.26446504352977,58.699860274735784,59.424326668614576,0.7149996195778001,44.40979747230764,66.28101042510693,62.69214274787853,HIGH_PRODUCTION,0,0,1.7832329782306622
2024-02-27 22:00:00,RIG_DEGRADATION,22,27,1,38.26446504352977,51.757886392305906,51.86948023296681,0.6620847092941765,42.83632985297948,69.74147905371855,54.56215051977263,STANDBY,0,0,1.7809170912459473
2024-02-27 23:00:00,RIG_DEGRADATION,23,27,1,38.26446504352977,59.60556223565664,56.478447711669425,0.6905133936961646,44.971881706231436,67.32900819344228,67.71162517083718,STANDBY,0,0,1.778601204261232
2024-02-28 00:00:00,RIG_DEGRADATION,0,28,2,36.872674070127886,58.033003861206495,54.7374741468685,0.739503655224595,46.251267557336305,70.18971698020032,58.63388740378206,STANDBY,0,0,1.7762853172765167
2024-02-28 01:00:00,RIG_DEGRADATION,1,28,2,36.872674070127886,53.11755293013812,56.27560264323805,0.745535205123488,40.05046516340242,63.046095165952856,59.67189818588239,STANDBY,0,0,1.7739694302918019
2024-02-28 02:00:00,RIG_DEGRADATION,2,28,2,36.872674070127886,53.20801136455107,56.97474463847091,0.6661462917215188,44.886804058079804,56.95497882918083,60.7861694451949,STANDBY,0,0,1.7716535433070866
2024-02-28 03:00:00,RIG_DEGRADATION,3,28,2,36.872674070127886,52.79759014246015,55.37187024913791,0.7190466476186745,42.27895513241399,62.534203741892455,57.12884641076216,STANDBY,0,0,1.7693376563223717
2024-02-28 04:00:00,RIG_DEGRADATION,4,28,2,39.17721619951087,54.92015728634071,57.21936153512282,0.6822907100139768,41.277960500863934,64.10676341088502,60.62774223213014,STANDBY,0,0,1.7670217693376564
2024-02-28 05:00:00,RIG_DEGRADATION,5,28,2,46.958579598635716,61.557924283685296,64.59265221131145,0.7040685431349035,45.0690377831593,72.31189081746298,65.42984714115362,STANDBY,0,0,1.7647058823529411
2024-02-28 06:00:00,RIG_DEGRADATION,6,28,2,55.30901110519182,75.89211270412652,75.57048898317815,0.7603279542577353,49.252926996024016,73.21965026776769,80.73432676064398,HIGH_PRODUCTION,0,0,1.7623899953682263
2024-02-28 07:00:00,RIG_DEGRADATION,7,28,2,63.65944261174793,77.39523744717245,75.42383107358191,0.6814588133308491,53.0326276206266,68.01856019605233,77.1437878747566,HIGH_PRODUCTION,0,0,1.760074108383511
2024-02-28 08:00:00,RIG_DEGRADATION,8,28,2,71.44080601087278,89.23620953998778,87.8121566934282,0.8412863150891345,46.44266817064181,75.7300484470285,90.1771353986116,HIGH_PRODUCTION,0,0,1.7577582213987957
2024-02-28 09:00:00,RIG_DEGRADATION,9,28,2,78.12281424622702,100.03781965724563,92.8424049848682,0.8067288534462744,52.61908068976437,80.39087516202645,100.82967438670798,HIGH_PRODUCTION,0,0,1.7554423344140808
2024-02-28 10:00:00,RIG_DEGRADATION,10,28,2,83.250099499112,101.3941556923641,95.0,0.9003350241397434,54.93552697538793,81.3015110749542,98.1532253527917,HIGH_PRODUCTION,0,0,1.7531264474293655
2024-02-28 11:00:00,RIG_DEGRADATION,11,28,2,86.47324575278313,104.02535361590792,95.0,0.7863478337910113,58.41370729299659,76.37928001080549,101.96941047050916,HIGH_PRODUCTION,0,0,1.7508105604446502
2024-02-28 12:00:00,RIG_DEGRADATION,12,28,2,87.57260091655372,102.7038197113887,95.0,0.8460725182548251,56.15821134005689,74.61058964764048,100.2830236290309,HIGH_PRODUCTION,0,0,1.7484946734599354
2024-02-28 13:00:00,RIG_DEGRADATION,13,28,2,86.47324575278313,105.75392330877604,95.0,0.8822146221232018,58.09670721676865,86.70935962862208,102.25947917446243,HIGH_PRODUCTION,0,0,1.74617878647522
2024-02-28 14:00:00,RIG_DEGRADATION,14,28,2,83.25009949911201,96.49586636066199,93.21058694907131,0.7977831097063879,53.46710933684838,81.41903529039045,99.05087820174705,HIGH_PRODUCTION,0,0,1.7438628994905048
2024-02-28 15:00:00,RIG_DEGRADATION,15,28,2,78.12281424622702,99.29368051069949,95.0,0.8235356944545932,57.277766480523105,83.69314500442546,95.30830898590034,HIGH_PRODUCTION,0,0,1.74154701250579
2024-02-28 16:00:00,RIG_DEGRADATION,16,28,2,71.44080601087278,83.27872295306281,83.71792085520791,0.8566026664428046,49.59351838767004,73.09592350702631,84.96259827408696,HIGH_PRODUCTION,0,0,1.7392311255210746
2024-02-28 17:00:00,RIG_DEGRADATION,17,28,2,63.65944261174793,79.54170986435824,83.31184879768912,0.7513564886920645,47.09378295919765,77.83473033870159,88.72155024608726,HIGH_PRODUCTION,0,0,1.7369152385363593
2024-02-28 18:00:00,RIG_DEGRADATION,18,28,2,55.30901110519183,74.26283609353654,72.77876304212565,0.782431634548381,47.15793916410188,73.94335187816257,85.18803391055835,HIGH_PRODUCTION,0,0,1.7345993515516445
2024-02-28 19:00:00,RIG_DEGRADATION,19,28,2,46.958579598635716,63.125256313706544,65.85142042606071,0.7605744443067941,46.464960315326046,69.84998890437916,67.30328672479808,HIGH_PRODUCTION,0,0,1.7322834645669292
2024-02-28 20:00:00,RIG_DEGRADATION,20,28,2,39.17721619951089,56.64196842902747,57.66007409263913,0.6676710929081909,45.1581502091733,59.74578002434815,68.81122383079273,HIGH_PRODUCTION,0,0,1.7299675775822139
2024-02-28 21:00:00,RIG_DEGRADATION,21,28,2,36.872674070127886,53.13613575532305,58.84007925280947,0.71852171423318,44.46466093612149,68.81442012785263,67.07487403891952,HIGH_PRODUCTION,0,0,1.727651690597499
2024-02-28 22:00:00,RIG_DEGRADATION,22,28,2,36.872674070127886,48.35810578701319,54.995525296560785,0.7043922476921611,37.43795368270936,66.58916157564434,61.24563228716944,STANDBY,0,0,1.7253358036127837
2024-02-28 23:00:00,RIG_DEGRADATION,23,28,2,36.872674070127886,53.03655253143515,55.74627494900174,0.7602499235534622,44.87869128567342,66.3432334336987,61.27429931601103,STANDBY,0,0,1.7230199166280684
2024-02-29 00:00:00,RIG_DEGRADATION,0,29,3,36.10028835127271,59.16364441648513,60.768108589401976,0.7999427392400078,44.00661714720023,67.70342891947244,64.64250276148395,STANDBY,0,0,1.7207040296433536
2024-02-29 01:00:00,RIG_DEGRADATION,1,29,3,36.10028835127271,63.82424728382776,60.66640535424346,0.773127676733171,46.878002034824675,70.92802643554704,65.4230442375488,STANDBY,0,0,1.7183881426586383
2024-02-29 02:00:00,RIG_DEGRADATION,2,29,3,36.10028835127271,59.75084582553325,57.0862806770729,0.6912252224669745,41.51974059403552,63.98507880779212,67.72441322864572,STANDBY,0,0,1.716072255673923
2024-02-29 03:00:00,RIG_DEGRADATION,3,29,3,36.10028835127271,64.31743158882517,61.31075510398729,0.817849834321741,43.37600330106087,73.5591296121888,71.54664099452401,STANDBY,0,0,1.713756368689208
2024-02-29 04:00:00,RIG_DEGRADATION,4,29,3,38.35655637322725,48.45858209058764,50.27724118046176,0.7202081406277404,41.50484335782054,64.34097144431736,55.650412745235904,STANDBY,0,0,1.7114404817044928
2024-02-29 05:00:00,RIG_DEGRADATION,5,29,3,45.97492063778226,59.63834549959357,58.87744762731973,0.7639051922839378,46.179583767167216,61.10897470812512,59.15279934575256,STANDBY,0,0,1.7091245947197775
2024-02-29 06:00:00,RIG_DEGRADATION,6,29,3,54.15043252690906,71.79007300049264,74.65986296692836,0.754689661832188,48.09994927966412,75.51836194191706,80.4454441357538,HIGH_PRODUCTION,0,0,1.7068087077350627
2024-02-29 07:00:00,RIG_DEGRADATION,7,29,3,62.32594441603586,84.59808280313025,80.90239215871807,0.8426328057133368,50.257091098920846,75.21427597242794,88.34001196003419,HIGH_PRODUCTION,0,0,1.7044928207503474
2024-02-29 08:00:00,RIG_DEGRADATION,8,29,3,69.94430868059086,91.13308841028235,86.03282169932358,0.9129786167468857,49.10681412510429,82.51534008697992,93.5092950310663,HIGH_PRODUCTION,0,0,1.7021769337656325
2024-02-29 09:00:00,RIG_DEGRADATION,9,29,3,76.48634638588689,87.6427570346296,92.1653559520543,0.8274624949048199,52.04537327432021,73.07228884108886,100.9464520204571,HIGH_PRODUCTION,0,0,1.6998610467809172
2024-02-29 10:00:00,RIG_DEGRADATION,10,29,3,81.50622847353647,97.53803929823604,95.0,0.9330632600503224,53.69846001245321,81.39732808496522,97.01148725553406,HIGH_PRODUCTION,0,0,1.697545159796202
2024-02-29 11:00:00,RIG_DEGRADATION,11,29,3,84.66185827501369,103.62109542892246,95.0,0.9160110818793328,56.034226038401,83.65210696891701,98.41238350893477,HIGH_PRODUCTION,0,0,1.695229272811487
2024-02-29 12:00:00,RIG_DEGRADATION,12,29,3,85.73818483427267,107.50689205443805,95.0,0.963026218348072,57.30086125010365,84.5595858197849,104.62171377321351,HIGH_PRODUCTION,0,0,1.6929133858267718
2024-02-29 13:00:00,RIG_DEGRADATION,13,29,3,84.66185827501369,103.95040197214831,95.0,0.9055816405866124,50.80744074614589,82.38504576320858,97.18730660489031,HIGH_PRODUCTION,0,0,1.6905974988420565
2024-02-29 14:00:00,RIG_DEGRADATION,14,29,3,81.50622847353648,95.95411634622054,95.0,0.8558156064890126,51.78295162819026,79.04943014790253,95.77210272474997,HIGH_PRODUCTION,0,0,1.6882816118573416
2024-02-29 15:00:00,RIG_DEGRADATION,15,29,3,76.48634638588689,92.53593673527068,90.12225441793129,0.7462017867724318,52.51406454404125,77.02937593381225,88.31392381288035,HIGH_PRODUCTION,0,0,1.6859657248726263
2024-02-29 16:00:00,RIG_DEGRADATION,16,29,3,69.94430868059086,86.7824890576304,87.2039158688957,0.8327575044467584,53.87375194599017,77.75603794771446,94.88323779392033,HIGH_PRODUCTION,0,0,1.683649837887911
2024-02-29 17:00:00,RIG_DEGRADATION,17,29,3,62.32594441603586,80.41749745871607,80.18251004907532,0.6830350057768111,49.334151808511905,79.0963490264268,89.09227377485657,HIGH_PRODUCTION,0,0,1.6813339509031962
2024-02-29 18:00:00,RIG_DEGRADATION,18,29,3,54.150432526909064,67.48402937359582,72.4785643883643,0.7663796988986429,48.587171672841684,69.49236649081341,78.5093935050919,HIGH_PRODUCTION,0,0,1.6790180639184809
2024-02-29 19:00:00,RIG_DEGRADATION,19,29,3,45.97492063778226,68.44648617230987,71.71599309352209,0.8081060659542245,46.30737185207478,67.6680235796985,77.79118902842457,HIGH_PRODUCTION,0,0,1.6767021769337656
2024-02-29 20:00:00,RIG_DEGRADATION,20,29,3,38.356556373227264,62.15671676678792,61.64491437421863,0.8088626224950997,45.88154080233,64.2536266372774,66.05304672403516,HIGH_PRODUCTION,0,0,1.6743862899490507
2024-02-29 21:00:00,RIG_DEGRADATION,21,29,3,36.10028835127271,56.94789706535169,58.25766190578675,0.6992254171963972,45.6523175686729,67.90716364528218,59.76041238718986,HIGH_PRODUCTION,0,0,1.6720704029643354
2024-02-29 22:00:00,RIG_DEGRADATION,22,29,3,36.10028835127271,61.19916446313043,55.78648633461751,0.714190965673996,46.72769512513752,68.90309464000414,64.67876587011735,STANDBY,0,0,1.66975451597962
2024-02-29 23:00:00,RIG_DEGRADATION,23,29,3,36.10028835127271,56.04503603727157,55.49554522487825,0.8150464393010738,43.53086349552311,69.72840349212981,54.91643291663008,STANDBY,0,0,1.6674386289949052
2024-03-01 00:00:00,RIG_DEGRADATION,0,1,4,36.10028835127271,61.9593222951313,61.19315285249584,0.7624166057540976,45.15311963699914,66.27763350528394,71.52727571715418,STANDBY,0,0,1.66512274201019
2024-03-01 01:00:00,RIG_DEGRADATION,1,1,4,36.10028835127271,54.18903532895415,56.81390479327781,0.7543026314839852,43.54052462761346,66.07206284161511,62.91896805975583,STANDBY,0,0,1.6628068550254747
2024-03-01 02:00:00,RIG_DEGRADATION,2,1,4,36.10028835127271,63.018561078129686,64.55149176289864,0.819451704983901,46.52167700660653,72.22024110248056,70.2001423495757,STANDBY,0,0,1.6604909680407598
2024-03-01 03:00:00,RIG_DEGRADATION,3,1,4,36.10028835127271,50.902378627098265,56.39861593983214,0.7560483754605978,40.0842871768633,66.8301601102755,59.464120471529576,STANDBY,0,0,1.6581750810560445
2024-03-01 04:00:00,RIG_DEGRADATION,4,1,4,38.35655637322725,53.20336171822169,57.07519258032764,0.6952895172799185,43.06770119595622,64.58820169661699,60.91679195735621,STANDBY,0,0,1.6558591940713292
2024-03-01 05:00:00,RIG_DEGRADATION,5,1,4,45.97492063778226,59.83622497203795,63.56674152728075,0.7221968367998656,40.715870090805254,68.35331631988159,63.93728370410346,STANDBY,0,0,1.6535433070866143
2024-03-01 06:00:00,RIG_DEGRADATION,6,1,4,54.15043252690906,71.49117418412956,71.06263939833691,0.7448323747755095,46.274306295259926,66.94776568862761,71.86598447959062,HIGH_PRODUCTION,0,0,1.651227420101899
2024-03-01 07:00:00,RIG_DEGRADATION,7,1,4,62.32594441603586,89.29636959535969,84.008074562351,0.9629345590888142,50.46361485457357,77.29225162487127,89.17526472778039,HIGH_PRODUCTION,0,0,1.6489115331171837
2024-03-01 08:00:00,RIG_DEGRADATION,8,1,4,69.94430868059086,82.58593241068195,86.09045381144598,0.8449184830096497,52.955903564271665,74.7251006129941,91.16765583179736,HIGH_PRODUCTION,0,0,1.646595646132469
2024-03-01 09:00:00,RIG_DEGRADATION,9,1,4,76.48634638588689,96.4353253946013,92.01554551677106,0.9072951764312452,52.79752287188449,79.74641493081393,101.64993163545984,HIGH_PRODUCTION,0,0,1.6442797591477536
2024-03-01 10:00:00,RIG_DEGRADATION,10,1,4,81.50622847353647,102.33020994781597,95.0,0.8542441018465259,55.7447546114393,80.31987034300793,101.29752644148653,HIGH_PRODUCTION,0,0,1.6419638721630383
2024-03-01 11:00:00,RIG_DEGRADATION,11,1,4,84.66185827501369,102.0417824561933,95.0,0.8683084324460755,56.939150315124884,81.1701456409623,99.31133326878606,HIGH_PRODUCTION,0,0,1.6396479851783234
2024-03-01 12:00:00,RIG_DEGRADATION,12,1,4,85.73818483427267,103.30655144785025,95.0,0.9600989956829226,56.21493976012389,84.27765643124681,97.85213484684286,HIGH_PRODUCTION,0,0,1.6373320981936081
2024-03-01 13:00:00,RIG_DEGRADATION,13,1,4,84.66185827501369,103.99754095746155,95.0,0.8420152013711801,56.93180183097009,82.91743943945492,97.68501968803713,HIGH_PRODUCTION,0,0,1.6350162112088928
2024-03-01 14:00:00,RIG_DEGRADATION,14,1,4,81.50622847353648,108.90162758989644,95.0,0.8627867931618547,56.8587282942968,84.26027847211265,99.66736807303118,HIGH_PRODUCTION,0,0,1.632700324224178
2024-03-01 15:00:00,RIG_DEGRADATION,15,1,4,76.48634638588689,94.35125321079236,90.9389768223784,0.8596900069444005,53.945907718425005,82.15478557520933,96.60535652152684,HIGH_PRODUCTION,0,0,1.6303844372394627
2024-03-01 16:00:00,RIG_DEGRADATION,16,1,4,69.94430868059086,78.9919667989859,80.41731686428501,0.761136619373562,51.68524386339187,71.5665382933076,84.19350015045758,HIGH_PRODUCTION,0,0,1.6280685502547474
2024-03-01 17:00:00,RIG_DEGRADATION,17,1,4,62.32594441603586,83.5813163748467,81.36552275244425,0.785028673578527,54.77073403351349,76.2837240950575,90.80973531801186,HIGH_PRODUCTION,0,0,1.6257526632700325
2024-03-01 18:00:00,RIG_DEGRADATION,18,1,4,54.150432526909064,66.30714445897405,71.77565182259774,0.7840382977538174,42.39214409929524,68.23095711014946,76.58812487459947,HIGH_PRODUCTION,0,0,1.6234367762853172
2024-03-01 19:00:00,RIG_DEGRADATION,19,1,4,45.97492063778226,59.24987463752275,66.86623925264561,0.725533974469212,44.89328058138332,66.24940145147127,76.89252268642521,HIGH_PRODUCTION,0,0,1.6211208893006024
2024-03-01 20:00:00,RIG_DEGRADATION,20,1,4,38.356556373227264,49.3156624775207,52.03467789955286,0.7562239812956705,38.597031822700934,69.67753665744267,56.400586080350735,HIGH_PRODUCTION,0,0,1.618805002315887
2024-03-01 21:00:00,RIG_DEGRADATION,21,1,4,36.10028835127271,54.81539246182326,51.06186082817415,0.7030848460974366,46.219916835108116,73.81651094846218,62.043623730899185,HIGH_PRODUCTION,0,0,1.6164891153311718
2024-03-01 22:00:00,RIG_DEGRADATION,22,1,4,36.10028835127271,52.72689599209636,59.74168175604179,0.814720907012882,39.74259597955359,65.99288656656901,62.28324058174049,STANDBY,0,0,1.614173228346457
2024-03-01 23:00:00,RIG_DEGRADATION,23,1,4,36.10028835127271,52.69045740355561,54.4599100067776,0.876706531786608,39.41641960841405,66.09367797732058,58.87577982029571,STANDBY,0,0,1.6118573413617416
2024-03-02 00:00:00,RIG_DEGRADATION,0,2,5,36.872674070127886,56.51261523028547,56.886553775759765,0.7834742978092233,50.983711136789246,65.76393694890692,64.26463789707671,STANDBY,0,0,1.6095414543770263
2024-03-02 01:00:00,RIG_DEGRADATION,1,2,5,36.872674070127886,60.123365193552935,60.18707819684429,0.8276948814672284,44.88498576705917,66.88124074951432,63.74470789571203,STANDBY,0,0,1.6072255673923115
2024-03-02 02:00:00,RIG_DEGRADATION,2,2,5,36.872674070127886,55.6208072350351,53.73665899633819,0.6406892254947533,44.68562279211545,65.44511824332366,58.33567496801371,STANDBY,0,0,1.6049096804075962
2024-03-02 03:00:00,RIG_DEGRADATION,3,2,5,36.872674070127886,57.48935730258997,58.60942323580157,0.6929989228776652,49.50172600106998,63.92405845050813,60.31405630475256,STANDBY,0,0,1.6025937934228809
2024-03-02 04:00:00,RIG_DEGRADATION,4,2,5,39.17721619951087,54.0404665201248,60.033132849997116,0.7981107895674243,46.250634650467376,63.48703888154452,59.841819362689535,STANDBY,0,0,1.600277906438166
2024-03-02 05:00:00,RIG_DEGRADATION,5,2,5,46.958579598635716,64.81655378242091,67.64894328284501,0.775214377717336,47.984231156333415,67.4039807089359,71.26524637104339,STANDBY,0,0,1.5979620194534507
2024-03-02 06:00:00,RIG_DEGRADATION,6,2,5,55.30901110519182,68.07569373883416,71.079551251174,0.7643900154711016,48.658869392568135,71.70019269938392,80.16235561146055,HIGH_PRODUCTION,0,0,1.5956461324687354
2024-03-02 07:00:00,RIG_DEGRADATION,7,2,5,63.65944261174793,94.42197293658771,86.90114029718816,0.8604686649566955,52.3435020977551,79.46405600455478,93.10458028851522,HIGH_PRODUCTION,0,0,1.5933302454840206
2024-03-02 08:00:00,RIG_DEGRADATION,8,2,5,71.44080601087278,92.71045853659868,91.37295270048399,0.8052690371359993,51.66169799635718,78.93785295531202,91.10837371252835,HIGH_PRODUCTION,0,0,1.5910143584993053
2024-03-02 09:00:00,RIG_DEGRADATION,9,2,5,78.12281424622702,94.63678548292394,93.5068418344237,0.8731332889446379,50.1000167339378,77.6832977472434,97.70157806328918,HIGH_PRODUCTION,0,0,1.58869847151459
2024-03-02 10:00:00,RIG_DEGRADATION,10,2,5,83.250099499112,102.7564478331607,95.0,0.9934442384688307,56.888555703747706,78.46558494189819,101.80793819800725,HIGH_PRODUCTION,0,0,1.5863825845298751
2024-03-02 11:00:00,RIG_DEGRADATION,11,2,5,86.47324575278313,102.83007984954764,95.0,0.9367035762838548,56.65008776049786,81.08809565673252,101.35156953808071,HIGH_PRODUCTION,0,0,1.5840666975451598
2024-03-02 12:00:00,RIG_DEGRADATION,12,2,5,87.57260091655372,110.72320442132163,95.0,1.0011612804521024,59.57705244332704,80.62107714940521,97.59694933531448,HIGH_PRODUCTION,0,0,1.5817508105604445
2024-03-02 13:00:00,RIG_DEGRADATION,13,2,5,86.47324575278313,101.19994965324165,95.0,0.905071033378405,55.44036121999287,81.05616098472508,97.7409342422179,HIGH_PRODUCTION,0,0,1.5794349235757297
2024-03-02 14:00:00,RIG_DEGRADATION,14,2,5,83.25009949911201,96.91110822619986,94.03770657035169,0.7876343667013441,52.662838288522366,84.43562736289864,97.38834735680635,HIGH_PRODUCTION,0,0,1.5771190365910144
2024-03-02 15:00:00,RIG_DEGRADATION,15,2,5,78.12281424622702,98.30650400873499,94.05598178568928,0.794434497259006,54.94577996125285,86.52708529508594,98.45134536669124,HIGH_PRODUCTION,0,0,1.574803149606299
2024-03-02 16:00:00,RIG_DEGRADATION,16,2,5,71.44080601087278,91.9490749402484,89.58527492156995,0.7227977118964701,53.68360946639064,75.0438814756545,89.27912459246085,HIGH_PRODUCTION,0,0,1.5724872626215842
2024-03-02 17:00:00,RIG_DEGRADATION,17,2,5,63.65944261174793,87.72743085868694,82.57729547165111,0.9423733154155276,49.320178134496985,77.27127956569797,87.4607111511413,HIGH_PRODUCTION,0,0,1.570171375636869
2024-03-02 18:00:00,RIG_DEGRADATION,18,2,5,55.30901110519183,73.59512399923942,70.97082329295867,0.7793017358049061,50.15104072610397,73.13880039685417,79.79664436335973,HIGH_PRODUCTION,0,0,1.5678554886521536
2024-03-02 19:00:00,RIG_DEGRADATION,19,2,5,46.958579598635716,66.47090662708224,65.0267046709746,0.832073149512021,46.553820092243335,71.59921096658024,67.31774524219087,HIGH_PRODUCTION,0,0,1.5655396016674388
2024-03-02 20:00:00,RIG_DEGRADATION,20,2,5,39.17721619951089,70.60684977967837,67.34766403743089,0.7598066536408721,48.25555034340984,69.72530478519215,70.78895439878472,HIGH_PRODUCTION,0,0,1.5632237146827235
2024-03-02 21:00:00,RIG_DEGRADATION,21,2,5,36.872674070127886,48.55386196869126,52.03650303206171,0.7378174494681765,43.85523505228856,72.45261557539953,54.386871418575836,HIGH_PRODUCTION,0,0,1.5609078276980082
2024-03-02 22:00:00,RIG_DEGRADATION,22,2,5,36.872674070127886,60.75735434730463,60.92501410763473,0.7590515008468908,44.725223613759184,63.777758828914756,64.44229658777103,STANDBY,0,0,1.5585919407132933
2024-03-02 23:00:00,RIG_DEGRADATION,23,2,5,36.872674070127886,53.964155450064546,53.84191337446427,0.7387150338705113,42.52811111483275,64.37422821062263,59.63156434031095,STANDBY,0,0,1.556276053728578
2024-03-03 00:00:00,RIG_DEGRADATION,0,3,6,38.26446504352977,56.573124843421226,53.89840777476862,0.7050231846096755,51.19466072557141,67.57650799370096,52.878237988520965,STANDBY,0,0,1.5539601667438632
2024-03-03 01:00:00,RIG_DEGRADATION,1,3,6,38.26446504352977,60.78835186058275,61.30358354813604,0.6715621049699063,47.538130210096966,68.93912747765695,64.28341476580451,STANDBY,0,0,1.5516442797591479
2024-03-03 02:00:00,RIG_DEGRADATION,2,3,6,38.26446504352977,41.422843301572925,45.062129053300794,0.7156949940481836,39.273395609487814,61.2449391621688,46.775644822208115,STANDBY,0,0,1.5493283927744326
2024-03-03 03:00:00,RIG_DEGRADATION,3,3,6,38.26446504352977,60.53166020543978,61.05935613714283,0.7508536863464534,45.0414304260888,60.865720052816435,63.27091879901952,STANDBY,0,0,1.5470125057897177
2024-03-03 04:00:00,RIG_DEGRADATION,4,3,6,40.65599410875038,66.06164227537656,67.63003863206055,0.7496550144238796,46.84005518959076,65.60093576564869,69.88651756391512,STANDBY,0,0,1.5446966188050024
2024-03-03 05:00:00,RIG_DEGRADATION,5,3,6,48.73107179936013,64.99915950540465,69.68237376094459,0.7099612759088765,44.66144716284064,72.65670816530927,75.70723271198926,STANDBY,0,0,1.5423807318202871
2024-03-03 06:00:00,RIG_DEGRADATION,6,3,6,57.396697565294645,78.96249692306009,75.07312833395932,0.7839892904888284,47.36206815888624,80.57314970747458,78.0336703441206,HIGH_PRODUCTION,0,0,1.5400648448355723
2024-03-03 07:00:00,RIG_DEGRADATION,7,3,6,66.06232333122917,89.83316901144832,89.5250475890852,0.9184630759739831,51.77593742539263,71.35134843498223,97.63542307252223,HIGH_PRODUCTION,0,0,1.537748957850857
2024-03-03 08:00:00,RIG_DEGRADATION,8,3,6,74.13740102183893,104.24440317121356,95.0,0.8583893794857519,58.54108913835002,79.79532048370949,103.23371983099784,HIGH_PRODUCTION,0,0,1.5354330708661417
2024-03-03 09:00:00,RIG_DEGRADATION,9,3,6,81.0716274372057,93.63835020113211,91.74913961255231,0.9531744032327952,53.395201313963845,75.83388980922768,95.3850558738288,HIGH_PRODUCTION,0,0,1.5331171838814268
2024-03-03 10:00:00,RIG_DEGRADATION,10,3,6,86.39244650647323,111.20651746857402,95.0,0.7648719771387464,57.11720585855714,82.76050377476686,107.05225116686222,HIGH_PRODUCTION,0,0,1.5308012968967115
2024-03-03 11:00:00,RIG_DEGRADATION,11,3,6,89.73725320314023,104.84006486686347,95.0,0.8376284450536826,56.004044545674425,78.96970015286722,96.15627880312125,HIGH_PRODUCTION,0,0,1.5284854099119962
2024-03-03 12:00:00,RIG_DEGRADATION,12,3,6,90.8781044783832,118.11353616529235,95.0,0.9811392136530467,57.45755322505382,93.15103381587882,91.89684921702633,HIGH_PRODUCTION,0,0,1.5261695229272814
2024-03-03 13:00:00,RIG_DEGRADATION,13,3,6,89.73725320314023,105.32769309852324,95.0,0.8930143809356801,56.165864207157824,78.90264114256435,100.20998500179297,HIGH_PRODUCTION,0,0,1.523853635942566
2024-03-03 14:00:00,RIG_DEGRADATION,14,3,6,86.39244650647325,101.40469976570657,95.0,0.8200506761659052,53.887887949218964,80.06628532415267,98.46260712021613,HIGH_PRODUCTION,0,0,1.5215377489578508
2024-03-03 15:00:00,RIG_DEGRADATION,15,3,6,81.0716274372057,104.26190877843331,95.0,0.9276110036370783,55.12970469796954,81.66316372379447,100.53145652946873,HIGH_PRODUCTION,0,0,1.519221861973136
2024-03-03 16:00:00,RIG_DEGRADATION,16,3,6,74.13740102183893,95.56785761214913,89.90051672462336,0.8870592413165891,53.719932854370796,80.43656201850527,97.28768108111528,HIGH_PRODUCTION,0,0,1.5169059749884206
2024-03-03 17:00:00,RIG_DEGRADATION,17,3,6,66.06232333122917,86.23666264451828,84.89842731719445,0.8409805022976432,51.540692258234735,76.81053484607129,93.32986684884548,HIGH_PRODUCTION,0,0,1.5145900880037053
2024-03-03 18:00:00,RIG_DEGRADATION,18,3,6,57.39669756529465,70.66620965203735,72.83822212781989,0.7240516861732371,43.979565918654345,71.84457533260144,75.09774509210027,HIGH_PRODUCTION,0,0,1.5122742010189905
2024-03-03 19:00:00,RIG_DEGRADATION,19,3,6,48.73107179936013,60.185757368554036,64.83587126923312,0.7442317426435542,45.83450625065164,68.70756648362557,67.10272929391233,HIGH_PRODUCTION,0,0,1.5099583140342752
2024-03-03 20:00:00,RIG_DEGRADATION,20,3,6,40.65599410875039,59.82154068364939,60.22951901070982,0.6789731966235143,43.944400640199376,66.94062044388187,67.58651335923729,HIGH_PRODUCTION,0,0,1.5076424270495599
2024-03-03 21:00:00,RIG_DEGRADATION,21,3,6,38.26446504352977,64.27634732766725,61.5588482560461,0.7391000323407423,45.33674087807016,68.77360712410604,63.70688611822363,HIGH_PRODUCTION,0,0,1.505326540064845
2024-03-03 22:00:00,RIG_DEGRADATION,22,3,6,38.26446504352977,51.973691026584376,52.21952129873321,0.7477471804822227,44.92430949141898,66.24640057906386,61.53562583380912,STANDBY,0,0,1.5030106530801297
2024-03-03 23:00:00,RIG_DEGRADATION,23,3,6,38.26446504352977,50.359535198185924,55.64915550702206,0.8335953790488501,39.688973005608,65.8024357255639,67.07925620150401,STANDBY,0,0,1.5006947660954144
2024-03-04 00:00:00,RIG_DEGRADATION,0,4,0,40.0,59.905924468283864,56.75461652581271,0.7628181886910755,45.02806590280405,67.26344909149488,67.30463342802435,STANDBY,0,0,1.4983788791106996
2024-03-04 01:00:00,RIG_DEGRADATION,1,4,0,40.0,60.86675320197033,60.26931138246707,0.7845350467678025,47.377261203414065,65.76149892664567,68.26682362941973,STANDBY,0,0,1.4960629921259843
2024-03-04 02:00:00,RIG_DEGRADATION,2,4,0,40.0,54.75038878882727,58.60570059873013,0.6731755086948173,44.47264057848056,64.22089799845449,61.00572740779978,STANDBY,0,0,1.493747105141269
2024-03-04 03:00:00,RIG_DEGRADATION,3,4,0,40.0,69.98356904150637,66.41874875464421,0.800787358127489,47.79212321941558,70.16617084718968,72.0704106571487,STANDBY,0,0,1.491431218156554
2024-03-04 04:00:00,RIG_DEGRADATION,4,4,0,42.5,54.396840063407204,55.96683436685095,0.8133572452844657,44.90227592093446,61.32455778882364,55.85334782844615,STANDBY,0,0,1.4891153311718388
2024-03-04 05:00:00,RIG_DEGRADATION,5,4,0,50.94133342141177,66.9586090883615,70.90784557804218,0.731114557598695,46.86547092069366,73.85427244143312,70.11209639215929,STANDBY,0,0,1.4867994441871235
2024-03-04 06:00:00,RIG_DEGRADATION,6,4,0,60.0,71.3056862043431,74.41543265566499,0.7777930047919626,45.602396259939965,71.1974150858331,80.26567797518254,HIGH_PRODUCTION,0,0,1.4844835572024087
2024-03-04 07:00:00,RIG_DEGRADATION,7,4,0,69.05866657858823,86.78046058866536,82.21593938498592,0.9223751405927486,52.74208710713792,76.65782389237417,84.09328441043199,HIGH_PRODUCTION,0,0,1.4821676702176934
2024-03-04 08:00:00,RIG_DEGRADATION,8,4,0,77.5,88.27576602543414,86.20539183716105,0.7742673228925115,55.090593514726734,82.40857215829898,91.57308388976165,HIGH_PRODUCTION,0,0,1.479851783232978
2024-03-04 09:00:00,RIG_DEGRADATION,9,4,0,84.74873734152916,110.56105135006362,95.0,0.9383667659982393,53.01186808687111,86.06350443613564,96.59757372983071,HIGH_PRODUCTION,0,0,1.4775358962482632
2024-03-04 10:00:00,RIG_DEGRADATION,10,4,0,90.31088913245534,105.99240337106278,95.0,0.894708278981202,55.46862276370184,82.81820327468307,100.2097399788555,HIGH_PRODUCTION,0,0,1.475220009263548
2024-03-04 11:00:00,RIG_DEGRADATION,11,4,0,93.8074039201174,116.80414121784156,95.0,0.8926318482172362,58.81098738377358,82.79443148350173,98.8832433015701,HIGH_PRODUCTION,0,0,1.472904122278833
2024-03-04 12:00:00,RIG_DEGRADATION,12,4,0,95.0,109.39029546756464,95.0,0.9185830593696374,54.58859678530578,84.02452110595026,98.81204098084768,HIGH_PRODUCTION,0,0,1.4705882352941178
2024-03-04 13:00:00,RIG_DEGRADATION,13,4,0,93.8074039201174,106.76006863394284,95.0,0.9254621409376121,55.62116975043833,80.90753927774836,100.15214767967777,HIGH_PRODUCTION,0,0,1.4682723483094025
2024-03-04 14:00:00,RIG_DEGRADATION,14,4,0,90.31088913245536,116.49196169955027,95.0,0.9243379060321528,63.28942486833282,87.5411164766477,95.56370274374525,HIGH_PRODUCTION,0,0,1.4659564613246876
2024-03-04 15:00:00,RIG_DEGRADATION,15,4,0,84.74873734152916,112.88298382677868,95.0,0.9971215340290472,55.055951913702245,80.42370392155979,100.16551928599327,HIGH_PRODUCTION,0,0,1.4636405743399723
2024-03-04 16:00:00,RIG_DEGRADATION,16,4,0,77.5,88.98366767030697,88.49135494219965,0.8029466865388902,51.54826633940165,76.98819975799482,89.70161924057794,HIGH_PRODUCTION,0,0,1.461324687355257
2024-03-04 17:00:00,RIG_DEGRADATION,17,4,0,69.05866657858823,93.14753163116387,85.09162016105131,0.8045950959929972,53.69994196204127,74.9457937208885,90.6649381639891,HIGH_PRODUCTION,0,0,1.4590088003705421
2024-03-04 18:00:00,RIG_DEGRADATION,18,4,0,60.00000000000001,80.12106128551741,75.45463861604827,0.8531062911854026,48.561026762257754,73.36782988218829,77.61312346490308,HIGH_PRODUCTION,0,0,1.4566929133858268
2024-03-04 19:00:00,RIG_DEGRADATION,19,4,0,50.94133342141177,68.33972691678662,67.47409817307877,0.8057323513906414,48.1939805005193,66.95614799350867,72.85054724596512,HIGH_PRODUCTION,0,0,1.4543770264011116
2024-03-04 20:00:00,RIG_DEGRADATION,20,4,0,42.500000000000014,60.71746145563551,60.9102243160639,0.7524713906218806,44.93172366634576,65.6978327077808,65.18305778797318,HIGH_PRODUCTION,0,0,1.4520611394163967
2024-03-04 21:00:00,RIG_DEGRADATION,21,4,0,40.0,66.27593525578925,60.10878934864866,0.7877914187133119,46.71816522579762,70.88614071266386,61.769691683317795,HIGH_PRODUCTION,0,0,1.4497452524316814
2024-03-04 22:00:00,RIG_DEGRADATION,22,4,0,40.0,59.77983568665839,59.68843505032769,0.83828271284431,45.802784476403794,68.6493626934104,64.00695290428871,STANDBY,0,0,1.447429365446966
2024-03-04 23:00:00,RIG_DEGRADATION,23,4,0,40.0,58.688216841856125,57.6397721865598,0.7712410544431906,46.36294888827057,67.47705109207425,66.62049797055846,STANDBY,0,0,1.4451134784622512
2024-03-05 00:00:00,RIG_DEGRADATION,0,5,1,38.26446504352977,56.75533020981477,57.04534786275936,0.795208373868586,43.4883420634131,63.74812300948692,56.554808712769685,STANDBY,0,0,1.442797591477536
2024-03-05 01:00:00,RIG_DEGRADATION,1,5,1,38.26446504352977,60.610405178217455,59.17255567746886,0.6934837646026013,43.93453798245523,70.38607326702912,61.3547895418034,STANDBY,0,0,1.4404817044928206
2024-03-05 02:00:00,RIG_DEGRADATION,2,5,1,38.26446504352977,57.76528837557295,54.89116163852148,0.9015054959498103,46.47982012315741,63.121272771048496,63.48978152826599,STANDBY,0,0,1.4381658175081058
2024-03-05 03:00:00,RIG_DEGRADATION,3,5,1,38.26446504352977,57.1196580037378,59.1309258599872,0.6687002189296248,40.32089274643116,66.58446634283148,63.64932344902132,STANDBY,0,0,1.4358499305233905
2024-03-05 04:00:00,RIG_DEGRADATION,4,5,1,40.65599410875038,63.99485994816403,63.643600883139044,0.8107037265359097,49.87671327734285,69.22450833696955,73.76751437586228,STANDBY,0,0,1.4335340435386752
2024-03-05 05:00:00,RIG_DEGRADATION,5,5,1,48.73107179936014,75.57411549472779,72.14600564960745,0.7735639245814037,48.99815096250619,74.44465626381863,81.34275270062051,STANDBY,0,0,1.4312181565539603
2024-03-05 06:00:00,RIG_DEGRADATION,6,5,1,57.39669756529465,69.19443810646608,75.24976725161642,0.8312574891448608,45.71265964479155,71.31769346596832,80.02797655861136,HIGH_PRODUCTION,0,0,1.428902269569245
2024-03-05 07:00:00,RIG_DEGRADATION,7,5,1,66.06232333122918,80.80871517442839,80.80474504438212,0.7740595923743493,47.122070683750586,70.0136333215676,84.1199276020076,HIGH_PRODUCTION,0,0,1.4265863825845297
2024-03-05 08:00:00,RIG_DEGRADATION,8,5,1,74.13740102183893,97.98492278486422,90.31325838472661,0.8269003570556512,55.39624423756952,78.80141781810364,92.02106019956207,HIGH_PRODUCTION,0,0,1.424270495599815
2024-03-05 09:00:00,RIG_DEGRADATION,9,5,1,81.07162743720572,110.18544848379445,95.0,0.8798597758960205,52.886038632433596,81.35311365078705,102.16695601079789,HIGH_PRODUCTION,0,0,1.4219546086150996
2024-03-05 10:00:00,RIG_DEGRADATION,10,5,1,86.39244650647325,108.4241450333724,95.0,0.9513167050602023,55.61856336259795,82.23137044599716,99.40992473279576,HIGH_PRODUCTION,0,0,1.4196387216303843
2024-03-05 11:00:00,RIG_DEGRADATION,11,5,1,89.73725320314024,116.17324122067212,95.0,0.9560256393060008,59.00722959173537,84.57814945253652,99.49000170978209,HIGH_PRODUCTION,0,0,1.4173228346456694
2024-03-05 12:00:00,RIG_DEGRADATION,12,5,1,90.87810447838321,109.26369004211972,95.0,0.9488175274759238,55.64246850049069,84.17818921190153,102.67511191418181,HIGH_PRODUCTION,0,0,1.4150069476609541
2024-03-05 13:00:00,RIG_DEGRADATION,13,5,1,89.73725320314024,108.72182870250788,95.0,0.8626569909219697,53.92090886627631,85.68979547733079,102.30770857303737,HIGH_PRODUCTION,0,0,1.4126910606762388
2024-03-05 14:00:00,RIG_DEGRADATION,14,5,1,86.39244650647326,109.97516322938223,95.0,0.9450456291370011,58.51307965567971,79.96004982382094,106.56982709235278,HIGH_PRODUCTION,0,0,1.410375173691524
2024-03-05 15:00:00,RIG_DEGRADATION,15,5,1,81.07162743720572,91.1618580940984,87.3590112664776,0.9140053209482674,50.2485141976531,81.19374794712189,91.84229659877647,HIGH_PRODUCTION,0,0,1.4080592867068087
2024-03-05 16:00:00,RIG_DEGRADATION,16,5,1,74.13740102183893,95.60365379077102,92.14668386477734,0.7723537705515231,52.447688939044696,79.33713610954995,99.37151018758603,HIGH_PRODUCTION,0,0,1.4057433997220938
2024-03-05 17:00:00,RIG_DEGRADATION,17,5,1,66.06232333122918,83.03481060853845,84.53069218648099,0.8269202522960208,54.676807798335055,73.34933190658788,86.3647261170372,HIGH_PRODUCTION,0,0,1.4034275127373785
2024-03-05 18:00:00,RIG_DEGRADATION,18,5,1,57.39669756529466,73.19289400186568,73.3148799796281,0.8471666505212683,48.215441052146794,73.52063182989471,75.76839445427667,HIGH_PRODUCTION,0,0,1.4011116257526632
2024-03-05 19:00:00,RIG_DEGRADATION,19,5,1,48.73107179936014,71.45809124886836,71.39066159263717,0.8600913083483879,43.97903358102266,69.51738984383314,79.55512221153437,HIGH_PRODUCTION,0,0,1.3987957387679484
2024-03-05 20:00:00,RIG_DEGRADATION,20,5,1,40.65599410875039,61.279568708581536,62.48197098199036,0.9335342655146649,43.88242501192989,67.24037371237054,66.68283034618469,HIGH_PRODUCTION,0,0,1.396479851783233
2024-03-05 21:00:00,RIG_DEGRADATION,21,5,1,38.26446504352977,59.128367572304384,60.241389283884025,0.7804304341087045,48.003996835456014,62.499525761147616,66.66182284645953,HIGH_PRODUCTION,0,0,1.3941639647985178
2024-03-05 22:00:00,RIG_DEGRADATION,22,5,1,38.26446504352977,52.717329565864375,53.957224266451014,0.7147778848994715,44.36027444636866,68.061980278956,56.82868009942859,STANDBY,0,0,1.391848077813803
2024-03-05 23:00:00,RIG_DEGRADATION,23,5,1,38.26446504352977,60.883204741704276,60.31981695580283,0.7623380431580333,42.957348562979696,65.55688149801642,66.95280469091078,STANDBY,0,0,1.3895321908290876
2024-03-06 00:00:00,RIG_DEGRADATION,0,6,2,36.872674070127886,49.43713848552303,49.84123021198097,0.6919291497994715,46.4745011140435,70.65589431573876,57.41659155907941,STANDBY,0,0,1.3872163038443723
2024-03-06 01:00:00,RIG_DEGRADATION,1,6,2,36.872674070127886,50.67019520093677,53.81999633327972,0.7774427756682118,42.99512848202369,66.64527892384068,58.722660726833546,STANDBY,0,0,1.3849004168596575
2024-03-06 02:00:00,RIG_DEGRADATION,2,6,2,36.872674070127886,65.48203728686609,65.69845897027903,0.7819046617843177,46.009359411347674,65.16223454842665,70.33711074137516,STANDBY,0,0,1.3825845298749422
2024-03-06 03:00:00,RIG_DEGRADATION,3,6,2,36.872674070127886,55.34228183535522,56.97482373516332,0.7400552950654333,41.87162262962082,67.06186649121861,63.25886380524796,STANDBY,0,0,1.3802686428902269
2024-03-06 04:00:00,RIG_DEGRADATION,4,6,2,39.17721619951087,61.56998048804151,59.526500634300504,0.8044108462349623,44.56243152448871,68.69648398456854,62.333273373722534,STANDBY,0,0,1.377952755905512
2024-03-06 05:00:00,RIG_DEGRADATION,5,6,2,46.958579598635716,65.37840415957432,70.32082948894882,0.7705406229995673,45.26446045154092,67.59735362957876,76.33877990090758,STANDBY,0,0,1.3756368689207967
2024-03-06 06:00:00,RIG_DEGRADATION,6,6,2,55.30901110519182,76.70761627600642,71.30128183433001,0.8028159464797866,51.9847955824319,74.09378023280391,80.4029841648601,HIGH_PRODUCTION,0,0,1.3733209819360814
2024-03-06 07:00:00,RIG_DEGRADATION,7,6,2,63.65944261174793,79.26131957187299,84.78250075675905,0.858748801663275,52.11528363936833,73.11576092733273,87.70049449276753,HIGH_PRODUCTION,0,0,1.3710050949513666
2024-03-06 08:00:00,RIG_DEGRADATION,8,6,2,71.44080601087278,93.20037563208608,91.25021784086184,0.8942101046187817,53.69008895922168,78.8950702403206,101.61613751527949,HIGH_PRODUCTION,0,0,1.3686892079666513
2024-03-06 09:00:00,RIG_DEGRADATION,9,6,2,78.12281424622702,104.37180018343754,95.0,0.9135397381225044,56.134653459436414,91.04543982522485,97.00179950386882,HIGH_PRODUCTION,0,0,1.366373320981936
2024-03-06 10:00:00,RIG_DEGRADATION,10,6,2,83.250099499112,111.30722839305847,95.0,0.9818936701470995,56.43887793420202,88.79456976967427,98.6582453632764,HIGH_PRODUCTION,0,0,1.3640574339972211
2024-03-06 11:00:00,RIG_DEGRADATION,11,6,2,86.47324575278313,112.48450800120764,95.0,0.885510894227884,56.336340617102024,83.02068955206016,95.71913987262275,HIGH_PRODUCTION,0,0,1.3617415470125058
2024-03-06 12:00:00,RIG_DEGRADATION,12,6,2,87.57260091655372,107.44817460038384,95.0,0.9568531203665623,53.99982190117522,82.46590684254056,95.42633006106156,HIGH_PRODUCTION,0,0,1.3594256600277905
2024-03-06 13:00:00,RIG_DEGRADATION,13,6,2,86.47324575278313,114.57950285273441,95.0,1.0615870794674347,62.37493382524904,83.17245756469137,98.98807433302964,HIGH_PRODUCTION,0,0,1.3571097730430757
2024-03-06 14:00:00,RIG_DEGRADATION,14,6,2,83.25009949911201,104.97697350924814,95.0,0.9047011538151681,56.45450450215454,76.5121696542108,99.34644582718768,HIGH_PRODUCTION,0,0,1.3547938860583604
2024-03-06 15:00:00,RIG_DEGRADATION,15,6,2,78.12281424622702,104.54726077238611,95.0,0.8931982046271134,53.08288932450498,79.31239628837123,105.03285579579398,HIGH_PRODUCTION,0,0,1.352477999073645
2024-03-06 16:00:00,RIG_DEGRADATION,16,6,2,71.44080601087278,87.37910929899607,86.74188702010774,0.9003719208996405,49.434106289486834,74.82077705231119,90.37938588262175,HIGH_PRODUCTION,0,0,1.3501621120889302
2024-03-06 17:00:00,RIG_DEGRADATION,17,6,2,63.65944261174793,90.44651936341783,86.77827293760015,0.8514275117881059,50.978634008461924,78.24583510999635,93.38879336741269,HIGH_PRODUCTION,0,0,1.347846225104215
2024-03-06 18:00:00,RIG_DEGRADATION,18,6,2,55.30901110519183,75.02178790672262,77.94403786080478,0.7614662298454289,50.76749007891326,71.23707677925881,84.74042111177656,HIGH_PRODUCTION,0,0,1.3455303381194996
2024-03-06 19:00:00,RIG_DEGRADATION,19,6,2,46.958579598635716,63.77368217590455,64.63077511511327,0.6482132413467965,45.905062468693956,68.8930869746136,69.64410633240469,HIGH_PRODUCTION,0,0,1.3432144511347848
2024-03-06 20:00:00,RIG_DEGRADATION,20,6,2,39.17721619951089,59.60844788674977,56.99885683680415,0.7056776175528245,45.62264155053191,66.37030578794528,62.938046481374144,HIGH_PRODUCTION,0,0,1.3408985641500695
2024-03-06 21:00:00,RIG_DEGRADATION,21,6,2,36.872674070127886,52.457928513744875,53.137693996283296,0.7241781517671637,42.852438034973424,64.4007024471357,55.092714392668185,HIGH_PRODUCTION,0,0,1.3385826771653542
2024-03-06 22:00:00,RIG_DEGRADATION,22,6,2,36.872674070127886,56.24994477953942,57.165203290101665,0.7149217938982815,47.73801855162743,61.42851648088988,65.20313349237061,STANDBY,0,0,1.3362667901806393
2024-03-06 23:00:00,RIG_DEGRADATION,23,6,2,36.872674070127886,54.9766016182578,56.83307606922023,0.8163824594742043,44.23325379088499,65.88750223196222,62.90794708629863,STANDBY,0,0,1.333950903195924
2024-03-07 00:00:00,RIG_DEGRADATION,0,7,3,36.10028835127271,53.181592329996285,54.215342802062914,0.7571681216349646,47.199033818653135,66.14071062735269,50.625023290995934,STANDBY,0,0,1.3316350162112087
2024-03-07 01:00:00,RIG_DEGRADATION,1,7,3,36.10028835127271,54.25729923050484,52.387355833161465,0.7153776248256951,43.314321985362966,65.87968325792224,54.15095087791316,STANDBY,0,0,1.3293191292264939
2024-03-07 02:00:00,RIG_DEGRADATION,2,7,3,36.10028835127271,50.40227712483656,52.224624948889854,0.7204118119948824,44.768010738399475,62.35056001780569,58.11497121834113,STANDBY,0,0,1.3270032422417786
2024-03-07 03:00:00,RIG_DEGRADATION,3,7,3,36.10028835127271,60.20622601401664,60.78199548803269,0.794513463872571,43.38268183319218,72.01901976182529,65.36163891760512,STANDBY,0,0,1.3246873552570637
2024-03-07 04:00:00,RIG_DEGRADATION,4,7,3,38.35655637322725,57.92154341270756,56.42992543823028,0.6982313767482944,44.2108041551045,66.02339200898138,63.55232375842622,STANDBY,0,0,1.3223714682723484
2024-03-07 05:00:00,RIG_DEGRADATION,5,7,3,45.97492063778226,66.95750465933554,68.44851237937326,0.7851193183009338,45.150328965964555,71.74083401338231,74.39981900545673,STANDBY,0,0,1.3200555812876331
2024-03-07 06:00:00,RIG_DEGRADATION,6,7,3,54.15043252690906,80.8670676687852,76.91452303886045,0.7581133799467663,52.46328012684703,75.86236638720742,82.45066714344964,HIGH_PRODUCTION,0,0,1.3177396943029183
2024-03-07 07:00:00,RIG_DEGRADATION,7,7,3,62.32594441603586,82.96328194588237,83.03554680555166,0.970409573879901,52.233313899683466,75.92454651090779,95.06648803574363,HIGH_PRODUCTION,0,0,1.315423807318203
2024-03-07 08:00:00,RIG_DEGRADATION,8,7,3,69.94430868059086,91.17691179471419,88.00320000300307,0.8928770146686104,54.07039232367728,76.84843406735216,90.69596338129672,HIGH_PRODUCTION,0,0,1.3131079203334877
2024-03-07 09:00:00,RIG_DEGRADATION,9,7,3,76.48634638588689,100.80025671762985,95.0,0.8893512018425491,55.57571430591978,78.03208601101133,97.08929272064171,HIGH_PRODUCTION,0,0,1.3107920333487728
2024-03-07 10:00:00,RIG_DEGRADATION,10,7,3,81.50622847353647,107.42248080817836,95.0,0.916746687217971,57.25378345048229,82.01918000762733,101.60332294427022,HIGH_PRODUCTION,0,0,1.3084761463640575
2024-03-07 11:00:00,RIG_DEGRADATION,11,7,3,84.66185827501369,100.1056269579801,95.0,0.9221073385942915,52.55763923911898,81.80128672295125,96.85610117267923,HIGH_PRODUCTION,0,0,1.3061602593793422
2024-03-07 12:00:00,RIG_DEGRADATION,12,7,3,85.73818483427267,102.69178026305136,95.0,0.979916704795588,54.585529403089545,83.61498391667523,103.69354696129983,HIGH_PRODUCTION,0,0,1.3038443723946274
2024-03-07 13:00:00,RIG_DEGRADATION,13,7,3,84.66185827501369,98.17223660355816,95.0,0.8335855407669636,53.300768799426805,80.17367318111035,104.42072323853624,HIGH_PRODUCTION,0,0,1.301528485409912
2024-03-07 14:00:00,RIG_DEGRADATION,14,7,3,81.50622847353648,96.24408730085833,94.48727561665497,0.9558402245564452,52.197901756295984,76.76012278516555,103.6617956025147,HIGH_PRODUCTION,0,0,1.2992125984251968
2024-03-07 15:00:00,RIG_DEGRADATION,15,7,3,76.48634638588689,99.50490633927956,95.0,0.928336895269633,53.42905253814575,82.87982387761627,102.85151502320694,HIGH_PRODUCTION,0,0,1.296896711440482
2024-03-07 16:00:00,RIG_DEGRADATION,16,7,3,69.94430868059086,95.55405013120041,92.59525125699643,0.8522416024427703,52.981096238244355,81.62688581182336,96.17356270231863,HIGH_PRODUCTION,0,0,1.2945808244557666
2024-03-07 17:00:00,RIG_DEGRADATION,17,7,3,62.32594441603586,89.27029646826408,86.6944205398103,0.8812075637736815,53.231757707715865,80.49623217700224,91.98688956172111,HIGH_PRODUCTION,0,0,1.2922649374710513
2024-03-07 18:00:00,RIG_DEGRADATION,18,7,3,54.150432526909064,78.77687218454228,75.14835388786999,0.8071155882863346,47.193913168686294,73.94403993639284,78.40462123216366,HIGH_PRODUCTION,0,0,1.2899490504863365
2024-03-07 19:00:00,RIG_DEGRADATION,19,7,3,45.97492063778226,71.22713922278047,72.0499681493598,0.800582523280748,46.729330359204525,74.76557337493357,77.9483033275204,HIGH_PRODUCTION,0,0,1.2876331635016212
2024-03-07 20:00:00,RIG_DEGRADATION,20,7,3,38.356556373227264,66.03060693061977,63.01891921409489,0.7936660698790861,46.02818118298373,69.71469298011152,70.42760307829978,HIGH_PRODUCTION,0,0,1.2853172765169059
2024-03-07 21:00:00,RIG_DEGRADATION,21,7,3,36.10028835127271,71.03145105632953,66.66408436952172,0.9029602295365616,45.95897233187172,77.292313428451,71.661306678109,HIGH_PRODUCTION,0,0,1.283001389532191
2024-03-07 22:00:00,RIG_DEGRADATION,22,7,3,36.10028835127271,57.781889320435084,58.12932333928915,0.7680569404340878,44.37663946535002,67.20942482090975,66.75894129055297,STANDBY,0,0,1.2806855025474757
2024-03-07 23:00:00,RIG_DEGRADATION,23,7,3,36.10028835127271,58.99278803269064,60.355219832738506,0.7881821368584683,46.10810051840783,72.66176326925782,61.90523795918878,STANDBY,0,0,1.2783696155627604
2024-03-08 00:00:00,RIG_DEGRADATION,0,8,4,36.10028835127271,52.122581826848915,53.32027338072994,0.813130773287318,44.99340253993977,65.57162681476751,56.017355839331096,STANDBY,0,0,1.2760537285780456
2024-03-08 01:00:00,RIG_DEGRADATION,1,8,4,36.10028835127271,48.272618971490054,51.876944379574475,0.7318107217730524,42.1290490180169,62.70759907254607,62.701648945797444,STANDBY,0,0,1.2737378415933303
2024-03-08 02:00:00,RIG_DEGRADATION,2,8,4,36.10028835127271,57.70130364268707,55.96534005502511,0.894723977033248,43.31879711209752,67.35051687064482,64.06067738716007,STANDBY,0,0,1.271421954608615
2024-03-08 03:00:00,RIG_DEGRADATION,3,8,4,36.10028835127271,63.513453016138996,60.324357436064375,0.7975834525568568,46.08361836421151,69.61687767420065,64.89381054721366,STANDBY,0,0,1.2691060676239
2024-03-08 04:00:00,RIG_DEGRADATION,4,8,4,38.35655637322725,57.92707738555731,60.23865293232467,0.7959391295121194,44.85888793784024,67.20393867854118,63.374184774788326,STANDBY,0,0,1.2667901806391848
2024-03-08 05:00:00,RIG_DEGRADATION,5,8,4,45.97492063778226,73.15954612024564,72.29737050797769,0.7901081348825696,46.261341585895956,71.27620562801657,75.13876519031962,STANDBY,0,0,1.2644742936544695
2024-03-08 06:00:00,RIG_DEGRADATION,6,8,4,54.15043252690906,80.27968165939572,78.23998578059116,0.8185325104720276,51.125350859265694,74.44217021711512,82.90003282093183,HIGH_PRODUCTION,0,0,1.2621584066697547
2024-03-08 07:00:00,RIG_DEGRADATION,7,8,4,62.32594441603586,81.07894090290992,79.64182720597097,0.8879190242897858,48.9470064269614,70.81333169491356,83.77963356125353,HIGH_PRODUCTION,0,0,1.2598425196850394
2024-03-08 08:00:00,RIG_DEGRADATION,8,8,4,69.94430868059086,87.3592031074761,88.9662123448455,0.9169622665309802,48.97906086194616,79.03140464955224,91.03176468125783,HIGH_PRODUCTION,0,0,1.2575266327003245
2024-03-08 09:00:00,RIG_DEGRADATION,9,8,4,76.48634638588689,103.10358901963485,95.0,0.7960424671789343,51.09068108286971,74.73357421220643,100.27280758690155,HIGH_PRODUCTION,0,0,1.2552107457156092
2024-03-08 10:00:00,RIG_DEGRADATION,10,8,4,81.50622847353647,102.37727585269863,95.0,0.894625805290671,55.516253058452044,80.57304332161459,101.42676146649129,HIGH_PRODUCTION,0,0,1.252894858730894
2024-03-08 11:00:00,RIG_DEGRADATION,11,8,4,84.66185827501369,109.30992592214957,95.0,0.8858261042920224,57.16451646446882,88.8370106862539,97.6142134573972,HIGH_PRODUCTION,0,0,1.250578971746179
2024-03-08 12:00:00,RIG_DEGRADATION,12,8,4,85.73818483427267,102.78765074888739,95.0,0.8909241115164418,51.84193224154892,81.35040125807711,100.84029102711413,HIGH_PRODUCTION,0,0,1.2482630847614637
2024-03-08 13:00:00,RIG_DEGRADATION,13,8,4,84.66185827501369,117.90004075426972,95.0,0.9410517589742706,59.67558844044387,85.50011965851202,104.48526721332112,HIGH_PRODUCTION,0,0,1.2459471977767484
2024-03-08 14:00:00,RIG_DEGRADATION,14,8,4,81.50622847353648,102.63336800455832,95.0,0.8423397704815856,54.62248660063527,76.40714465066401,98.45890130604558,HIGH_PRODUCTION,0,0,1.2436313107920336
2024-03-08 15:00:00,RIG_DEGRADATION,15,8,4,76.48634638588689,100.67014856566857,94.49595591464654,0.915568370007258,56.00794561999309,82.92852756952901,98.26586975241932,HIGH_PRODUCTION,0,0,1.2413154238073183
2024-03-08 16:00:00,RIG_DEGRADATION,16,8,4,69.94430868059086,98.44682236971201,92.76752384274684,0.8713902202400767,53.91624793405398,80.50821826818112,94.15356891320458,HIGH_PRODUCTION,0,0,1.238999536822603
2024-03-08 17:00:00,RIG_DEGRADATION,17,8,4,62.32594441603586,80.45236567684475,80.7931055830748,0.8528122051867058,47.09372238083668,73.42339336424168,87.33524987378496,HIGH_PRODUCTION,0,0,1.2366836498378881
2024-03-08 18:00:00,RIG_DEGRADATION,18,8,4,54.150432526909064,75.57742973992112,76.93078854689645,0.7972258947076055,50.7078731953511,66.9527801704019,81.29817659414608,HIGH_PRODUCTION,0,0,1.2343677628531728
2024-03-08 19:00:00,RIG_DEGRADATION,19,8,4,45.97492063778226,62.04827865274886,63.15400099064238,0.8915390077282223,43.49577704765717,69.58632469962316,64.30565950203228,HIGH_PRODUCTION,0,0,1.2320518758684575
2024-03-08 20:00:00,RIG_DEGRADATION,20,8,4,38.356556373227264,57.105501624922134,55.13988020432261,0.764631379693694,45.63891051736473,67.30887508820011,56.32067747522931,HIGH_PRODUCTION,0,0,1.2297359888837427
2024-03-08 21:00:00,RIG_DEGRADATION,21,8,4,36.10028835127271,54.52654088927653,53.816465123748564,0.7856286338821246,42.13257980917241,69.22263049261579,56.24584314419545,HIGH_PRODUCTION,0,0,1.2274201018990274
2024-03-08 22:00:00,RIG_DEGRADATION,22,8,4,36.10028835127271,61.82936308222645,59.236603691164966,0.8024058309811752,45.448798953487206,73.22036976900894,69.0891385816854,STANDBY,0,0,1.225104214914312
2024-03-08 23:00:00,RIG_DEGRADATION,23,8,4,36.10028835127271,59.48968245045327,56.152283707898846,0.7815339541658501,45.96285340808022,69.67617779445091,62.79000654732818,STANDBY,0,0,1.2227883279295972
2024-03-09 00:00:00,RIG_DEGRADATION,0,9,5,36.872674070127886,54.24190042202483,54.31270867113423,0.7862520341819985,44.77517010356257,59.46531194669645,56.73376968355871,STANDBY,0,0,1.220472440944882
2024-03-09 01:00:00,RIG_DEGRADATION,1,9,5,36.872674070127886,52.22562840061265,51.45737482939697,0.7794595927967882,43.51132765967079,68.17149074662626,54.86808058682826,STANDBY,0,0,1.2181565539601666
2024-03-09 02:00:00,RIG_DEGRADATION,2,9,5,36.872674070127886,65.35853512574954,62.14236320735072,0.7313510566176379,48.423168532604,69.57766416880625,67.41731354421427,STANDBY,0,0,1.2158406669754518
2024-03-09 03:00:00,RIG_DEGRADATION,3,9,5,36.872674070127886,62.32316891888751,63.25279957341968,0.79133761663963,44.89575867738782,64.73237518191144,64.34101276076304,STANDBY,0,0,1.2135247799907365
2024-03-09 04:00:00,RIG_DEGRADATION,4,9,5,39.17721619951087,63.46205976853768,63.98192541557172,0.8742378349168491,48.29061692873567,73.07966925967071,79.55183992992322,STANDBY,0,0,1.2112088930060212
2024-03-09 05:00:00,RIG_DEGRADATION,5,9,5,46.958579598635716,65.86675894566254,68.37068328322829,0.8940576577531268,44.263102059345684,69.90001795581199,73.66869204217289,STANDBY,0,0,1.2088930060213063
2024-03-09 06:00:00,RIG_DEGRADATION,6,9,5,55.30901110519182,79.527081623243,81.01763061950167,0.8081610777647505,51.282703077048666,72.74943753562648,89.34331757685871,HIGH_PRODUCTION,0,0,1.206577119036591
2024-03-09 07:00:00,RIG_DEGRADATION,7,9,5,63.65944261174793,86.46925388475054,83.535630315818,0.9313022298723383,50.06774403814292,75.25644005381497,83.33939234544182,HIGH_PRODUCTION,0,0,1.2042612320518757
2024-03-09 08:00:00,RIG_DEGRADATION,8,9,5,71.44080601087278,86.0060610844457,82.8499784368688,0.8949056456992089,51.61329058133297,72.58287426761673,89.68791045845964,HIGH_PRODUCTION,0,0,1.2019453450671609
2024-03-09 09:00:00,RIG_DEGRADATION,9,9,5,78.12281424622702,95.75074213611464,90.12389953373439,0.8601008518348414,54.83001688527489,72.14203080139335,96.21936615336026,HIGH_PRODUCTION,0,0,1.1996294580824456
2024-03-09 10:00:00,RIG_DEGRADATION,10,9,5,83.250099499112,104.9313687350122,95.0,0.9322807732918785,54.61734372069249,80.23815800452108,97.53061023550474,HIGH_PRODUCTION,0,0,1.1973135710977303
2024-03-09 11:00:00,RIG_DEGRADATION,11,9,5,86.47324575278313,103.82856562660972,95.0,0.8570672041590139,60.651461211787016,83.6176533507416,100.22165168692565,HIGH_PRODUCTION,0,0,1.1949976841130154
2024-03-09 12:00:00,RIG_DEGRADATION,12,9,5,87.57260091655372,109.03006120247105,95.0,0.9245578141539654,54.91735881960792,86.50483915545041,99.57683188156051,HIGH_PRODUCTION,0,0,1.1926817971283001
2024-03-09 13:00:00,RIG_DEGRADATION,13,9,5,86.47324575278313,106.4286435893761,95.0,0.9819059499432491,59.57071355120903,82.39200793912218,101.3114115998653,HIGH_PRODUCTION,0,0,1.1903659101435848
2024-03-09 14:00:00,RIG_DEGRADATION,14,9,5,83.25009949911201,102.9667776578786,95.0,0.8783977481188905,56.71449370742197,81.02500773276655,99.05088170467492,HIGH_PRODUCTION,0,0,1.18805002315887
2024-03-09 15:00:00,RIG_DEGRADATION,15,9,5,78.12281424622702,97.31014904485988,94.33739260531526,0.7782381532543882,52.04980681776447,75.40896565334121,100.70894178489678,HIGH_PRODUCTION,0,0,1.1857341361741547
2024-03-09 16:00:00,RIG_DEGRADATION,16,9,5,71.44080601087278,98.57725004911653,94.12638114103648,0.8396706544976955,51.16787166089485,80.22217024716988,96.94467824087366,HIGH_PRODUCTION,0,0,1.1834182491894394
2024-03-09 17:00:00,RIG_DEGRADATION,17,9,5,63.65944261174793,76.37882384973472,80.38542757967654,0.8164117975635389,47.687938525738275,71.83225813218665,87.86801464685351,HIGH_PRODUCTION,0,0,1.1811023622047245
2024-03-09 18:00:00,RIG_DEGRADATION,18,9,5,55.30901110519183,74.39565181371849,77.36061610926305,0.8916718134940236,50.04485669699071,68.76891059742555,77.19054519558593,HIGH_PRODUCTION,0,0,1.1787864752200092
2024-03-09 19:00:00,RIG_DEGRADATION,19,9,5,46.958579598635716,64.65014882154381,61.268421102995255,0.7888469227921295,46.20420788982427,71.7726102572365,67.34907074652736,HIGH_PRODUCTION,0,0,1.1764705882352944
2024-03-09 20:00:00,RIG_DEGRADATION,20,9,5,39.17721619951089,59.83483122710397,60.73582927064068,0.7752920691500276,43.50723447991551,63.275096662786794,62.89937671513383,HIGH_PRODUCTION,0,0,1.174154701250579
2024-03-09 21:00:00,RIG_DEGRADATION,21,9,5,36.872674070127886,68.61521882592399,67.24328207884267,0.817632613449348,46.641935449032225,72.04178214140205,75.40844680840378,HIGH_PRODUCTION,0,0,1.1718388142658638
2024-03-09 22:00:00,RIG_DEGRADATION,22,9,5,36.872674070127886,54.61339380824531,54.77473063015459,0.8318841792235658,42.13439361574556,69.92223196337758,58.32013985338743,STANDBY,0,0,1.169522927281149
2024-03-09 23:00:00,RIG_DEGRADATION,23,9,5,36.872674070127886,57.923522007459354,59.64320442169909,0.8397157757499604,43.16742906889137,64.26624478990958,66.64472712175105,STANDBY,0,0,1.1672070402964336
2024-03-10 00:00:00,RIG_DEGRADATION,0,10,6,38.26446504352977,51.53492775511254,53.646923916555835,0.6928476925818186,40.24751676739422,63.58680351590945,60.161600439624934,STANDBY,0,0,1.1648911533117183
2024-03-10 01:00:00,RIG_DEGRADATION,1,10,6,38.26446504352977,57.173730936660334,57.51298079576937,0.8365467003086777,45.25406444218725,68.56260378258393,61.90583510940937,STANDBY,0,0,1.1625752663270035
2024-03-10 02:00:00,RIG_DEGRADATION,2,10,6,38.26446504352977,60.66072207707242,60.058329125422524,0.6998254265469925,44.82602721648144,66.09565536250254,57.81131019247654,STANDBY,0,0,1.1602593793422882
2024-03-10 03:00:00,RIG_DEGRADATION,3,10,6,38.26446504352977,51.325285966999765,52.66083753397987,0.7279854834389932,43.69125878922223,67.5038579769272,58.91378861876143,STANDBY,0,0,1.1579434923575729
2024-03-10 04:00:00,RIG_DEGRADATION,4,10,6,40.65599410875038,68.71753603991505,69.7155860344435,0.7575342651953836,50.04010762618956,72.8720920539457,72.34148812369948,STANDBY,0,0,1.155627605372858
2024-03-10 05:00:00,RIG_DEGRADATION,5,10,6,48.73107179936013,65.49313391608501,70.6155888346876,0.8105708958831618,46.27435549548265,68.32127508152199,73.18582692414869,STANDBY,0,0,1.1533117183881427
2024-03-10 06:00:00,RIG_DEGRADATION,6,10,6,57.396697565294645,81.07512536274382,81.73719283249206,0.7788822260295222,48.43731628971579,77.03135036534194,85.40297516769094,HIGH_PRODUCTION,0,0,1.1509958314034274
2024-03-10 07:00:00,RIG_DEGRADATION,7,10,6,66.06232333122917,84.56945668934549,82.67263826813243,0.8580312616527102,50.03641910033681,76.73338001415925,89.43176796962548,HIGH_PRODUCTION,0,0,1.1486799444187126
2024-03-10 08:00:00,RIG_DEGRADATION,8,10,6,74.13740102183893,96.83212993431447,91.52260208408936,0.9573154789089793,54.34565098258168,77.05896762149568,96.47591251493823,HIGH_PRODUCTION,0,0,1.1463640574339973
2024-03-10 09:00:00,RIG_DEGRADATION,9,10,6,81.0716274372057,98.84194017663752,95.0,0.8996969005735027,54.49180534826894,81.94630135205004,100.58172315833204,HIGH_PRODUCTION,0,0,1.144048170449282
2024-03-10 10:00:00,RIG_DEGRADATION,10,10,6,86.39244650647323,113.19298665367981,95.0,0.9840036550243163,59.02711753983782,83.9383436516227,102.94790493660466,HIGH_PRODUCTION,0,0,1.1417322834645671
2024-03-10 11:00:00,RIG_DEGRADATION,11,10,6,89.73725320314023,120.35119424238174,95.0,0.9421978584934448,58.806399138043545,87.7267580288511,100.60461708416919,HIGH_PRODUCTION,0,0,1.1394163964798518
2024-03-10 12:00:00,RIG_DEGRADATION,12,10,6,90.8781044783832,106.7900366323474,95.0,0.8748778425701447,57.08556730764714,80.73022202636412,104.68345475670509,HIGH_PRODUCTION,0,0,1.1371005094951365
2024-03-10 13:00:00,RIG_DEGRADATION,13,10,6,89.73725320314023,101.76628173094348,95.0,0.9196386803378083,55.94479578190799,84.36660579118445,102.90275898715875,HIGH_PRODUCTION,0,0,1.1347846225104217
2024-03-10 14:00:00,RIG_DEGRADATION,14,10,6,86.39244650647325,111.10209572991516,95.0,0.96856145014805,58.980375138207094,83.7687161275984,95.4362589003108,HIGH_PRODUCTION,0,0,1.1324687355257064
2024-03-10 15:00:00,RIG_DEGRADATION,15,10,6,81.0716274372057,104.7786953815176,95.0,0.9899913299517051,56.4504498998679,81.53687538905281,96.26220852508018,HIGH_PRODUCTION,0,0,1.130152848540991
2024-03-10 16:00:00,RIG_DEGRADATION,16,10,6,74.13740102183893,95.1731740227473,88.50696059347065,0.8906622482412432,51.8172737101597,85.33465191643066,91.66787652573547,HIGH_PRODUCTION,0,0,1.1278369615562762
2024-03-10 17:00:00,RIG_DEGRADATION,17,10,6,66.06232333122917,84.18662887176566,83.52313583363853,0.9235766900969785,50.37144300132626,76.15948459775264,91.56391700246307,HIGH_PRODUCTION,0,0,1.125521074571561
2024-03-10 18:00:00,RIG_DEGRADATION,18,10,6,57.39669756529465,73.29054313225512,73.89471205081816,0.7591037429291769,51.137136000032406,74.07123895911623,79.91691056615294,HIGH_PRODUCTION,0,0,1.1232051875868456
2024-03-10 19:00:00,RIG_DEGRADATION,19,10,6,48.73107179936013,82.12642487249687,78.77622128055353,0.8286337903729937,48.777622947535015,74.2717628466217,86.79190184170426,HIGH_PRODUCTION,0,0,1.1208893006021308
2024-03-10 20:00:00,RIG_DEGRADATION,20,10,6,40.65599410875039,62.22133753089622,59.56824462902049,0.8176287389124449,46.401795830072736,68.12761282347248,62.275483680222,HIGH_PRODUCTION,0,0,1.1185734136174155
2024-03-10 21:00:00,RIG_DEGRADATION,21,10,6,38.26446504352977,54.99354900591734,56.95681726318785,0.7460587732304336,42.65669179055075,61.793730192049075,60.28350790296826,HIGH_PRODUCTION,0,0,1.1162575266327002
2024-03-10 22:00:00,RIG_DEGRADATION,22,10,6,38.26446504352977,53.59076610453266,58.803296412839366,0.7984576837491209,42.96591964323128,69.38559306359635,58.96964983688169,STANDBY,0,0,1.1139416396479853
2024-03-10 23:00:00,RIG_DEGRADATION,23,10,6,38.26446504352977,56.173190082590644,50.28040123671907,0.7304405558858267,39.625508262411145,68.71529171969154,56.39313152704666,STANDBY,0,0,1.11162575266327
2024-03-11 00:00:00,RIG_DEGRADATION,0,11,0,40.0,57.85108026412292,55.87776606314005,0.7649055963515583,42.144330755267134,66.98623039573516,64.87005830030327,STANDBY,0,0,1.1093098656785552
2024-03-11 01:00:00,RIG_DEGRADATION,1,11,0,40.0,68.03816750319811,61.787139705746874,0.8197775772974402,45.87351489664968,71.8528095995149,66.49702787225785,STANDBY,0,0,1.1069939786938399
2024-03-11 02:00:00,RIG_DEGRADATION,2,11,0,40.0,62.84949120286067,60.986961254182965,0.8487691894445564,48.836863780508544,70.74454755450303,63.92699537619685,STANDBY,0,0,1.1046780917091246
2024-03-11 03:00:00,RIG_DEGRADATION,3,11,0,40.0,62.80334206452293,60.92770356257289,0.831685224821271,44.37615910334159,64.86613862095571,69.33343374109683,STANDBY,0,0,1.1023622047244097
2024-03-11 04:00:00,RIG_DEGRADATION,4,11,0,42.5,68.89997810578593,67.79422151289765,0.8288453180206617,41.73065317475293,70.34669086933418,76.06643205333256,STANDBY,0,0,1.1000463177396944
2024-03-11 05:00:00,RIG_DEGRADATION,5,11,0,50.94133342141177,69.77849214714564,72.28285358550056,0.7923700245133473,50.28559978334622,66.54783694980759,79.43059310175356,STANDBY,0,0,1.0977304307549791
2024-03-11 06:00:00,RIG_DEGRADATION,6,11,0,60.0,77.37853347136596,78.0671803648407,0.8417438507785366,50.89881643681808,76.5247763297126,78.88148125316773,HIGH_PRODUCTION,0,0,1.0954145437702643
2024-03-11 07:00:00,RIG_DEGRADATION,7,11,0,69.05866657858823,90.23178551396683,85.73466739248786,0.8732473262220407,51.708893573904945,77.61485670081984,91.33985923569018,HIGH_PRODUCTION,0,0,1.093098656785549
2024-03-11 08:00:00,RIG_DEGRADATION,8,11,0,77.5,90.97508331618936,94.10681124551003,0.8185933147008682,53.33473349780664,77.00430206026611,100.63806487919703,HIGH_PRODUCTION,0,0,1.0907827698008337
2024-03-11 09:00:00,RIG_DEGRADATION,9,11,0,84.74873734152916,127.3732896219082,95.0,1.0956013247574679,60.016851970021136,94.14827220270377,96.56851908902782,HIGH_PRODUCTION,0,0,1.0884668828161188
2024-03-11 10:00:00,RIG_DEGRADATION,10,11,0,90.31088913245534,116.05146021875031,95.0,1.0328498237448895,57.73999600130677,87.91764420996228,98.43146928064375,HIGH_PRODUCTION,0,0,1.0861509958314035
2024-03-11 11:00:00,RIG_DEGRADATION,11,11,0,93.8074039201174,127.96385963095084,95.0,0.9450184819561858,62.50489595923493,91.47771387669934,101.94429428422083,HIGH_PRODUCTION,0,0,1.0838351088466882
2024-03-11 12:00:00,RIG_DEGRADATION,12,11,0,95.0,119.11606389843348,95.0,0.9786939285447072,60.95027549992352,88.13538099289443,101.65868102898786,HIGH_PRODUCTION,0,0,1.0815192218619734
2024-03-11 13:00:00,RIG_DEGRADATION,13,11,0,93.8074039201174,113.88082824109033,95.0,0.939893744680151,57.92059296041409,85.07334373479956,99.0149193879731,HIGH_PRODUCTION,0,0,1.079203334877258
2024-03-11 14:00:00,RIG_DEGRADATION,14,11,0,90.31088913245536,108.16758355975603,95.0,0.9433714136699816,59.905119532632845,80.99670163994614,95.35284751451655,HIGH_PRODUCTION,0,0,1.0768874478925428
2024-03-11 15:00:00,RIG_DEGRADATION,15,11,0,84.74873734152916,98.50372013580578,92.78098629021876,0.9360796870416555,52.6583054615082,76.93908570261507,95.58567027446294,HIGH_PRODUCTION,0,0,1.074571560907828
2024-03-11 16:00:00,RIG_DEGRADATION,16,11,0,77.5,91.84634887083426,91.54716499538887,0.8832900563779802,54.61711876361213,74.84812307004124,91.49392013652422,HIGH_PRODUCTION,0,0,1.0722556739231126
2024-03-11 17:00:00,RIG_DEGRADATION,17,11,0,69.05866657858823,91.67629727526766,86.55852303229229,0.9855171997345447,50.999123179828366,75.90842322615958,92.2921049724312,HIGH_PRODUCTION,0,0,1.0699397869383973
2024-03-11 18:00:00,RIG_DEGRADATION,18,11,0,60.00000000000001,86.8879369398916,79.50976369839609,0.903556431324883,51.44187009276933,74.3394836752319,86.67050992481474,HIGH_PRODUCTION,0,0,1.0676238999536825
2024-03-11 19:00:00,RIG_DEGRADATION,19,11,0,50.94133342141177,63.280789573948454,63.61655974192198,0.8112129841966047,47.91477449116096,61.38606965761764,68.81451845051748,HIGH_PRODUCTION,0,0,1.0653080129689672
2024-03-11 20:00:00,RIG_DEGRADATION,20,11,0,42.500000000000014,62.352616373831815,60.96937199787196,0.7746042162035381,44.43164879669151,69.66300189426092,66.25811860833412,HIGH_PRODUCTION,0,0,1.0629921259842519
2024-03-11 21:00:00,RIG_DEGRADATION,21,11,0,40.0,63.49282304273663,62.176515245829684,0.8000976328931932,44.494115690882936,70.65907881069361,64.73131675234283,HIGH_PRODUCTION,0,0,1.060676238999537
2024-03-11 22:00:00,RIG_DEGRADATION,22,11,0,40.0,53.81881223301132,55.014877299545375,0.8840831118704953,42.83462046220235,67.1993584664847,57.17969421511943,STANDBY,0,0,1.0583603520148217
2024-03-11 23:00:00,RIG_DEGRADATION,23,11,0,40.0,60.33416829026398,57.023921606464306,0.816558392138212,43.98210222367931,77.24536000479905,62.865080188335035,STANDBY,0,0,1.0560444650301064
2024-03-12 00:00:00,RIG_DEGRADATION,0,12,1,38.26446504352977,47.93176654828451,48.83544254983947,0.7754346723635382,39.5196144470822,64.45073326744891,57.21864673557073,STANDBY,0,0,1.0537285780453916
2024-03-12 01:00:00,RIG_DEGRADATION,1,12,1,38.26446504352977,58.86199409794725,62.088130633832925,0.779512437531451,44.49331463796591,70.56339308472288,69.42724748553279,STANDBY,0,0,1.0514126910606763
2024-03-12 02:00:00,RIG_DEGRADATION,2,12,1,38.26446504352977,60.4020622709529,56.179522509620966,0.8121534948963127,45.92679334579038,70.55120937030236,59.07909063438325,STANDBY,0,0,1.049096804075961
2024-03-12 03:00:00,RIG_DEGRADATION,3,12,1,38.26446504352977,62.99587473152366,61.764580628966186,0.8428826951417211,44.02876915591015,65.41124455562789,68.35970717879982,STANDBY,0,0,1.046780917091246
2024-03-12 04:00:00,RIG_DEGRADATION,4,12,1,40.65599410875038,48.25755296031067,56.52106560960036,0.7854476256963544,42.53101869026487,65.17982732738302,64.84714942123524,STANDBY,0,0,1.0444650301065308
2024-03-12 05:00:00,RIG_DEGRADATION,5,12,1,48.73107179936014,75.1107861425013,73.72456355377832,0.7848729273810351,49.12068195829824,71.83950022129773,84.18053261406625,STANDBY,0,0,1.0421491431218155
2024-03-12 06:00:00,RIG_DEGRADATION,6,12,1,57.39669756529465,78.91881268653057,79.74227804611765,0.9097605408556837,51.08752662109974,76.72424068138986,81.63911951099583,HIGH_PRODUCTION,0,0,1.0398332561371006
2024-03-12 07:00:00,RIG_DEGRADATION,7,12,1,66.06232333122918,83.2877050665937,83.22177516939172,0.8406058056626703,51.2735392586675,74.41984387598336,91.7636943985419,HIGH_PRODUCTION,0,0,1.0375173691523853
2024-03-12 08:00:00,RIG_DEGRADATION,8,12,1,74.13740102183893,92.71795146687384,92.9952402039538,0.8990943169528294,55.34840774870494,73.04277619644213,105.26001388007938,HIGH_PRODUCTION,0,0,1.03520148216767
2024-03-12 09:00:00,RIG_DEGRADATION,9,12,1,81.07162743720572,97.4056446851487,92.02534583983199,0.9315469719088421,53.79459828449735,79.63287721166121,94.71426366362545,HIGH_PRODUCTION,0,0,1.0328855951829552
2024-03-12 10:00:00,RIG_DEGRADATION,10,12,1,86.39244650647325,110.11252689115597,95.0,0.96606847929198,56.472099587652245,85.19705542544946,100.09512152202917,HIGH_PRODUCTION,0,0,1.03056970819824
2024-03-12 11:00:00,RIG_DEGRADATION,11,12,1,89.73725320314024,110.54202140701005,95.0,0.8568614682708491,55.560188028626214,80.6047721850968,98.11575711559829,HIGH_PRODUCTION,0,0,1.028253821213525
2024-03-12 12:00:00,RIG_DEGRADATION,12,12,1,90.87810447838321,116.22708040499202,95.0,1.0266804236568439,61.52522060900638,83.45589190914534,94.05377792030743,HIGH_PRODUCTION,0,0,1.0259379342288097
2024-03-12 13:00:00,RIG_DEGRADATION,13,12,1,89.73725320314024,107.4099390076085,95.0,0.9300823818568478,58.626609549859744,79.75600251726867,96.84518921194638,HIGH_PRODUCTION,0,0,1.0236220472440944
2024-03-12 14:00:00,RIG_DEGRADATION,14,12,1,86.39244650647326,107.35403510425499,95.0,0.9536196237150087,57.89825619671011,79.28042858488722,95.03355834274265,HIGH_PRODUCTION,0,0,1.0213061602593796
2024-03-12 15:00:00,RIG_DEGRADATION,15,12,1,81.07162743720572,105.69276268455573,95.0,0.8872630434472932,54.21798095588463,82.20649784455364,101.75137272969756,HIGH_PRODUCTION,0,0,1.0189902732746643
2024-03-12 16:00:00,RIG_DEGRADATION,16,12,1,74.13740102183893,97.24676245220098,90.5823089224638,0.9095983765695469,53.37734932169383,82.8004448181178,97.38654412188657,HIGH_PRODUCTION,0,0,1.016674386289949
2024-03-12 17:00:00,RIG_DEGRADATION,17,12,1,66.06232333122918,75.20528187911219,76.7005154125053,0.8164832715420446,50.6255070298,71.2386730037177,80.00439912092631,HIGH_PRODUCTION,0,0,1.0143584993052341
2024-03-12 18:00:00,RIG_DEGRADATION,18,12,1,57.39669756529466,82.45546973756083,76.08387882678943,0.8647846301050759,49.8271486543414,74.45423780623823,79.0646851557608,HIGH_PRODUCTION,0,0,1.0120426123205188
2024-03-12 19:00:00,RIG_DEGRADATION,19,12,1,48.73107179936014,66.32508829572325,67.13405987377335,0.7471936441327218,47.57258744675977,69.06298896805585,70.27503481516511,HIGH_PRODUCTION,0,0,1.0097267253358035
2024-03-12 20:00:00,RIG_DEGRADATION,20,12,1,40.65599410875039,65.48609089475148,65.41489440285733,0.874971106221852,48.54784100789174,70.27623354159928,71.63407218897129,HIGH_PRODUCTION,0,0,1.0074108383510887
2024-03-12 21:00:00,RIG_DEGRADATION,21,12,1,38.26446504352977,57.99825182214625,59.57173834078947,0.8932038896064163,44.69313970253248,66.16896267288769,60.90231094704077,HIGH_PRODUCTION,0,0,1.0050949513663734
2024-03-12 22:00:00,RIG_DEGRADATION,22,12,1,38.26446504352977,68.80822111214067,63.01717521059033,0.8802221472216609,48.76471949931033,67.00133026292812,77.06312488557339,STANDBY,0,0,1.002779064381658
2024-03-12 23:00:00,RIG_DEGRADATION,23,12,1,38.26446504352977,63.46172715673851,60.482165021658254,0.8303728926406854,46.20691541977235,69.62470901203051,62.41660189754703,STANDBY,0,0,1.0004631773969432
2024-03-13 00:00:00,RIG_DEGRADATION,0,13,2,36.872674070127886,50.92415735725416,52.8535764820076,0.7490264035273282,48.02353133183254,69.59348444396352,54.84938369380781,STANDBY,0,0,0.9981472904122279
2024-03-13 01:00:00,RIG_DEGRADATION,1,13,2,36.872674070127886,59.249684893347656,62.290993178661175,0.7110011452614715,44.54587315823647,65.40016110927473,67.85965248411355,STANDBY,0,0,0.9958314034275126
2024-03-13 02:00:00,RIG_DEGRADATION,2,13,2,36.872674070127886,67.78065882643358,62.934012022565405,0.903820972324354,47.635426693147856,68.0649756467466,73.94576818197447,STANDBY,0,0,0.9935155164427973
2024-03-13 03:00:00,RIG_DEGRADATION,3,13,2,36.872674070127886,54.0868377947701,58.67329695260344,0.8016951740416487,44.648727698664494,71.92645402361968,61.88789453042204,STANDBY,0,0,0.9911996294580829
2024-03-13 04:00:00,RIG_DEGRADATION,4,13,2,39.17721619951087,62.77647275643713,60.13271022936567,0.77074900639501,42.240820144913215,65.2886098357852,63.53636409660464,STANDBY,0,0,0.9888837424733676
2024-03-13 05:00:00,RIG_DEGRADATION,5,13,2,46.958579598635716,67.33116536420079,69.63512375444435,0.8207426901507247,48.51357224074841,70.34852253010386,72.12931649117466,STANDBY,0,0,0.9865678554886523
2024-03-13 06:00:00,RIG_DEGRADATION,6,13,2,55.30901110519182,73.6451005822305,74.06318476893773,0.7925685494857717,48.7324192379552,73.43851046141347,82.35457029859677,HIGH_PRODUCTION,0,0,0.984251968503937
2024-03-13 07:00:00,RIG_DEGRADATION,7,13,2,63.65944261174793,79.49335502246778,79.27560643060937,0.8071803575984837,49.409903798807825,72.21595241089686,81.20908702318782,HIGH_PRODUCTION,0,0,0.9819360815192217
2024-03-13 08:00:00,RIG_DEGRADATION,8,13,2,71.44080601087278,88.41516154814167,88.67761272116925,0.8953465848430422,50.50357831024613,70.02070964668388,90.12345839826152,HIGH_PRODUCTION,0,0,0.9796201945345064
2024-03-13 09:00:00,RIG_DEGRADATION,9,13,2,78.12281424622702,107.55582214298796,95.0,0.906598744001169,56.20999759537155,78.75370382670643,102.66964178363227,HIGH_PRODUCTION,0,0,0.977304307549792
2024-03-13 10:00:00,RIG_DEGRADATION,10,13,2,83.250099499112,101.12427984041679,95.0,0.9220603162263441,56.64105424129248,81.27863005450257,103.57311463726592,HIGH_PRODUCTION,0,0,0.9749884205650767
2024-03-13 11:00:00,RIG_DEGRADATION,11,13,2,86.47324575278313,107.04270621625606,95.0,0.9148281033132125,53.171661484680016,80.66619522233289,102.93441584859505,HIGH_PRODUCTION,0,0,0.9726725335803614
2024-03-13 12:00:00,RIG_DEGRADATION,12,13,2,87.57260091655372,113.581805405162,95.0,0.9288036058260553,55.856060731074855,90.93898087814704,96.1098592324463,HIGH_PRODUCTION,0,0,0.9703566465956461
2024-03-13 13:00:00,RIG_DEGRADATION,13,13,2,86.47324575278313,104.99848952359449,95.0,0.8932428376602348,58.5472598927731,83.01055886796236,98.65008537303115,HIGH_PRODUCTION,0,0,0.9680407596109308
2024-03-13 14:00:00,RIG_DEGRADATION,14,13,2,83.25009949911201,102.81561114912131,95.0,0.9743376716325112,56.80714982735448,78.0808359401411,97.39009332620842,HIGH_PRODUCTION,0,0,0.9657248726262155
2024-03-13 15:00:00,RIG_DEGRADATION,15,13,2,78.12281424622702,97.38120611708713,92.12008384473015,0.913243692591616,56.080332136542616,77.50123700745866,97.44512778141382,HIGH_PRODUCTION,0,0,0.9634089856415011
2024-03-13 16:00:00,RIG_DEGRADATION,16,13,2,71.44080601087278,93.45946363868336,90.36194396930838,0.854795332224697,54.75733298380774,79.81602620173179,96.03613563166283,HIGH_PRODUCTION,0,0,0.9610930986567858
2024-03-13 17:00:00,RIG_DEGRADATION,17,13,2,63.65944261174793,83.96302121774929,79.14819319665888,0.8611314813711912,50.47954356967969,81.46820980118032,78.99145830718939,HIGH_PRODUCTION,0,0,0.9587772116720705
2024-03-13 18:00:00,RIG_DEGRADATION,18,13,2,55.30901110519183,74.8118968698143,73.62500165818734,0.8795281819181824,51.196086210875634,72.7540497981312,84.17724028662249,HIGH_PRODUCTION,0,0,0.9564613246873552
2024-03-13 19:00:00,RIG_DEGRADATION,19,13,2,46.958579598635716,64.02507590683273,68.24086745097591,0.7994188989211314,48.43251982332094,71.14086301367377,71.59645285333691,HIGH_PRODUCTION,0,0,0.9541454377026399
2024-03-13 20:00:00,RIG_DEGRADATION,20,13,2,39.17721619951089,50.902750271702544,57.44678094810078,0.8230347907875172,40.98723023003606,64.47544628460884,62.76028067881964,HIGH_PRODUCTION,0,0,0.9518295507179246
2024-03-13 21:00:00,RIG_DEGRADATION,21,13,2,36.872674070127886,59.98000037897541,61.63252528791762,0.802603241668358,46.75642207516599,64.08815630219965,68.23728706980427,HIGH_PRODUCTION,0,0,0.9495136637332102
2024-03-13 22:00:00,RIG_DEGRADATION,22,13,2,36.872674070127886,67.15751257953178,63.454215528608195,0.8431428141669628,44.60820198929898,71.41940591325456,65.63886378762302,STANDBY,0,0,0.9471977767484949
2024-03-13 23:00:00,RIG_DEGRADATION,23,13,2,36.872674070127886,54.846280048739196,51.870756099047824,0.7706579451999384,45.883595327951696,62.58542995294131,54.08066923482131,STANDBY,0,0,0.9448818897637796
2024-03-14 00:00:00,RIG_DEGRADATION,0,14,3,36.10028835127271,58.89941302648429,59.6373257844358,0.8679468622933338,43.028704149348265,68.41802537824557,64.31032949371156,STANDBY,0,0,0.9425660027790643
2024-03-14 01:00:00,RIG_DEGRADATION,1,14,3,36.10028835127271,51.858952722305936,55.516095874876996,0.8536819581619314,40.9318369832477,63.88680798487185,62.491359070728,STANDBY,0,0,0.940250115794349
2024-03-14 02:00:00,RIG_DEGRADATION,2,14,3,36.10028835127271,55.07016605273815,58.00937560449072,0.7911211343212168,45.02411281151019,61.52448667927821,59.33914935198841,STANDBY,0,0,0.9379342288096337
2024-03-14 03:00:00,RIG_DEGRADATION,3,14,3,36.10028835127271,57.409408827643006,57.37307278426464,0.7831863158261454,43.01321874620846,69.52592218606956,62.26285511327356,STANDBY,0,0,0.9356183418249193
2024-03-14 04:00:00,RIG_DEGRADATION,4,14,3,38.35655637322725,53.70579895741891,61.92404616169958,0.7882013134544137,47.12163784460828,71.22323180596926,62.62741936835165,STANDBY,0,0,0.933302454840204
2024-03-14 05:00:00,RIG_DEGRADATION,5,14,3,45.97492063778226,66.19488760925492,68.20829434695665,0.8163699193940945,47.187931818206685,66.19379407093915,68.31198812574793,STANDBY,0,0,0.9309865678554887
2024-03-14 06:00:00,RIG_DEGRADATION,6,14,3,54.15043252690906,78.80645161171824,78.23605360443548,0.8735848128525774,47.78255411488511,74.75841518746157,85.86720145859596,HIGH_PRODUCTION,0,0,0.9286706808707734
2024-03-14 07:00:00,RIG_DEGRADATION,7,14,3,62.32594441603586,84.2827547429981,85.79854182801984,0.8071917689366994,48.69481980262949,75.91271320584559,87.63312806395882,HIGH_PRODUCTION,0,0,0.9263547938860581
2024-03-14 08:00:00,RIG_DEGRADATION,8,14,3,69.94430868059086,88.65481966549079,88.05204107246887,0.9234703636217046,51.06290941438746,78.47365485400559,91.37654294710072,HIGH_PRODUCTION,0,0,0.9240389069013428
2024-03-14 09:00:00,RIG_DEGRADATION,9,14,3,76.48634638588689,88.83642159869744,89.30480328808078,0.8713387120624333,50.0703467831237,77.69333253574905,93.40215231290809,HIGH_PRODUCTION,0,0,0.9217230199166284
2024-03-14 10:00:00,RIG_DEGRADATION,10,14,3,81.50622847353647,110.49273594530545,95.0,0.9775175128495466,55.61504813154777,81.74160808746068,98.99571854844807,HIGH_PRODUCTION,0,0,0.9194071329319131
2024-03-14 11:00:00,RIG_DEGRADATION,11,14,3,84.66185827501369,114.15682240733585,95.0,0.9413694573757372,58.43406723770423,83.64149940077932,103.66473761400812,HIGH_PRODUCTION,0,0,0.9170912459471978
2024-03-14 12:00:00,RIG_DEGRADATION,12,14,3,85.73818483427267,100.40602069315472,95.0,0.8972578935448371,54.20800776796728,84.07732194341597,98.23790113728063,HIGH_PRODUCTION,0,0,0.9147753589624825
2024-03-14 13:00:00,RIG_DEGRADATION,13,14,3,84.66185827501369,106.14258951019944,95.0,0.9714002232327723,55.15206753031573,81.2718195077993,101.60873082964812,HIGH_PRODUCTION,0,0,0.9124594719777672
2024-03-14 14:00:00,RIG_DEGRADATION,14,14,3,81.50622847353648,107.46287575854257,95.0,0.9045815696622337,59.40115761809661,88.73567166572896,105.58521872017498,HIGH_PRODUCTION,0,0,0.9101435849930528
2024-03-14 15:00:00,RIG_DEGRADATION,15,14,3,76.48634638588689,111.75237450384466,95.0,0.9318807778835325,56.47018728445839,86.43110511090401,102.24917474028446,HIGH_PRODUCTION,0,0,0.9078276980083375
2024-03-14 16:00:00,RIG_DEGRADATION,16,14,3,69.94430868059086,86.27442114257909,83.06321258593805,0.8725867800440287,52.25595197845162,74.46449141226167,81.67717875757393,HIGH_PRODUCTION,0,0,0.9055118110236222
2024-03-14 17:00:00,RIG_DEGRADATION,17,14,3,62.32594441603586,81.74042561395521,79.41590436385397,0.9176632648859949,46.05916016358282,74.59264157141718,83.45360082685397,HIGH_PRODUCTION,0,0,0.9031959240389069
2024-03-14 18:00:00,RIG_DEGRADATION,18,14,3,54.150432526909064,72.82128923871042,74.45976401809483,0.808852413770133,47.962781840748995,75.62305164354342,75.74776821474539,HIGH_PRODUCTION,0,0,0.9008800370541916
2024-03-14 19:00:00,RIG_DEGRADATION,19,14,3,45.97492063778226,65.31520611416673,60.33776366653771,0.84020133700724,45.703074062882294,65.40435718277904,66.01341729808564,HIGH_PRODUCTION,0,0,0.8985641500694763
2024-03-14 20:00:00,RIG_DEGRADATION,20,14,3,38.356556373227264,62.99020144751585,62.80060897901083,0.7224126361702581,47.278597199712344,70.0903924159969,68.93299637389762,HIGH_PRODUCTION,0,0,0.8962482630847619
2024-03-14 21:00:00,RIG_DEGRADATION,21,14,3,36.10028835127271,59.588057658014165,58.52700616413846,0.77804513416696,46.522666536693905,65.97999945487953,62.10393657626186,HIGH_PRODUCTION,0,0,0.8939323761000466
2024-03-14 22:00:00,RIG_DEGRADATION,22,14,3,36.10028835127271,64.76477829273709,62.36128446799308,0.8103837817124826,49.067288055256206,70.41416803014263,66.06433423530544,STANDBY,0,0,0.8916164891153313
2024-03-14 23:00:00,RIG_DEGRADATION,23,14,3,36.10028835127271,58.26087445927237,58.52609869630805,0.9106558442051973,43.61599316460694,69.95388581880619,63.12275701723058,STANDBY,0,0,0.889300602130616
2024-03-15 00:00:00,RIG_DEGRADATION,0,15,4,36.10028835127271,48.1161094520087,52.38852355728706,0.7196113326199571,38.379340715255,63.647238214063826,57.8637304373934,STANDBY,0,0,0.8869847151459007
2024-03-15 01:00:00,RIG_DEGRADATION,1,15,4,36.10028835127271,61.387963854594275,58.591549285519044,0.8554904881142527,43.29372438597323,68.02559937581758,64.65420118202785,STANDBY,0,0,0.8846688281611854
2024-03-15 02:00:00,RIG_DEGRADATION,2,15,4,36.10028835127271,61.66557021027357,60.775388211609545,0.7399806746391843,44.34440384418256,66.94860153787617,68.49784555948875,STANDBY,0,0,0.882352941176471
2024-03-15 03:00:00,RIG_DEGRADATION,3,15,4,36.10028835127271,60.9210067110356,58.08763693463664,0.832479545004477,43.68518872004125,69.5619782931196,54.317987152970005,STANDBY,0,0,0.8800370541917557
2024-03-15 04:00:00,RIG_DEGRADATION,4,15,4,38.35655637322725,62.56630087432677,63.21612385243485,0.7995213169279326,49.391740312538225,68.52257259639684,63.298194899214046,STANDBY,0,0,0.8777211672070404
2024-03-15 05:00:00,RIG_DEGRADATION,5,15,4,45.97492063778226,73.13488637041101,70.18369720567935,0.7741225609957381,48.38959389544221,78.03315132033778,72.95192427849064,STANDBY,0,0,0.8754052802223251
2024-03-15 06:00:00,RIG_DEGRADATION,6,15,4,54.15043252690906,69.87037970098872,71.26650433762265,0.9021070552237351,47.403304634949336,70.51371617817773,73.83295527105518,HIGH_PRODUCTION,0,0,0.8730893932376098
2024-03-15 07:00:00,RIG_DEGRADATION,7,15,4,62.32594441603586,89.17240993153948,85.96072961107046,0.9245408762991755,52.24857945622906,79.96394116442627,91.64170081673234,HIGH_PRODUCTION,0,0,0.8707735062528945
2024-03-15 08:00:00,RIG_DEGRADATION,8,15,4,69.94430868059086,89.11035381204688,86.47946933150808,0.8756988978712886,51.69827721169642,73.66929299415197,90.02582375548438,HIGH_PRODUCTION,0,0,0.8684576192681801
2024-03-15 09:00:00,RIG_DEGRADATION,9,15,4,76.48634638588689,105.70634669828206,95.0,1.0080257518619282,53.349955661137635,75.86328256260647,98.98260594419497,HIGH_PRODUCTION,0,0,0.8661417322834648
2024-03-15 10:00:00,RIG_DEGRADATION,10,15,4,81.50622847353647,105.70409777681282,95.0,0.930510244425959,59.10076063993101,80.76990138028742,103.50218288264314,HIGH_PRODUCTION,0,0,0.8638258452987495
2024-03-15 11:00:00,RIG_DEGRADATION,11,15,4,84.66185827501369,113.93088664502011,95.0,0.9425127946847911,62.445346579837945,84.48628985659586,101.66262277137872,HIGH_PRODUCTION,0,0,0.8615099583140342
2024-03-15 12:00:00,RIG_DEGRADATION,12,15,4,85.73818483427267,121.33402352963665,95.0,1.0439016113629478,58.31107294112549,82.69861325653063,104.3614737106706,HIGH_PRODUCTION,0,0,0.8591940713293189
2024-03-15 13:00:00,RIG_DEGRADATION,13,15,4,84.66185827501369,108.97464875700787,95.0,0.9853125451376918,57.884409471590786,78.90333553667082,97.83557953108195,HIGH_PRODUCTION,0,0,0.8568781843446036
2024-03-15 14:00:00,RIG_DEGRADATION,14,15,4,81.50622847353648,104.01190507233923,95.0,0.8825550359974308,55.36055673646697,82.70144314861162,100.58378210343668,HIGH_PRODUCTION,0,0,0.8545622973598892
2024-03-15 15:00:00,RIG_DEGRADATION,15,15,4,76.48634638588689,103.40721546113114,95.0,0.9492470424082037,59.08252094979808,75.65584831730828,94.17855356982906,HIGH_PRODUCTION,0,0,0.8522464103751739
2024-03-15 16:00:00,RIG_DEGRADATION,16,15,4,69.94430868059086,80.86637764147926,81.41541820210993,0.8687985151557419,52.46390640344508,76.55833232603008,93.15512507672075,HIGH_PRODUCTION,0,0,0.8499305233904586
2024-03-15 17:00:00,RIG_DEGRADATION,17,15,4,62.32594441603586,79.70217520204889,80.68102530724238,0.9402873746532824,48.99880636426886,73.35469443583358,85.97527209020049,HIGH_PRODUCTION,0,0,0.8476146364057433
2024-03-15 18:00:00,RIG_DEGRADATION,18,15,4,54.150432526909064,78.45739757145766,76.654505217554,0.8531982436302903,52.02157041804983,76.12734311842328,81.03342671750677,HIGH_PRODUCTION,0,0,0.845298749421028
2024-03-15 19:00:00,RIG_DEGRADATION,19,15,4,45.97492063778226,68.86143142193326,69.00578193286236,0.8011130320901587,48.4523260849523,68.81800374626027,76.29796120423961,HIGH_PRODUCTION,0,0,0.8429828624363136
2024-03-15 20:00:00,RIG_DEGRADATION,20,15,4,38.356556373227264,52.1047461683701,59.508891887527525,0.819194500633357,41.845202417187664,66.935867358612,63.284803247606625,HIGH_PRODUCTION,0,0,0.8406669754515983
2024-03-15 21:00:00,RIG_DEGRADATION,21,15,4,36.10028835127271,64.43929702942094,66.31957063279181,0.8805722619467373,44.11277977917328,70.2012450913341,72.18202797699675,HIGH_PRODUCTION,0,0,0.838351088466883
2024-03-15 22:00:00,RIG_DEGRADATION,22,15,4,36.10028835127271,60.95483122955818,63.79448459982773,0.7931804149496997,47.71376914581898,65.38118067995981,66.56628399754848,STANDBY,0,0,0.8360352014821677
2024-03-15 23:00:00,RIG_DEGRADATION,23,15,4,36.10028835127271,61.94851258226784,57.84799503784975,0.8493555104539476,44.37396508160521,67.75607102261841,68.72541435496419,STANDBY,0,0,0.8337193144974524
2024-03-16 00:00:00,RIG_DEGRADATION,0,16,5,36.872674070127886,55.54086367030378,53.401215164895795,0.8014979291285315,44.358192392797925,65.70619858487836,62.986497022382,STANDBY,0,0,0.8314034275127371
2024-03-16 01:00:00,RIG_DEGRADATION,1,16,5,36.872674070127886,60.405115459365845,60.44329301977191,0.744068553030796,47.39765604824006,71.12068007217533,68.21043146028951,STANDBY,0,0,0.8290875405280227
2024-03-16 02:00:00,RIG_DEGRADATION,2,16,5,36.872674070127886,62.61826535900616,60.15335419862878,0.8732086891599204,46.00237267091823,66.49117720192999,64.34245414521175,STANDBY,0,0,0.8267716535433074
2024-03-16 03:00:00,RIG_DEGRADATION,3,16,5,36.872674070127886,52.47020193461631,59.299126616016665,0.7655675395745446,41.94071533362312,64.9560216159697,65.86706838930003,STANDBY,0,0,0.8244557665585921
2024-03-16 04:00:00,RIG_DEGRADATION,4,16,5,39.17721619951087,59.33928061047546,60.51560351876989,0.7643605592151974,47.0603304734403,69.31583821172048,68.07369490660268,STANDBY,0,0,0.8221398795738768
2024-03-16 05:00:00,RIG_DEGRADATION,5,16,5,46.958579598635716,73.2141899218351,74.16342078731574,0.8499044863937253,50.04383491884674,73.70550142822643,77.22875788502729,STANDBY,0,0,0.8198239925891615
2024-03-16 06:00:00,RIG_DEGRADATION,6,16,5,55.30901110519182,77.30541259198121,78.70851321115133,0.8465142246529254,53.19601106331327,74.7350685953863,83.45245554977146,HIGH_PRODUCTION,0,0,0.8175081056044462
2024-03-16 07:00:00,RIG_DEGRADATION,7,16,5,63.65944261174793,85.60153691682432,83.9938238308228,0.8638224149426958,53.15951027986286,74.30276754451364,89.64926533626745,HIGH_PRODUCTION,0,0,0.8151922186197318
2024-03-16 08:00:00,RIG_DEGRADATION,8,16,5,71.44080601087278,92.39286429834397,89.2885118156514,0.8721882870500914,52.639470365743826,78.66578390204263,91.92785892723195,HIGH_PRODUCTION,0,0,0.8128763316350165
2024-03-16 09:00:00,RIG_DEGRADATION,9,16,5,78.12281424622702,94.81789404788906,92.0238777462129,0.89676936862799,54.72271626580449,76.37138951767086,94.29066466098594,HIGH_PRODUCTION,0,0,0.8105604446503012
2024-03-16 10:00:00,RIG_DEGRADATION,10,16,5,83.250099499112,104.80565548759306,95.0,1.0057657927032781,58.29715881368931,84.66752069285458,103.64078525392046,HIGH_PRODUCTION,0,0,0.8082445576655859
2024-03-16 11:00:00,RIG_DEGRADATION,11,16,5,86.47324575278313,107.14127215431012,95.0,0.8807506935370798,57.709744632573305,84.59605028069619,100.12191186055236,HIGH_PRODUCTION,0,0,0.8059286706808706
2024-03-16 12:00:00,RIG_DEGRADATION,12,16,5,87.57260091655372,116.57369403883384,95.0,0.911582602042224,58.10564972233252,80.7834164251884,100.693928744423,HIGH_PRODUCTION,0,0,0.8036127836961553
2024-03-16 13:00:00,RIG_DEGRADATION,13,16,5,86.47324575278313,101.89647117028524,95.0,0.9709317002016811,54.32090203341245,88.92978180361389,103.57244872466015,HIGH_PRODUCTION,0,0,0.8012968967114409
2024-03-16 14:00:00,RIG_DEGRADATION,14,16,5,83.25009949911201,112.49812136154806,95.0,0.9997987172382929,60.04787552395596,83.88079052457303,101.02598481542293,HIGH_PRODUCTION,0,0,0.7989810097267256
2024-03-16 15:00:00,RIG_DEGRADATION,15,16,5,78.12281424622702,106.2879161615148,95.0,0.9371850253958066,58.624729634733505,83.24388127265831,101.58330255789764,HIGH_PRODUCTION,0,0,0.7966651227420103
2024-03-16 16:00:00,RIG_DEGRADATION,16,16,5,71.44080601087278,103.55839125369536,94.73724633113555,0.9776902944708428,57.46559695068463,79.75810758457443,101.25137423221894,HIGH_PRODUCTION,0,0,0.794349235757295
2024-03-16 17:00:00,RIG_DEGRADATION,17,16,5,63.65944261174793,89.10518115112426,84.6818684426911,0.988314544418205,52.73538633707781,79.54276117221195,91.21438495890737,HIGH_PRODUCTION,0,0,0.7920333487725797
2024-03-16 18:00:00,RIG_DEGRADATION,18,16,5,55.30901110519183,73.17677234670658,74.89981368788654,0.9053213891859548,48.54339428862854,68.96650704780582,77.90599417468094,HIGH_PRODUCTION,0,0,0.7897174617878644
2024-03-16 19:00:00,RIG_DEGRADATION,19,16,5,46.958579598635716,73.83816156796922,72.18217021631526,0.849859128454342,47.6919078526532,72.54226973233533,78.82378567568873,HIGH_PRODUCTION,0,0,0.78740157480315
2024-03-16 20:00:00,RIG_DEGRADATION,20,16,5,39.17721619951089,60.05712345068971,63.84446975857064,0.7450180912140363,47.01109353387796,69.48042028925578,74.44944545540179,HIGH_PRODUCTION,0,0,0.7850856878184347
2024-03-16 21:00:00,RIG_DEGRADATION,21,16,5,36.872674070127886,58.64721242143954,59.901164652951415,0.8584980248609373,43.83360915035483,67.63344643297246,66.38411245191058,HIGH_PRODUCTION,0,0,0.7827698008337194
2024-03-16 22:00:00,RIG_DEGRADATION,22,16,5,36.872674070127886,57.71397887441109,56.68654640634747,0.8346552006958913,44.30304125514775,66.99395789988769,66.4768744710787,STANDBY,0,0,0.7804539138490041
2024-03-16 23:00:00,RIG_DEGRADATION,23,16,5,36.872674070127886,65.82571225930943,62.71835578783031,0.7694233607404344,45.81333832613188,72.96444389029068,70.31334567961038,STANDBY,0,0,0.7781380268642888
2024-03-17 00:00:00,RIG_DEGRADATION,0,17,6,38.26446504352977,59.995282929171154,58.07999841597292,0.9847866138951739,45.55540350561366,68.58058427754531,61.803947499347686,STANDBY,0,0,0.7758221398795744
2024-03-17 01:00:00,RIG_DEGRADATION,1,17,6,38.26446504352977,60.4111947442343,55.09953394822831,0.8732301845091542,44.22021084080878,66.48334818719196,60.19464122639373,STANDBY,0,0,0.7735062528948591
2024-03-17 02:00:00,RIG_DEGRADATION,2,17,6,38.26446504352977,58.537914188621436,52.93422554429156,0.7896803448706122,46.037296899403756,67.84868722495611,61.64852714933336,STANDBY,0,0,0.7711903659101438
2024-03-17 03:00:00,RIG_DEGRADATION,3,17,6,38.26446504352977,57.742672041448174,58.43540683809783,0.8286706181227286,47.17365851485753,71.81740429298907,66.87920328638552,STANDBY,0,0,0.7688744789254285
2024-03-17 04:00:00,RIG_DEGRADATION,4,17,6,40.65599410875038,55.33711716300092,58.629168989476014,0.8253437337450837,46.03735391662474,69.37834165685605,59.61812367580603,STANDBY,0,0,0.7665585919407132
2024-03-17 05:00:00,RIG_DEGRADATION,5,17,6,48.73107179936013,76.07813204997885,76.56304555186685,0.8682688795987993,48.263290124180834,69.5262025741297,80.33876315223213,STANDBY,0,0,0.7642427049559979
2024-03-17 06:00:00,RIG_DEGRADATION,6,17,6,57.396697565294645,86.85664742805199,80.80850346106583,0.8228941001517853,54.203520108910055,75.32040245370312,83.25077833447911,HIGH_PRODUCTION,0,0,0.7619268179712835
2024-03-17 07:00:00,RIG_DEGRADATION,7,17,6,66.06232333122917,88.84530246264819,82.54262998225977,0.8903838896415478,49.795415276748216,81.54636399184422,85.14368276816342,HIGH_PRODUCTION,0,0,0.7596109309865682
2024-03-17 08:00:00,RIG_DEGRADATION,8,17,6,74.13740102183893,106.37777106693352,95.0,0.9129858945988327,55.30048221877077,81.99984311047086,96.95757674195669,HIGH_PRODUCTION,0,0,0.7572950440018529
2024-03-17 09:00:00,RIG_DEGRADATION,9,17,6,81.0716274372057,99.99199480728379,95.0,0.921683343873513,56.38844371260857,83.73419116182176,101.16534177819933,HIGH_PRODUCTION,0,0,0.7549791570171376
2024-03-17 10:00:00,RIG_DEGRADATION,10,17,6,86.39244650647323,120.29041652851052,95.0,0.9046414182868043,59.28095167622367,88.25319761082181,98.75800140511168,HIGH_PRODUCTION,0,0,0.7526632700324223
2024-03-17 11:00:00,RIG_DEGRADATION,11,17,6,89.73725320314023,109.7357670765411,95.0,0.9957125269257584,56.28082777369569,79.95933280857341,99.2180196089168,HIGH_PRODUCTION,0,0,0.750347383047707
2024-03-17 12:00:00,RIG_DEGRADATION,12,17,6,90.8781044783832,113.84930386525863,95.0,1.0464933643076721,57.62416799174412,89.35492334451769,106.02922486835052,HIGH_PRODUCTION,0,0,0.7480314960629926
2024-03-17 13:00:00,RIG_DEGRADATION,13,17,6,89.73725320314023,111.22839742242965,95.0,0.9654719765090657,57.73669739782284,83.63149079041628,104.68609004508812,HIGH_PRODUCTION,0,0,0.7457156090782773
2024-03-17 14:00:00,RIG_DEGRADATION,14,17,6,86.39244650647325,108.13566328687972,95.0,1.0380522002675807,55.38922490420381,85.56456945105016,100.3113825623386,HIGH_PRODUCTION,0,0,0.743399722093562
2024-03-17 15:00:00,RIG_DEGRADATION,15,17,6,81.0716274372057,111.99554766365657,95.0,1.008070854581661,57.60176703207949,83.54812553137091,102.25923492521919,HIGH_PRODUCTION,0,0,0.7410838351088467
2024-03-17 16:00:00,RIG_DEGRADATION,16,17,6,74.13740102183893,94.03577578100777,91.88503006582292,0.9128300178511084,55.43799732923177,73.5803273412939,94.10417528711065,HIGH_PRODUCTION,0,0,0.7387679481241314
2024-03-17 17:00:00,RIG_DEGRADATION,17,17,6,66.06232333122917,86.91541873238876,83.4027319183294,0.8560210224078909,50.97885928649126,77.61000645101883,85.2477713171345,HIGH_PRODUCTION,0,0,0.7364520611394161
2024-03-17 18:00:00,RIG_DEGRADATION,18,17,6,57.39669756529465,87.46043070580674,84.18970450962952,0.822031272915188,55.721262575208456,73.22317818308944,85.4539191058467,HIGH_PRODUCTION,0,0,0.7341361741547017
2024-03-17 19:00:00,RIG_DEGRADATION,19,17,6,48.73107179936013,73.5253255654657,70.12812698076054,0.8433905915573953,46.56151830186099,65.52236912041494,77.2517091347793,HIGH_PRODUCTION,0,0,0.7318202871699864
2024-03-17 20:00:00,RIG_DEGRADATION,20,17,6,40.65599410875039,64.01726240424098,64.04849299866684,0.8871938581718456,44.046899173367905,72.19403119600767,66.0175320009204,HIGH_PRODUCTION,0,0,0.7295044001852711
2024-03-17 21:00:00,RIG_DEGRADATION,21,17,6,38.26446504352977,60.59407193738983,63.81209931902283,0.8980887742265805,45.415344701448994,68.28780614724282,66.05149638923768,HIGH_PRODUCTION,0,0,0.7271885132005558
2024-03-17 22:00:00,RIG_DEGRADATION,22,17,6,38.26446504352977,58.6287522728913,60.772611243400085,0.8089828467519631,45.04726702088367,64.13018720491048,68.40263675058674,STANDBY,0,0,0.7248726262158405
2024-03-17 23:00:00,RIG_DEGRADATION,23,17,6,38.26446504352977,56.927531915365904,55.738639406269485,0.7778838412943584,45.53232748906477,65.15767326523783,58.71916241695219,STANDBY,0,0,0.7225567392311252
2024-03-18 00:00:00,RIG_DEGRADATION,0,18,0,40.0,69.88988620607724,66.63381547831544,0.7784810821856669,42.69932466424945,69.79986727708764,72.1544202949881,STANDBY,0,0,0.7202408522464108
2024-03-18 01:00:00,RIG_DEGRADATION,1,18,0,40.0,56.58697839985108,57.25251169552393,0.8412564324612648,45.7976605877997,65.205904130738,64.02474917306299,STANDBY,0,0,0.7179249652616955
2024-03-18 02:00:00,RIG_DEGRADATION,2,18,0,40.0,62.7537814183251,57.394474741568054,0.8349965940921753,43.77568810810636,71.30975731439104,59.58980467137079,STANDBY,0,0,0.7156090782769802
2024-03-18 03:00:00,RIG_DEGRADATION,3,18,0,40.0,60.71648282733851,61.48728192873338,0.7942070690070417,43.657705574755084,69.27001770927002,67.98987828452424,STANDBY,0,0,0.7132931912922649
2024-03-18 04:00:00,RIG_DEGRADATION,4,18,0,42.5,71.61161694608738,69.53945563038619,0.8730480233028375,47.62874175587241,70.84100466604255,73.55207888054561,STANDBY,0,0,0.7109773043075496
2024-03-18 05:00:00,RIG_DEGRADATION,5,18,0,50.94133342141177,77.63009577089453,76.68512027437612,0.8853523939053918,50.86678703027174,71.24450717644972,82.5071516682923,STANDBY,0,0,0.7086614173228343
2024-03-18 06:00:00,RIG_DEGRADATION,6,18,0,60.0,86.72250918963404,82.01563922397828,0.9500062129777613,51.03566180350358,73.93715658591967,84.10387116281072,HIGH_PRODUCTION,0,0,0.7063455303381199
2024-03-18 07:00:00,RIG_DEGRADATION,7,18,0,69.05866657858823,90.42710610011895,85.96067262869579,0.9823168976265815,49.785814626086434,76.92417085851679,92.77514088885835,HIGH_PRODUCTION,0,0,0.7040296433534046
2024-03-18 08:00:00,RIG_DEGRADATION,8,18,0,77.5,101.8839298410467,89.26728880230834,0.850319534406784,58.95361352137738,79.70779551134075,90.7894795144689,HIGH_PRODUCTION,0,0,0.7017137563686893
2024-03-18 09:00:00,RIG_DEGRADATION,9,18,0,84.74873734152916,100.44159264646058,95.0,0.9905762591436748,57.14461552783975,81.89929965327025,102.78312310812966,HIGH_PRODUCTION,0,0,0.699397869383974
2024-03-18 10:00:00,RIG_DEGRADATION,10,18,0,90.31088913245534,115.55901121273833,95.0,0.9826561555851172,60.871939676070326,81.4585828776141,98.74001580405529,HIGH_PRODUCTION,0,0,0.6970819823992587
2024-03-18 11:00:00,RIG_DEGRADATION,11,18,0,93.8074039201174,116.35747963180187,95.0,0.9370597004097889,56.5196778120585,86.15785108437336,94.66306211432801,HIGH_PRODUCTION,0,0,0.6947660954145443
2024-03-18 12:00:00,RIG_DEGRADATION,12,18,0,95.0,113.73302581744709,95.0,0.9260383937530036,54.467425526217355,84.64396760054991,105.38299791383386,HIGH_PRODUCTION,0,0,0.692450208429829
2024-03-18 13:00:00,RIG_DEGRADATION,13,18,0,93.8074039201174,108.99685289783527,95.0,0.9623265442851373,54.73841565317058,79.29439064569637,99.79185352752896,HIGH_PRODUCTION,0,0,0.6901343214451137
2024-03-18 14:00:00,RIG_DEGRADATION,14,18,0,90.31088913245536,118.38199788279037,95.0,1.0152167205076037,58.43233555223593,82.51798741095405,98.80296533298049,HIGH_PRODUCTION,0,0,0.6878184344603984
2024-03-18 15:00:00,RIG_DEGRADATION,15,18,0,84.74873734152916,112.86441350320281,95.0,0.9640687451270591,61.64391295065173,83.76129392348406,104.04310906089043,HIGH_PRODUCTION,0,0,0.6855025474756831
2024-03-18 16:00:00,RIG_DEGRADATION,16,18,0,77.5,99.5941072802918,94.30516431088442,0.9109565394847509,53.24317599889784,74.44296813143325,98.21222799970272,HIGH_PRODUCTION,0,0,0.6831866604909678
2024-03-18 17:00:00,RIG_DEGRADATION,17,18,0,69.05866657858823,90.15510120321883,85.03144207387083,0.8635874574693071,52.47809465147771,74.96534092574738,89.0190987414902,HIGH_PRODUCTION,0,0,0.6808707735062534
2024-03-18 18:00:00,RIG_DEGRADATION,18,18,0,60.00000000000001,83.64899022480863,81.19789544852607,0.9238975484070682,54.68287117772833,72.6350898554784,86.84089500882678,HIGH_PRODUCTION,0,0,0.6785548865215381
2024-03-18 19:00:00,RIG_DEGRADATION,19,18,0,50.94133342141177,74.34532981575566,73.04007845482057,0.9344388159912855,48.54056415981776,67.24752024152919,78.81684342760329,HIGH_PRODUCTION,0,0,0.6762389995368228
2024-03-18 20:00:00,RIG_DEGRADATION,20,18,0,42.500000000000014,61.06104470091077,64.57026165228557,0.8789081537756028,44.21077365003664,73.2767031867259,71.79872690419064,HIGH_PRODUCTION,0,0,0.6739231125521075
2024-03-18 21:00:00,RIG_DEGRADATION,21,18,0,40.0,56.948812620753046,59.67072005513287,0.831559038124206,44.839616324125316,69.39577281880186,66.80306632658642,HIGH_PRODUCTION,0,0,0.6716072255673922
2024-03-18 22:00:00,RIG_DEGRADATION,22,18,0,40.0,67.50870575523842,65.29536546888019,0.8464843674701947,48.83023984554201,68.56359753545144,75.65885315337832,STANDBY,0,0,0.6692913385826769
2024-03-18 23:00:00,RIG_DEGRADATION,23,18,0,40.0,59.925791574007135,58.82763758249505,0.8152972763457395,42.349771682668326,65.4465858256604,63.478178434681354,STANDBY,0,0,0.6669754515979625
2024-03-19 00:00:00,RIG_DEGRADATION,0,19,1,38.26446504352977,64.11597227126528,62.80832335724433,0.8015417124770134,45.28614133183378,70.51920582575906,69.49044042619656,STANDBY,0,0,0.6646595646132472
2024-03-19 01:00:00,RIG_DEGRADATION,1,19,1,38.26446504352977,57.162685453096486,56.27494243656192,0.7912408108898531,46.324160705992654,69.08019391968537,62.775458682676145,STANDBY,0,0,0.6623436776285319
2024-03-19 02:00:00,RIG_DEGRADATION,2,19,1,38.26446504352977,65.41059545392818,63.88481089322335,0.8100820391927039,47.856774001167935,69.27479866943106,68.35077841871939,STANDBY,0,0,0.6600277906438166
2024-03-19 03:00:00,RIG_DEGRADATION,3,19,1,38.26446504352977,55.17290758197534,59.35501079670331,0.8630381958180644,46.802920896127866,62.09825176815977,62.420345655084375,STANDBY,0,0,0.6577119036591013
2024-03-19 04:00:00,RIG_DEGRADATION,4,19,1,40.65599410875038,63.30585218395265,61.520511785339224,0.784984977825939,43.84599538853635,65.9950007668182,64.4766572485067,STANDBY,0,0,0.655396016674386
2024-03-19 05:00:00,RIG_DEGRADATION,5,19,1,48.73107179936014,62.73477491380066,66.50928722187112,0.8121064470555757,46.203506588204846,62.116601770443225,74.96356546951725,STANDBY,0,0,0.6530801296896716
2024-03-19 06:00:00,RIG_DEGRADATION,6,19,1,57.39669756529465,78.48585698598428,77.7679567287829,0.952115741115255,50.437613295972554,71.4823370214855,83.59629200496161,HIGH_PRODUCTION,0,0,0.6507642427049563
2024-03-19 07:00:00,RIG_DEGRADATION,7,19,1,66.06232333122918,74.92369609990314,77.54957639791581,0.8699174645128752,54.20249090880312,71.83178484871772,78.59154827439987,HIGH_PRODUCTION,0,0,0.648448355720241
2024-03-19 08:00:00,RIG_DEGRADATION,8,19,1,74.13740102183893,88.95704240702358,86.46077023553455,0.8960561817672263,50.72041934338911,75.01084029168017,92.34683009423415,HIGH_PRODUCTION,0,0,0.6461324687355257
2024-03-19 09:00:00,RIG_DEGRADATION,9,19,1,81.07162743720572,99.82247933539264,95.0,0.9766089936351282,55.60494083937111,79.13769538458469,97.74466079295195,HIGH_PRODUCTION,0,0,0.6438165817508104
2024-03-19 10:00:00,RIG_DEGRADATION,10,19,1,86.39244650647325,113.88407679580094,95.0,1.0293123166770217,56.283727335760695,82.96664778027474,95.09898260504782,HIGH_PRODUCTION,0,0,0.6415006947660951
2024-03-19 11:00:00,RIG_DEGRADATION,11,19,1,89.73725320314024,115.31420100651484,95.0,0.9877635830964453,60.199113803446885,85.48671150012073,101.22363839386591,HIGH_PRODUCTION,0,0,0.6391848077813806
2024-03-19 12:00:00,RIG_DEGRADATION,12,19,1,90.87810447838321,116.69284589580276,95.0,0.9792360712148119,60.367886978534976,83.71893860692809,96.13168929317033,HIGH_PRODUCTION,0,0,0.6368689207966653
2024-03-19 13:00:00,RIG_DEGRADATION,13,19,1,89.73725320314024,104.30782069838884,95.0,0.9403689495402595,56.421527867799554,78.71442262347274,100.85170198000662,HIGH_PRODUCTION,0,0,0.63455303381195
2024-03-19 14:00:00,RIG_DEGRADATION,14,19,1,86.39244650647326,100.92727966102301,95.0,0.9034267193261507,51.57744666683833,77.66075934920062,98.77653761355452,HIGH_PRODUCTION,0,0,0.6322371468272348
2024-03-19 15:00:00,RIG_DEGRADATION,15,19,1,81.07162743720572,113.683171386192,95.0,0.9847223486915991,57.332777885623024,85.5109268396858,101.59505708763626,HIGH_PRODUCTION,0,0,0.6299212598425195
2024-03-19 16:00:00,RIG_DEGRADATION,16,19,1,74.13740102183893,100.31498223524243,94.82926559833331,0.9493123893158205,54.4148193322074,76.10110676194425,93.44293234512605,HIGH_PRODUCTION,0,0,0.6276053728578042
2024-03-19 17:00:00,RIG_DEGRADATION,17,19,1,66.06232333122918,92.01624483123783,85.36312903159873,0.8333688530860143,53.13290424784569,76.3620103079097,87.62117434212833,HIGH_PRODUCTION,0,0,0.6252894858730897
2024-03-19 18:00:00,RIG_DEGRADATION,18,19,1,57.39669756529466,83.33920885353517,80.836728844207,0.8820950469522413,50.201390609426824,72.80814437853883,88.99030230584252,HIGH_PRODUCTION,0,0,0.6229735988883744
2024-03-19 19:00:00,RIG_DEGRADATION,19,19,1,48.73107179936014,67.05192298879406,69.85721790558155,0.83205055747635,48.32553366109301,73.85929445445876,74.83487229641626,HIGH_PRODUCTION,0,0,0.6206577119036591
2024-03-19 20:00:00,RIG_DEGRADATION,20,19,1,40.65599410875039,68.24423101010056,64.09256459233748,0.8264125801819888,49.86591066304128,75.30309661333729,70.73302237692407,HIGH_PRODUCTION,0,0,0.6183418249189438
2024-03-19 21:00:00,RIG_DEGRADATION,21,19,1,38.26446504352977,58.92793831529475,58.03288654388456,0.814722170706415,46.55635878382668,66.03634966324152,59.95856104021154,HIGH_PRODUCTION,0,0,0.6160259379342286
2024-03-19 22:00:00,RIG_DEGRADATION,22,19,1,38.26446504352977,66.5749911350032,60.59716449358472,0.8400351945389029,46.16481512078872,63.866131368917095,65.72176362341665,STANDBY,0,0,0.6137100509495141
2024-03-19 23:00:00,RIG_DEGRADATION,23,19,1,38.26446504352977,53.42570049742007,53.03987531341254,0.8039574235442113,44.337632225828834,61.714328334505794,62.682254530623304,STANDBY,0,0,0.6113941639647988
2024-03-20 00:00:00,RIG_DEGRADATION,0,20,2,36.872674070127886,70.26739650674251,66.40325366810782,0.9267243555679288,43.86796861969488,70.08732159473665,76.68983976015976,STANDBY,0,0,0.6090782769800835
2024-03-20 01:00:00,RIG_DEGRADATION,1,20,2,36.872674070127886,55.250019187239886,54.122063819951784,0.7787700621733857,43.34786248640387,64.40698292850927,62.97655911669311,STANDBY,0,0,0.6067623899953682
2024-03-20 02:00:00,RIG_DEGRADATION,2,20,2,36.872674070127886,64.65649709265318,65.56831491524133,0.8483460580314228,44.69014364619114,70.37340770779412,71.43410585974028,STANDBY,0,0,0.604446503010653
2024-03-20 03:00:00,RIG_DEGRADATION,3,20,2,36.872674070127886,65.62108546477644,63.1910491551164,0.8033739633047718,45.272029743560665,73.40551272699639,66.58807446523521,STANDBY,0,0,0.6021306160259376
2024-03-20 04:00:00,RIG_DEGRADATION,4,20,2,39.17721619951087,50.96582524353376,58.82129315905677,0.849693944976924,43.23218415473437,67.065851214414,57.82971604861552,STANDBY,0,0,0.5998147290412232
2024-03-20 05:00:00,RIG_DEGRADATION,5,20,2,46.958579598635716,63.52237815784652,65.37608522627178,0.86505442197954,45.83750566207235,67.9780870787509,68.15657013102829,STANDBY,0,0,0.5974988420565079
2024-03-20 06:00:00,RIG_DEGRADATION,6,20,2,55.30901110519182,74.02227754364927,74.02433165547782,0.8654860253789025,47.13197687770148,71.872280807828,81.65210283589121,HIGH_PRODUCTION,0,0,0.5951829550717926
2024-03-20 07:00:00,RIG_DEGRADATION,7,20,2,63.65944261174793,81.78862352362604,81.3745431130389,0.8563311288238848,46.67360950868824,77.68833002840184,81.99506411542963,HIGH_PRODUCTION,0,0,0.5928670680870773
2024-03-20 08:00:00,RIG_DEGRADATION,8,20,2,71.44080601087278,96.55802445347159,92.71396094416268,0.9081447551936067,52.979083006394745,74.4683134058229,95.2275616895221,HIGH_PRODUCTION,0,0,0.590551181102362
2024-03-20 09:00:00,RIG_DEGRADATION,9,20,2,78.12281424622702,103.4692438007056,95.0,0.9764133471142834,59.00259580172272,82.40839793284978,95.27357072504313,HIGH_PRODUCTION,0,0,0.5882352941176467
2024-03-20 10:00:00,RIG_DEGRADATION,10,20,2,83.250099499112,109.40682137775971,95.0,0.9528905030605028,57.70777504129577,80.88258390710473,99.67203719192251,HIGH_PRODUCTION,0,0,0.5859194071329323
2024-03-20 11:00:00,RIG_DEGRADATION,11,20,2,86.47324575278313,102.90175266155285,95.0,0.8783584788441715,55.49370073645168,82.30321233163544,97.84501421620163,HIGH_PRODUCTION,0,0,0.583603520148217
2024-03-20 12:00:00,RIG_DEGRADATION,12,20,2,87.57260091655372,109.20859979992565,95.0,1.024322219841872,56.47575284296183,81.58929722896397,97.9794875875947,HIGH_PRODUCTION,0,0,0.5812876331635017
2024-03-20 13:00:00,RIG_DEGRADATION,13,20,2,86.47324575278313,104.50409464093339,95.0,1.0213914974458596,57.2517192897812,82.01547300252304,103.71094396603947,HIGH_PRODUCTION,0,0,0.5789717461787864
2024-03-20 14:00:00,RIG_DEGRADATION,14,20,2,83.25009949911201,99.62081417348237,95.0,0.8856580169828392,56.031751735110774,77.728822910699,98.96152635995647,HIGH_PRODUCTION,0,0,0.5766558591940711
2024-03-20 15:00:00,RIG_DEGRADATION,15,20,2,78.12281424622702,107.0857589330462,95.0,0.8881314966890839,57.049674457741986,84.05134805583822,102.78812962937842,HIGH_PRODUCTION,0,0,0.5743399722093558
2024-03-20 16:00:00,RIG_DEGRADATION,16,20,2,71.44080601087278,99.05524397089233,92.3147826594484,1.0336233254475098,54.17752693655333,79.44155882543265,97.41390750982073,HIGH_PRODUCTION,0,0,0.5720240852246414
2024-03-20 17:00:00,RIG_DEGRADATION,17,20,2,63.65944261174793,83.0932310168527,80.154965305844,0.9968927911307783,50.15823669252813,77.25971910642646,85.40416767817604,HIGH_PRODUCTION,0,0,0.5697081982399261
2024-03-20 18:00:00,RIG_DEGRADATION,18,20,2,55.30901110519183,86.3553495752244,84.80505205722602,0.8978890976063962,50.79371369442115,79.52259284304094,88.3064382335966,HIGH_PRODUCTION,0,0,0.5673923112552108
2024-03-20 19:00:00,RIG_DEGRADATION,19,20,2,46.958579598635716,77.59990832707226,74.26273805500269,0.9222067305453213,48.17075183253466,74.63702786059417,79.8617535647773,HIGH_PRODUCTION,0,0,0.5650764242704955
2024-03-20 20:00:00,RIG_DEGRADATION,20,20,2,39.17721619951089,58.170929160604516,61.0704818429019,0.8207124855731969,45.188961865891315,64.93966206119758,66.33069817085824,HIGH_PRODUCTION,0,0,0.5627605372857802
2024-03-20 21:00:00,RIG_DEGRADATION,21,20,2,36.872674070127886,61.95896000336644,64.47330628158731,0.7942581238215674,47.29755706601537,66.54916262669046,70.45428030995299,HIGH_PRODUCTION,0,0,0.5604446503010649
2024-03-20 22:00:00,RIG_DEGRADATION,22,20,2,36.872674070127886,62.86297888273599,61.72802945775404,0.8527440614907742,47.794247082953625,68.46161220266606,65.2116983903674,STANDBY,0,0,0.5581287633163505
2024-03-20 23:00:00,RIG_DEGRADATION,23,20,2,36.872674070127886,62.53236387637695,61.41725355001022,0.8253175126689393,47.34455900263241,73.38240000128548,62.02390092742222,STANDBY,0,0,0.5558128763316352
2024-03-21 00:00:00,RIG_DEGRADATION,0,21,3,36.10028835127271,54.89310838350891,55.102211694315265,0.800277543005567,44.08174616363749,66.2495146868459,61.20477613835652,STANDBY,0,0,0.5534969893469199
2024-03-21 01:00:00,RIG_DEGRADATION,1,21,3,36.10028835127271,67.61632791151726,64.23172686863367,0.9627667342289664,49.60469227279594,70.56197089277228,70.1766059386469,STANDBY,0,0,0.5511811023622046
2024-03-21 02:00:00,RIG_DEGRADATION,2,21,3,36.10028835127271,59.131978480715794,59.86770543246579,0.8791058605108273,43.172512941298606,71.64751394607376,61.3087930267267,STANDBY,0,0,0.5488652153774893
2024-03-21 03:00:00,RIG_DEGRADATION,3,21,3,36.10028835127271,59.93129941156135,60.58424172963869,0.900572441688562,47.75172773205645,72.43419194007069,64.26450321197436,STANDBY,0,0,0.5465493283927749
2024-03-21 04:00:00,RIG_DEGRADATION,4,21,3,38.35655637322725,63.25647963936412,64.03002646140845,0.9429269282781805,45.960686043867994,70.53541486987052,70.16848111042093,STANDBY,0,0,0.5442334414080596
2024-03-21 05:00:00,RIG_DEGRADATION,5,21,3,45.97492063778226,70.8309842032925,69.38469096316518,0.9694591143241401,46.059294174323696,74.0894309971627,73.22872765114491,STANDBY,0,0,0.5419175544233443
2024-03-21 06:00:00,RIG_DEGRADATION,6,21,3,54.15043252690906,82.54102529993833,83.22862956933206,0.9148481135044804,50.27150824359923,77.22865380717165,88.7390742212928,HIGH_PRODUCTION,0,0,0.539601667438629
2024-03-21 07:00:00,RIG_DEGRADATION,7,21,3,62.32594441603586,89.77942540900858,87.16169560520242,0.9714665483832208,51.87694404846966,72.02833565339489,96.69911627738625,HIGH_PRODUCTION,0,0,0.5372857804539137
2024-03-21 08:00:00,RIG_DEGRADATION,8,21,3,69.94430868059086,92.4660228320495,93.19585369026137,0.939705952996602,53.61057026916877,78.04763194920457,98.43282512756778,HIGH_PRODUCTION,0,0,0.5349698934691984
2024-03-21 09:00:00,RIG_DEGRADATION,9,21,3,76.48634638588689,103.07706742640815,95.0,0.9456581170181184,54.975673516844445,84.2116262552088,107.48162094749787,HIGH_PRODUCTION,0,0,0.532654006484484
2024-03-21 10:00:00,RIG_DEGRADATION,10,21,3,81.50622847353647,106.25471109092095,95.0,1.03630493714578,55.23181634312032,79.6020967419755,98.448304957606,HIGH_PRODUCTION,0,0,0.5303381194997687
2024-03-21 11:00:00,RIG_DEGRADATION,11,21,3,84.66185827501369,106.56477102312155,95.0,0.9648959038850802,59.94440012511106,84.1871329489305,103.3700066212837,HIGH_PRODUCTION,0,0,0.5280222325150534
2024-03-21 12:00:00,RIG_DEGRADATION,12,21,3,85.73818483427267,111.71597122984366,95.0,1.0410289203981002,58.84826062195521,83.68112265505837,98.31139820997562,HIGH_PRODUCTION,0,0,0.5257063455303381
2024-03-21 13:00:00,RIG_DEGRADATION,13,21,3,84.66185827501369,114.79937441801678,95.0,1.0463859624382545,58.708186259687174,86.49522095134611,97.75283366714311,HIGH_PRODUCTION,0,0,0.5233904585456228
2024-03-21 14:00:00,RIG_DEGRADATION,14,21,3,81.50622847353648,107.47159084807208,95.0,0.9744056157934686,56.087223541228475,85.32545096464237,93.80255991119391,HIGH_PRODUCTION,0,0,0.5210745715609075
2024-03-21 15:00:00,RIG_DEGRADATION,15,21,3,76.48634638588689,104.18436781602213,95.0,0.920724458400591,53.839553333388,86.55959199552703,100.97743085314929,HIGH_PRODUCTION,0,0,0.5187586845761931
2024-03-21 16:00:00,RIG_DEGRADATION,16,21,3,69.94430868059086,100.0901813583356,90.11013669142577,1.0444899983268967,51.76461267860434,81.42794499901989,99.15277356458674,HIGH_PRODUCTION,0,0,0.5164427975914778
2024-03-21 17:00:00,RIG_DEGRADATION,17,21,3,62.32594441603586,89.36362798178047,84.17422250770946,0.8865667290180608,50.399424545339855,76.32254520429302,91.0399542640061,HIGH_PRODUCTION,0,0,0.5141269106067625
2024-03-21 18:00:00,RIG_DEGRADATION,18,21,3,54.150432526909064,84.4105451515675,82.34214761283636,0.9261736348298439,50.46793432838639,73.85489139456676,84.92141875572739,HIGH_PRODUCTION,0,0,0.5118110236220472
2024-03-21 19:00:00,RIG_DEGRADATION,19,21,3,45.97492063778226,72.00255855171076,70.45443887494324,0.888152145641324,47.07237178317891,67.00164273443292,73.55376389900614,HIGH_PRODUCTION,0,0,0.5094951366373319
2024-03-21 20:00:00,RIG_DEGRADATION,20,21,3,38.356556373227264,54.90108503278205,57.73284908885478,0.803124122859086,45.15185941348905,64.38739514827836,64.6401800199722,HIGH_PRODUCTION,0,0,0.5071792496526166
2024-03-21 21:00:00,RIG_DEGRADATION,21,21,3,36.10028835127271,52.79028245656759,57.68339305156221,0.8115608004676271,38.36139561106078,65.5970815371887,61.45441669282416,HIGH_PRODUCTION,0,0,0.5048633626679022
2024-03-21 22:00:00,RIG_DEGRADATION,22,21,3,36.10028835127271,60.76580775062295,62.00190784348275,0.7940268835211979,45.37387372130497,67.33535467420677,65.8935025823163,STANDBY,0,0,0.5025474756831869
2024-03-21 23:00:00,RIG_DEGRADATION,23,21,3,36.10028835127271,54.67872002053864,57.21736977983776,0.8783154141622725,46.86910871571761,65.14690842943351,63.42354467071005,STANDBY,0,0,0.5002315886984716
2024-03-22 00:00:00,RIG_DEGRADATION,0,22,4,36.10028835127271,57.48864717065622,54.51457330899115,0.8292112138581381,42.51320629421062,64.8711383753469,54.84959502703804,STANDBY,0,0,0.4979157017137563
2024-03-22 01:00:00,RIG_DEGRADATION,1,22,4,36.10028835127271,52.12561054044019,54.255568619389074,0.8192366512342719,42.371318837329234,66.81401328658087,58.70174938876932,STANDBY,0,0,0.495599814729041
2024-03-22 02:00:00,RIG_DEGRADATION,2,22,4,36.10028835127271,54.454017310491054,56.41745362526076,0.7827618196263666,43.435070424113974,68.6448999719326,62.3821807823319,STANDBY,0,0,0.4932839277443257
2024-03-22 03:00:00,RIG_DEGRADATION,3,22,4,36.10028835127271,64.39665465021604,71.43541140199517,0.8356097930248444,46.965048464218015,73.29016443206494,75.27890746557533,STANDBY,0,0,0.4909680407596113
2024-03-22 04:00:00,RIG_DEGRADATION,4,22,4,38.35655637322725,73.26335512451453,67.40332591298534,0.8002785864474,46.719825395814354,67.84401751303426,70.3827466101084,STANDBY,0,0,0.488652153774896
2024-03-22 05:00:00,RIG_DEGRADATION,5,22,4,45.97492063778226,80.86099056169064,73.63969701770725,0.8935690001301893,49.8338753407306,84.20021724971983,73.62567626412834,STANDBY,0,0,0.4863362667901807
2024-03-22 06:00:00,RIG_DEGRADATION,6,22,4,54.15043252690906,85.891626912068,76.52106437922282,0.9360033437222066,48.128463334133166,76.9588319499378,79.55288802701607,HIGH_PRODUCTION,0,0,0.4840203798054654
2024-03-22 07:00:00,RIG_DEGRADATION,7,22,4,62.32594441603586,86.81447202279337,83.11492222980999,0.9185162253763003,54.21627840111854,82.78355676725877,84.49420289082798,HIGH_PRODUCTION,0,0,0.4817044928207501
2024-03-22 08:00:00,RIG_DEGRADATION,8,22,4,69.94430868059086,88.26581735632394,86.11541073304184,1.0143778898533244,51.11465631491613,76.77094724446442,92.70398007512621,HIGH_PRODUCTION,0,0,0.4793886058360357
2024-03-22 09:00:00,RIG_DEGRADATION,9,22,4,76.48634638588689,92.56152620594443,91.57096034009113,0.8565157780646545,54.70136188200335,76.46701878869452,95.84065145525676,HIGH_PRODUCTION,0,0,0.4770727188513204
2024-03-22 10:00:00,RIG_DEGRADATION,10,22,4,81.50622847353647,101.76281774183153,95.0,0.9538950348800332,57.44373939068922,81.00653980020257,93.32940251147404,HIGH_PRODUCTION,0,0,0.4747568318666051
2024-03-22 11:00:00,RIG_DEGRADATION,11,22,4,84.66185827501369,111.79651016270438,95.0,0.9613991959263576,56.61491357087268,83.08661477179453,96.88914302347527,HIGH_PRODUCTION,0,0,0.4724409448818898
2024-03-22 12:00:00,RIG_DEGRADATION,12,22,4,85.73818483427267,111.38419524776768,95.0,0.9466550798658794,57.32681604004547,85.27692777786147,101.06600056577474,HIGH_PRODUCTION,0,0,0.4701250578971745
2024-03-22 13:00:00,RIG_DEGRADATION,13,22,4,84.66185827501369,108.83849406912361,95.0,0.9189613415071153,59.94469728639293,83.57898900251938,104.62600612004249,HIGH_PRODUCTION,0,0,0.4678091709124592
2024-03-22 14:00:00,RIG_DEGRADATION,14,22,4,81.50622847353648,111.71145169811035,95.0,0.9969042154111893,56.081461960070214,84.06778944254211,102.19725840778712,HIGH_PRODUCTION,0,0,0.4654932839277448
2024-03-22 15:00:00,RIG_DEGRADATION,15,22,4,76.48634638588689,101.75248863127568,95.0,0.9315753928150977,53.408293106532874,82.98003468934883,99.25854696985472,HIGH_PRODUCTION,0,0,0.4631773969430295
2024-03-22 16:00:00,RIG_DEGRADATION,16,22,4,69.94430868059086,95.13233386028399,88.06410294588305,1.0125203595430925,51.47716723998695,77.6005778327503,91.6661670657815,HIGH_PRODUCTION,0,0,0.4608615099583142
2024-03-22 17:00:00,RIG_DEGRADATION,17,22,4,62.32594441603586,88.56239450007106,85.4180952158265,1.0066603476775309,48.792872603006415,80.66926532498502,87.4702764431246,HIGH_PRODUCTION,0,0,0.4585456229735989
2024-03-22 18:00:00,RIG_DEGRADATION,18,22,4,54.150432526909064,76.6486651658107,75.37957947916209,0.843852457500548,46.488086606765016,75.79075708975347,84.1085606526133,HIGH_PRODUCTION,0,0,0.4562297359888836
2024-03-22 19:00:00,RIG_DEGRADATION,19,22,4,45.97492063778226,67.89451231353245,68.63310566387477,0.8645405987491955,49.178973102792035,70.66267944878147,77.24813969341479,HIGH_PRODUCTION,0,0,0.4539138490041683
2024-03-22 20:00:00,RIG_DEGRADATION,20,22,4,38.356556373227264,67.69036783123136,65.9816993458032,0.9207584885943542,46.43748888512344,75.12652456575701,70.58782748393779,HIGH_PRODUCTION,0,0,0.4515979620194539
2024-03-22 21:00:00,RIG_DEGRADATION,21,22,4,36.10028835127271,61.94607765076641,60.36684622189612,0.8469270956096918,43.51783292237983,69.04774464190243,67.28821268149419,HIGH_PRODUCTION,0,0,0.4492820750347386
2024-03-22 22:00:00,RIG_DEGRADATION,22,22,4,36.10028835127271,76.79538137799416,67.8940429281768,0.9715580546642337,50.466447092735116,65.69462828649807,69.85616260016722,STANDBY,0,0,0.4469661880500233
2024-03-22 23:00:00,RIG_DEGRADATION,23,22,4,36.10028835127271,64.46295343256912,60.680264156500336,0.9340182124674563,46.61297076065397,64.7787501639039,65.39591340412989,STANDBY,0,0,0.444650301065308
2024-03-23 00:00:00,RIG_DEGRADATION,0,23,5,36.872674070127886,67.6152730581197,60.83025549347549,0.7766429844000036,44.400022977683236,73.1252318571931,65.59810602860978,STANDBY,0,0,0.4423344140805927
2024-03-23 01:00:00,RIG_DEGRADATION,1,23,5,36.872674070127886,60.944481351477805,58.28093615541854,0.9091871812145891,43.20578874271328,63.920200200156074,62.76139354451007,STANDBY,0,0,0.4400185270958774
2024-03-23 02:00:00,RIG_DEGRADATION,2,23,5,36.872674070127886,57.96389458692718,58.172210192481465,0.7869930741064981,45.644583260817924,66.27396006727203,63.27642231720854,STANDBY,0,0,0.437702640111163
2024-03-23 03:00:00,RIG_DEGRADATION,3,23,5,36.872674070127886,55.47475551099828,60.494646571648744,0.870588859335014,43.22259532708267,68.46778323277704,60.19820969271854,STANDBY,0,0,0.4353867531264477
2024-03-23 04:00:00,RIG_DEGRADATION,4,23,5,39.17721619951087,54.26815376549722,56.66150851440778,0.8659829942040488,46.753543095364726,66.65642518618269,62.61843949080563,STANDBY,0,0,0.4330708661417324
2024-03-23 05:00:00,RIG_DEGRADATION,5,23,5,46.958579598635716,71.67255795505523,69.38457464390012,0.874434953136427,45.34704149679905,71.31170432345334,70.00674139527416,STANDBY,0,0,0.4307549791570171
2024-03-23 06:00:00,RIG_DEGRADATION,6,23,5,55.30901110519182,86.57057156509828,84.03093304414605,1.004983332043926,52.80331065809569,77.80397124908545,89.39568706204903,HIGH_PRODUCTION,0,0,0.4284390921723018
2024-03-23 07:00:00,RIG_DEGRADATION,7,23,5,63.65944261174793,81.46326710890922,79.8513698548229,0.8681471141037505,49.39974811008615,76.27573726836312,79.82164518124446,HIGH_PRODUCTION,0,0,0.4261232051875865
2024-03-23 08:00:00,RIG_DEGRADATION,8,23,5,71.44080601087278,94.58325659228576,91.82714408789046,0.9330607209956614,50.10301072624241,79.1573416057216,100.56468830796614,HIGH_PRODUCTION,0,0,0.4238073182028721
2024-03-23 09:00:00,RIG_DEGRADATION,9,23,5,78.12281424622702,99.56131950583031,93.1230538871736,0.9227374500535593,55.72930867813109,74.36933591211559,104.4954156027432,HIGH_PRODUCTION,0,0,0.4214914312181568
2024-03-23 10:00:00,RIG_DEGRADATION,10,23,5,83.250099499112,107.26593158842543,95.0,0.9375352529001695,61.52016790803732,83.65307064303438,105.12505601333528,HIGH_PRODUCTION,0,0,0.4191755442334415
2024-03-23 11:00:00,RIG_DEGRADATION,11,23,5,86.47324575278313,111.34953011527128,95.0,0.9480669165099322,59.272410758266034,78.1302680989107,102.23978566944517,HIGH_PRODUCTION,0,0,0.4168596572487262
2024-03-23 12:00:00,RIG_DEGRADATION,12,23,5,87.57260091655372,119.53850586859875,95.0,1.0616253469797245,57.655432094672236,87.19257480981028,98.49563585221742,HIGH_PRODUCTION,0,0,0.4145437702640109
2024-03-23 13:00:00,RIG_DEGRADATION,13,23,5,86.47324575278313,95.33630334714793,95.0,0.9450283747092757,56.31214301863239,78.32251296450505,97.83424669493758,HIGH_PRODUCTION,0,0,0.4122278832792956
2024-03-23 14:00:00,RIG_DEGRADATION,14,23,5,83.25009949911201,99.35946729479326,95.0,0.919565015080861,53.81878126001238,80.09525216987997,103.59958203644463,HIGH_PRODUCTION,0,0,0.4099119962945812
2024-03-23 15:00:00,RIG_DEGRADATION,15,23,5,78.12281424622702,105.25042462324134,95.0,0.9691608733322657,57.6021778987082,81.85722779541167,103.48005968605759,HIGH_PRODUCTION,0,0,0.4075961093098659
2024-03-23 16:00:00,RIG_DEGRADATION,16,23,5,71.44080601087278,90.89053124995026,89.77363028216715,0.9274409117167792,48.784088565091615,82.80218062187355,95.68820338233182,HIGH_PRODUCTION,0,0,0.4052802223251506
2024-03-23 17:00:00,RIG_DEGRADATION,17,23,5,63.65944261174793,83.39689546441346,80.7825456643738,0.9797872812506916,49.800898605254034,76.00259722319309,80.07752310071609,HIGH_PRODUCTION,0,0,0.4029643353404353
2024-03-23 18:00:00,RIG_DEGRADATION,18,23,5,55.30901110519183,77.4215427139006,80.22721285215081,0.858146056383637,46.48929744685427,71.02219719308589,89.25238504618073,HIGH_PRODUCTION,0,0,0.40064844835572
2024-03-23 19:00:00,RIG_DEGRADATION,19,23,5,46.958579598635716,66.77603590311072,66.0700502833837,0.7591182625983939,50.23132218832259,69.12866319147393,69.29599444775398,HIGH_PRODUCTION,0,0,0.3983325613710056
2024-03-23 20:00:00,RIG_DEGRADATION,20,23,5,39.17721619951089,59.16843126355272,62.780795885491585,0.820845669374757,44.415873148346805,67.33269685694766,62.46357715250483,HIGH_PRODUCTION,0,0,0.3960166743862903
2024-03-23 21:00:00,RIG_DEGRADATION,21,23,5,36.872674070127886,64.39688871104283,61.00900525279338,0.9179893515760519,48.18428264896449,68.46419053463276,72.57119943503095,HIGH_PRODUCTION,0,0,0.393700787401575
2024-03-23 22:00:00,RIG_DEGRADATION,22,23,5,36.872674070127886,52.53681165906379,51.90747592296217,0.8732943004557925,45.622309741370884,66.45430755772293,58.06248857489848,STANDBY,0,0,0.3913849004168597
2024-03-23 23:00:00,RIG_DEGRADATION,23,23,5,36.872674070127886,55.18072577140113,54.49893992172298,0.7838285296943879,44.42967064747491,69.97532510561463,63.606341672367,STANDBY,0,0,0.3890690134321444
2024-03-24 00:00:00,RIG_DEGRADATION,0,24,6,38.26446504352977,64.86346506462338,61.63785876522941,0.8688024702046104,49.173547679862324,72.23297141538391,64.65547383250814,STANDBY,0,0,0.3867531264474291
2024-03-24 01:00:00,RIG_DEGRADATION,1,24,6,38.26446504352977,73.93630642667289,66.89641258720624,0.9088935088112254,51.32193991308509,74.04226344479875,70.22001397557489,STANDBY,0,0,0.3844372394627147
2024-03-24 02:00:00,RIG_DEGRADATION,2,24,6,38.26446504352977,68.72503814771287,65.3267024286426,0.8342127189513052,45.4691313862222,65.75523568208794,65.36895676870803,STANDBY,0,0,0.3821213524779994
2024-03-24 03:00:00,RIG_DEGRADATION,3,24,6,38.26446504352977,57.651903775146835,58.59551235516622,0.8598248310431302,47.456376855877096,67.83215089418923,61.69854681601038,STANDBY,0,0,0.3798054654932841
2024-03-24 04:00:00,RIG_DEGRADATION,4,24,6,40.65599410875038,62.97073140400755,62.63922780918733,0.8558306836047416,45.14961821322254,71.19935910380187,69.41760930021907,STANDBY,0,0,0.3774895785085688
2024-03-24 05:00:00,RIG_DEGRADATION,5,24,6,48.73107179936013,71.21056745815987,69.39896851576026,0.8366664787339018,45.180326614664715,72.1928921229991,70.25587185537684,STANDBY,0,0,0.3751736915238535
2024-03-24 06:00:00,RIG_DEGRADATION,6,24,6,57.396697565294645,74.28490246199758,75.62777482569963,0.8982786966127827,46.524108934945154,75.20520686978459,80.98114140923478,HIGH_PRODUCTION,0,0,0.3728578045391382
2024-03-24 07:00:00,RIG_DEGRADATION,7,24,6,66.06232333122917,90.51358905474297,86.81831087365717,0.9574723424842083,51.947023306093485,74.26590441618099,94.70286122264433,HIGH_PRODUCTION,0,0,0.3705419175544238
2024-03-24 08:00:00,RIG_DEGRADATION,8,24,6,74.13740102183893,93.23817553648283,90.31018041957925,0.9417240588903739,50.13160716686237,79.72068398065241,97.26670011657971,HIGH_PRODUCTION,0,0,0.3682260305697085
2024-03-24 09:00:00,RIG_DEGRADATION,9,24,6,81.0716274372057,99.83487382671099,95.0,0.9103465085939024,52.53270273447078,79.18218370703994,99.78360839517686,HIGH_PRODUCTION,0,0,0.3659101435849932
2024-03-24 10:00:00,RIG_DEGRADATION,10,24,6,86.39244650647323,114.71022409785452,95.0,1.0806422934140574,57.87333160733827,85.77547435278724,101.04203615255938,HIGH_PRODUCTION,0,0,0.3635942566002779
2024-03-24 11:00:00,RIG_DEGRADATION,11,24,6,89.73725320314023,112.42564501229505,95.0,1.036760127027995,59.31354870057504,82.1003906723272,98.83051742847468,HIGH_PRODUCTION,0,0,0.3612783696155626
2024-03-24 12:00:00,RIG_DEGRADATION,12,24,6,90.8781044783832,113.55159926897107,95.0,0.9926502772756535,56.745673248370714,80.67301122312044,99.43283290696961,HIGH_PRODUCTION,0,0,0.3589624826308473
2024-03-24 13:00:00,RIG_DEGRADATION,13,24,6,89.73725320314023,103.49729166109685,95.0,1.0468397614536522,57.44324806470893,80.8281212866335,95.9680920064448,HIGH_PRODUCTION,0,0,0.3566465956461329
2024-03-24 14:00:00,RIG_DEGRADATION,14,24,6,86.39244650647325,111.74371291292132,95.0,0.9319322334090259,56.04712455052116,86.26043391248452,97.71610028768458,HIGH_PRODUCTION,0,0,0.3543307086614176
2024-03-24 15:00:00,RIG_DEGRADATION,15,24,6,81.0716274372057,105.34180311780989,95.0,1.079649806605786,56.311577031368245,82.54973307461474,102.50937198644131,HIGH_PRODUCTION,0,0,0.3520148216767023
2024-03-24 16:00:00,RIG_DEGRADATION,16,24,6,74.13740102183893,90.8583787656367,88.27936369689785,0.9316868743892235,56.742393469143856,78.28700930700236,94.27488971339596,HIGH_PRODUCTION,0,0,0.349698934691987
2024-03-24 17:00:00,RIG_DEGRADATION,17,24,6,66.06232333122917,90.76459889761072,90.09764906779172,0.9108996148203782,53.61789925066081,78.70330712667729,101.38599803020698,HIGH_PRODUCTION,0,0,0.3473830477072717
2024-03-24 18:00:00,RIG_DEGRADATION,18,24,6,57.39669756529465,84.03849793399233,79.85003725735014,0.8764608091211652,52.15304887945646,72.14990771586997,79.7561923366786,HIGH_PRODUCTION,0,0,0.3450671607225564
2024-03-24 19:00:00,RIG_DEGRADATION,19,24,6,48.73107179936013,70.4795113610297,71.30416639012053,0.9271683314378337,43.05955599438693,67.50691707385106,73.61041834179534,HIGH_PRODUCTION,0,0,0.342751273737842
2024-03-24 20:00:00,RIG_DEGRADATION,20,24,6,40.65599410875039,59.122178654204404,62.76752844155658,0.847798349683208,47.927496396581375,69.75998273852642,68.1295238747702,HIGH_PRODUCTION,0,0,0.3404353867531267
2024-03-24 21:00:00,RIG_DEGRADATION,21,24,6,38.26446504352977,62.46545891020645,63.575571378808355,0.8722398397445159,48.13610215347062,67.4136416634863,69.27237990970274,HIGH_PRODUCTION,0,0,0.3381194997684114
2024-03-24 22:00:00,RIG_DEGRADATION,22,24,6,38.26446504352977,59.58669071182911,58.9713500913007,0.8453290443329097,47.516392968307976,70.62085886728485,62.75394480997239,STANDBY,0,0,0.3358036127836961
2024-03-24 23:00:00,RIG_DEGRADATION,23,24,6,38.26446504352977,65.25286060471073,57.52798925155842,0.8321152365449156,45.79288231018818,65.34346017296987,58.40886460797923,STANDBY,0,0,0.3334877257989808
2024-03-25 00:00:00,RIG_DEGRADATION,0,25,0,40.0,53.302693627163976,55.511632481665536,0.8608928560629014,38.39939597968257,61.665703752918226,55.926617722264176,STANDBY,1,1,0.3311718388142655
2024-03-25 01:00:00,RIG_DEGRADATION,1,25,0,40.0,61.44014639087703,60.26513375841936,0.9004535276617696,52.107541435840105,70.58323503129326,62.69123249631978,STANDBY,1,1,0.3288559518295511
2024-03-25 02:00:00,RIG_DEGRADATION,2,25,0,40.0,66.09703722185216,63.06913245528204,0.967247725737191,48.64980928293579,70.36532245633026,69.236162933291,STANDBY,1,1,0.3265400648448358
2024-03-25 03:00:00,RIG_DEGRADATION,3,25,0,40.0,69.46219223743552,65.23690081654847,0.9095672723236492,46.80876569337662,73.77162165061624,70.51498228869515,STANDBY,1,1,0.3242241778601205
2024-03-25 04:00:00,RIG_DEGRADATION,4,25,0,42.5,62.15270687478262,63.04425229619752,0.8600262298303645,40.880615971041216,64.65608652233547,69.70191638279522,STANDBY,1,1,0.3219082908754052
2024-03-25 05:00:00,RIG_DEGRADATION,5,25,0,50.94133342141177,72.06502845789609,69.77016572516466,1.0424181700899138,49.73679138925076,66.14328360059775,77.9122289533236,STANDBY,1,1,0.3195924038906899
2024-03-25 06:00:00,RIG_DEGRADATION,6,25,0,60.0,85.21617697362767,80.49608431818635,1.0935600476156724,50.567071707392685,74.03200144454503,81.46630485068364,HIGH_PRODUCTION,1,1,0.31727651690597547
2024-03-25 07:00:00,RIG_DEGRADATION,7,25,0,69.05866657858823,85.5547683295154,84.73524088764457,1.0539988219804648,53.22740786841459,78.6233043094148,90.63445023870487,HIGH_PRODUCTION,1,1,0.31496062992126017
2024-03-25 08:00:00,RIG_DEGRADATION,8,25,0,77.5,107.9130471047047,95.0,1.2188898763948843,56.473997673830425,80.34819030837652,98.34589855396793,HIGH_PRODUCTION,1,1,0.3126447429365449
2024-03-25 09:00:00,RIG_DEGRADATION,9,25,0,84.74873734152916,106.68994660869767,95.0,1.2099711294417943,58.0304725367697,84.7711377045264,101.5724884945604,HIGH_PRODUCTION,1,1,0.3103288559518296
2024-03-25 10:00:00,RIG_DEGRADATION,10,25,0,90.31088913245534,112.7102889269371,95.0,1.1573849715463342,63.26140797337228,83.7637651522521,104.6574814327517,HIGH_PRODUCTION,1,1,0.3080129689671143
2024-03-25 11:00:00,RIG_DEGRADATION,11,25,0,93.8074039201174,119.31917196654578,95.0,1.2976221323314807,60.612105898538225,82.85585579315836,100.30427980897338,HIGH_PRODUCTION,1,1,0.305697081982399
2024-03-25 12:00:00,RIG_DEGRADATION,12,25,0,95.0,121.05433845268578,95.0,1.3337858767226025,62.81344791758915,84.04115076392908,106.09423811599149,HIGH_PRODUCTION,1,1,0.30338119499768457
2024-03-25 13:00:00,RIG_DEGRADATION,13,25,0,93.8074039201174,129.66362382217486,95.0,1.2619940119323292,60.731474513362436,87.64209257739388,106.9062073556252,HIGH_PRODUCTION,1,1,0.30106530801296927
2024-03-25 14:00:00,RIG_DEGRADATION,14,25,0,90.31088913245536,119.79851234133578,95.0,1.2697100062810047,60.50988943820895,84.4565005639871,103.96304648421892,HIGH_PRODUCTION,1,1,0.29874942102825397
2024-03-25 15:00:00,RIG_DEGRADATION,15,25,0,84.74873734152916,115.73986922306966,95.0,1.3218834254702425,57.02010769589772,79.24945388313408,104.51133987230011,HIGH_PRODUCTION,1,1,0.29643353404353867
2024-03-25 16:00:00,RIG_DEGRADATION,16,25,0,77.5,109.03939070629038,95.0,1.2469001276728051,61.7758500899209,77.55675772231614,105.40808201935889,HIGH_PRODUCTION,1,1,0.2941176470588234
2024-03-25 17:00:00,RIG_DEGRADATION,17,25,0,69.05866657858823,101.68180855548671,95.0,1.3160007888103393,49.52383651962169,76.38322623235655,104.76711137395472,HIGH_PRODUCTION,1,1,0.2918017600741081
2024-03-25 18:00:00,RIG_DEGRADATION,18,25,0,60.00000000000001,92.24291047298782,86.51829241090421,1.23931237828066,51.719802975067466,70.82342419901771,96.72032904547308,HIGH_PRODUCTION,1,1,0.28948587308939366
2024-03-25 19:00:00,RIG_DEGRADATION,19,25,0,50.94133342141177,80.96202731654336,81.2203722681415,1.2464964618668959,42.2280532269921,74.2648449513148,88.85474176388867,HIGH_PRODUCTION,1,1,0.28716998610467837
2024-03-25 20:00:00,RIG_DEGRADATION,20,25,0,42.500000000000014,71.78565981822022,70.52654469344418,1.2546292952999547,54.09237959834838,65.27040334787755,79.66569699249891,HIGH_PRODUCTION,1,1,0.28485409911996307
2024-03-25 21:00:00,RIG_DEGRADATION,21,25,0,40.0,80.04692168566027,76.6402088558094,1.2908693325424643,55.99279393964456,75.86732154885345,81.58647927766712,HIGH_PRODUCTION,1,1,0.28253821213524777
2024-03-25 22:00:00,RIG_DEGRADATION,22,25,0,40.0,84.34381793230223,77.45803738695805,1.3843060602375405,53.29902318513667,67.80565363677489,86.33481800125512,STANDBY,1,1,0.28022232515053247
2024-03-25 23:00:00,RIG_DEGRADATION,23,25,0,40.0,66.08434183447255,65.02547239827553,1.2302121373527848,48.331129789132696,64.53375532832098,75.88481632074533,STANDBY,1,1,0.27790643816581717
2024-03-26 00:00:00,RIG_DEGRADATION,0,26,1,38.26446504352977,69.08412228552794,67.23236679259277,1.303442148349736,42.85789021383473,63.87891242441339,77.09162411505622,STANDBY,1,1,0.27559055118110276
2024-03-26 01:00:00,RIG_DEGRADATION,1,26,1,38.26446504352977,73.50365519258594,70.80589713813497,1.3023705464350823,49.09571381681279,68.76521645628077,88.11762293241419,STANDBY,1,1,0.27327466419638746
2024-03-26 02:00:00,RIG_DEGRADATION,2,26,1,38.26446504352977,76.0287848786258,73.22319907154494,1.3333619123741416,50.70005133662566,69.2911754690021,87.48516456171122,STANDBY,1,1,0.27095877721167216
2024-03-26 03:00:00,RIG_DEGRADATION,3,26,1,38.26446504352977,70.95090695302943,70.92949154955448,1.3188797784871589,51.81423185440603,66.80319083458001,84.49996616875549,STANDBY,1,1,0.26864289022695687
2024-03-26 04:00:00,RIG_DEGRADATION,4,26,1,40.65599410875038,64.07351126901717,71.38916409273662,1.3098393634901337,45.79251932320836,59.34622747983878,81.7187329394925,STANDBY,1,1,0.26632700324224157
2024-03-26 05:00:00,RIG_DEGRADATION,5,26,1,48.73107179936014,81.56441687125617,80.67189768335099,1.4173154039186218,51.40347279289459,65.89594162986911,83.12391986619183,STANDBY,1,1,0.26401111625752627
2024-03-26 06:00:00,RIG_DEGRADATION,6,26,1,57.39669756529465,89.62438061428824,92.3757710022034,1.4915074039564842,55.67899702946411,75.24656580538017,102.8701469242756,HIGH_PRODUCTION,1,1,0.26169522927281186
2024-03-26 07:00:00,RIG_DEGRADATION,7,26,1,66.06232333122918,104.10988620268954,95.0,1.5393487094900316,51.72062839738353,81.94966377107892,105.84705230447396,HIGH_PRODUCTION,1,1,0.25937934228809656
2024-03-26 08:00:00,RIG_DEGRADATION,8,26,1,74.13740102183893,113.96029021187712,95.0,1.669009726618384,52.88611491363101,73.67361853932024,102.84574297203912,HIGH_PRODUCTION,1,1,0.25706345530338126
2024-03-26 09:00:00,RIG_DEGRADATION,9,26,1,81.07162743720572,115.9561463407537,95.0,1.6521501599623711,51.315076574499734,77.98969918784668,107.21717038138686,HIGH_PRODUCTION,1,1,0.25474756831866596
2024-03-26 10:00:00,RIG_DEGRADATION,10,26,1,86.39244650647325,118.29068147603209,95.0,1.544294546358282,60.09359041984165,75.89120719803874,108.13957642213018,HIGH_PRODUCTION,1,1,0.25243168133395066
2024-03-26 11:00:00,RIG_DEGRADATION,11,26,1,89.73725320314024,134.97998313415087,95.0,1.7486742321688538,66.10144242718489,81.52861117015051,110.0,HIGH_PRODUCTION,1,1,0.25011579434923625
2024-03-26 12:00:00,RIG_DEGRADATION,12,26,1,90.87810447838321,119.59325898864724,95.0,1.6581333869010122,59.52770186382317,78.83567955872506,104.92784239899221,HIGH_PRODUCTION,1,1,0.24779990736452095
2024-03-26 13:00:00,RIG_DEGRADATION,13,26,1,89.73725320314024,116.3135077552898,95.0,1.6646732264326738,60.98793636912195,76.7798143531446,110.0,HIGH_PRODUCTION,1,1,0.24548402037980566
2024-03-26 14:00:00,RIG_DEGRADATION,14,26,1,86.39244650647326,119.10258865732105,95.0,1.7036287646187018,62.038223156260806,76.35452119033276,110.0,HIGH_PRODUCTION,1,1,0.24316813339509036
2024-03-26 15:00:00,RIG_DEGRADATION,15,26,1,81.07162743720572,120.69467534523724,95.0,1.771324758396316,61.0195040937301,75.18006123275823,108.04956856054109,HIGH_PRODUCTION,1,1,0.24085224641037506
2024-03-26 16:00:00,RIG_DEGRADATION,16,26,1,74.13740102183893,111.15166740710346,95.0,1.6743541009877498,57.93644017630143,76.0915599258495,104.24299843535064,HIGH_PRODUCTION,1,1,0.23853635942565976
2024-03-26 17:00:00,RIG_DEGRADATION,17,26,1,66.06232333122918,105.29260533561462,95.0,1.7590892761818238,56.74710375695184,73.30656014089391,106.67958327842791,HIGH_PRODUCTION,1,1,0.23622047244094535
2024-03-26 18:00:00,RIG_DEGRADATION,18,26,1,57.39669756529466,93.85478749712911,94.31266994492722,1.705594110485058,50.23594315325607,69.42821383565193,107.51604997251896,HIGH_PRODUCTION,1,1,0.23390458545623005
2024-03-26 19:00:00,RIG_DEGRADATION,19,26,1,48.73107179936014,83.71628552951607,89.82036257904068,1.7087826527982326,57.485980920857344,66.27610732271185,102.93579462421575,HIGH_PRODUCTION,1,1,0.23158869847151475
2024-03-26 20:00:00,RIG_DEGRADATION,20,26,1,40.65599410875039,69.11589516338357,71.87173003898708,1.6354072858068656,48.54838381340574,63.237039196346984,85.54748303020953,HIGH_PRODUCTION,1,1,0.22927281148679945
2024-03-26 21:00:00,RIG_DEGRADATION,21,26,1,38.26446504352977,72.44983846556397,76.98255064956301,1.6241942998635275,48.54563726978433,59.39335384946975,88.83652246892723,HIGH_PRODUCTION,1,1,0.22695692450208416
2024-03-26 22:00:00,RIG_DEGRADATION,22,26,1,38.26446504352977,79.57376710194053,79.02158148602803,1.7947173753471386,47.22148002460073,63.029576007970434,94.93664532268636,STANDBY,1,1,0.22464103751736886
2024-03-26 23:00:00,RIG_DEGRADATION,23,26,1,38.26446504352977,68.05898818060852,69.15918847082528,1.7247672670669147,40.846339855139064,60.4823196510989,89.38290842474586,STANDBY,1,1,0.22232515053265445
2024-03-27 00:00:00,RIG_DEGRADATION,0,27,2,36.872674070127886,71.68403291976531,77.14459319391543,1.7276754144253927,44.0445255539496,58.20441395709548,88.09577093094887,STANDBY,1,1,0.22000926354793915
2024-03-27 01:00:00,RIG_DEGRADATION,1,27,2,36.872674070127886,73.52934293977513,74.2591817643131,1.807920927672686,45.949788384624924,59.04251683328022,89.07294500224081,STANDBY,1,1,0.21769337656322385
2024-03-27 02:00:00,RIG_DEGRADATION,2,27,2,36.872674070127886,77.68780889917691,80.2838124659009,1.8159633177913659,54.13305548417287,66.45831216651465,96.46152159135266,STANDBY,1,1,0.21537748957850855
2024-03-27 03:00:00,RIG_DEGRADATION,3,27,2,36.872674070127886,75.01390127943237,80.2339875123797,1.7376964293451913,42.78453544096193,63.85419154032983,99.09334409378084,STANDBY,1,1,0.21306160259379325
2024-03-27 04:00:00,RIG_DEGRADATION,4,27,2,39.17721619951087,78.4313101798173,78.59526859927038,1.8373241574858876,49.52855879299245,65.94455088071253,99.13782126433648,STANDBY,1,1,0.21074571560907795
2024-03-27 05:00:00,RIG_DEGRADATION,5,27,2,46.958579598635716,86.36221883334645,87.8226644232596,1.8430804992057506,56.23422273687093,64.09953690998117,108.87233617799674,STANDBY,1,1,0.20842982862436354
2024-03-27 06:00:00,RIG_DEGRADATION,6,27,2,55.30901110519182,93.86601442504796,94.3166063178548,1.9370087624802128,58.60309304926656,63.214706761503116,107.63904585614004,HIGH_PRODUCTION,1,1,0.20611394163964825
2024-03-27 07:00:00,RIG_DEGRADATION,7,27,2,63.65944261174793,108.55460735788556,95.0,1.9951406325257977,58.63858882782862,76.31629254307171,109.81113638411372,HIGH_PRODUCTION,1,1,0.20379805465493295
2024-03-27 08:00:00,RIG_DEGRADATION,8,27,2,71.44080601087278,117.81745985417585,95.0,1.9578547097092138,60.74089486528413,76.56469726113946,110.0,HIGH_PRODUCTION,1,1,0.20148216767021765
2024-03-27 09:00:00,RIG_DEGRADATION,9,27,2,78.12281424622702,126.86560709148304,95.0,2.0480257057472975,56.090217415744654,78.2604685299079,110.0,HIGH_PRODUCTION,1,1,0.19916628068550235
2024-03-27 10:00:00,RIG_DEGRADATION,10,27,2,83.250099499112,124.92022692574794,95.0,2.0510342724549835,58.89598305448755,74.1940946499015,110.0,HIGH_PRODUCTION,1,1,0.19685039370078705
2024-03-27 11:00:00,RIG_DEGRADATION,11,27,2,86.47324575278313,121.42938622918216,95.0,2.0379417968976234,57.583629852689484,75.6193230826186,110.0,HIGH_PRODUCTION,1,1,0.19453450671607264
2024-03-27 12:00:00,RIG_DEGRADATION,12,27,2,87.57260091655372,136.33803415885816,95.0,2.1916351334346755,65.04308021523275,76.14894549444192,110.0,HIGH_PRODUCTION,1,1,0.19221861973135734
2024-03-27 13:00:00,RIG_DEGRADATION,13,27,2,86.47324575278313,130.17375622046944,95.0,2.1112909851811326,59.4164973007649,74.15769426536575,110.0,HIGH_PRODUCTION,1,1,0.18990273274664204
2024-03-27 14:00:00,RIG_DEGRADATION,14,27,2,83.25009949911201,124.92017643863534,95.0,2.0597577915769776,58.09509333296498,72.75404902490385,110.0,HIGH_PRODUCTION,1,1,0.18758684576192675
2024-03-27 15:00:00,RIG_DEGRADATION,15,27,2,78.12281424622702,118.18562074423633,95.0,2.103656378705102,61.498665739084025,72.69145875589933,110.0,HIGH_PRODUCTION,1,1,0.18527095877721145
2024-03-27 16:00:00,RIG_DEGRADATION,16,27,2,71.44080601087278,112.35893733520528,95.0,2.105003334443297,56.158929418828095,70.88118236985687,110.0,HIGH_PRODUCTION,1,1,0.18295507179249704
2024-03-27 17:00:00,RIG_DEGRADATION,17,27,2,63.65944261174793,109.90402858453741,95.0,2.2122316491069167,54.04708972679113,69.86233566397,110.0,HIGH_PRODUCTION,1,1,0.18063918480778174
2024-03-27 18:00:00,RIG_DEGRADATION,18,27,2,55.30901110519183,112.84209952591355,95.0,2.1863086713746753,55.76289916662993,71.58303319156695,110.0,HIGH_PRODUCTION,1,1,0.17832329782306644
2024-03-27 19:00:00,RIG_DEGRADATION,19,27,2,46.958579598635716,94.04121490350981,94.00109393733595,2.0727799293979197,62.51823121382839,64.23112232201743,110.0,HIGH_PRODUCTION,1,1,0.17600741083835114
2024-03-27 20:00:00,RIG_DEGRADATION,20,27,2,39.17721619951089,83.89489232439291,85.5128816034868,2.1966652180172996,46.320153226587195,64.1780550560549,104.01653372232508,HIGH_PRODUCTION,1,1,0.17369152385363584
2024-03-27 21:00:00,RIG_DEGRADATION,21,27,2,36.872674070127886,92.08963298553944,92.94934737307258,2.220592153647434,58.6892319470533,70.42621388742153,110.0,HIGH_PRODUCTION,1,1,0.17137563686892054
2024-03-27 22:00:00,RIG_DEGRADATION,22,27,2,36.872674070127886,86.13115234998477,90.12225959128904,2.2051559186328866,54.65942570515643,60.70123759458364,110.0,STANDBY,1,1,0.16905974988420613
2024-03-27 23:00:00,RIG_DEGRADATION,23,27,2,36.872674070127886,83.97702684545737,84.50803548249617,2.0667588409577604,53.07506458025988,59.01792854105129,108.60074897932185,STANDBY,1,1,0.16674386289949084
2024-03-28 00:00:00,RIG_DEGRADATION,0,28,3,36.10028835127271,79.25649763735245,81.7381757750789,2.18947354529608,53.12693573991931,59.11855321203592,99.71398077722446,STANDBY,1,1,0.16442797591477554
2024-03-28 01:00:00,RIG_DEGRADATION,1,28,3,36.10028835127271,91.14012929909993,92.14446060269664,2.3382281598909316,55.93641197298321,63.97376035133028,110.0,STANDBY,1,1,0.16211208893006024
2024-03-28 02:00:00,RIG_DEGRADATION,2,28,3,36.10028835127271,78.30675149386539,87.36387209711337,2.269260316729388,51.241020811094316,54.35383898838686,106.57255219474449,STANDBY,1,1,0.15979620194534494
2024-03-28 03:00:00,RIG_DEGRADATION,3,28,3,36.10028835127271,80.31345706765678,84.95752988062029,2.18283433743575,48.17709096731564,53.79911042431384,101.31260476984929,STANDBY,1,1,0.15748031496062964
2024-03-28 04:00:00,RIG_DEGRADATION,4,28,3,38.35655637322725,86.1097362077858,94.17125832381726,2.3528437573942904,52.388603944254946,64.1775215275888,110.0,STANDBY,1,1,0.15516442797591523
2024-03-28 05:00:00,RIG_DEGRADATION,5,28,3,45.97492063778226,96.40093806436397,94.8369256876059,2.3349767566018125,55.911837556977105,66.18316116616776,110.0,STANDBY,1,1,0.15284854099119993
2024-03-28 06:00:00,RIG_DEGRADATION,6,28,3,54.15043252690906,111.21774793177983,95.0,2.412158087866578,64.70055880997913,65.02473813073894,110.0,HIGH_PRODUCTION,1,1,0.15053265400648463
2024-03-28 07:00:00,RIG_DEGRADATION,7,28,3,62.32594441603586,111.00953866218225,95.0,2.406934654587147,62.318118223448366,67.57118561671115,110.0,HIGH_PRODUCTION,1,1,0.14821676702176934
2024-03-28 08:00:00,RIG_DEGRADATION,8,28,3,69.94430868059086,116.51743130361433,95.0,2.461317258490083,60.04801307696014,73.70288794639043,110.0,HIGH_PRODUCTION,1,1,0.14590088003705404
2024-03-28 09:00:00,RIG_DEGRADATION,9,28,3,76.48634638588689,124.27792269459297,95.0,2.494179123249499,59.30026230085318,74.08800567872629,110.0,HIGH_PRODUCTION,1,1,0.14358499305233874
2024-03-28 10:00:00,RIG_DEGRADATION,10,28,3,81.50622847353647,133.36401119943181,95.0,2.486740528449378,62.42340383087132,70.82601571477741,110.0,HIGH_PRODUCTION,1,1,0.14126910606762433
2024-03-28 11:00:00,RIG_DEGRADATION,11,28,3,84.66185827501369,138.55467284887447,95.0,2.537932984955928,62.20115620705498,69.52371365536797,110.0,HIGH_PRODUCTION,1,1,0.13895321908290903
2024-03-28 12:00:00,RIG_DEGRADATION,12,28,3,85.73818483427267,130.16628974298754,95.0,2.609258072194396,60.13445221860922,70.16807511887686,110.0,HIGH_PRODUCTION,1,1,0.13663733209819373
2024-03-28 13:00:00,RIG_DEGRADATION,13,28,3,84.66185827501369,130.56025222163717,95.0,2.656977547718215,60.663311204426236,70.08518762965599,110.0,HIGH_PRODUCTION,1,1,0.13432144511347843
2024-03-28 14:00:00,RIG_DEGRADATION,14,28,3,81.50622847353648,128.440166475608,95.0,2.6253020779503684,60.104189513514186,70.00926820984037,110.0,HIGH_PRODUCTION,1,1,0.13200555812876313
2024-03-28 15:00:00,RIG_DEGRADATION,15,28,3,76.48634638588689,123.586089527584,95.0,2.574005641248746,59.09633059354797,66.06809940056029,110.0,HIGH_PRODUCTION,1,1,0.12968967114404784
2024-03-28 16:00:00,RIG_DEGRADATION,16,28,3,69.94430868059086,116.09498727926272,95.0,2.505395739170784,58.56254729840337,67.96798863623997,110.0,HIGH_PRODUCTION,1,1,0.12737378415933343
2024-03-28 17:00:00,RIG_DEGRADATION,17,28,3,62.32594441603586,115.92409766837177,95.0,2.6179690120854655,55.936794334580114,66.6503971166801,110.0,HIGH_PRODUCTION,1,1,0.12505789717461813
2024-03-28 18:00:00,RIG_DEGRADATION,18,28,3,54.150432526909064,103.94727453656695,95.0,2.576129452575468,63.57729348094694,63.32849581828012,110.0,HIGH_PRODUCTION,1,1,0.12274201018990283
2024-03-28 19:00:00,RIG_DEGRADATION,19,28,3,45.97492063778226,93.7445025727384,95.0,2.5213414261119693,50.159266491976446,66.31039090661449,110.0,HIGH_PRODUCTION,1,1,0.12042612320518753
2024-03-28 20:00:00,RIG_DEGRADATION,20,28,3,38.356556373227264,89.72324069491692,95.0,2.5370662068866974,55.997665480712584,57.068717404435695,110.0,HIGH_PRODUCTION,1,1,0.11811023622047223
2024-03-28 21:00:00,RIG_DEGRADATION,21,28,3,36.10028835127271,92.69618276397253,95.0,2.555958395991481,51.93733350851581,60.5801741494369,110.0,HIGH_PRODUCTION,1,1,0.11579434923575693
2024-03-28 22:00:00,RIG_DEGRADATION,22,28,3,36.10028835127271,82.660720607431,89.6591470724336,2.5512453760255833,52.12974292492815,45.738444943513045,110.0,STANDBY,1,1,0.11347846225104252
2024-03-28 23:00:00,RIG_DEGRADATION,23,28,3,36.10028835127271,83.4631280411855,87.12427533298049,2.6240523792800543,53.235034260762596,54.518095979100494,110.0,STANDBY,1,1,0.11116257526632722
2024-03-29 00:00:00,RIG_DEGRADATION,0,29,4,36.10028835127271,82.62717294719884,85.27839817122474,2.5340831991806216,48.438181467530214,59.25653654043278,110.0,STANDBY,1,1,0.10884668828161193
2024-03-29 01:00:00,RIG_DEGRADATION,1,29,4,36.10028835127271,83.46940715548651,90.95567677999449,2.635311041009163,55.41559640994769,51.35448297105529,110.0,STANDBY,1,1,0.10653080129689663
2024-03-29 02:00:00,RIG_DEGRADATION,2,29,4,36.10028835127271,92.83410692682247,95.0,2.7326412205990835,56.547667106407076,61.715212158461554,110.0,STANDBY,1,1,0.10421491431218133
2024-03-29 03:00:00,RIG_DEGRADATION,3,29,4,36.10028835127271,90.58831249113891,95.0,2.7411908217276344,51.29297667576246,57.30907748871458,110.0,STANDBY,1,1,0.10189902732746692
2024-03-29 04:00:00,RIG_DEGRADATION,4,29,4,38.35655637322725,88.87614787873156,95.0,2.753886116583165,52.59896038604161,50.943255853865644,110.0,STANDBY,1,1,0.09958314034275162
2024-03-29 05:00:00,RIG_DEGRADATION,5,29,4,45.97492063778226,99.30508892711413,95.0,2.6970683427438997,51.207822527035795,61.85191021203188,110.0,STANDBY,1,1,0.09726725335803632
2024-03-29 06:00:00,RIG_DEGRADATION,6,29,4,54.15043252690906,107.85072098785022,95.0,2.7627146571071464,56.924666645307155,62.28318190206811,110.0,HIGH_PRODUCTION,1,1,0.09495136637332102
2024-03-29 07:00:00,RIG_DEGRADATION,7,29,4,62.32594441603586,122.3816817063352,95.0,2.986323384487242,61.454295301140974,63.8691734762226,110.0,HIGH_PRODUCTION,1,1,0.09263547938860572
2024-03-29 08:00:00,RIG_DEGRADATION,8,29,4,69.94430868059086,122.68229712822064,95.0,2.8059677711233384,57.13160930102591,67.19621648460497,110.0,HIGH_PRODUCTION,1,1,0.09031959240389043
2024-03-29 09:00:00,RIG_DEGRADATION,9,29,4,76.48634638588689,130.4565415949243,95.0,3.0364428113603736,63.989956455233596,67.81690916134988,110.0,HIGH_PRODUCTION,1,1,0.08800370541917601
2024-03-29 10:00:00,RIG_DEGRADATION,10,29,4,81.50622847353647,136.09877591004135,95.0,2.8873414286884764,63.38897739216519,69.24879177003503,110.0,HIGH_PRODUCTION,1,1,0.08568781843446072
2024-03-29 11:00:00,RIG_DEGRADATION,11,29,4,84.66185827501369,141.94503843025143,95.0,2.99411690006361,62.403561581768535,70.37671723694896,110.0,HIGH_PRODUCTION,1,1,0.08337193144974542
2024-03-29 12:00:00,RIG_DEGRADATION,12,29,4,85.73818483427267,140.85701243984923,95.0,3.049073737571814,69.45728229877821,67.86324414708538,110.0,HIGH_PRODUCTION,1,1,0.08105604446503012
2024-03-29 13:00:00,RIG_DEGRADATION,13,29,4,84.66185827501369,138.97637708837186,95.0,2.9861538960682585,68.32554953302709,66.79559147179752,110.0,HIGH_PRODUCTION,1,1,0.07874015748031482
2024-03-29 14:00:00,RIG_DEGRADATION,14,29,4,81.50622847353648,122.35727040231684,95.0,2.999570473581106,65.0011495030371,67.65357933656398,110.0,HIGH_PRODUCTION,1,1,0.07642427049559952
2024-03-29 15:00:00,RIG_DEGRADATION,15,29,4,76.48634638588689,130.74600158825382,95.0,2.976394248708008,64.06036920738369,63.71764984553504,110.0,HIGH_PRODUCTION,1,1,0.07410838351088511
2024-03-29 16:00:00,RIG_DEGRADATION,16,29,4,69.94430868059086,121.74050893563354,95.0,3.039591623530587,62.788626480720175,60.88264403803666,110.0,HIGH_PRODUCTION,1,1,0.07179249652616981
2024-03-29 17:00:00,RIG_DEGRADATION,17,29,4,62.32594441603586,107.54235792865794,95.0,2.9599497471382055,61.89345845303481,57.65957524657257,110.0,HIGH_PRODUCTION,1,1,0.06947660954145451
2024-03-29 18:00:00,RIG_DEGRADATION,18,29,4,54.150432526909064,104.43323830093091,95.0,3.059388066550249,49.55915377172944,59.97001870532303,110.0,HIGH_PRODUCTION,1,1,0.06716072255673922
2024-03-29 19:00:00,RIG_DEGRADATION,19,29,4,45.97492063778226,98.69405800458006,95.0,3.0138928852744105,48.17610575944855,53.36403375477449,110.0,HIGH_PRODUCTION,1,1,0.06484483557202392
2024-03-29 20:00:00,RIG_DEGRADATION,20,29,4,38.356556373227264,99.2248179383345,95.0,3.0139715492372567,61.92507649353663,52.8253105083526,110.0,HIGH_PRODUCTION,1,1,0.06252894858730862
2024-03-29 21:00:00,RIG_DEGRADATION,21,29,4,36.10028835127271,90.15482291866894,95.0,3.005444817758286,49.6920500122675,52.605440534351004,110.0,HIGH_PRODUCTION,1,1,0.06021306160259421
2024-03-29 22:00:00,RIG_DEGRADATION,22,29,4,36.10028835127271,93.16364808283942,95.0,3.0745200667019104,54.84577642953578,53.34494579533198,110.0,STANDBY,1,1,0.05789717461787891
2024-03-29 23:00:00,RIG_DEGRADATION,23,29,4,36.10028835127271,92.84469995886468,95.0,3.062958161461516,58.77837659775067,53.97763356456807,110.0,STANDBY,1,1,0.05558128763316361
2024-03-30 00:00:00,RIG_DEGRADATION,0,30,5,36.872674070127886,102.3302550941344,95.0,3.1135178695605203,52.38440601332186,56.72193375619224,110.0,STANDBY,1,1,0.05326540064844831
2024-03-30 01:00:00,RIG_DEGRADATION,1,30,5,36.872674070127886,95.12736434263948,95.0,3.0863290931410186,53.73539783609602,52.635807258433644,110.0,STANDBY,1,1,0.050949513663733015
2024-03-30 02:00:00,RIG_DEGRADATION,2,30,5,36.872674070127886,111.50460630970585,95.0,3.1816743772693123,56.4689053722089,58.6216863593935,110.0,STANDBY,1,1,0.048633626679017716
2024-03-30 03:00:00,RIG_DEGRADATION,3,30,5,36.872674070127886,105.23115170176132,95.0,3.1941245271347523,56.06740430487054,55.842056347175046,110.0,STANDBY,1,1,0.046317739694303306
2024-03-30 04:00:00,RIG_DEGRADATION,4,30,5,39.17721619951087,99.52073964244133,95.0,3.1670372043193944,54.90997734804751,54.170449511714864,110.0,STANDBY,1,1,0.04400185270958801
2024-03-30 05:00:00,RIG_DEGRADATION,5,30,5,46.958579598635716,111.82921567501188,95.0,3.246524510387338,63.67480413458248,57.39192893175226,110.0,STANDBY,1,1,0.04168596572487271
2024-03-30 06:00:00,RIG_DEGRADATION,6,30,5,55.30901110519182,119.8334160510131,95.0,3.1831782372619575,60.7979136267399,62.26774227691714,110.0,HIGH_PRODUCTION,1,1,0.03937007874015741
2024-03-30 07:00:00,RIG_DEGRADATION,7,30,5,63.65944261174793,124.1564055946144,95.0,3.1995051578429567,58.98101849786678,62.57343033173572,110.0,HIGH_PRODUCTION,1,1,0.03705419175544211
2024-03-30 08:00:00,RIG_DEGRADATION,8,30,5,71.44080601087278,125.5146220567585,95.0,3.3371106794522083,61.60523357882523,67.17441378154894,110.0,HIGH_PRODUCTION,1,1,0.03473830477072681
2024-03-30 09:00:00,RIG_DEGRADATION,9,30,5,78.12281424622702,143.305558886639,95.0,3.3603535110899747,72.86636903031,66.03430532977828,110.0,HIGH_PRODUCTION,1,1,0.0324224177860124
2024-03-30 10:00:00,RIG_DEGRADATION,10,30,5,83.250099499112,150.0,95.0,3.3854460772161246,65.0624446423746,67.30789527329424,110.0,HIGH_PRODUCTION,1,1,0.030106530801297104
2024-03-30 11:00:00,RIG_DEGRADATION,11,30,5,86.47324575278313,150.0,95.0,3.4409485641124515,62.563442286229495,64.55159448556738,110.0,HIGH_PRODUCTION,1,1,0.027790643816581806
2024-03-30 12:00:00,RIG_DEGRADATION,12,30,5,87.57260091655372,149.11797343674962,95.0,3.509754400099285,66.0661517646572,69.2575761504693,110.0,HIGH_PRODUCTION,1,1,0.025474756831866507
2024-03-30 13:00:00,RIG_DEGRADATION,13,30,5,86.47324575278313,147.50818387228102,95.0,3.4443830638575808,63.154623113243105,68.01435543389542,110.0,HIGH_PRODUCTION,1,1,0.02315886984715121
2024-03-30 14:00:00,RIG_DEGRADATION,14,30,5,83.25009949911201,145.907662353248,95.0,3.491045169489921,66.60434972376248,60.674862543870255,110.0,HIGH_PRODUCTION,1,1,0.0208429828624368
2024-03-30 15:00:00,RIG_DEGRADATION,15,30,5,78.12281424622702,134.8649919063311,95.0,3.4304391780495997,62.95746763348936,66.07986479850148,110.0,HIGH_PRODUCTION,1,1,0.0185270958777215
2024-03-30 16:00:00,RIG_DEGRADATION,16,30,5,71.44080601087278,137.54791333271967,95.0,3.4373777288796177,64.95116628635826,64.8883458044368,110.0,HIGH_PRODUCTION,1,1,0.0162112088930062
2024-03-30 17:00:00,RIG_DEGRADATION,17,30,5,63.65944261174793,122.40467199907522,95.0,3.470506176219169,56.91326222761939,55.28520925342465,110.0,HIGH_PRODUCTION,1,1,0.013895321908290903
2024-03-30 18:00:00,RIG_DEGRADATION,18,30,5,55.30901110519183,122.42564107029767,95.0,3.397070440483116,55.9758311661786,54.43460274499907,110.0,HIGH_PRODUCTION,1,1,0.011579434923575604
2024-03-30 19:00:00,RIG_DEGRADATION,19,30,5,46.958579598635716,109.1984230868614,95.0,3.3859020369062107,51.78921713049901,51.397852178948625,110.0,HIGH_PRODUCTION,1,1,0.009263547938860306
2024-03-30 20:00:00,RIG_DEGRADATION,20,30,5,39.17721619951089,98.73044900603537,95.0,3.390730821377475,52.10997577472444,54.92112358019024,110.0,HIGH_PRODUCTION,1,1,0.006947660954145896
2024-03-30 21:00:00,RIG_DEGRADATION,21,30,5,36.872674070127886,92.6402671404085,95.0,3.424404292377513,59.959133352797,50.91054953316482,110.0,HIGH_PRODUCTION,1,1,0.004631773969430597
2024-03-30 22:00:00,RIG_DEGRADATION,22,30,5,36.872674070127886,99.71851854108974,95.0,3.4699144787013516,55.45149287602526,50.17319946185137,110.0,STANDBY,1,1,0.0023158869847152985
2024-03-30 23:00:00,RIG_DEGRADATION,23,30,5,36.872674070127886,101.04324646149526,95.0,3.5307020038192336,58.285145169979245,49.37579539847616,110.0,STANDBY,1,1,0.0
