timestamp,rig_id,hour,day,day_of_week,base_load,power_consumption,temperature,vibration,pressure,flow_rate,bearing_temperature,operational_mode,failure_indicator,failure_flag,estimated_rul
2024-01-01 00:00:00,RIG_NORMAL,0,1,0,40.0,32.86746042511091,43.5571941127153,0.4672482538263956,41.901831650425365,60.334458967751615,53.397454240524624,STANDBY,0,0,60.0
2024-01-01 01:00:00,RIG_NORMAL,1,1,0,40.0,39.46590634463587,43.78528188892113,0.3855191328512235,39.89847886485834,62.138777436085846,43.58061526540453,STANDBY,0,0,60.06949270326616
2024-01-01 02:00:00,RIG_NORMAL,2,1,0,40.0,44.74645801677217,49.33229563216498,0.45296746977845753,44.207474704625106,64.97636186788408,55.05987032795352,STANDBY,0,0,60.13898540653231
2024-01-01 03:00:00,RIG_NORMAL,3,1,0,40.0,44.712370086870685,51.249507982227776,0.364151951002279,39.06251682703091,58.86332927701732,59.42711278528689,STANDBY,0,0,60.20847810979847
2024-01-01 04:00:00,RIG_NORMAL,4,1,0,42.5,28.763846845805777,41.10922436183994,0.4586579245182205,34.06346082763074,59.623749915408496,47.24860703890496,STANDBY,0,0,60.27797081306463
2024-01-01 05:00:00,RIG_NORMAL,5,1,0,50.94133342141177,47.881068611122956,55.30122903662523,0.3788557235093333,45.74721744037312,63.85010754795804,63.997405442469045,STANDBY,0,0,60.347463516330784
2024-01-01 06:00:00,RIG_NORMAL,6,1,0,60.0,59.359767916067455,63.98430488832174,0.4634330263675585,45.88552779175801,68.4014288880597,70.91559634968877,HIGH_PRODUCTION,0,0,60.41695621959694
2024-01-01 07:00:00,RIG_NORMAL,7,1,0,69.05866657858823,72.97952930202405,76.79798675650156,0.6031286981516252,50.37483316510705,74.09540213152304,83.51592606819028,HIGH_PRODUCTION,0,0,60.4864489228631
2024-01-01 08:00:00,RIG_NORMAL,8,1,0,77.5,81.4719377577035,83.37738216456918,0.47451479480604,49.07664103042259,72.2315370547312,84.61911189666596,HIGH_PRODUCTION,0,0,60.555941626129254
2024-01-01 09:00:00,RIG_NORMAL,9,1,0,84.74873734152916,80.90901261858953,84.32297282510444,0.5288256801767656,50.05287474237365,75.56870542463828,91.27402510842687,HIGH_PRODUCTION,0,0,60.62543432939541
2024-01-01 10:00:00,RIG_NORMAL,10,1,0,90.31088913245534,97.22946419721457,93.8951378645983,0.5638907216159658,56.80504741646167,81.67521152240217,102.60056543661278,HIGH_PRODUCTION,0,0,60.69492703266157
2024-01-01 11:00:00,RIG_NORMAL,11,1,0,93.8074039201174,93.18274043525756,93.58458209727675,0.6228379422527272,50.74360268163017,78.88463256943209,98.70585512176437,HIGH_PRODUCTION,0,0,60.764419735927724
2024-01-01 12:00:00,RIG_NORMAL,12,1,0,95.0,96.26180948138504,95.0,0.559405626066991,54.74782699173169,74.48831742199359,101.56509813809642,HIGH_PRODUCTION,0,0,60.83391243919389
2024-01-01 13:00:00,RIG_NORMAL,13,1,0,93.8074039201174,96.90263602814204,95.0,0.6332420977309348,56.91128988327284,73.36365038291639,96.64678766983263,HIGH_PRODUCTION,0,0,60.903405142460045
2024-01-01 14:00:00,RIG_NORMAL,14,1,0,90.31088913245536,89.27022290557005,91.78669001594977,0.5383423333433262,51.604968098481606,80.40320056695872,97.00408881834805,HIGH_PRODUCTION,0,0,60.9728978457262
2024-01-01 15:00:00,RIG_NORMAL,15,1,0,84.74873734152916,90.89777944626748,88.65695295276898,0.5685457601849857,54.983908396760825,78.4452920644178,95.1482457747715,HIGH_PRODUCTION,0,0,61.04239054899236
2024-01-01 16:00:00,RIG_NORMAL,16,1,0,77.5,75.47596879939603,80.59498749833848,0.6195907784016154,47.540457042236774,69.7443384581033,82.66670092490985,HIGH_PRODUCTION,0,0,61.111883252258515
2024-01-01 17:00:00,RIG_NORMAL,17,1,0,69.05866657858823,71.65004585681584,75.79476993916882,0.5099733551604941,49.302693396037,69.76181953567679,79.92267808361765,HIGH_PRODUCTION,0,0,61.18137595552467
2024-01-01 18:00:00,RIG_NORMAL,18,1,0,60.00000000000001,60.537353316190845,65.24721360690441,0.5645013980890897,43.79973558525184,67.57374751691945,72.48318488781527,HIGH_PRODUCTION,0,0,61.25086865879083
2024-01-01 19:00:00,RIG_NORMAL,19,1,0,50.94133342141177,50.03596876940689,58.87612441418262,0.4809591514544508,38.73204192903634,69.37395224461491,66.18828623980286,HIGH_PRODUCTION,0,0,61.320361362056985
2024-01-01 20:00:00,RIG_NORMAL,20,1,0,42.500000000000014,37.63238922577337,47.78718135824007,0.46547062535414824,42.07160733331976,63.38164586440698,49.212178718830955,HIGH_PRODUCTION,0,0,61.38985406532314
2024-01-01 21:00:00,RIG_NORMAL,21,1,0,40.0,50.65988803443735,52.893232319409165,0.4649900890991622,43.92008640190259,64.9057285705183,58.34955804170234,HIGH_PRODUCTION,0,0,61.4593467685893
2024-01-01 22:00:00,RIG_NORMAL,22,1,0,40.0,37.386922381338245,47.29058997848952,0.3530339323054889,40.712503773035564,63.10517118808247,50.81745842839528,STANDBY,0,0,61.528839471855456
2024-01-01 23:00:00,RIG_NORMAL,23,1,0,40.0,32.36242936402297,44.331357366694,0.27076642523483613,39.63883998784053,65.66367027033553,48.14742483245363,STANDBY,0,0,61.59833217512161
2024-01-02 00:00:00,RIG_NORMAL,0,2,1,38.26446504352977,37.77048805323846,44.95234165330689,0.36147914506448076,40.97421413012755,58.140182619849064,49.42201562035154,STANDBY,0,0,61.66782487838777
2024-01-02 01:00:00,RIG_NORMAL,1,2,1,38.26446504352977,36.22525334992545,41.62223853333451,0.4451111308886731,39.44587422940627,64.99786256707439,48.80617527852167,STANDBY,0,0,61.737317581653926
2024-01-02 02:00:00,RIG_NORMAL,2,2,1,38.26446504352977,43.08788999504033,49.17491313977027,0.4010858980319884,40.409230266856554,58.5930100165304,57.65071457477316,STANDBY,0,0,61.80681028492008
2024-01-02 03:00:00,RIG_NORMAL,3,2,1,38.26446504352977,42.68313118293003,46.19438963314523,0.3461130718634651,39.33477450626359,62.417713153605874,50.28972228381685,STANDBY,0,0,61.87630298818624
2024-01-02 04:00:00,RIG_NORMAL,4,2,1,40.65599410875038,33.50701405726405,47.84352281019725,0.3178951810802622,42.81572165606334,57.83989578058551,47.825143188220736,STANDBY,0,0,61.945795691452396
2024-01-02 05:00:00,RIG_NORMAL,5,2,1,48.73107179936014,49.81359684945345,57.6595738232711,0.5674125046515869,40.87297384019726,67.1318075525996,62.078850391962625,STANDBY,0,0,62.01528839471855
2024-01-02 06:00:00,RIG_NORMAL,6,2,1,57.39669756529465,53.59971865512246,61.56519976584799,0.4860045850686074,41.34926485647934,70.79481446380183,63.48712227128496,HIGH_PRODUCTION,0,0,62.08478109798471
2024-01-02 07:00:00,RIG_NORMAL,7,2,1,66.06232333122918,59.863243616793405,70.61784923411722,0.547231740012555,45.105560540628794,70.67269885793132,80.70947069565239,HIGH_PRODUCTION,0,0,62.154273801250866
2024-01-02 08:00:00,RIG_NORMAL,8,2,1,74.13740102183893,65.43921129688069,70.06249089601437,0.4791565584388259,46.561038689182105,64.00967329800073,75.95252683069994,HIGH_PRODUCTION,0,0,62.22376650451702
2024-01-02 09:00:00,RIG_NORMAL,9,2,1,81.07162743720572,80.80903261078713,81.16152017192654,0.608133879780542,51.935369409901774,76.97638364426041,87.02966419016113,HIGH_PRODUCTION,0,0,62.29325920778318
2024-01-02 10:00:00,RIG_NORMAL,10,2,1,86.39244650647325,86.3586748023999,88.28959765760172,0.6170916868022458,49.77153250250544,77.39967028335883,90.85612239510196,HIGH_PRODUCTION,0,0,62.36275191104934
2024-01-02 11:00:00,RIG_NORMAL,11,2,1,89.73725320314024,81.54946004658477,88.76467377404933,0.6486341463860844,52.65201668722258,76.15339274731696,89.9730790104199,HIGH_PRODUCTION,0,0,62.43224461431549
2024-01-02 12:00:00,RIG_NORMAL,12,2,1,90.87810447838321,98.37251519104427,95.0,0.6256320070130964,52.884788361109614,74.85034530513515,103.06461955267014,HIGH_PRODUCTION,0,0,62.50173731758166
2024-01-02 13:00:00,RIG_NORMAL,13,2,1,89.73725320314024,86.25941940408373,91.41721329799519,0.6171460729673518,46.97387913178626,75.61147243271772,97.79732186790872,HIGH_PRODUCTION,0,0,62.571230020847814
2024-01-02 14:00:00,RIG_NORMAL,14,2,1,86.39244650647326,79.99117418336589,83.58401487017825,0.5532955008778278,52.992476245525594,71.52379765127557,88.3363942608928,HIGH_PRODUCTION,0,0,62.64072272411397
2024-01-02 15:00:00,RIG_NORMAL,15,2,1,81.07162743720572,83.63700041173004,89.11555980122621,0.5376239036338974,49.73307896756261,78.5054917767317,98.56663079116157,HIGH_PRODUCTION,0,0,62.71021542738013
2024-01-02 16:00:00,RIG_NORMAL,16,2,1,74.13740102183893,59.02775239872291,71.07738697191206,0.5552445360780291,44.92560281111489,63.93869614766172,74.36921652875904,HIGH_PRODUCTION,0,0,62.779708130646284
2024-01-02 17:00:00,RIG_NORMAL,17,2,1,66.06232333122918,60.44991787628948,65.75540194156606,0.5372658184003246,46.90286372850649,66.57673728899474,76.31124187261442,HIGH_PRODUCTION,0,0,62.84920083391244
2024-01-02 18:00:00,RIG_NORMAL,18,2,1,57.39669756529466,63.82968504712731,65.69040013346977,0.5254814997623768,47.23225434610352,64.57325690830419,70.63893557033202,HIGH_PRODUCTION,0,0,62.9186935371786
2024-01-02 19:00:00,RIG_NORMAL,19,2,1,48.73107179936014,53.34719198296418,62.548763356979826,0.48114771087930364,40.304485716885665,70.26380283925698,66.78521331494919,HIGH_PRODUCTION,0,0,62.988186240444755
2024-01-02 20:00:00,RIG_NORMAL,20,2,1,40.65599410875039,36.42862154408843,45.38241484790606,0.39894753122396476,34.72698817060191,57.3195996438474,50.28508742401173,HIGH_PRODUCTION,0,0,63.05767894371091
2024-01-02 21:00:00,RIG_NORMAL,21,2,1,38.26446504352977,45.64566518731067,50.18535372214521,0.4469330696259197,41.038593174541255,57.810939696009825,52.684410264778236,HIGH_PRODUCTION,0,0,63.12717164697707
2024-01-02 22:00:00,RIG_NORMAL,22,2,1,38.26446504352977,38.72088121350336,48.15933591564805,0.4263093969036353,44.23153690130755,64.75163240708916,56.150195121223845,STANDBY,0,0,63.196664350243225
2024-01-02 23:00:00,RIG_NORMAL,23,2,1,38.26446504352977,38.299612320351486,45.76949588097537,0.4240824322455906,37.92231926781678,63.32093697067878,52.31142840111444,STANDBY,0,0,63.26615705350938
2024-01-03 00:00:00,RIG_NORMAL,0,3,2,36.872674070127886,36.564803728370634,46.182852476438235,0.42025659733523685,38.176348103296334,58.63591802149219,53.84944881597732,STANDBY,0,0,63.33564975677554
2024-01-03 01:00:00,RIG_NORMAL,1,3,2,36.872674070127886,44.37717760777842,48.78010254411769,0.41133653915535884,44.22479240398405,61.26971749679528,50.46785970083288,STANDBY,0,0,63.405142460041695
2024-01-03 02:00:00,RIG_NORMAL,2,3,2,36.872674070127886,42.48028957739355,50.725765119357646,0.39532278980230146,40.889145991852104,65.85783302082368,56.706318001725705,STANDBY,0,0,63.47463516330785
2024-01-03 03:00:00,RIG_NORMAL,3,3,2,36.872674070127886,45.4062577327334,47.37451042044553,0.521040169327355,44.386210364231175,56.590361746160816,50.25543875637255,STANDBY,0,0,63.54412786657401
2024-01-03 04:00:00,RIG_NORMAL,4,3,2,39.17721619951087,45.9043501729531,52.971336916791614,0.46216767253733687,44.059826480009626,59.890935880692716,57.76725710003251,STANDBY,0,0,63.613620569840165
2024-01-03 05:00:00,RIG_NORMAL,5,3,2,46.958579598635716,52.0573875071165,60.03657656449162,0.4416664975798489,44.56871057710547,66.89882995856688,61.200416700604364,STANDBY,0,0,63.68311327310632
2024-01-03 06:00:00,RIG_NORMAL,6,3,2,55.30901110519182,54.7935848917898,64.90126323251341,0.5387533359653537,42.73555970070439,64.57005432962242,67.38646266382497,HIGH_PRODUCTION,0,0,63.75260597637248
2024-01-03 07:00:00,RIG_NORMAL,7,3,2,63.65944261174793,66.76598946414286,70.06320148742702,0.6191783191308029,44.981144858917325,71.41255391958113,78.21343666866277,HIGH_PRODUCTION,0,0,63.822098679638636
2024-01-03 08:00:00,RIG_NORMAL,8,3,2,71.44080601087278,72.65068697825197,78.25225289473352,0.5360059497247759,47.37807209280416,75.41389353355214,84.93256023603846,HIGH_PRODUCTION,0,0,63.89159138290479
2024-01-03 09:00:00,RIG_NORMAL,9,3,2,78.12281424622702,76.10650632091222,81.45169363734564,0.7197256365706316,46.38990181475906,75.98636842231127,84.54309950598402,HIGH_PRODUCTION,0,0,63.96108408617095
2024-01-03 10:00:00,RIG_NORMAL,10,3,2,83.250099499112,90.29736100377806,89.66236881061319,0.5248971712747142,51.243034651310936,78.78811146033206,92.64189344946153,HIGH_PRODUCTION,0,0,64.0305767894371
2024-01-03 11:00:00,RIG_NORMAL,11,3,2,86.47324575278313,86.04054959244517,91.17263875817301,0.6351147701677403,49.19189933665264,73.52369319271472,92.77592427609423,HIGH_PRODUCTION,0,0,64.10006949270327
2024-01-03 12:00:00,RIG_NORMAL,12,3,2,87.57260091655372,86.84448338052908,90.668506978569,0.4637976926988263,52.180271454663206,79.84304824307577,93.66311604420879,HIGH_PRODUCTION,0,0,64.16956219596942
2024-01-03 13:00:00,RIG_NORMAL,13,3,2,86.47324575278313,83.41435211190331,87.85894068006745,0.5402220666990333,51.41513029551551,72.93562680398398,90.08730710587457,HIGH_PRODUCTION,0,0,64.23905489923558
2024-01-03 14:00:00,RIG_NORMAL,14,3,2,83.25009949911201,77.35297631982955,81.08686108671212,0.4818647755343962,48.54734371911307,74.39167358315999,90.10873010713325,HIGH_PRODUCTION,0,0,64.30854760250173
2024-01-03 15:00:00,RIG_NORMAL,15,3,2,78.12281424622702,78.3395117835276,84.86384961352006,0.4769406414701551,50.19111262347623,76.60399337677134,89.48094558070585,HIGH_PRODUCTION,0,0,64.3780403057679
2024-01-03 16:00:00,RIG_NORMAL,16,3,2,71.44080601087278,75.99489057787278,80.0150876414891,0.5196898945367722,47.65072597919605,75.04322385195215,83.13605723152179,HIGH_PRODUCTION,0,0,64.44753300903405
2024-01-03 17:00:00,RIG_NORMAL,17,3,2,63.65944261174793,55.722805476572134,62.51394210548421,0.48196744661310054,46.902448888033206,64.67786268894592,68.95078036786121,HIGH_PRODUCTION,0,0,64.51702571230021
2024-01-03 18:00:00,RIG_NORMAL,18,3,2,55.30901110519183,59.40668011729388,69.37237125285195,0.4118453894532,45.24095185743406,65.68300704050233,73.98496922765757,HIGH_PRODUCTION,0,0,64.58651841556636
2024-01-03 19:00:00,RIG_NORMAL,19,3,2,46.958579598635716,44.285132636620595,51.40075191075787,0.44039581194937616,39.71336020043611,64.77085353809068,56.39952104052138,HIGH_PRODUCTION,0,0,64.65601111883252
2024-01-03 20:00:00,RIG_NORMAL,20,3,2,39.17721619951089,41.95868201543361,50.86842182666026,0.4750668136271923,38.09012576662415,58.9695162342619,56.387803795494015,HIGH_PRODUCTION,0,0,64.72550382209867
2024-01-03 21:00:00,RIG_NORMAL,21,3,2,36.872674070127886,35.17531148641527,43.011955037249294,0.47167288249969574,40.05675131044226,57.57555347710884,46.21492347896597,HIGH_PRODUCTION,0,0,64.79499652536484
2024-01-03 22:00:00,RIG_NORMAL,22,3,2,36.872674070127886,43.53034956327729,47.67417351866089,0.4900836271160511,42.57873389635638,62.77796107091662,54.9042223470383,STANDBY,0,0,64.86448922863099
2024-01-03 23:00:00,RIG_NORMAL,23,3,2,36.872674070127886,46.83001046170431,47.03674709890905,0.46717800890998423,42.82947151171468,63.28311352885522,52.118684898707905,STANDBY,0,0,64.93398193189715
2024-01-04 00:00:00,RIG_NORMAL,0,4,3,36.10028835127271,31.896091056606757,43.82991916285074,0.3532201232009492,39.92451322007871,57.63005767336632,46.991153565941026,STANDBY,0,0,65.00347463516331
2024-01-04 01:00:00,RIG_NORMAL,1,4,3,36.10028835127271,41.84486656729581,48.85766042659248,0.4764309704492959,40.379822383349364,52.81210742258597,55.835992397059655,STANDBY,0,0,65.07296733842946
2024-01-04 02:00:00,RIG_NORMAL,2,4,3,36.10028835127271,35.412256233289455,46.000226489058214,0.38909091636453,40.27437034037938,60.21727847485987,52.15711940067423,STANDBY,0,0,65.14246004169563
2024-01-04 03:00:00,RIG_NORMAL,3,4,3,36.10028835127271,38.038104720783785,46.62842730286997,0.36666069054941314,39.540368279504975,65.54340546545394,51.8108234852066,STANDBY,0,0,65.21195274496178
2024-01-04 04:00:00,RIG_NORMAL,4,4,3,38.35655637322725,43.49266352611025,53.39530872103402,0.4158806425580259,38.81799053869221,63.5884927658674,53.064728305556145,STANDBY,0,0,65.28144544822794
2024-01-04 05:00:00,RIG_NORMAL,5,4,3,45.97492063778226,40.64695150955347,50.8208656076923,0.4454266788023701,37.76040877611478,64.91626230795332,57.72769446830377,STANDBY,0,0,65.35093815149409
2024-01-04 06:00:00,RIG_NORMAL,6,4,3,54.15043252690906,53.76600698412767,65.41853300938803,0.49074213838649783,41.10036825358907,63.97252424186562,68.27766992875851,HIGH_PRODUCTION,0,0,65.42043085476026
2024-01-04 07:00:00,RIG_NORMAL,7,4,3,62.32594441603586,63.6153526000653,72.03073008449795,0.508137397631108,41.64455654158667,68.44600440000399,77.29712684478716,HIGH_PRODUCTION,0,0,65.4899235580264
2024-01-04 08:00:00,RIG_NORMAL,8,4,3,69.94430868059086,77.30329063729668,83.20369578350638,0.6202085263620913,45.88877611721629,68.85412120812563,88.3575208632207,HIGH_PRODUCTION,0,0,65.55941626129257
2024-01-04 09:00:00,RIG_NORMAL,9,4,3,76.48634638588689,79.63429544635122,87.60439759188922,0.6062006500916631,49.855799634653394,80.66150633567426,92.3850786455578,HIGH_PRODUCTION,0,0,65.62890896455872
2024-01-04 10:00:00,RIG_NORMAL,10,4,3,81.50622847353647,81.48442367431895,84.07824596604695,0.6087188791899188,46.16490446026141,71.20220222411352,88.01394176775884,HIGH_PRODUCTION,0,0,65.69840166782488
2024-01-04 11:00:00,RIG_NORMAL,11,4,3,84.66185827501369,85.11366881945447,86.91512306459727,0.533798951450329,49.139681710635934,80.67239849995767,93.10540465500223,HIGH_PRODUCTION,0,0,65.76789437109103
2024-01-04 12:00:00,RIG_NORMAL,12,4,3,85.73818483427267,98.16211537711264,94.92008284306307,0.5880681746895124,53.58729636834473,85.29053138503866,99.30231094717402,HIGH_PRODUCTION,0,0,65.8373870743572
2024-01-04 13:00:00,RIG_NORMAL,13,4,3,84.66185827501369,89.21472277931815,92.00464649695896,0.559919777006106,53.70057808616788,75.7070992878747,95.05924141739612,HIGH_PRODUCTION,0,0,65.90687977762335
2024-01-04 14:00:00,RIG_NORMAL,14,4,3,81.50622847353648,85.20831301249102,86.8018177511972,0.6473145763995067,55.74229715526984,75.9029238417259,93.33064072224936,HIGH_PRODUCTION,0,0,65.97637248088951
2024-01-04 15:00:00,RIG_NORMAL,15,4,3,76.48634638588689,84.62132113012574,84.78385237978516,0.5049207195275208,50.78789990370591,76.2336103519313,90.56992305192205,HIGH_PRODUCTION,0,0,66.04586518415566
2024-01-04 16:00:00,RIG_NORMAL,16,4,3,69.94430868059086,80.16054348253263,82.48934447647,0.5641421857558402,47.859440117606425,78.05084228015957,87.1426912581323,HIGH_PRODUCTION,0,0,66.11535788742182
2024-01-04 17:00:00,RIG_NORMAL,17,4,3,62.32594441603586,61.64429941883406,66.82049766423631,0.5165273949785549,44.6278100044876,68.35419719281214,66.09478847915322,HIGH_PRODUCTION,0,0,66.18485059068797
2024-01-04 18:00:00,RIG_NORMAL,18,4,3,54.150432526909064,60.80791124274861,68.88274447942163,0.554113760424639,47.89395749053752,71.3083157481585,72.35828255711094,HIGH_PRODUCTION,0,0,66.25434329395414
2024-01-04 19:00:00,RIG_NORMAL,19,4,3,45.97492063778226,53.12569188823585,53.795514832591856,0.5714023273384264,45.585405752878955,61.9069735503778,57.155425169898585,HIGH_PRODUCTION,0,0,66.32383599722029
2024-01-04 20:00:00,RIG_NORMAL,20,4,3,38.356556373227264,38.39689468814558,47.29038825963057,0.4479048881451285,42.32871705773771,61.565753654253314,51.67915749108076,HIGH_PRODUCTION,0,0,66.39332870048645
2024-01-04 21:00:00,RIG_NORMAL,21,4,3,36.10028835127271,40.61305273770117,47.79138674195153,0.4655251756001155,42.77217178391976,56.83555350563464,48.363138898296796,HIGH_PRODUCTION,0,0,66.4628214037526
2024-01-04 22:00:00,RIG_NORMAL,22,4,3,36.10028835127271,35.745320697756384,46.11899908535048,0.4397487108143064,36.834905240830075,58.99679808471848,49.573936218255405,STANDBY,0,0,66.53231410701876
2024-01-04 23:00:00,RIG_NORMAL,23,4,3,36.10028835127271,35.36755898281574,42.711126326844024,0.45999845173223547,36.313206507317275,59.20466637390712,47.10016613406906,STANDBY,0,0,66.60180681028493
2024-01-05 00:00:00,RIG_NORMAL,0,5,4,36.10028835127271,32.08610031833526,48.26033924892178,0.39317913901235557,35.013185514344585,57.09922067315174,54.08772951393341,STANDBY,0,0,66.67129951355108
2024-01-05 01:00:00,RIG_NORMAL,1,5,4,36.10028835127271,36.230509772971494,45.32570560794236,0.5214194037540685,38.03614756148369,61.25820404451408,47.945224382929695,STANDBY,0,0,66.74079221681724
2024-01-05 02:00:00,RIG_NORMAL,2,5,4,36.10028835127271,36.82277428304368,44.33708830363411,0.44681945741643925,38.58383397912087,63.4419787094274,53.13261045315475,STANDBY,0,0,66.81028492008339
2024-01-05 03:00:00,RIG_NORMAL,3,5,4,36.10028835127271,42.729081450817425,50.29038641120657,0.4367510753021235,41.99639052956715,62.20705833407141,57.01257932616909,STANDBY,0,0,66.87977762334955
2024-01-05 04:00:00,RIG_NORMAL,4,5,4,38.35655637322725,34.65424515026596,45.97008621437674,0.3629978464269092,38.99309081473278,58.30610248392402,54.2526486312788,STANDBY,0,0,66.9492703266157
2024-01-05 05:00:00,RIG_NORMAL,5,5,4,45.97492063778226,61.74951584487269,64.424423551957,0.5285435923448413,43.689349851374274,69.79874220436766,71.63472166370906,STANDBY,0,0,67.01876302988187
2024-01-05 06:00:00,RIG_NORMAL,6,5,4,54.15043252690906,59.50169755016832,67.03762199262499,0.573618793904572,45.83952325658487,64.96831649668775,71.83092889631315,HIGH_PRODUCTION,0,0,67.08825573314802
2024-01-05 07:00:00,RIG_NORMAL,7,5,4,62.32594441603586,62.115999713782095,71.64551187456922,0.4951658384787645,44.266545367755185,70.61579359525273,76.0856089013719,HIGH_PRODUCTION,0,0,67.15774843641418
2024-01-05 08:00:00,RIG_NORMAL,8,5,4,69.94430868059086,71.445646273388,73.83597660967303,0.5685081761519846,50.81745540596757,73.19315746115848,81.30211935846734,HIGH_PRODUCTION,0,0,67.22724113968033
2024-01-05 09:00:00,RIG_NORMAL,9,5,4,76.48634638588689,66.60469426583151,73.27226739679432,0.5445082641194654,47.21936213468357,73.71587214050008,76.90645851547097,HIGH_PRODUCTION,0,0,67.2967338429465
2024-01-05 10:00:00,RIG_NORMAL,10,5,4,81.50622847353647,75.64263278026434,82.88507684956097,0.5793241762564293,50.21542354540064,67.84392688428682,87.66112525588963,HIGH_PRODUCTION,0,0,67.36622654621264
2024-01-05 11:00:00,RIG_NORMAL,11,5,4,84.66185827501369,80.44034979858594,86.34910536831987,0.5013966459599258,50.53858226315114,73.69075581501525,89.46816202429206,HIGH_PRODUCTION,0,0,67.43571924947881
2024-01-05 12:00:00,RIG_NORMAL,12,5,4,85.73818483427267,88.35317965067807,91.40259588115435,0.5946837965189025,50.541119234441645,73.18114246777043,99.40516660342129,HIGH_PRODUCTION,0,0,67.50521195274496
2024-01-05 13:00:00,RIG_NORMAL,13,5,4,84.66185827501369,77.49665120457004,85.80139134213722,0.5667359602158241,48.554211597006294,64.36396863944545,85.56545970552588,HIGH_PRODUCTION,0,0,67.57470465601112
2024-01-05 14:00:00,RIG_NORMAL,14,5,4,81.50622847353648,74.55297963809973,82.9439513012968,0.5440250870354734,49.705240695578446,71.43914100188553,91.11445099427462,HIGH_PRODUCTION,0,0,67.64419735927727
2024-01-05 15:00:00,RIG_NORMAL,15,5,4,76.48634638588689,80.21896401149564,86.51439597487898,0.5247075453344473,50.47199883268699,78.8177217302493,94.91064548165006,HIGH_PRODUCTION,0,0,67.71369006254344
2024-01-05 16:00:00,RIG_NORMAL,16,5,4,69.94430868059086,77.98905808228271,83.00702377424508,0.5544354146952167,51.252264768647386,76.78129826295792,88.42129179102892,HIGH_PRODUCTION,0,0,67.78318276580958
2024-01-05 17:00:00,RIG_NORMAL,17,5,4,62.32594441603586,69.00172553308245,73.70438114940396,0.5859313480407209,47.77501473025183,70.43884872135786,83.36269234019623,HIGH_PRODUCTION,0,0,67.85267546907575
2024-01-05 18:00:00,RIG_NORMAL,18,5,4,54.150432526909064,58.29772197323123,65.802770713276,0.49718287523742566,45.24093670434406,68.19610149803059,65.73227038558186,HIGH_PRODUCTION,0,0,67.9221681723419
2024-01-05 19:00:00,RIG_NORMAL,19,5,4,45.97492063778226,43.88125647593952,54.80179825306651,0.46141090512989613,42.711906580745946,65.02707148186425,61.82066810143923,HIGH_PRODUCTION,0,0,67.99166087560806
2024-01-05 20:00:00,RIG_NORMAL,20,5,4,38.356556373227264,34.707585391916666,47.15823206506805,0.4440306491548015,35.169892696614546,59.04251577148825,49.28781172307844,HIGH_PRODUCTION,0,0,68.06115357887421
2024-01-05 21:00:00,RIG_NORMAL,21,5,4,36.10028835127271,44.71581002207138,51.923752322952076,0.46720199710470356,40.12984020852694,61.879568960634735,59.68134711504006,HIGH_PRODUCTION,0,0,68.13064628214038
2024-01-05 22:00:00,RIG_NORMAL,22,5,4,36.10028835127271,32.37903615462058,42.822593002618675,0.4678576587912776,39.23879239230163,61.37255917878433,42.48985802550054,STANDBY,0,0,68.20013898540654
2024-01-05 23:00:00,RIG_NORMAL,23,5,4,36.10028835127271,39.02035053070494,45.539207825892255,0.41088851127171183,37.64104582445318,67.88311662242981,54.35977680064407,STANDBY,0,0,68.26963168867269
2024-01-06 00:00:00,RIG_NORMAL,0,6,5,36.872674070127886,29.044262177802576,40.94760591298457,0.4004277905988452,37.4165567773233,59.7815822802679,44.169132263384206,STANDBY,0,0,68.33912439193885
2024-01-06 01:00:00,RIG_NORMAL,1,6,5,36.872674070127886,36.41679990997373,42.07492457322329,0.39269228310293725,39.680998812037394,62.15359508871455,43.88946482261951,STANDBY,0,0,68.408617095205
2024-01-06 02:00:00,RIG_NORMAL,2,6,5,36.872674070127886,32.44885581298921,40.09502078980874,0.3611693423308261,35.07650234201497,56.56584372412145,41.1260815529805,STANDBY,0,0,68.47810979847117
2024-01-06 03:00:00,RIG_NORMAL,3,6,5,36.872674070127886,39.598145335598424,52.96028442898272,0.4736843411654253,42.6183542494243,60.6375005097501,58.059182659624874,STANDBY,0,0,68.54760250173732
2024-01-06 04:00:00,RIG_NORMAL,4,6,5,39.17721619951087,44.15917548250858,53.13478876100856,0.5084630257329177,42.42708869441104,61.177386142421135,61.893434692730324,STANDBY,0,0,68.61709520500348
2024-01-06 05:00:00,RIG_NORMAL,5,6,5,46.958579598635716,40.55395642348394,52.935382910637216,0.441321183284434,40.87038142047694,62.38081260275242,59.0107599078578,STANDBY,0,0,68.68658790826963
2024-01-06 06:00:00,RIG_NORMAL,6,6,5,55.30901110519182,57.5177029468147,64.84280734574283,0.4816892613183363,42.60646705841982,68.98051030855326,62.29460486187951,HIGH_PRODUCTION,0,0,68.7560806115358
2024-01-06 07:00:00,RIG_NORMAL,7,6,5,63.65944261174793,67.37715714392667,74.2406868589689,0.5234921964108454,49.70262080982966,70.82448591363112,81.0433370033455,HIGH_PRODUCTION,0,0,68.82557331480194
2024-01-06 08:00:00,RIG_NORMAL,8,6,5,71.44080601087278,68.51533303680263,74.98828726625429,0.45242497030917694,43.56476080578829,70.14754163880198,75.61469255631854,HIGH_PRODUCTION,0,0,68.8950660180681
2024-01-06 09:00:00,RIG_NORMAL,9,6,5,78.12281424622702,77.9952121310531,85.65670077827257,0.5627006647338693,49.72257021033965,70.38011224153864,92.29845034365819,HIGH_PRODUCTION,0,0,68.96455872133426
2024-01-06 10:00:00,RIG_NORMAL,10,6,5,83.250099499112,90.55555610605339,89.35051465335467,0.5391512232761361,50.57764266890723,73.08658074601664,95.97221816362378,HIGH_PRODUCTION,0,0,69.03405142460042
2024-01-06 11:00:00,RIG_NORMAL,11,6,5,86.47324575278313,97.24031447056446,92.50094979670234,0.5571173811567942,57.911635361435046,84.12607190464571,100.19866731801713,HIGH_PRODUCTION,0,0,69.10354412786657
2024-01-06 12:00:00,RIG_NORMAL,12,6,5,87.57260091655372,87.58885393712949,91.6007375117769,0.5960929615132109,50.91310545461431,76.13504881342823,96.34195237794796,HIGH_PRODUCTION,0,0,69.17303683113273
2024-01-06 13:00:00,RIG_NORMAL,13,6,5,86.47324575278313,89.29964971446132,90.53208626510674,0.6560076420813514,53.32429612922136,75.8445637817221,93.01765258625393,HIGH_PRODUCTION,0,0,69.24252953439888
2024-01-06 14:00:00,RIG_NORMAL,14,6,5,83.25009949911201,87.8317250108846,85.97809331365434,0.5846241731032202,50.58022155907042,76.62688669264803,92.84626613564669,HIGH_PRODUCTION,0,0,69.31202223766505
2024-01-06 15:00:00,RIG_NORMAL,15,6,5,78.12281424622702,89.04704529975541,87.11480256756842,0.6964499199142339,50.79684949271763,74.31346902559211,98.5643615086608,HIGH_PRODUCTION,0,0,69.3815149409312
2024-01-06 16:00:00,RIG_NORMAL,16,6,5,71.44080601087278,74.20958285279174,79.50880497929306,0.594174039100392,50.69138601732858,74.12993668838146,80.4380912431622,HIGH_PRODUCTION,0,0,69.45100764419736
2024-01-06 17:00:00,RIG_NORMAL,17,6,5,63.65944261174793,62.86099462433509,69.63093275615776,0.5182114645213227,46.39870408849119,62.7607954054948,70.5727045998041,HIGH_PRODUCTION,0,0,69.52050034746352
2024-01-06 18:00:00,RIG_NORMAL,18,6,5,55.30901110519183,53.99631348659767,65.02837295133644,0.5958926792198538,41.044945332947314,61.78025752228795,68.66795530425644,HIGH_PRODUCTION,0,0,69.58999305072967
2024-01-06 19:00:00,RIG_NORMAL,19,6,5,46.958579598635716,51.27664655674191,57.64171252215556,0.3999105614974685,46.31514711210887,64.21285120137514,62.43963489876527,HIGH_PRODUCTION,0,0,69.65948575399582
2024-01-06 20:00:00,RIG_NORMAL,20,6,5,39.17721619951089,36.517281115267885,46.24152668266371,0.48557780163836595,41.13021602548028,62.389792519270024,46.97993946707118,HIGH_PRODUCTION,0,0,69.72897845726199
2024-01-06 21:00:00,RIG_NORMAL,21,6,5,36.872674070127886,42.06392787297361,53.07333041740471,0.5220141387127408,41.57314042005423,63.0828645380397,60.12829148424066,HIGH_PRODUCTION,0,0,69.79847116052815
2024-01-06 22:00:00,RIG_NORMAL,22,6,5,36.872674070127886,35.86889612410413,43.35537755429563,0.42002292099583544,34.76796778008566,65.88796279520537,50.633442954082994,STANDBY,0,0,69.8679638637943
2024-01-06 23:00:00,RIG_NORMAL,23,6,5,36.872674070127886,44.52815948791893,47.99970072886506,0.5434683895910926,43.92029580469537,66.00201335954009,51.33068346101607,STANDBY,0,0,69.93745656706047
2024-01-07 00:00:00,RIG_NORMAL,0,7,6,38.26446504352977,43.95021459972337,47.53212626239767,0.4332801690372726,41.69521099972524,66.93444713616844,55.06293587317421,STANDBY,0,0,70.00694927032661
2024-01-07 01:00:00,RIG_NORMAL,1,7,6,38.26446504352977,40.386028291256686,43.40586869136835,0.4535997581808627,41.87136555101274,60.492217889057386,54.662737457991426,STANDBY,0,0,70.07644197359278
2024-01-07 02:00:00,RIG_NORMAL,2,7,6,38.26446504352977,42.110112729075205,49.36333419832193,0.4838922190737536,42.69504833091108,62.324119546071955,52.54008597706494,STANDBY,0,0,70.14593467685893
2024-01-07 03:00:00,RIG_NORMAL,3,7,6,38.26446504352977,33.62882200340097,44.08150846082819,0.42180610688128645,34.70465500185438,58.648077624669426,42.39947788822359,STANDBY,0,0,70.21542738012509
2024-01-07 04:00:00,RIG_NORMAL,4,7,6,40.65599410875038,39.65040695066254,49.491380146719266,0.432102287832988,37.80129320929458,60.71841733558676,53.14332055627893,STANDBY,0,0,70.28492008339124
2024-01-07 05:00:00,RIG_NORMAL,5,7,6,48.73107179936013,45.47626873193118,54.44596146423703,0.4467060821059189,46.637044165408575,64.23582336337434,62.9285517770191,STANDBY,0,0,70.3544127866574
2024-01-07 06:00:00,RIG_NORMAL,6,7,6,57.396697565294645,58.05156376059741,62.32191713911392,0.4986756851822102,42.22576181453325,64.94938366562924,64.59622733576806,HIGH_PRODUCTION,0,0,70.42390548992356
2024-01-07 07:00:00,RIG_NORMAL,7,7,6,66.06232333122917,65.28693397438695,70.96394827198125,0.590513487683066,48.45920655504091,71.83582502709304,71.53492695741758,HIGH_PRODUCTION,0,0,70.49339819318972
2024-01-07 08:00:00,RIG_NORMAL,8,7,6,74.13740102183893,82.57662265811607,84.83088863003651,0.6741535368927362,51.55575831124273,74.44502697039215,93.50774594301147,HIGH_PRODUCTION,0,0,70.56289089645587
2024-01-07 09:00:00,RIG_NORMAL,9,7,6,81.0716274372057,90.5165143338397,92.15288295800643,0.4997572572775921,52.55461782191293,74.95965921298453,93.5060572167828,HIGH_PRODUCTION,0,0,70.63238359972203
2024-01-07 10:00:00,RIG_NORMAL,10,7,6,86.39244650647323,74.96343396883307,83.93237235002923,0.6036865289608111,47.10172108170062,70.64766184146636,87.5105258813132,HIGH_PRODUCTION,0,0,70.70187630298818
2024-01-07 11:00:00,RIG_NORMAL,11,7,6,89.73725320314023,94.05793847650946,95.0,0.5871632077350654,52.57557552785363,77.65978404294817,106.5413032903114,HIGH_PRODUCTION,0,0,70.77136900625435
2024-01-07 12:00:00,RIG_NORMAL,12,7,6,90.8781044783832,106.65513127505311,95.0,0.718260655411093,56.985715382408806,83.46033485749498,99.63592701553515,HIGH_PRODUCTION,0,0,70.8408617095205
2024-01-07 13:00:00,RIG_NORMAL,13,7,6,89.73725320314023,83.82704191510565,88.3648107297547,0.638374821829222,49.91982128341693,75.37772193007996,94.61716587722242,HIGH_PRODUCTION,0,0,70.91035441278666
2024-01-07 14:00:00,RIG_NORMAL,14,7,6,86.39244650647325,94.84838143549699,95.0,0.5859094170074174,54.23638700071329,80.36683115573652,99.68755640224163,HIGH_PRODUCTION,0,0,70.97984711605281
2024-01-07 15:00:00,RIG_NORMAL,15,7,6,81.0716274372057,88.7521139697575,86.09870352235725,0.5837050670113952,50.070513347433334,77.64683823251302,89.10608561426085,HIGH_PRODUCTION,0,0,71.04933981931897
2024-01-07 16:00:00,RIG_NORMAL,16,7,6,74.13740102183893,75.49906114151473,79.37588936171284,0.555407293346822,47.55304403373591,75.26355009702387,83.01902782319723,HIGH_PRODUCTION,0,0,71.11883252258514
2024-01-07 17:00:00,RIG_NORMAL,17,7,6,66.06232333122917,73.20288966481519,75.01641712454877,0.6048465355574708,47.42566708967441,74.96325496830755,78.37507925511623,HIGH_PRODUCTION,0,0,71.18832522585129
2024-01-07 18:00:00,RIG_NORMAL,18,7,6,57.39669756529465,57.68803149881811,67.02567674921582,0.5199500113549231,44.96264663709033,63.68121432810837,72.13486581736412,HIGH_PRODUCTION,0,0,71.25781792911744
2024-01-07 19:00:00,RIG_NORMAL,19,7,6,48.73107179936013,45.75261531417591,52.48044918371995,0.4415732997523447,42.077973040852115,60.36207591924549,60.49265664684176,HIGH_PRODUCTION,0,0,71.3273106323836
2024-01-07 20:00:00,RIG_NORMAL,20,7,6,40.65599410875039,58.84158981550564,57.69423929981435,0.49751818144310095,43.43831334265549,70.8928047070503,61.98402680634091,HIGH_PRODUCTION,0,0,71.39680333564976
2024-01-07 21:00:00,RIG_NORMAL,21,7,6,38.26446504352977,40.33295356823218,51.73933190505694,0.5059327695983901,42.55685208415046,62.705676660063396,58.97444462588752,HIGH_PRODUCTION,0,0,71.46629603891591
2024-01-07 22:00:00,RIG_NORMAL,22,7,6,38.26446504352977,39.95129159775033,43.4638276093044,0.5135579194112766,39.74636342208492,68.7600432927059,51.2100139740752,STANDBY,0,0,71.53578874218208
2024-01-07 23:00:00,RIG_NORMAL,23,7,6,38.26446504352977,42.42225485086437,44.01147910819855,0.39745418775384467,40.39925673755595,62.286682260820555,51.005712673886514,STANDBY,0,0,71.60528144544823
2024-01-08 00:00:00,RIG_NORMAL,0,8,0,40.0,45.1802948571278,48.187772669542355,0.49390262318599276,44.06999648312992,66.16557677682422,51.05798437722521,STANDBY,0,0,71.67477414871439
2024-01-08 01:00:00,RIG_NORMAL,1,8,0,40.0,51.83242915770074,53.95655219929885,0.43855402061841636,43.981619119057456,65.29934219339879,61.66825920003866,STANDBY,0,0,71.74426685198054
2024-01-08 02:00:00,RIG_NORMAL,2,8,0,40.0,48.30805436659852,51.697458506490655,0.5147628504068726,42.0827430122168,65.25061527994058,51.58110602115098,STANDBY,0,0,71.8137595552467
2024-01-08 03:00:00,RIG_NORMAL,3,8,0,40.0,42.62068866551347,45.07607566571307,0.47349637390150057,41.28240620300359,59.94521566168448,49.07613350087134,STANDBY,0,0,71.88325225851285
2024-01-08 04:00:00,RIG_NORMAL,4,8,0,42.5,52.05094600227772,57.183958468479695,0.5267348427362558,39.35063336751116,64.38512414794111,60.476988753423456,STANDBY,0,0,71.95274496177902
2024-01-08 05:00:00,RIG_NORMAL,5,8,0,50.94133342141177,55.08575467075579,63.185244386897374,0.4561427117875828,42.60433297637752,67.6165981399159,72.70225195865693,STANDBY,0,0,72.02223766504517
2024-01-08 06:00:00,RIG_NORMAL,6,8,0,60.0,59.66652036467108,63.711430883832556,0.611490049840934,41.60988556526578,67.27321115750023,73.50220954650297,HIGH_PRODUCTION,0,0,72.09173036831133
2024-01-08 07:00:00,RIG_NORMAL,7,8,0,69.05866657858823,77.8031945824994,79.70840809782857,0.6236225476228743,47.55804892119165,73.62086662807276,86.23026946322433,HIGH_PRODUCTION,0,0,72.16122307157748
2024-01-08 08:00:00,RIG_NORMAL,8,8,0,77.5,74.25869389155666,80.52272670368437,0.5732513738823123,51.35871205058109,75.34105728464891,83.42139094623298,HIGH_PRODUCTION,0,0,72.23071577484365
2024-01-08 09:00:00,RIG_NORMAL,9,8,0,84.74873734152916,95.51224392817205,92.18876171917181,0.7051152154537497,52.481888698906566,79.02867313807273,96.63706658881476,HIGH_PRODUCTION,0,0,72.3002084781098
2024-01-08 10:00:00,RIG_NORMAL,10,8,0,90.31088913245534,98.13527152412018,93.33252322160928,0.7367963276049361,58.787731434056404,76.67108526006281,97.75853993211948,HIGH_PRODUCTION,0,0,72.36970118137596
2024-01-08 11:00:00,RIG_NORMAL,11,8,0,93.8074039201174,95.95339940556686,90.97146835675184,0.6152204519509988,51.855689828335144,76.04042557780019,98.95274265276595,HIGH_PRODUCTION,0,0,72.43919388464211
2024-01-08 12:00:00,RIG_NORMAL,12,8,0,95.0,101.39382306503109,95.0,0.6431130664000728,56.19284642184829,82.97331522168875,101.37162602597267,HIGH_PRODUCTION,0,0,72.50868658790827
2024-01-08 13:00:00,RIG_NORMAL,13,8,0,93.8074039201174,95.82960267407735,95.0,0.6777922455721399,55.39157917481022,76.77990083671737,100.0725989684099,HIGH_PRODUCTION,0,0,72.57817929117442
2024-01-08 14:00:00,RIG_NORMAL,14,8,0,90.31088913245536,96.59168592451984,95.0,0.5496479903824637,54.456654777766246,79.65969942351616,97.87821903311342,HIGH_PRODUCTION,0,0,72.64767199444059
2024-01-08 15:00:00,RIG_NORMAL,15,8,0,84.74873734152916,81.32182218766923,83.6736811864121,0.5674209135092334,49.841847555578006,71.89774982096006,87.38958813381561,HIGH_PRODUCTION,0,0,72.71716469770674
2024-01-08 16:00:00,RIG_NORMAL,16,8,0,77.5,80.4553068670174,80.94426957924631,0.5561105318939601,47.75204741862061,73.93041617310324,82.06944150781996,HIGH_PRODUCTION,0,0,72.7866574009729
2024-01-08 17:00:00,RIG_NORMAL,17,8,0,69.05866657858823,68.17935497371641,69.17679049485773,0.5684245171568514,49.723688570338226,69.60372379679735,77.23124712087098,HIGH_PRODUCTION,0,0,72.85615010423905
2024-01-08 18:00:00,RIG_NORMAL,18,8,0,60.00000000000001,75.19545043951382,76.75793733143175,0.5203880454604569,52.910653645797076,74.50103297772348,80.45623711572885,HIGH_PRODUCTION,0,0,72.92564280750521
2024-01-08 19:00:00,RIG_NORMAL,19,8,0,50.94133342141177,55.24254325404846,57.8529794797532,0.4707003516422659,40.67309158608102,68.240179346869,60.96225633034774,HIGH_PRODUCTION,0,0,72.99513551077138
2024-01-08 20:00:00,RIG_NORMAL,20,8,0,42.500000000000014,45.941964733054746,52.60701064024589,0.5774391443321873,39.887461015602604,60.890247460871144,59.88621585678418,HIGH_PRODUCTION,0,0,73.06462821403753
2024-01-08 21:00:00,RIG_NORMAL,21,8,0,40.0,43.345949801667444,52.00935013697325,0.5747528006827207,41.271622147218,64.976138440655,57.75281411287263,HIGH_PRODUCTION,0,0,73.13412091730368
2024-01-08 22:00:00,RIG_NORMAL,22,8,0,40.0,39.92859227943114,45.52146326778236,0.5499780753995148,37.17401688205382,64.70688207535717,48.57971717512624,STANDBY,0,0,73.20361362056984
2024-01-08 23:00:00,RIG_NORMAL,23,8,0,40.0,46.624276187558486,48.221764789462675,0.40554649030631007,41.68023860607229,67.14260996554454,49.24866316503264,STANDBY,0,0,73.273106323836
2024-01-09 00:00:00,RIG_NORMAL,0,9,1,38.26446504352977,43.788556582999185,50.02435970695569,0.47535642574384573,40.435873303078495,64.30386481483002,55.59315243951031,STANDBY,0,0,73.34259902710215
2024-01-09 01:00:00,RIG_NORMAL,1,9,1,38.26446504352977,36.33043908002635,44.16826021495249,0.4532974085616171,36.082561188917126,63.541080373301604,46.0531773623065,STANDBY,0,0,73.41209173036832
2024-01-09 02:00:00,RIG_NORMAL,2,9,1,38.26446504352977,40.500071993130064,46.345605741499675,0.5651442104876566,37.980537314509014,63.53906395744517,50.8269909689339,STANDBY,0,0,73.48158443363447
2024-01-09 03:00:00,RIG_NORMAL,3,9,1,38.26446504352977,36.07277871237425,46.40641817014115,0.49021157645516433,39.61625096485291,61.7793389125201,56.31269219368931,STANDBY,0,0,73.55107713690063
2024-01-09 04:00:00,RIG_NORMAL,4,9,1,40.65599410875038,45.18725210807416,52.9048320798633,0.4146503010158184,43.28374110995733,56.77816530497166,54.87057684316446,STANDBY,0,0,73.62056984016678
2024-01-09 05:00:00,RIG_NORMAL,5,9,1,48.73107179936014,53.09362847383419,55.61000622699694,0.5421467562429669,42.98549414330975,63.92343322261357,57.28399643687858,STANDBY,0,0,73.69006254343294
2024-01-09 06:00:00,RIG_NORMAL,6,9,1,57.39669756529465,62.613607853042,65.45936132770649,0.5006131530797521,48.51510652032301,66.74421040645333,71.60811536646783,HIGH_PRODUCTION,0,0,73.7595552466991
2024-01-09 07:00:00,RIG_NORMAL,7,9,1,66.06232333122918,65.76257948728819,73.82733475543466,0.5466683041270972,46.52373838676832,67.20353642554278,80.06652746537112,HIGH_PRODUCTION,0,0,73.82904794996526
2024-01-09 08:00:00,RIG_NORMAL,8,9,1,74.13740102183893,79.29935908515615,79.99947510035582,0.5683643771275638,48.91418105477117,70.52463963980207,87.59048793916193,HIGH_PRODUCTION,0,0,73.89854065323141
2024-01-09 09:00:00,RIG_NORMAL,9,9,1,81.07162743720572,75.2746400989655,79.58769522461101,0.5950820383931753,48.51181623020697,72.97575828540127,89.78864225061525,HIGH_PRODUCTION,0,0,73.96803335649757
2024-01-09 10:00:00,RIG_NORMAL,10,9,1,86.39244650647325,90.23488663513174,91.8338714637226,0.6555506100133752,54.23472359264797,75.50014739299797,98.38688209166972,HIGH_PRODUCTION,0,0,74.03752605976372
2024-01-09 11:00:00,RIG_NORMAL,11,9,1,89.73725320314024,89.95000049188927,92.6873258302166,0.6412620539582694,53.74153274253489,78.41514681000412,96.46249437197147,HIGH_PRODUCTION,0,0,74.10701876302988
2024-01-09 12:00:00,RIG_NORMAL,12,9,1,90.87810447838321,96.52271129307964,95.0,0.6171994705737258,54.94248337978993,75.95243411433002,103.15788409882212,HIGH_PRODUCTION,0,0,74.17651146629603
2024-01-09 13:00:00,RIG_NORMAL,13,9,1,89.73725320314024,97.01035266862185,95.0,0.6507960136898661,55.772140874200055,77.93560403424466,100.76964263028181,HIGH_PRODUCTION,0,0,74.2460041695622
2024-01-09 14:00:00,RIG_NORMAL,14,9,1,86.39244650647326,86.58566456956923,90.53479656801697,0.5627287854913398,53.4854182801982,77.02245143728095,97.09141300130041,HIGH_PRODUCTION,0,0,74.31549687282835
2024-01-09 15:00:00,RIG_NORMAL,15,9,1,81.07162743720572,91.76205862273106,89.89523494148945,0.62082119510369,52.290009309435966,78.73294020299971,91.27331912064959,HIGH_PRODUCTION,0,0,74.38498957609451
2024-01-09 16:00:00,RIG_NORMAL,16,9,1,74.13740102183893,65.7427700206707,75.53976732752949,0.5229968709947681,44.90816170990247,66.99652879882059,80.94624590087709,HIGH_PRODUCTION,0,0,74.45448227936066
2024-01-09 17:00:00,RIG_NORMAL,17,9,1,66.06232333122918,65.18607678922838,74.53456889422733,0.43187263624899247,48.16303946210263,63.880609683955775,85.539735245684,HIGH_PRODUCTION,0,0,74.52397498262683
2024-01-09 18:00:00,RIG_NORMAL,18,9,1,57.39669756529466,57.098931212703086,61.06323239176298,0.5387899997714962,42.4346183098517,63.953697008113224,65.9286276950811,HIGH_PRODUCTION,0,0,74.59346768589299
2024-01-09 19:00:00,RIG_NORMAL,19,9,1,48.73107179936014,55.08711158916443,65.69266950897544,0.4841123847554674,46.019713085861625,71.73969670168319,69.35815621173874,HIGH_PRODUCTION,0,0,74.66296038915914
2024-01-09 20:00:00,RIG_NORMAL,20,9,1,40.65599410875039,45.60154858886527,57.07935544695684,0.4361642077053571,41.83942637731313,60.947720804622065,68.91838524939433,HIGH_PRODUCTION,0,0,74.73245309242529
2024-01-09 21:00:00,RIG_NORMAL,21,9,1,38.26446504352977,38.736092858157555,49.64110854322422,0.5390239498143482,41.920397231276105,61.50082153329371,56.92526008526387,HIGH_PRODUCTION,0,0,74.80194579569145
2024-01-09 22:00:00,RIG_NORMAL,22,9,1,38.26446504352977,39.84819089362286,46.9048614089663,0.4322202889908668,37.74578337373043,65.17508011963858,54.68462360017311,STANDBY,0,0,74.87143849895762
2024-01-09 23:00:00,RIG_NORMAL,23,9,1,38.26446504352977,44.41606563633118,44.333173330684076,0.5602550259703099,40.323223026707495,64.22468671931394,48.08726442983799,STANDBY,0,0,74.94093120222377
2024-01-10 00:00:00,RIG_NORMAL,0,10,2,36.872674070127886,36.069304348162355,44.49839187814208,0.43273081103282635,37.87078448249655,65.66629643654045,51.45193461118182,STANDBY,0,0,75.01042390548993
2024-01-10 01:00:00,RIG_NORMAL,1,10,2,36.872674070127886,46.56290759788598,49.26749045511178,0.4168783270172562,38.91009302467235,63.11212997180633,54.66086912315963,STANDBY,0,0,75.07991660875608
2024-01-10 02:00:00,RIG_NORMAL,2,10,2,36.872674070127886,36.096538995528945,48.38072846906178,0.4642511434295159,38.630569159630646,63.67592740606014,58.54027257901255,STANDBY,0,0,75.14940931202224
2024-01-10 03:00:00,RIG_NORMAL,3,10,2,36.872674070127886,38.26169295389979,51.28900239379546,0.4916625452325242,38.324979706188685,56.38928061717685,60.27825340048456,STANDBY,0,0,75.21890201528839
2024-01-10 04:00:00,RIG_NORMAL,4,10,2,39.17721619951087,46.19190516851664,53.423536687500714,0.5324323738350425,40.18642577111427,60.80581375316322,59.723298232282716,STANDBY,0,0,75.28839471855456
2024-01-10 05:00:00,RIG_NORMAL,5,10,2,46.958579598635716,60.53611663921061,66.04398621899159,0.5073174939140462,44.164200046464565,67.81246086508254,72.40397461357111,STANDBY,0,0,75.3578874218207
2024-01-10 06:00:00,RIG_NORMAL,6,10,2,55.30901110519182,54.18348357613142,56.631857809522295,0.483756510786213,46.16256069883061,74.23298057369098,59.83979438551384,HIGH_PRODUCTION,0,0,75.42738012508687
2024-01-10 07:00:00,RIG_NORMAL,7,10,2,63.65944261174793,68.23516143204874,70.27344925269168,0.5909050859615675,48.70197751826135,68.69978939398706,75.21625255928963,HIGH_PRODUCTION,0,0,75.49687282835302
2024-01-10 08:00:00,RIG_NORMAL,8,10,2,71.44080601087278,72.58757049633078,75.91215611299468,0.5974627906437908,43.91413662607143,77.50251070550618,83.05989902317191,HIGH_PRODUCTION,0,0,75.56636553161918
2024-01-10 09:00:00,RIG_NORMAL,9,10,2,78.12281424622702,74.3529222169747,78.65132181023789,0.6474457750755571,51.297782439398155,74.75266772949546,86.33854720035104,HIGH_PRODUCTION,0,0,75.63585823488533
2024-01-10 10:00:00,RIG_NORMAL,10,10,2,83.250099499112,92.6448042154922,91.92176947927547,0.5905853489832882,51.114403108271794,77.64060114235826,96.51677212540099,HIGH_PRODUCTION,0,0,75.7053509381515
2024-01-10 11:00:00,RIG_NORMAL,11,10,2,86.47324575278313,100.2948053532147,95.0,0.5978754208602212,55.543335196395724,79.99589920313993,102.36899913727416,HIGH_PRODUCTION,0,0,75.77484364141765
2024-01-10 12:00:00,RIG_NORMAL,12,10,2,87.57260091655372,101.24270816325449,95.0,0.6374340070614788,56.06402523403063,85.73941209144033,103.67120430423941,HIGH_PRODUCTION,0,0,75.84433634468381
2024-01-10 13:00:00,RIG_NORMAL,13,10,2,86.47324575278313,91.15905690593654,95.0,0.6887493508901954,58.096581775094144,74.36579532095833,105.42881609956254,HIGH_PRODUCTION,0,0,75.91382904794996
2024-01-10 14:00:00,RIG_NORMAL,14,10,2,83.25009949911201,97.5132967119438,95.0,0.6085646564163261,55.26102988574349,82.14009706987437,105.66242368880202,HIGH_PRODUCTION,0,0,75.98332175121612
2024-01-10 15:00:00,RIG_NORMAL,15,10,2,78.12281424622702,86.94379919755642,88.49943389468059,0.5821154224508477,50.180031531869176,73.45878998316596,88.18333342262848,HIGH_PRODUCTION,0,0,76.05281445448227
2024-01-10 16:00:00,RIG_NORMAL,16,10,2,71.44080601087278,70.37109237883152,76.84219071822218,0.5597120626887815,48.29877199436196,69.05947282455489,78.01801357108903,HIGH_PRODUCTION,0,0,76.12230715774844
2024-01-10 17:00:00,RIG_NORMAL,17,10,2,63.65944261174793,61.73242117205027,68.47039208015082,0.5725738478282485,48.904090607324605,71.03494197710621,72.70798746902571,HIGH_PRODUCTION,0,0,76.1917998610146
2024-01-10 18:00:00,RIG_NORMAL,18,10,2,55.30901110519183,55.520169666039635,64.10232762367015,0.579648978668308,42.65447558470863,65.37626435388994,65.43811831743679,HIGH_PRODUCTION,0,0,76.26129256428075
2024-01-10 19:00:00,RIG_NORMAL,19,10,2,46.958579598635716,42.98054598482052,55.46503990910387,0.46378301961665636,42.23344049459592,63.21251791195074,60.74467173457327,HIGH_PRODUCTION,0,0,76.3307852675469
2024-01-10 20:00:00,RIG_NORMAL,20,10,2,39.17721619951089,42.640387331288835,49.366964466505095,0.5741622802052587,37.28432242652644,57.87896531205642,58.14370669483006,HIGH_PRODUCTION,0,0,76.40027797081306
2024-01-10 21:00:00,RIG_NORMAL,21,10,2,36.872674070127886,36.57100048298488,42.74941323050158,0.42912498717796543,38.448962977947936,60.2712432658655,49.835271142119815,HIGH_PRODUCTION,0,0,76.46977067407923
2024-01-10 22:00:00,RIG_NORMAL,22,10,2,36.872674070127886,41.56402673801182,50.27126295142728,0.5025781825009086,41.87483812317205,62.966221457165844,53.83136846830356,STANDBY,0,0,76.53926337734538
2024-01-10 23:00:00,RIG_NORMAL,23,10,2,36.872674070127886,40.51910668791745,47.06785419454523,0.4598861464769445,40.503875094698756,66.94670006714952,50.054888431276744,STANDBY,0,0,76.60875608061154
2024-01-11 00:00:00,RIG_NORMAL,0,11,3,36.10028835127271,48.63094613367645,51.90373160758575,0.5425432336475712,40.463224338981156,61.1053684330367,54.24684328865544,STANDBY,0,0,76.67824878387769
2024-01-11 01:00:00,RIG_NORMAL,1,11,3,36.10028835127271,41.869060853731284,44.89793603451814,0.5886816883162844,40.40207822324944,66.76308416323383,47.12951110343729,STANDBY,0,0,76.74774148714386
2024-01-11 02:00:00,RIG_NORMAL,2,11,3,36.10028835127271,37.350668423934565,44.651511215304396,0.43435854330293877,40.80340908667223,59.891996219178715,48.09896754380632,STANDBY,0,0,76.81723419041
2024-01-11 03:00:00,RIG_NORMAL,3,11,3,36.10028835127271,34.62267217463019,45.01487583398643,0.4590546160050196,40.0422052210186,60.81158740262102,53.60184095385602,STANDBY,0,0,76.88672689367617
2024-01-11 04:00:00,RIG_NORMAL,4,11,3,38.35655637322725,36.6518817656931,45.33903998208524,0.5015046286820083,39.71794907499032,58.62947250485154,51.20274948185357,STANDBY,0,0,76.95621959694232
2024-01-11 05:00:00,RIG_NORMAL,5,11,3,45.97492063778226,58.87917948287036,63.51675744962619,0.5208988728204206,46.88318789751576,63.86194127007179,68.40157521560558,STANDBY,0,0,77.02571230020848
2024-01-11 06:00:00,RIG_NORMAL,6,11,3,54.15043252690906,59.69721434223904,66.9273528227554,0.5593492972101987,45.530882209847135,72.35164977888087,68.61369845457654,HIGH_PRODUCTION,0,0,77.09520500347463
2024-01-11 07:00:00,RIG_NORMAL,7,11,3,62.32594441603586,56.515194194171904,66.22560829754343,0.5806793697813378,45.13994438330641,66.40752336426772,73.98603848301282,HIGH_PRODUCTION,0,0,77.1646977067408
2024-01-11 08:00:00,RIG_NORMAL,8,11,3,69.94430868059086,77.2908151334446,81.51869381827593,0.6106526879244413,47.91160306112933,76.61397077996854,87.34409268760353,HIGH_PRODUCTION,0,0,77.23419041000695
2024-01-11 09:00:00,RIG_NORMAL,9,11,3,76.48634638588689,90.54284968021052,93.18104569624623,0.5600828514378878,55.27547265474263,74.86785451153789,95.32633019715567,HIGH_PRODUCTION,0,0,77.30368311327311
2024-01-11 10:00:00,RIG_NORMAL,10,11,3,81.50622847353647,83.55043193453294,89.98485214458537,0.5897653076467386,53.50542932980213,80.95067338029763,96.55404210962453,HIGH_PRODUCTION,0,0,77.37317581653926
2024-01-11 11:00:00,RIG_NORMAL,11,11,3,84.66185827501369,92.1309643934397,91.00165244718724,0.5896783136090291,53.5635388921147,79.54076394342614,95.57741106035068,HIGH_PRODUCTION,0,0,77.44266851980542
2024-01-11 12:00:00,RIG_NORMAL,12,11,3,85.73818483427267,91.0310423308626,89.86790920221735,0.5694507377431274,54.695880124352854,73.26630517629627,95.33702311137212,HIGH_PRODUCTION,0,0,77.51216122307159
2024-01-11 13:00:00,RIG_NORMAL,13,11,3,84.66185827501369,92.47204393076254,91.54691850001807,0.7095970418234604,50.35292241032236,80.12648449066506,92.36909166203914,HIGH_PRODUCTION,0,0,77.58165392633774
2024-01-11 14:00:00,RIG_NORMAL,14,11,3,81.50622847353648,94.39608406796476,93.6222336803687,0.6419502454061657,51.76166569504953,77.78108777552319,100.12367863007424,HIGH_PRODUCTION,0,0,77.65114662960389
2024-01-11 15:00:00,RIG_NORMAL,15,11,3,76.48634638588689,73.9229730321029,78.53076504548986,0.5293983766259299,49.926910305388006,70.85146516907757,84.96324244950954,HIGH_PRODUCTION,0,0,77.72063933287005
2024-01-11 16:00:00,RIG_NORMAL,16,11,3,69.94430868059086,74.60579989640725,81.92526466983144,0.6556390872131308,43.554517254286054,67.02825963971564,89.38201583988172,HIGH_PRODUCTION,0,0,77.79013203613621
2024-01-11 17:00:00,RIG_NORMAL,17,11,3,62.32594441603586,60.79591409153684,67.36439883198751,0.5864951925016847,40.586188805645,64.97277072354292,69.58129230561386,HIGH_PRODUCTION,0,0,77.85962473940236
2024-01-11 18:00:00,RIG_NORMAL,18,11,3,54.150432526909064,54.85334033319594,61.86687752090619,0.4517777655739125,41.212870178804344,70.05039672668205,67.27758201006934,HIGH_PRODUCTION,0,0,77.92911744266851
2024-01-11 19:00:00,RIG_NORMAL,19,11,3,45.97492063778226,50.34086932935609,60.12120258507324,0.5420362750386991,44.98158594815701,64.33726471249416,66.05951399786032,HIGH_PRODUCTION,0,0,77.99861014593468
2024-01-11 20:00:00,RIG_NORMAL,20,11,3,38.356556373227264,40.931524644325016,50.524391736244176,0.5287060040701285,38.89991508910598,62.41001451145629,57.8444959392658,HIGH_PRODUCTION,0,0,78.06810284920084
2024-01-11 21:00:00,RIG_NORMAL,21,11,3,36.10028835127271,51.739098884939466,53.99488041315813,0.48301185826834775,42.97998853532854,59.802986062189106,54.31368852430973,HIGH_PRODUCTION,0,0,78.13759555246699
2024-01-11 22:00:00,RIG_NORMAL,22,11,3,36.10028835127271,45.29092449036853,49.078852639669314,0.4734405029207587,39.54562526351214,64.54174115286254,53.74716094583008,STANDBY,0,0,78.20708825573315
2024-01-11 23:00:00,RIG_NORMAL,23,11,3,36.10028835127271,35.408673976426954,40.258357472589076,0.49587640392259746,41.1796561719963,58.037176169920095,45.947677109204875,STANDBY,0,0,78.2765809589993
2024-01-12 00:00:00,RIG_NORMAL,0,12,4,36.10028835127271,46.609247279987095,49.01560057401973,0.55110646332716,41.93115299267785,69.73186834079685,54.87280920671291,STANDBY,0,0,78.34607366226547
2024-01-12 01:00:00,RIG_NORMAL,1,12,4,36.10028835127271,45.05469800098131,46.457201672662784,0.5201017657996992,40.13471933155726,66.28452184379536,44.87486804817525,STANDBY,0,0,78.41556636553162
2024-01-12 02:00:00,RIG_NORMAL,2,12,4,36.10028835127271,44.081563932022426,46.94629721361166,0.3812240245184365,42.92403957428339,62.17714785870746,49.81676103613866,STANDBY,0,0,78.48505906879778
2024-01-12 03:00:00,RIG_NORMAL,3,12,4,36.10028835127271,42.7915041048922,51.17337978470226,0.438489483361822,41.09595464131711,65.98091441787838,55.11289559558091,STANDBY,0,0,78.55455177206393
2024-01-12 04:00:00,RIG_NORMAL,4,12,4,38.35655637322725,43.489551742551626,53.56931197062371,0.5089668388637606,39.62993846991623,63.57823310549925,57.21637949033464,STANDBY,0,0,78.6240444753301
2024-01-12 05:00:00,RIG_NORMAL,5,12,4,45.97492063778226,46.065254652938506,60.65002611803014,0.41539176421392116,42.209211951767905,61.19148234566577,65.52395555146549,STANDBY,0,0,78.69353717859624
2024-01-12 06:00:00,RIG_NORMAL,6,12,4,54.15043252690906,55.180853834198786,65.869490162653,0.5543377555657656,44.91912706425307,65.05622601909018,66.91702292094546,HIGH_PRODUCTION,0,0,78.76302988186241
2024-01-12 07:00:00,RIG_NORMAL,7,12,4,62.32594441603586,70.0978812292817,76.22959745043528,0.5373344345801019,50.40898851997949,72.8876071318502,78.84615488371561,HIGH_PRODUCTION,0,0,78.83252258512856
2024-01-12 08:00:00,RIG_NORMAL,8,12,4,69.94430868059086,78.81139318793669,80.34636707965454,0.6387700139690266,52.248572124505785,71.48710255072832,82.09070900103256,HIGH_PRODUCTION,0,0,78.90201528839472
2024-01-12 09:00:00,RIG_NORMAL,9,12,4,76.48634638588689,81.53574321029332,84.87965368289977,0.6627425896033878,49.33922754909198,73.92687847547728,91.13407632603597,HIGH_PRODUCTION,0,0,78.97150799166087
2024-01-12 10:00:00,RIG_NORMAL,10,12,4,81.50622847353647,84.98862010746251,90.81655964350551,0.6738210560903044,50.51102619086532,69.62063746607535,93.63858235873082,HIGH_PRODUCTION,0,0,79.04100069492704
2024-01-12 11:00:00,RIG_NORMAL,11,12,4,84.66185827501369,85.85355728254163,88.9513398336346,0.5205767116621832,53.060176047977606,74.56811926297367,98.92042038692513,HIGH_PRODUCTION,0,0,79.1104933981932
2024-01-12 12:00:00,RIG_NORMAL,12,12,4,85.73818483427267,99.16993911511354,95.0,0.6397739258636144,55.856941879984106,76.45300745813203,93.10725120012857,HIGH_PRODUCTION,0,0,79.17998610145935
2024-01-12 13:00:00,RIG_NORMAL,13,12,4,84.66185827501369,89.47559827771127,92.7030079211421,0.6732578458699058,56.0029232637689,81.71830851528125,97.63326711841643,HIGH_PRODUCTION,0,0,79.2494788047255
2024-01-12 14:00:00,RIG_NORMAL,14,12,4,81.50622847353648,84.44892195197043,90.30046873651958,0.6054243842418752,51.39444647397286,72.662516056149,96.64400104992114,HIGH_PRODUCTION,0,0,79.31897150799166
2024-01-12 15:00:00,RIG_NORMAL,15,12,4,76.48634638588689,93.10692385995507,93.50483795270787,0.7532220204137455,52.83224120474951,79.59626426868113,95.30853745805409,HIGH_PRODUCTION,0,0,79.38846421125783
2024-01-12 16:00:00,RIG_NORMAL,16,12,4,69.94430868059086,69.81371292180877,73.87053455928957,0.6364978788779353,48.54176244885372,69.24389046229429,81.32888352703321,HIGH_PRODUCTION,0,0,79.45795691452398
2024-01-12 17:00:00,RIG_NORMAL,17,12,4,62.32594441603586,65.03462098006588,73.03816130662025,0.5998753411761999,47.826313967786255,73.58681506127829,73.60121561425002,HIGH_PRODUCTION,0,0,79.52744961779013
2024-01-12 18:00:00,RIG_NORMAL,18,12,4,54.150432526909064,45.4614777404675,56.40104326151076,0.43997944900851504,42.98828936246674,59.17145026899144,63.503216292788366,HIGH_PRODUCTION,0,0,79.59694232105629
2024-01-12 19:00:00,RIG_NORMAL,19,12,4,45.97492063778226,48.69611538066249,57.34583606010857,0.5260263954495404,45.881809687659405,64.31162019335304,59.77851345532779,HIGH_PRODUCTION,0,0,79.66643502432245
2024-01-12 20:00:00,RIG_NORMAL,20,12,4,38.356556373227264,55.58612316210472,58.317254629989534,0.47595033666298087,47.51988650191155,64.1806111890764,64.77868598898857,HIGH_PRODUCTION,0,0,79.7359277275886
2024-01-12 21:00:00,RIG_NORMAL,21,12,4,36.10028835127271,52.51023236075103,58.96153777775354,0.549984701395074,42.85897376040788,68.76518052217949,62.99509986294797,HIGH_PRODUCTION,0,0,79.80542043085475
2024-01-12 22:00:00,RIG_NORMAL,22,12,4,36.10028835127271,42.817749918259636,48.78354981534168,0.5049691597922346,44.87953335559942,62.16376567432765,48.65736460679961,STANDBY,0,0,79.87491313412092
2024-01-12 23:00:00,RIG_NORMAL,23,12,4,36.10028835127271,41.5948069936675,48.523728744607475,0.5426803265744201,36.95300031377291,65.06600775606134,56.104795160632875,STANDBY,0,0,79.94440583738708
2024-01-13 00:00:00,RIG_NORMAL,0,13,5,36.872674070127886,38.82469716723478,43.866942349135634,0.5237264433701025,42.36065604239198,52.629290403514545,52.92507218561271,STANDBY,0,0,80.01389854065323
2024-01-13 01:00:00,RIG_NORMAL,1,13,5,36.872674070127886,36.86208415420173,43.95403572916746,0.417756945095327,39.9859154495157,57.960724409148966,50.09005145579025,STANDBY,0,0,80.0833912439194
2024-01-13 02:00:00,RIG_NORMAL,2,13,5,36.872674070127886,48.19897789849528,49.047062066047154,0.5471907769348111,42.007479906622976,69.01899703620015,56.470716105328464,STANDBY,0,0,80.15288394718554
2024-01-13 03:00:00,RIG_NORMAL,3,13,5,36.872674070127886,39.18007982925463,47.64550375816075,0.4860565611420722,39.27210701262208,66.75555112969688,55.76319001169851,STANDBY,0,0,80.22237665045171
2024-01-13 04:00:00,RIG_NORMAL,4,13,5,39.17721619951087,41.79920337443655,51.70054806785032,0.4539269098226365,39.146965307270676,58.8861386728375,55.367609153872586,STANDBY,0,0,80.29186935371786
2024-01-13 05:00:00,RIG_NORMAL,5,13,5,46.958579598635716,46.85991798097078,55.78549601894094,0.5061903302730347,41.302680078983975,64.87667559722287,60.197315091817096,STANDBY,0,0,80.36136205698402
2024-01-13 06:00:00,RIG_NORMAL,6,13,5,55.30901110519182,63.689032485260974,66.33447706464976,0.55773553810281,44.24352039292548,70.3446023290812,69.01654438737732,HIGH_PRODUCTION,0,0,80.43085476025017
2024-01-13 07:00:00,RIG_NORMAL,7,13,5,63.65944261174793,70.35228872904935,72.15468973476862,0.634704696288203,46.56878140107965,65.88012132565754,79.43220211802098,HIGH_PRODUCTION,0,0,80.50034746351633
2024-01-13 08:00:00,RIG_NORMAL,8,13,5,71.44080601087278,74.99854152364831,82.47071984788063,0.6550465194541792,49.59248329109163,68.97484273387069,87.79325150901143,HIGH_PRODUCTION,0,0,80.56984016678248
2024-01-13 09:00:00,RIG_NORMAL,9,13,5,78.12281424622702,87.3705453169084,87.81996380870977,0.6640930613208962,53.84008636282569,71.80440065925978,93.75137117615004,HIGH_PRODUCTION,0,0,80.63933287004865
2024-01-13 10:00:00,RIG_NORMAL,10,13,5,83.250099499112,89.11223735867455,88.3300947875059,0.6898534799950303,52.245096761748016,78.17371773700664,91.05460862439146,HIGH_PRODUCTION,0,0,80.70882557331481
2024-01-13 11:00:00,RIG_NORMAL,11,13,5,86.47324575278313,88.328483791676,89.56586003546556,0.6484070675672307,53.9983260122749,79.55575445555272,95.30288939251221,HIGH_PRODUCTION,0,0,80.77831827658096
2024-01-13 12:00:00,RIG_NORMAL,12,13,5,87.57260091655372,95.9771024199793,94.74685458458322,0.6380078780818511,52.18461115000979,77.44910292679592,97.90604389541905,HIGH_PRODUCTION,0,0,80.84781097984711
2024-01-13 13:00:00,RIG_NORMAL,13,13,5,86.47324575278313,96.69640957610316,95.0,0.742237426602411,56.5861803027754,83.70268240606941,96.72297773460663,HIGH_PRODUCTION,0,0,80.91730368311327
2024-01-13 14:00:00,RIG_NORMAL,14,13,5,83.25009949911201,78.9062998645035,86.71815402092199,0.6837711546110267,51.877868954692616,72.26268541302527,88.89558510003215,HIGH_PRODUCTION,0,0,80.98679638637944
2024-01-13 15:00:00,RIG_NORMAL,15,13,5,78.12281424622702,81.30985874307535,85.58714002262712,0.6780288744439538,51.564802933241786,76.20660252507807,87.34060426632556,HIGH_PRODUCTION,0,0,81.05628908964559
2024-01-13 16:00:00,RIG_NORMAL,16,13,5,71.44080601087278,69.4577060107668,74.12544482376003,0.6955460385792918,47.6053053053605,72.01351826814826,82.15207539415695,HIGH_PRODUCTION,0,0,81.12578179291174
2024-01-13 17:00:00,RIG_NORMAL,17,13,5,63.65944261174793,78.60338609108786,83.31152872544963,0.602346286093275,45.08260734201207,71.74508825384227,85.20729893888439,HIGH_PRODUCTION,0,0,81.1952744961779
2024-01-13 18:00:00,RIG_NORMAL,18,13,5,55.30901110519183,54.591737674219296,65.05291734202464,0.5671358764238168,43.04342447197988,66.17427025500972,71.74717333951739,HIGH_PRODUCTION,0,0,81.26476719944407
2024-01-13 19:00:00,RIG_NORMAL,19,13,5,46.958579598635716,54.73971887150634,65.78692891267254,0.5080133479394364,43.96527630352869,61.38926540607013,68.72035831550892,HIGH_PRODUCTION,0,0,81.33425990271022
2024-01-13 20:00:00,RIG_NORMAL,20,13,5,39.17721619951089,44.79891857486935,51.740992540702536,0.5380199816080595,40.7003708329988,65.5285303825508,51.02980373740706,HIGH_PRODUCTION,0,0,81.40375260597636
2024-01-13 21:00:00,RIG_NORMAL,21,13,5,36.872674070127886,49.09942455255955,49.334260424314884,0.5746303582518297,40.38928727243907,61.16752962909009,55.99038954483213,HIGH_PRODUCTION,0,0,81.47324530924253
2024-01-13 22:00:00,RIG_NORMAL,22,13,5,36.872674070127886,48.8631732538811,54.23761958903336,0.4681688410413696,40.382527823219775,71.24775828057692,59.229506919616924,STANDBY,0,0,81.54273801250869
2024-01-13 23:00:00,RIG_NORMAL,23,13,5,36.872674070127886,44.43023987556258,50.658620441691845,0.46828526881413024,40.232600538448885,69.14904135036838,59.09746414036726,STANDBY,0,0,81.61223071577484
2024-01-14 00:00:00,RIG_NORMAL,0,14,6,38.26446504352977,40.32743621485418,48.266381261366895,0.4897367522106394,38.75055488202159,56.1108685811789,58.06420491529657,STANDBY,0,0,81.681723419041
2024-01-14 01:00:00,RIG_NORMAL,1,14,6,38.26446504352977,37.44235273332415,41.972052001572344,0.5672264801096428,40.839785106981125,59.22543004879618,47.98219076353763,STANDBY,0,0,81.75121612230716
2024-01-14 02:00:00,RIG_NORMAL,2,14,6,38.26446504352977,43.202260528499245,46.01933436952033,0.5799523761242046,43.63182707837553,64.67799548395743,47.48299685630113,STANDBY,0,0,81.82070882557332
2024-01-14 03:00:00,RIG_NORMAL,3,14,6,38.26446504352977,38.662707506889454,48.32027140112868,0.5139346531540102,37.193816805660084,60.56167029661692,53.292636142621774,STANDBY,0,0,81.89020152883947
2024-01-14 04:00:00,RIG_NORMAL,4,14,6,40.65599410875038,42.210607192404964,49.699038276363304,0.5104598963871526,40.15790246197517,61.806640449416015,55.813215479303025,STANDBY,0,0,81.95969423210563
2024-01-14 05:00:00,RIG_NORMAL,5,14,6,48.73107179936013,63.78354399084661,69.18544108827825,0.5815670967983346,46.055482918476464,70.3788191851981,73.03219050850284,STANDBY,0,0,82.02918693537178
2024-01-14 06:00:00,RIG_NORMAL,6,14,6,57.396697565294645,67.99422942681495,74.01987657074986,0.6216504173091277,47.49480484216319,70.43117984702255,72.76446704390375,HIGH_PRODUCTION,0,0,82.09867963863795
2024-01-14 07:00:00,RIG_NORMAL,7,14,6,66.06232333122917,76.11881560006893,75.13063306921651,0.7031252788870783,47.82380127855664,76.82711040808145,84.08627539290322,HIGH_PRODUCTION,0,0,82.1681723419041
2024-01-14 08:00:00,RIG_NORMAL,8,14,6,74.13740102183893,66.47194977766924,75.52061842658796,0.5993157720810025,44.49463345262438,68.33425651492313,80.47825164426207,HIGH_PRODUCTION,0,0,82.23766504517026
2024-01-14 09:00:00,RIG_NORMAL,9,14,6,81.0716274372057,80.53838681657446,82.3816854828917,0.5670615951259148,50.96888870114185,76.88851542826208,84.39947524978791,HIGH_PRODUCTION,0,0,82.30715774843642
2024-01-14 10:00:00,RIG_NORMAL,10,14,6,86.39244650647323,92.99159959901631,93.49842349947883,0.6238269072035484,52.83684114304896,73.80762370926335,98.37242664366526,HIGH_PRODUCTION,0,0,82.37665045170257
2024-01-14 11:00:00,RIG_NORMAL,11,14,6,89.73725320314023,94.81429676983515,95.0,0.6832120041210882,56.1179351694779,77.66770382387027,102.12144360396834,HIGH_PRODUCTION,0,0,82.44614315496872
2024-01-14 12:00:00,RIG_NORMAL,12,14,6,90.8781044783832,94.97878559268686,95.0,0.6343358400424467,54.439329244016804,78.04506080547281,102.24396876003574,HIGH_PRODUCTION,0,0,82.51563585823489
2024-01-14 13:00:00,RIG_NORMAL,13,14,6,89.73725320314023,92.23983053431635,93.6630649940797,0.6710918487958875,52.848547607051856,78.89003132486445,99.26734778096142,HIGH_PRODUCTION,0,0,82.58512856150105
2024-01-14 14:00:00,RIG_NORMAL,14,14,6,86.39244650647325,97.8819360335014,95.0,0.6957784891905938,50.19379705906309,84.04967604195036,99.04537898666267,HIGH_PRODUCTION,0,0,82.6546212647672
2024-01-14 15:00:00,RIG_NORMAL,15,14,6,81.0716274372057,82.7485827525469,83.49514665505495,0.6116633125582234,48.553582940586864,71.09747905079276,84.2100813396771,HIGH_PRODUCTION,0,0,82.72411396803335
2024-01-14 16:00:00,RIG_NORMAL,16,14,6,74.13740102183893,81.57638321728942,84.76116289812781,0.6255373424511383,50.057544257480956,67.20441314534845,90.65974565687486,HIGH_PRODUCTION,0,0,82.79360667129951
2024-01-14 17:00:00,RIG_NORMAL,17,14,6,66.06232333122917,64.46529644713323,71.67150411199671,0.6432307532860276,46.02899511023152,66.99116813732624,76.49761962582494,HIGH_PRODUCTION,0,0,82.86309937456568
2024-01-14 18:00:00,RIG_NORMAL,18,14,6,57.39669756529465,67.64832846563039,70.11194964710977,0.5416600445872769,51.54282766059856,70.63879673368106,81.70511052034361,HIGH_PRODUCTION,0,0,82.93259207783183
2024-01-14 19:00:00,RIG_NORMAL,19,14,6,48.73107179936013,50.732331328535736,58.05479049945013,0.42697692691891637,42.79981447769532,64.50341599649725,61.47540019541235,HIGH_PRODUCTION,0,0,83.00208478109798
2024-01-14 20:00:00,RIG_NORMAL,20,14,6,40.65599410875039,39.51390537444275,50.77851919557377,0.5514136907371499,40.47546049826855,58.17082744304492,52.97319424044438,HIGH_PRODUCTION,0,0,83.07157748436414
2024-01-14 21:00:00,RIG_NORMAL,21,14,6,38.26446504352977,37.513716182202955,44.09299595729782,0.5129743725608058,39.23280035922988,64.10414624500577,49.58577164561185,HIGH_PRODUCTION,0,0,83.1410701876303
2024-01-14 22:00:00,RIG_NORMAL,22,14,6,38.26446504352977,46.87316684790887,50.942725873025104,0.5805621459567154,41.82631551299845,65.02531176477004,56.36934942966669,STANDBY,0,0,83.21056289089645
2024-01-14 23:00:00,RIG_NORMAL,23,14,6,38.26446504352977,52.304767605635355,54.452062636330005,0.5405483709448483,41.26485656714604,61.29023062646792,60.96795058803691,STANDBY,0,0,83.28005559416262
2024-01-15 00:00:00,RIG_NORMAL,0,15,0,40.0,39.56972758447727,48.096355924862735,0.6086015864997262,39.17619957860184,64.97377770649706,50.2143741229422,STANDBY,0,0,83.34954829742877
2024-01-15 01:00:00,RIG_NORMAL,1,15,0,40.0,46.539129904218754,46.17167790326344,0.501059102162903,37.66765536164242,65.05940534852043,47.4984775051939,STANDBY,0,0,83.41904100069493
2024-01-15 02:00:00,RIG_NORMAL,2,15,0,40.0,46.79372519525263,48.824296719559015,0.5138717662682982,40.40759325355496,60.66552108894955,49.06313588075618,STANDBY,0,0,83.48853370396108
2024-01-15 03:00:00,RIG_NORMAL,3,15,0,40.0,33.399732587138374,44.37719615591471,0.513779542568146,38.12241151971362,58.564579025089415,47.911761628758676,STANDBY,0,0,83.55802640722725
2024-01-15 04:00:00,RIG_NORMAL,4,15,0,42.5,48.54774336258373,56.61039478404293,0.5883156699096777,45.9429194053168,63.90737105999441,63.06040586522062,STANDBY,0,0,83.6275191104934
2024-01-15 05:00:00,RIG_NORMAL,5,15,0,50.94133342141177,51.61655078689039,58.61685813582059,0.5708880486393813,43.53834725996324,63.79175072926726,59.89690753536161,STANDBY,0,0,83.69701181375956
2024-01-15 06:00:00,RIG_NORMAL,6,15,0,60.0,64.9090787400853,70.39512516878244,0.5588506344783444,46.8358224509184,71.01070958442656,78.24495962014613,HIGH_PRODUCTION,0,0,83.76650451702571
2024-01-15 07:00:00,RIG_NORMAL,7,15,0,69.05866657858823,71.86543767557431,74.15683978117033,0.6109716212882492,46.142208577440236,70.64498579230852,79.6415446237952,HIGH_PRODUCTION,0,0,83.83599722029187
2024-01-15 08:00:00,RIG_NORMAL,8,15,0,77.5,89.70731234922556,90.10451652759275,0.6945519406523325,51.745951797671495,78.16545501901057,103.44520826630817,HIGH_PRODUCTION,0,0,83.90548992355804
2024-01-15 09:00:00,RIG_NORMAL,9,15,0,84.74873734152916,94.15927962399395,90.9935154905229,0.6938975513822859,54.71612945249727,81.47584043106785,99.05765331495488,HIGH_PRODUCTION,0,0,83.97498262682419
2024-01-15 10:00:00,RIG_NORMAL,10,15,0,90.31088913245534,97.84588234479662,95.0,0.7582856659873383,52.64352069016664,77.53794296948102,101.28142612197627,HIGH_PRODUCTION,0,0,84.04447533009034
2024-01-15 11:00:00,RIG_NORMAL,11,15,0,93.8074039201174,90.94126295738278,94.84668828580294,0.6192939598638275,52.420445312392474,82.20056959470288,99.05778999520224,HIGH_PRODUCTION,0,0,84.1139680333565
2024-01-15 12:00:00,RIG_NORMAL,12,15,0,95.0,104.03670718733939,95.0,0.7125528205872975,58.992879794417654,80.67239755943507,99.95563161353789,HIGH_PRODUCTION,0,0,84.18346073662266
2024-01-15 13:00:00,RIG_NORMAL,13,15,0,93.8074039201174,102.64870939404938,95.0,0.674781778337715,55.169077788941564,84.62949120332614,101.44819153107345,HIGH_PRODUCTION,0,0,84.25295343988881
2024-01-15 14:00:00,RIG_NORMAL,14,15,0,90.31088913245536,97.6377348234776,95.0,0.7166835313073271,55.38039424264295,81.26925292709991,99.48190214120105,HIGH_PRODUCTION,0,0,84.32244614315496
2024-01-15 15:00:00,RIG_NORMAL,15,15,0,84.74873734152916,94.82490760421605,94.72852419084386,0.6190272701647329,50.71075576314864,81.33660849814652,98.75834045054837,HIGH_PRODUCTION,0,0,84.39193884642113
2024-01-15 16:00:00,RIG_NORMAL,16,15,0,77.5,87.86378915852885,88.27993717437488,0.6306140160090574,51.29118323665148,74.46332598350574,93.79432063462235,HIGH_PRODUCTION,0,0,84.46143154968729
2024-01-15 17:00:00,RIG_NORMAL,17,15,0,69.05866657858823,78.59100339769748,77.28928108096888,0.5959363917645619,48.05836049384656,71.49845898564246,82.74870858748996,HIGH_PRODUCTION,0,0,84.53092425295344
2024-01-15 18:00:00,RIG_NORMAL,18,15,0,60.00000000000001,76.80920764923779,78.37994048832515,0.6455140436273457,51.049093172716134,73.20824517489397,84.4410108568033,HIGH_PRODUCTION,0,0,84.60041695621959
2024-01-15 19:00:00,RIG_NORMAL,19,15,0,50.94133342141177,48.626518631009745,56.83780647162434,0.47365942734247735,43.708487604027894,62.78607625867739,56.87953392768415,HIGH_PRODUCTION,0,0,84.66990965948575
2024-01-15 20:00:00,RIG_NORMAL,20,15,0,42.500000000000014,50.267699310270274,60.37228108567858,0.6308114976305045,43.571809043285626,68.06087624383007,68.53625141423854,HIGH_PRODUCTION,0,0,84.73940236275192
2024-01-15 21:00:00,RIG_NORMAL,21,15,0,40.0,58.57023227900086,58.8352316200826,0.6754181354688418,45.3530442004912,67.02498003510318,66.63443502911866,HIGH_PRODUCTION,0,0,84.80889506601807
2024-01-15 22:00:00,RIG_NORMAL,22,15,0,40.0,50.906373894104995,54.10815892054432,0.5502784360513872,45.465880187175856,67.84154167968576,54.809326957795285,STANDBY,0,0,84.87838776928423
2024-01-15 23:00:00,RIG_NORMAL,23,15,0,40.0,45.03430555057334,48.88712772601267,0.5379628580786308,37.18568757559554,64.86559837263789,51.63803399132411,STANDBY,0,0,84.94788047255038
2024-01-16 00:00:00,RIG_NORMAL,0,16,1,38.26446504352977,50.633241226289606,52.51713029547619,0.602427291565201,46.985495611488666,62.314342536896135,55.94797284964912,STANDBY,0,0,85.01737317581654
2024-01-16 01:00:00,RIG_NORMAL,1,16,1,38.26446504352977,41.98626603724233,47.429200474791315,0.583711304934339,39.747308910917646,69.47354083628629,53.690451874444506,STANDBY,0,0,85.0868658790827
2024-01-16 02:00:00,RIG_NORMAL,2,16,1,38.26446504352977,48.73994693479991,48.742122243671936,0.5317533996301615,48.30000205526918,65.61068993315313,57.703030799038544,STANDBY,0,0,85.15635858234886
2024-01-16 03:00:00,RIG_NORMAL,3,16,1,38.26446504352977,41.02593097303365,47.67271302503145,0.5243791194077322,39.461820831015814,63.255803371207854,52.88857163255497,STANDBY,0,0,85.22585128561501
2024-01-16 04:00:00,RIG_NORMAL,4,16,1,40.65599410875038,47.128271695336245,52.836934709881064,0.5268488147699794,43.30853785435427,65.02607482175344,54.5033131286078,STANDBY,0,0,85.29534398888117
2024-01-16 05:00:00,RIG_NORMAL,5,16,1,48.73107179936014,58.65329490892966,63.91941956761786,0.5724581384529129,47.45781267247057,66.05162775048065,67.75661710008457,STANDBY,0,0,85.36483669214732
2024-01-16 06:00:00,RIG_NORMAL,6,16,1,57.39669756529465,56.20234741963796,64.54550532451262,0.5773976002597794,44.12039246024833,69.64763277030539,67.75988603749066,HIGH_PRODUCTION,0,0,85.43432939541349
2024-01-16 07:00:00,RIG_NORMAL,7,16,1,66.06232333122918,76.1275558894799,75.96300937684885,0.6095003646903339,45.66980220990507,74.10975020082851,79.0975580914273,HIGH_PRODUCTION,0,0,85.50382209867965
2024-01-16 08:00:00,RIG_NORMAL,8,16,1,74.13740102183893,87.63333270851277,88.13438691613493,0.6337673742450656,50.71835961214057,77.30089056522873,93.08955733072055,HIGH_PRODUCTION,0,0,85.5733148019458
2024-01-16 09:00:00,RIG_NORMAL,9,16,1,81.07162743720572,87.74374332463016,88.52136919738173,0.6456766735379973,51.68458125179219,75.82163288998522,95.7428124425405,HIGH_PRODUCTION,0,0,85.64280750521195
2024-01-16 10:00:00,RIG_NORMAL,10,16,1,86.39244650647325,89.89998691617272,91.94232261782997,0.7270133986167127,49.534548039091646,76.08751459285898,97.33179254699766,HIGH_PRODUCTION,0,0,85.71230020847811
2024-01-16 11:00:00,RIG_NORMAL,11,16,1,89.73725320314024,101.18944718976273,95.0,0.7197344647409953,53.98832357960767,81.63703042966831,97.32264299173872,HIGH_PRODUCTION,0,0,85.78179291174428
2024-01-16 12:00:00,RIG_NORMAL,12,16,1,90.87810447838321,101.84099119534973,95.0,0.7899873634253289,54.413611141189435,79.70024957385289,104.8040532008238,HIGH_PRODUCTION,0,0,85.85128561501043
2024-01-16 13:00:00,RIG_NORMAL,13,16,1,89.73725320314024,98.86591001753584,95.0,0.6083950070154381,52.87863322649006,83.3003216511805,102.98092990147913,HIGH_PRODUCTION,0,0,85.92077831827658
2024-01-16 14:00:00,RIG_NORMAL,14,16,1,86.39244650647326,96.61764361854759,95.0,0.6515513420552611,55.61564084602665,82.7242249979219,104.58623660365527,HIGH_PRODUCTION,0,0,85.99027102154274
2024-01-16 15:00:00,RIG_NORMAL,15,16,1,81.07162743720572,83.27681459778417,86.12898711623524,0.671152851074198,51.35752945364761,78.30755541132302,90.00326826439623,HIGH_PRODUCTION,0,0,86.0597637248089
2024-01-16 16:00:00,RIG_NORMAL,16,16,1,74.13740102183893,82.38669683481565,83.96826735052092,0.6780658088753424,50.99974164616424,74.02830029245251,84.05702298143873,HIGH_PRODUCTION,0,0,86.12925642807505
2024-01-16 17:00:00,RIG_NORMAL,17,16,1,66.06232333122918,71.65580255515685,75.27269408158385,0.695507709734237,49.02286879644502,70.07785464430347,76.3015917225971,HIGH_PRODUCTION,0,0,86.1987491313412
2024-01-16 18:00:00,RIG_NORMAL,18,16,1,57.39669756529466,65.467117818792,67.78645752076812,0.5932339446974633,47.96536366593356,69.70067089692392,71.39643323242755,HIGH_PRODUCTION,0,0,86.26824183460737
2024-01-16 19:00:00,RIG_NORMAL,19,16,1,48.73107179936014,50.13083456113124,59.18156213037412,0.5791929901738407,42.333951470931225,70.30751054896139,63.382470537654,HIGH_PRODUCTION,0,0,86.33773453787353
2024-01-16 20:00:00,RIG_NORMAL,20,16,1,40.65599410875039,51.02635073153915,54.430746412779904,0.49151431607983626,39.99679283379982,59.68381108393716,59.571910993320905,HIGH_PRODUCTION,0,0,86.40722724113968
2024-01-16 21:00:00,RIG_NORMAL,21,16,1,38.26446504352977,49.546232349503256,53.256679460916075,0.5478409141562264,40.965272416702575,64.86943701148415,57.536476068812235,HIGH_PRODUCTION,0,0,86.47671994440584
2024-01-16 22:00:00,RIG_NORMAL,22,16,1,38.26446504352977,41.37720629034565,45.23530651868252,0.6371696450568641,38.1282902920222,59.49505253820876,47.60868876688818,STANDBY,0,0,86.546212647672
2024-01-16 23:00:00,RIG_NORMAL,23,16,1,38.26446504352977,48.51538873832887,52.23288885370755,0.5567328643310612,41.03773673782452,68.13442486497615,61.34935117640652,STANDBY,0,0,86.61570535093816
2024-01-17 00:00:00,RIG_NORMAL,0,17,2,36.872674070127886,46.899993305582925,50.51150492214633,0.5067435103244915,40.84617713763867,69.43893573837732,59.15216427899954,STANDBY,0,0,86.6851980542043
2024-01-17 01:00:00,RIG_NORMAL,1,17,2,36.872674070127886,44.29536032761849,50.4434806972482,0.6126318436994409,42.94465335458877,64.30311516469283,55.234005323120364,STANDBY,0,0,86.75469075747047
2024-01-17 02:00:00,RIG_NORMAL,2,17,2,36.872674070127886,35.29684521951333,44.18006274164121,0.5197941723282606,39.991336589298164,56.21782015972475,49.45402105518026,STANDBY,0,0,86.82418346073662
2024-01-17 03:00:00,RIG_NORMAL,3,17,2,36.872674070127886,47.92271082897404,52.24137896295633,0.49452018317372554,43.193269359961576,66.37840311438866,61.21186704218094,STANDBY,0,0,86.89367616400278
2024-01-17 04:00:00,RIG_NORMAL,4,17,2,39.17721619951087,47.47078004843308,54.88417692618151,0.6263347161772205,34.96934086621995,58.14449931941018,65.42972527462955,STANDBY,0,0,86.96316886726893
2024-01-17 05:00:00,RIG_NORMAL,5,17,2,46.958579598635716,54.37408753496263,63.4734525889486,0.5080810475776931,43.481236384303244,68.91215171831652,68.49303515912038,STANDBY,0,0,87.0326615705351
2024-01-17 06:00:00,RIG_NORMAL,6,17,2,55.30901110519182,71.36092017868118,76.31261943042558,0.7001540992767183,45.204902299862006,71.2900377455288,77.49376752504449,HIGH_PRODUCTION,0,0,87.10215427380126
2024-01-17 07:00:00,RIG_NORMAL,7,17,2,63.65944261174793,74.03356164078664,77.12326693555963,0.5701617855565981,49.95792596768813,77.86154715349149,83.4189389443363,HIGH_PRODUCTION,0,0,87.17164697706741
2024-01-17 08:00:00,RIG_NORMAL,8,17,2,71.44080601087278,82.0677129114292,87.29815244720413,0.6692311126725317,51.404217258662854,69.04411116100354,86.02498178900758,HIGH_PRODUCTION,0,0,87.24113968033356
2024-01-17 09:00:00,RIG_NORMAL,9,17,2,78.12281424622702,81.10117753373281,85.94005897835731,0.6899125366404375,43.4436395845492,72.38295006071482,93.10457384954063,HIGH_PRODUCTION,0,0,87.31063238359972
2024-01-17 10:00:00,RIG_NORMAL,10,17,2,83.250099499112,81.4526185607826,86.13102645201069,0.6287074338226961,51.44482229498041,70.1058149594844,92.93270121410475,HIGH_PRODUCTION,0,0,87.38012508686589
2024-01-17 11:00:00,RIG_NORMAL,11,17,2,86.47324575278313,91.21249349706825,91.36184902942117,0.6782537885069075,52.082272465670194,74.91372557691116,97.69892057884034,HIGH_PRODUCTION,0,0,87.44961779013204
2024-01-17 12:00:00,RIG_NORMAL,12,17,2,87.57260091655372,100.28366556974264,95.0,0.6743622167973047,58.60891429725599,81.24496897997138,95.91691760496596,HIGH_PRODUCTION,0,0,87.51911049339819
2024-01-17 13:00:00,RIG_NORMAL,13,17,2,86.47324575278313,95.24954706570877,93.55321277893616,0.6323976138288113,51.18810359995376,72.7837802257116,105.28017984499472,HIGH_PRODUCTION,0,0,87.58860319666435
2024-01-17 14:00:00,RIG_NORMAL,14,17,2,83.25009949911201,98.60640925364753,93.21890189867669,0.6521534704447896,56.21961269462318,75.31147682492549,95.03874202893908,HIGH_PRODUCTION,0,0,87.65809589993052
2024-01-17 15:00:00,RIG_NORMAL,15,17,2,78.12281424622702,80.11526003612988,83.09894608702211,0.7010495449759714,51.9007985300338,75.01837326361243,91.59875166355945,HIGH_PRODUCTION,0,0,87.72758860319666
2024-01-17 16:00:00,RIG_NORMAL,16,17,2,71.44080601087278,84.73152581698267,84.68327779350024,0.739272711803577,48.25629046107673,76.8638317071524,86.69499941907588,HIGH_PRODUCTION,0,0,87.79708130646281
2024-01-17 17:00:00,RIG_NORMAL,17,17,2,63.65944261174793,62.89827122887535,69.52005063876234,0.6134572582438564,49.53052963091352,69.9504432381137,74.61821995455938,HIGH_PRODUCTION,0,0,87.86657400972898
2024-01-17 18:00:00,RIG_NORMAL,18,17,2,55.30901110519183,63.25502006326416,68.7225838414021,0.6855699063113893,42.4535872002089,71.94018258483293,71.26008327856415,HIGH_PRODUCTION,0,0,87.93606671299514
2024-01-17 19:00:00,RIG_NORMAL,19,17,2,46.958579598635716,43.78800181279017,55.93392647713343,0.6231468393429838,39.26195982232291,64.04822801925681,62.58926959620754,HIGH_PRODUCTION,0,0,88.00555941626129
2024-01-17 20:00:00,RIG_NORMAL,20,17,2,39.17721619951089,37.76932546516869,44.71193969689104,0.6239484704845285,40.58725060943503,65.757152980138,52.61675561488645,HIGH_PRODUCTION,0,0,88.07505211952746
2024-01-17 21:00:00,RIG_NORMAL,21,17,2,36.872674070127886,44.72392602850415,50.067722748134784,0.6019739165319861,40.76034793173641,69.26129937272317,56.20536080346342,HIGH_PRODUCTION,0,0,88.1445448227936
2024-01-17 22:00:00,RIG_NORMAL,22,17,2,36.872674070127886,36.934798803284714,43.4462137852997,0.6229737721967858,40.0302129546504,53.626633412324104,46.844625094670576,STANDBY,0,0,88.21403752605977
2024-01-17 23:00:00,RIG_NORMAL,23,17,2,36.872674070127886,39.84889127598813,42.76701200167041,0.4748552111912233,39.4980065058903,63.14640120466277,52.37270763054023,STANDBY,0,0,88.28353022932592
2024-01-18 00:00:00,RIG_NORMAL,0,18,3,36.10028835127271,46.230973501287465,49.803689404743864,0.6093436958776726,39.55817131953995,65.70219791093677,48.977701884779705,STANDBY,0,0,88.35302293259208
2024-01-18 01:00:00,RIG_NORMAL,1,18,3,36.10028835127271,43.247178084835085,48.00704314458797,0.4942974492513196,43.020095865897886,63.209513044934624,55.671484509917676,STANDBY,0,0,88.42251563585823
2024-01-18 02:00:00,RIG_NORMAL,2,18,3,36.10028835127271,40.69375427193394,48.82919788170523,0.6324136976836118,37.49317068637452,62.01233747831834,49.26290765024295,STANDBY,0,0,88.4920083391244
2024-01-18 03:00:00,RIG_NORMAL,3,18,3,36.10028835127271,49.71338801153594,50.1536662254901,0.48860916226441964,43.65884177293599,68.09042474147113,58.47561988904617,STANDBY,0,0,88.56150104239055
2024-01-18 04:00:00,RIG_NORMAL,4,18,3,38.35655637322725,39.986176424019135,45.12102351946318,0.6358233027565503,41.01576526747626,61.102487971442834,53.037889229340585,STANDBY,0,0,88.63099374565671
2024-01-18 05:00:00,RIG_NORMAL,5,18,3,45.97492063778226,57.63038061736057,62.75959135986745,0.59506959831878,44.18621538555802,63.672363028257266,66.54329395815125,STANDBY,0,0,88.70048644892286
2024-01-18 06:00:00,RIG_NORMAL,6,18,3,54.15043252690906,56.194374660995074,65.17153137691727,0.6580913518409867,40.43538121879738,64.7034748405586,69.82311625560463,HIGH_PRODUCTION,0,0,88.76997915218902
2024-01-18 07:00:00,RIG_NORMAL,7,18,3,62.32594441603586,73.93536282642157,76.95498831734659,0.6375213318387721,47.08435181899419,73.33181332584914,79.95070864586607,HIGH_PRODUCTION,0,0,88.83947185545517
2024-01-18 08:00:00,RIG_NORMAL,8,18,3,69.94430868059086,73.43087961798503,76.10482463876487,0.6140997504361806,48.87848492070009,75.05342060423892,79.38400555079326,HIGH_PRODUCTION,0,0,88.90896455872134
2024-01-18 09:00:00,RIG_NORMAL,9,18,3,76.48634638588689,88.2533330980833,86.85785158213365,0.6380576858437086,55.32434764583964,74.93767496069431,92.94422896250552,HIGH_PRODUCTION,0,0,88.9784572619875
2024-01-18 10:00:00,RIG_NORMAL,10,18,3,81.50622847353647,84.49949522558803,86.58110199969992,0.7223360536829092,54.418646372666316,71.61380125705281,95.1121835761295,HIGH_PRODUCTION,0,0,89.04794996525365
2024-01-18 11:00:00,RIG_NORMAL,11,18,3,84.66185827501369,90.1006809146893,90.75523397105437,0.7260771922264981,55.06072348813056,68.43234441805683,97.93966463275238,HIGH_PRODUCTION,0,0,89.1174426685198
2024-01-18 12:00:00,RIG_NORMAL,12,18,3,85.73818483427267,92.78276381931937,95.0,0.6677703850561266,53.23888584729495,82.24836614728754,102.8221124374948,HIGH_PRODUCTION,0,0,89.18693537178596
2024-01-18 13:00:00,RIG_NORMAL,13,18,3,84.66185827501369,85.68379485581335,87.09638722931065,0.7247186219770443,53.10777791071962,72.29396592266372,96.68923817763246,HIGH_PRODUCTION,0,0,89.25642807505213
2024-01-18 14:00:00,RIG_NORMAL,14,18,3,81.50622847353648,87.98385842191533,91.45671691009986,0.6013017224775555,53.15104647860343,75.6637012844319,98.20883785850855,HIGH_PRODUCTION,0,0,89.32592077831828
2024-01-18 15:00:00,RIG_NORMAL,15,18,3,76.48634638588689,92.89982984152158,90.98820309162487,0.7018602245339542,53.03230385865446,77.5166654200899,99.17666573562992,HIGH_PRODUCTION,0,0,89.39541348158443
2024-01-18 16:00:00,RIG_NORMAL,16,18,3,69.94430868059086,70.96974374534403,75.45458510763946,0.7103033239850627,50.049137128493086,71.20106329569184,78.744620189941,HIGH_PRODUCTION,0,0,89.46490618485059
2024-01-18 17:00:00,RIG_NORMAL,17,18,3,62.32594441603586,74.77331002882545,78.33927599819265,0.671516962949767,48.27791697506129,77.95228628688788,84.45005515033881,HIGH_PRODUCTION,0,0,89.53439888811675
2024-01-18 18:00:00,RIG_NORMAL,18,18,3,54.150432526909064,51.15108854570465,57.95234821090832,0.48452529332545413,41.1900485496995,67.73934637856364,63.14064195215737,HIGH_PRODUCTION,0,0,89.6038915913829
2024-01-18 19:00:00,RIG_NORMAL,19,18,3,45.97492063778226,57.26827304842031,62.50676356725153,0.5073630688497668,44.27242583711782,69.92714084285264,66.3733498169424,HIGH_PRODUCTION,0,0,89.67338429464907
2024-01-18 20:00:00,RIG_NORMAL,20,18,3,38.356556373227264,56.98185143104942,59.27517939918101,0.48529876977389397,43.22940325235761,65.10696580495215,62.89191538427506,HIGH_PRODUCTION,0,0,89.74287699791522
2024-01-18 21:00:00,RIG_NORMAL,21,18,3,36.10028835127271,42.57966266046335,49.92307289195527,0.6062940251466293,38.891044310139485,63.37522934055389,58.50148495929551,HIGH_PRODUCTION,0,0,89.81236970118138
2024-01-18 22:00:00,RIG_NORMAL,22,18,3,36.10028835127271,42.906068737756684,48.82181600390398,0.49197102458374475,39.7766184874902,61.20132092757909,57.05349465770237,STANDBY,0,0,89.88186240444753
2024-01-18 23:00:00,RIG_NORMAL,23,18,3,36.10028835127271,35.41120219775456,42.89246510223947,0.5823676232636692,35.23331588614159,55.590386893101986,52.961290443612185,STANDBY,0,0,89.9513551077137
2024-01-19 00:00:00,RIG_NORMAL,0,19,4,36.10028835127271,35.987515308389625,43.23221848509106,0.5566477913540794,39.50250717688404,62.85924263786806,46.39402259765735,STANDBY,0,0,90.02084781097984
2024-01-19 01:00:00,RIG_NORMAL,1,19,4,36.10028835127271,46.6379812955584,45.66751736150246,0.5279836416915422,43.324719220042226,61.055790354069906,48.75511547035383,STANDBY,0,0,90.09034051424601
2024-01-19 02:00:00,RIG_NORMAL,2,19,4,36.10028835127271,47.23740317871104,54.06826532197495,0.6010525777386031,42.36092251658185,58.620079509642935,57.05511699112528,STANDBY,0,0,90.15983321751216
2024-01-19 03:00:00,RIG_NORMAL,3,19,4,36.10028835127271,47.57712160996383,53.15001724799017,0.5003794629946972,43.60905516067891,64.15897495280907,61.109515691495936,STANDBY,0,0,90.22932592077832
2024-01-19 04:00:00,RIG_NORMAL,4,19,4,38.35655637322725,48.28911700889881,56.384914194176766,0.5384287934931484,40.51006220967817,65.84086526554891,62.896114729564346,STANDBY,0,0,90.29881862404447
2024-01-19 05:00:00,RIG_NORMAL,5,19,4,45.97492063778226,49.00285185425552,58.25429150037106,0.4985943502267599,39.05889441167093,69.72130705675151,63.965185824552854,STANDBY,0,0,90.36831132731064
2024-01-19 06:00:00,RIG_NORMAL,6,19,4,54.15043252690906,61.327243715257055,67.82304122305878,0.5679170613908842,42.585548761099,69.95411711536485,64.4910324414669,HIGH_PRODUCTION,0,0,90.43780403057679
2024-01-19 07:00:00,RIG_NORMAL,7,19,4,62.32594441603586,61.344741655290264,68.65858614298486,0.6229390190367295,44.707040680849424,74.51223671383867,67.53721353771978,HIGH_PRODUCTION,0,0,90.50729673384295
2024-01-19 08:00:00,RIG_NORMAL,8,19,4,69.94430868059086,76.15036030047615,83.59063999093037,0.6269374826680788,49.54462961926351,76.8880638091902,88.97424756119712,HIGH_PRODUCTION,0,0,90.57678943710911
2024-01-19 09:00:00,RIG_NORMAL,9,19,4,76.48634638588689,90.90852288484773,90.77999461220762,0.6309578416600726,52.56282895095051,78.98670808299063,99.67804215597545,HIGH_PRODUCTION,0,0,90.64628214037526
2024-01-19 10:00:00,RIG_NORMAL,10,19,4,81.50622847353647,85.77453781123447,85.42233912243236,0.6264349028421017,51.84456630520281,77.03830169656098,93.30838546404043,HIGH_PRODUCTION,0,0,90.71577484364141
2024-01-19 11:00:00,RIG_NORMAL,11,19,4,84.66185827501369,92.48785991479015,93.20523805326924,0.6411946415540389,53.3677866258522,74.01560051510317,96.99935568017499,HIGH_PRODUCTION,0,0,90.78526754690758
2024-01-19 12:00:00,RIG_NORMAL,12,19,4,85.73818483427267,101.84560884094877,95.0,0.7306683384311662,55.08641485477555,78.75846064449472,102.58846748339313,HIGH_PRODUCTION,0,0,90.85476025017374
2024-01-19 13:00:00,RIG_NORMAL,13,19,4,84.66185827501369,87.05250997110001,89.74114263176841,0.6631514149449956,50.164821145426394,81.81569901317471,98.26223255078423,HIGH_PRODUCTION,0,0,90.92425295343989
2024-01-19 14:00:00,RIG_NORMAL,14,19,4,81.50622847353648,92.92118894848893,93.95369736198025,0.6643240568577324,50.73705334921935,81.57353858519672,99.44991153102966,HIGH_PRODUCTION,0,0,90.99374565670604
2024-01-19 15:00:00,RIG_NORMAL,15,19,4,76.48634638588689,76.22316438455199,81.46461562981506,0.7050510434004258,46.67390797467343,69.42104496189847,88.65945196820743,HIGH_PRODUCTION,0,0,91.0632383599722
2024-01-19 16:00:00,RIG_NORMAL,16,19,4,69.94430868059086,83.3898593860668,86.23586038433446,0.7395870115973033,53.954298415759794,75.33517127890715,92.96786426551512,HIGH_PRODUCTION,0,0,91.13273106323837
2024-01-19 17:00:00,RIG_NORMAL,17,19,4,62.32594441603586,65.4239578864331,72.38762991009573,0.7322233664498797,49.031700172494816,70.8337264169364,84.69738685014258,HIGH_PRODUCTION,0,0,91.20222376650452
2024-01-19 18:00:00,RIG_NORMAL,18,19,4,54.150432526909064,74.18191519676915,71.76401007947025,0.6565221317159514,48.78026108680868,67.72069739544366,76.31560464415114,HIGH_PRODUCTION,0,0,91.27171646977068
2024-01-19 19:00:00,RIG_NORMAL,19,19,4,45.97492063778226,48.79979729277418,55.243794186548506,0.5383825195204253,45.506453852077854,67.81267860217143,57.80112563650318,HIGH_PRODUCTION,0,0,91.34120917303683
2024-01-19 20:00:00,RIG_NORMAL,20,19,4,38.356556373227264,50.105715081701106,57.14312849534255,0.5709061160441307,42.754844480874866,65.91553240202386,55.847139342367996,HIGH_PRODUCTION,0,0,91.410701876303
2024-01-19 21:00:00,RIG_NORMAL,21,19,4,36.10028835127271,53.737740550898856,55.36080444981877,0.6397788537730289,47.616745949612124,65.43000879737158,54.95020265986658,HIGH_PRODUCTION,0,0,91.48019457956914
2024-01-19 22:00:00,RIG_NORMAL,22,19,4,36.10028835127271,42.898290921470725,50.66272768598738,0.5472892566021925,42.15700583612824,63.3345771414401,55.112285371701624,STANDBY,0,0,91.54968728283531
2024-01-19 23:00:00,RIG_NORMAL,23,19,4,36.10028835127271,51.96298651891994,53.03457095857528,0.5724820609505692,44.47222406974384,64.4278199832863,56.45046974789334,STANDBY,0,0,91.61917998610146
2024-01-20 00:00:00,RIG_NORMAL,0,20,5,36.872674070127886,50.3130005226244,52.08463669404637,0.5402586233437724,45.865576133688286,70.13903100643012,62.25020969000883,STANDBY,0,0,91.68867268936762
2024-01-20 01:00:00,RIG_NORMAL,1,20,5,36.872674070127886,51.46475434938745,52.845980216298344,0.6323823508693897,44.331626067001935,67.64069872478697,55.77939523137027,STANDBY,0,0,91.75816539263377
2024-01-20 02:00:00,RIG_NORMAL,2,20,5,36.872674070127886,45.40742381237582,49.814634936970414,0.6185142493648003,43.08160646217411,64.74268681045372,54.6605835752033,STANDBY,0,0,91.82765809589993
2024-01-20 03:00:00,RIG_NORMAL,3,20,5,36.872674070127886,53.53102515303833,53.86319371057296,0.589368365379061,44.185435700127755,67.4286639344382,51.76730407544825,STANDBY,0,0,91.89715079916608
2024-01-20 04:00:00,RIG_NORMAL,4,20,5,39.17721619951087,42.12456938749128,48.9137258518668,0.6032546064107096,42.54276446808732,55.639859027112074,43.23339296757894,STANDBY,0,0,91.96664350243225
2024-01-20 05:00:00,RIG_NORMAL,5,20,5,46.958579598635716,55.9357239608451,62.64522388224966,0.553329941469766,45.05063347164861,65.0106864511195,69.31369010503732,STANDBY,0,0,92.0361362056984
2024-01-20 06:00:00,RIG_NORMAL,6,20,5,55.30901110519182,65.11715643146151,66.62042011991399,0.5702412502575146,48.09701972140617,68.64084769840666,79.27070250515354,HIGH_PRODUCTION,0,0,92.10562890896456
2024-01-20 07:00:00,RIG_NORMAL,7,20,5,63.65944261174793,81.42595071869096,82.18964317042835,0.6851717020606368,49.68399199307687,67.00025049964137,89.19354141332526,HIGH_PRODUCTION,0,0,92.17512161223073
2024-01-20 08:00:00,RIG_NORMAL,8,20,5,71.44080601087278,78.87031095633603,81.67629834680697,0.7182009380475398,46.288465422137826,76.41379949899624,88.51910286844745,HIGH_PRODUCTION,0,0,92.24461431549688
2024-01-20 09:00:00,RIG_NORMAL,9,20,5,78.12281424622702,82.61140044932031,84.42507060762388,0.6832746779441378,50.92484537892194,76.9329278201285,87.8502608636221,HIGH_PRODUCTION,0,0,92.31410701876302
2024-01-20 10:00:00,RIG_NORMAL,10,20,5,83.250099499112,94.54513739358919,92.24785013912701,0.6643483551085352,52.20003279247727,74.00395693051814,96.74384119045537,HIGH_PRODUCTION,0,0,92.38359972202919
2024-01-20 11:00:00,RIG_NORMAL,11,20,5,86.47324575278313,94.69746448410693,95.0,0.6410146072719136,54.69752707774189,73.41552333762996,96.86640476128679,HIGH_PRODUCTION,0,0,92.45309242529535
2024-01-20 12:00:00,RIG_NORMAL,12,20,5,87.57260091655372,102.5298263854042,95.0,0.7242871835431544,54.72863700627022,79.99362613722452,95.90469507961568,HIGH_PRODUCTION,0,0,92.5225851285615
2024-01-20 13:00:00,RIG_NORMAL,13,20,5,86.47324575278313,101.65174114386126,95.0,0.7124550324003689,52.954855095229846,75.89720935721002,98.59146730850108,HIGH_PRODUCTION,0,0,92.59207783182765
2024-01-20 14:00:00,RIG_NORMAL,14,20,5,83.25009949911201,87.880617304112,89.73298030467795,0.7798957229572814,50.18821359244457,75.77283553467703,96.871439734319,HIGH_PRODUCTION,0,0,92.66157053509382
2024-01-20 15:00:00,RIG_NORMAL,15,20,5,78.12281424622702,74.65905174172781,79.96479486207268,0.6907167542990804,48.131097141448045,71.40946460022138,85.4284367202829,HIGH_PRODUCTION,0,0,92.73106323835998
2024-01-20 16:00:00,RIG_NORMAL,16,20,5,71.44080601087278,82.93253166466246,83.39318461080421,0.6263175190571934,52.87335044398595,73.66177649815853,87.00800264448661,HIGH_PRODUCTION,0,0,92.80055594162613
2024-01-20 17:00:00,RIG_NORMAL,17,20,5,63.65944261174793,72.96844110414172,81.17141378904496,0.6791317012840707,49.841260838664844,69.7866190400445,84.74653043274988,HIGH_PRODUCTION,0,0,92.87004864489228
2024-01-20 18:00:00,RIG_NORMAL,18,20,5,55.30901110519183,71.29603383246217,74.01470578532651,0.6743564742625124,48.154031659935576,70.84550796105006,75.93282371295717,HIGH_PRODUCTION,0,0,92.93954134815844
2024-01-20 19:00:00,RIG_NORMAL,19,20,5,46.958579598635716,49.55780921327248,60.453735069439254,0.5386106747980983,38.481615262601935,66.8815431729752,64.02337800938884,HIGH_PRODUCTION,0,0,93.0090340514246
2024-01-20 20:00:00,RIG_NORMAL,20,20,5,39.17721619951089,49.059789616277655,54.988590769675184,0.549335701800959,44.53904640534548,60.02225942966295,57.63614818774784,HIGH_PRODUCTION,0,0,93.07852675469076
2024-01-20 21:00:00,RIG_NORMAL,21,20,5,36.872674070127886,38.34979845013259,42.287357630425056,0.5134758466763293,41.4045717934281,58.53875651909272,46.966246606581265,HIGH_PRODUCTION,0,0,93.1480194579569
2024-01-20 22:00:00,RIG_NORMAL,22,20,5,36.872674070127886,43.23040115005407,48.51034825245737,0.6111641232606179,40.98791974644589,61.80103439447058,55.51989586377365,STANDBY,0,0,93.21751216122308
2024-01-20 23:00:00,RIG_NORMAL,23,20,5,36.872674070127886,40.86330811245597,47.012148243759476,0.634194218626758,40.63710525042796,63.88105486066221,56.04168730010524,STANDBY,0,0,93.28700486448923
2024-01-21 00:00:00,RIG_NORMAL,0,21,6,38.26446504352977,51.24482512766746,52.10726531564647,0.5504360921639634,44.28005207773737,63.14650460828687,60.542194352068705,STANDBY,0,0,93.35649756775538
2024-01-21 01:00:00,RIG_NORMAL,1,21,6,38.26446504352977,51.80922447287552,53.86230095173807,0.5415199297769,46.93069561036355,71.65175234049532,59.47453465342534,STANDBY,0,0,93.42599027102155
2024-01-21 02:00:00,RIG_NORMAL,2,21,6,38.26446504352977,42.06961687867136,48.30522610700438,0.4345365577378102,42.07322560016487,63.612577742781895,52.46645556064249,STANDBY,0,0,93.49548297428771
2024-01-21 03:00:00,RIG_NORMAL,3,21,6,38.26446504352977,36.27424644967936,45.99654983603459,0.6119474101003738,36.502237985376055,61.877199668927524,45.851348295694834,STANDBY,0,0,93.56497567755386
2024-01-21 04:00:00,RIG_NORMAL,4,21,6,40.65599410875038,50.842048517537584,58.41987048685327,0.5353412181809711,44.669117532474445,68.4374480780831,68.08447562144255,STANDBY,0,0,93.63446838082001
2024-01-21 05:00:00,RIG_NORMAL,5,21,6,48.73107179936013,65.353685512255,68.16261263151989,0.5383188643384671,49.402050356312586,70.09100368604818,75.5515485542881,STANDBY,0,0,93.70396108408617
2024-01-21 06:00:00,RIG_NORMAL,6,21,6,57.396697565294645,66.09772098261053,68.55128426496393,0.5857390140685858,46.856811405263905,72.13737922042822,74.34524051277226,HIGH_PRODUCTION,0,0,93.77345378735234
2024-01-21 07:00:00,RIG_NORMAL,7,21,6,66.06232333122917,78.81428141975582,84.49688687486733,0.7165618361107655,52.59641469671986,69.12738133457336,89.84107498722828,HIGH_PRODUCTION,0,0,93.84294649061849
2024-01-21 08:00:00,RIG_NORMAL,8,21,6,74.13740102183893,87.78811355747341,88.77173797209568,0.6930130863508859,51.13227177459731,75.96265722188542,94.11297410022223,HIGH_PRODUCTION,0,0,93.91243919388464
2024-01-21 09:00:00,RIG_NORMAL,9,21,6,81.0716274372057,89.52796871414444,91.68727338932395,0.6671046093867549,53.709649746625004,78.20773206644013,92.4878818699846,HIGH_PRODUCTION,0,0,93.9819318971508
2024-01-21 10:00:00,RIG_NORMAL,10,21,6,86.39244650647323,98.39512796748947,95.0,0.7397934572953201,57.1295496492282,80.34133983642536,97.97045192729813,HIGH_PRODUCTION,0,0,94.05142460041696
2024-01-21 11:00:00,RIG_NORMAL,11,21,6,89.73725320314023,84.96071270692754,90.7361828229602,0.5427825921870868,51.38262749315813,78.42570030232521,96.2647822752812,HIGH_PRODUCTION,0,0,94.12091730368311
2024-01-21 12:00:00,RIG_NORMAL,12,21,6,90.8781044783832,94.10314712984402,95.0,0.7211381745666305,50.195461921438486,84.84948095546414,100.27879613423976,HIGH_PRODUCTION,0,0,94.19041000694926
2024-01-21 13:00:00,RIG_NORMAL,13,21,6,89.73725320314023,103.90658232263002,95.0,0.7073916950777441,56.2127363253574,86.29387175417355,99.92046477093432,HIGH_PRODUCTION,0,0,94.25990271021543
2024-01-21 14:00:00,RIG_NORMAL,14,21,6,86.39244650647325,98.20610972923798,95.0,0.8013657087093029,52.364417969238005,80.51625910772921,96.78757608068527,HIGH_PRODUCTION,0,0,94.32939541348159
2024-01-21 15:00:00,RIG_NORMAL,15,21,6,81.0716274372057,93.07914001861906,90.38625669162295,0.7217157728991942,54.79317885741589,79.9890013971846,98.00217135278929,HIGH_PRODUCTION,0,0,94.39888811674774
2024-01-21 16:00:00,RIG_NORMAL,16,21,6,74.13740102183893,84.57875635982784,87.85187244559663,0.6125178794610235,51.98049854863863,70.72302788697498,90.98885684125906,HIGH_PRODUCTION,0,0,94.46838082001389
2024-01-21 17:00:00,RIG_NORMAL,17,21,6,66.06232333122917,78.84630224448345,79.5079814647818,0.6813961961563981,51.55941063611418,71.01991657849592,82.9129935661185,HIGH_PRODUCTION,0,0,94.53787352328006
2024-01-21 18:00:00,RIG_NORMAL,18,21,6,57.39669756529465,67.28533131900454,69.68574104695439,0.6998577472144325,44.358510726731666,70.73649120731628,68.78802413843094,HIGH_PRODUCTION,0,0,94.60736622654622
2024-01-21 19:00:00,RIG_NORMAL,19,21,6,48.73107179936013,50.168050543521424,57.59534073400772,0.521176197336142,41.274793218465504,66.47530334057947,62.848805610233754,HIGH_PRODUCTION,0,0,94.67685892981237
2024-01-21 20:00:00,RIG_NORMAL,20,21,6,40.65599410875039,51.73296462650983,58.4017683932363,0.5912863208761163,44.243891037430885,64.16225613492918,65.98590054238066,HIGH_PRODUCTION,0,0,94.74635163307852
2024-01-21 21:00:00,RIG_NORMAL,21,21,6,38.26446504352977,41.753172786231204,46.841837539889525,0.5694676183715665,40.46381925756297,63.83909984549456,53.759238740244996,HIGH_PRODUCTION,0,0,94.8158443363447
2024-01-21 22:00:00,RIG_NORMAL,22,21,6,38.26446504352977,43.827389574335754,48.02377969564907,0.5329773130528512,41.157918663881055,63.917884117366015,58.36195785448679,STANDBY,0,0,94.88533703961085
2024-01-21 23:00:00,RIG_NORMAL,23,21,6,38.26446504352977,50.019765620251356,54.28071327930884,0.5630232952959899,45.09824801230125,65.91795568364955,58.02186543367911,STANDBY,0,0,94.954829742877
2024-01-22 00:00:00,RIG_NORMAL,0,22,0,40.0,40.92618929341567,47.05325965890628,0.5227867136045988,41.4702745771637,61.513713181011894,51.39849000682954,STANDBY,0,0,95.02432244614316
2024-01-22 01:00:00,RIG_NORMAL,1,22,0,40.0,51.86243577176453,52.98450687872567,0.586822864473192,42.575855935612104,72.34514341660763,57.1650199909204,STANDBY,0,0,95.09381514940932
2024-01-22 02:00:00,RIG_NORMAL,2,22,0,40.0,43.32276081836695,52.17362696802757,0.5574382877056738,39.17479885432828,62.37982216806789,50.08575106143509,STANDBY,0,0,95.16330785267547
2024-01-22 03:00:00,RIG_NORMAL,3,22,0,40.0,48.92552026271711,55.634048312635045,0.5672868872388094,41.49358252044559,67.1981877523107,60.91652886622987,STANDBY,0,0,95.23280055594162
2024-01-22 04:00:00,RIG_NORMAL,4,22,0,42.5,55.09330153553162,60.80561803514104,0.6490443410195996,45.5808010035811,66.81430985834588,65.68956136640726,STANDBY,0,0,95.30229325920779
2024-01-22 05:00:00,RIG_NORMAL,5,22,0,50.94133342141177,59.704074492949196,61.65245349592139,0.618452866226403,47.666063444780406,71.87542565846626,71.69736371259083,STANDBY,0,0,95.37178596247395
2024-01-22 06:00:00,RIG_NORMAL,6,22,0,60.0,68.53475690307383,70.2096970821145,0.5733268806412024,44.86403518186797,71.73466322037832,73.99850955349923,HIGH_PRODUCTION,0,0,95.4412786657401
2024-01-22 07:00:00,RIG_NORMAL,7,22,0,69.05866657858823,80.80650006723634,79.21186242067955,0.6886232160503969,48.65244094412798,77.73847815008364,85.494616590437,HIGH_PRODUCTION,0,0,95.51077136900625
2024-01-22 08:00:00,RIG_NORMAL,8,22,0,77.5,92.97831559907408,90.14759065237163,0.6269658957946687,60.38188974442233,77.76431649883257,99.6159971793353,HIGH_PRODUCTION,0,0,95.58026407227241
2024-01-22 09:00:00,RIG_NORMAL,9,22,0,84.74873734152916,100.6751670276169,95.0,0.7374692068252675,57.84564846027267,80.3353955126937,96.18880832252054,HIGH_PRODUCTION,0,0,95.64975677553858
2024-01-22 10:00:00,RIG_NORMAL,10,22,0,90.31088913245534,102.12012496320185,95.0,0.7370120772321948,53.82098222450883,77.82952596760174,106.57755121388854,HIGH_PRODUCTION,0,0,95.71924947880473
2024-01-22 11:00:00,RIG_NORMAL,11,22,0,93.8074039201174,113.73586342341991,95.0,0.8306801004073956,61.271832145682346,86.93734304931934,100.02555642480027,HIGH_PRODUCTION,0,0,95.78874218207088
2024-01-22 12:00:00,RIG_NORMAL,12,22,0,95.0,97.76980158955162,95.0,0.7408196602101325,52.44015135832302,76.54525072791508,102.43424139945212,HIGH_PRODUCTION,0,0,95.85823488533704
2024-01-22 13:00:00,RIG_NORMAL,13,22,0,93.8074039201174,101.61214769413563,95.0,0.7300022005275694,53.93824594891879,75.99704553895067,105.3141934167232,HIGH_PRODUCTION,0,0,95.9277275886032
2024-01-22 14:00:00,RIG_NORMAL,14,22,0,90.31088913245536,97.13376141056263,94.59771462246178,0.6728619060769766,51.111898240084926,79.9916423866859,102.42790464118767,HIGH_PRODUCTION,0,0,95.99722029186935
2024-01-22 15:00:00,RIG_NORMAL,15,22,0,84.74873734152916,94.21868564093194,91.79300830654758,0.7358750419676746,55.20402081673255,76.71093608146109,100.97211865337745,HIGH_PRODUCTION,0,0,96.0667129951355
2024-01-22 16:00:00,RIG_NORMAL,16,22,0,77.5,94.07950887930902,89.84440747193486,0.7817235864633384,50.077714325062814,78.07594396435945,98.6750692088766,HIGH_PRODUCTION,0,0,96.13620569840167
2024-01-22 17:00:00,RIG_NORMAL,17,22,0,69.05866657858823,73.84776461486476,78.99395330721563,0.66035755083382,48.33329959489319,72.75181781501672,86.26843303433438,HIGH_PRODUCTION,0,0,96.20569840166783
2024-01-22 18:00:00,RIG_NORMAL,18,22,0,60.00000000000001,72.56910378640058,73.0213430529197,0.5425875223211523,50.40547731741776,71.97633259043259,78.04443948664664,HIGH_PRODUCTION,0,0,96.27519110493398
2024-01-22 19:00:00,RIG_NORMAL,19,22,0,50.94133342141177,57.15353349730828,61.42712315708331,0.6062534565846872,44.286718648048414,66.02252725668771,63.99753166996254,HIGH_PRODUCTION,0,0,96.34468380820013
2024-01-22 20:00:00,RIG_NORMAL,20,22,0,42.500000000000014,47.39776064004773,55.37602633652918,0.5903333578867881,42.04615763913374,61.364716640614205,61.410584222237766,HIGH_PRODUCTION,0,0,96.41417651146631
2024-01-22 21:00:00,RIG_NORMAL,21,22,0,40.0,40.71565445472657,53.32988757643508,0.5781881623837146,41.766735418250235,65.48075174091798,59.37772404909366,HIGH_PRODUCTION,0,0,96.48366921473246
2024-01-22 22:00:00,RIG_NORMAL,22,22,0,40.0,50.242881389569824,53.197633554618626,0.6173895690799192,43.226172614203605,65.10688327188373,56.23830369892958,STANDBY,0,0,96.55316191799861
2024-01-22 23:00:00,RIG_NORMAL,23,22,0,40.0,40.91452637234311,47.95053183815918,0.47379338565003104,42.023488930842234,65.49521518704454,49.1308950836347,STANDBY,0,0,96.62265462126477
2024-01-23 00:00:00,RIG_NORMAL,0,23,1,38.26446504352977,48.10354680858084,50.56159094320517,0.6223586330007027,43.10019164298732,63.849019209673315,52.995776200748935,STANDBY,0,0,96.69214732453094
2024-01-23 01:00:00,RIG_NORMAL,1,23,1,38.26446504352977,47.60477279643274,48.97818777909962,0.6108835900956792,41.42075979751531,62.716450196658904,61.23095970323425,STANDBY,0,0,96.76164002779709
2024-01-23 02:00:00,RIG_NORMAL,2,23,1,38.26446504352977,46.44241435452505,50.14638345352147,0.5657450696460313,41.446275560482285,57.83534304888227,53.58039619405071,STANDBY,0,0,96.83113273106324
2024-01-23 03:00:00,RIG_NORMAL,3,23,1,38.26446504352977,44.91848260818699,50.03947243263927,0.6004330626998268,41.25278271301084,59.84436360495603,51.83335157503252,STANDBY,0,0,96.9006254343294
2024-01-23 04:00:00,RIG_NORMAL,4,23,1,40.65599410875038,58.64994881332271,63.555084139380895,0.6941950927735531,43.46175573959855,66.8774475787839,68.01241606757601,STANDBY,0,0,96.97011813759556
2024-01-23 05:00:00,RIG_NORMAL,5,23,1,48.73107179936014,54.52939924314868,61.95429300953905,0.7357868945877016,42.70998360059503,69.52426866195549,64.61376720579386,STANDBY,0,0,97.03961084086171
2024-01-23 06:00:00,RIG_NORMAL,6,23,1,57.39669756529465,65.76967876877357,70.96780379826751,0.6345644716780866,50.23726515585328,68.03263863363753,72.76849414929318,HIGH_PRODUCTION,0,0,97.10910354412786
2024-01-23 07:00:00,RIG_NORMAL,7,23,1,66.06232333122918,75.35788323048223,77.11980230133997,0.6569851000544911,45.75052864140057,67.65739601856082,86.3032930191963,HIGH_PRODUCTION,0,0,97.17859624739403
2024-01-23 08:00:00,RIG_NORMAL,8,23,1,74.13740102183893,88.64905453027825,84.64779940871388,0.7185854388684495,51.64720954844647,74.58054790138337,89.92792907956613,HIGH_PRODUCTION,0,0,97.24808895066019
2024-01-23 09:00:00,RIG_NORMAL,9,23,1,81.07162743720572,94.10151158740842,92.28943538186293,0.7170669385574131,50.35512938676979,77.61790843353567,92.72380255190257,HIGH_PRODUCTION,0,0,97.31758165392634
2024-01-23 10:00:00,RIG_NORMAL,10,23,1,86.39244650647325,92.27936714109413,89.13256067812169,0.6701869583466522,55.860589737247146,77.61783289916677,90.05792139122885,HIGH_PRODUCTION,0,0,97.38707435719249
2024-01-23 11:00:00,RIG_NORMAL,11,23,1,89.73725320314024,103.71151767362437,95.0,0.7103186368501486,55.17442485056428,81.93084681837922,97.2570300734069,HIGH_PRODUCTION,0,0,97.45656706045865
2024-01-23 12:00:00,RIG_NORMAL,12,23,1,90.87810447838321,100.90024321261876,95.0,0.7561578479407377,56.163851603526595,79.84226602099258,101.54308399598872,HIGH_PRODUCTION,0,0,97.52605976372482
2024-01-23 13:00:00,RIG_NORMAL,13,23,1,89.73725320314024,103.8912096864717,95.0,0.7513385287302445,54.96376272593971,76.9580746071788,99.62345020758251,HIGH_PRODUCTION,0,0,97.59555246699097
2024-01-23 14:00:00,RIG_NORMAL,14,23,1,86.39244650647326,91.71896780761836,94.55812964399006,0.7609862951029159,53.87305647000969,70.42075480822677,103.6873408524665,HIGH_PRODUCTION,0,0,97.66504517025712
2024-01-23 15:00:00,RIG_NORMAL,15,23,1,81.07162743720572,90.58521447292355,92.55416302023278,0.7117739614586616,54.13073220743344,79.5369538718101,94.94594714535005,HIGH_PRODUCTION,0,0,97.73453787352328
2024-01-23 16:00:00,RIG_NORMAL,16,23,1,74.13740102183893,87.18327464081877,86.38655469574955,0.7001253985005043,51.29708329783329,80.04675264467372,89.64010278954021,HIGH_PRODUCTION,0,0,97.80403057678944
2024-01-23 17:00:00,RIG_NORMAL,17,23,1,66.06232333122918,77.32538787548424,76.8850455794645,0.6961910907508015,51.76348728011539,70.21538105247416,84.57009442179302,HIGH_PRODUCTION,0,0,97.8735232800556
2024-01-23 18:00:00,RIG_NORMAL,18,23,1,57.39669756529466,70.46319048625045,74.0170039360644,0.7370296001757023,43.35011155947429,67.50343221410324,76.94695176842512,HIGH_PRODUCTION,0,0,97.94301598332174
2024-01-23 19:00:00,RIG_NORMAL,19,23,1,48.73107179936014,64.36678736009974,72.19377899363414,0.7276557202090919,46.36723182986059,72.63085484771977,76.05988435809783,HIGH_PRODUCTION,0,0,98.01250868658792
2024-01-23 20:00:00,RIG_NORMAL,20,23,1,40.65599410875039,52.96435194966526,56.964656639145964,0.5674040143818353,42.1455711712261,62.58815802394247,58.69897390411641,HIGH_PRODUCTION,0,0,98.08200138985407
2024-01-23 21:00:00,RIG_NORMAL,21,23,1,38.26446504352977,48.264945324909405,55.774712623052494,0.5779863537884818,39.95663902752038,64.96766445918223,57.85081575758679,HIGH_PRODUCTION,0,0,98.15149409312022
2024-01-23 22:00:00,RIG_NORMAL,22,23,1,38.26446504352977,48.049738745530824,50.05629517820112,0.6362040025307477,41.74576641381023,63.21544880441149,59.53814194773529,STANDBY,0,0,98.22098679638638
2024-01-23 23:00:00,RIG_NORMAL,23,23,1,38.26446504352977,48.5007952878975,53.1974695483369,0.46834976594728805,43.312386443469194,53.205730538017555,58.04489887417256,STANDBY,0,0,98.29047949965255
2024-01-24 00:00:00,RIG_NORMAL,0,24,2,36.872674070127886,44.27173343933516,49.62632481905225,0.5383237929163687,39.958097510627404,61.733557351667606,52.845866669842046,STANDBY,0,0,98.3599722029187
2024-01-24 01:00:00,RIG_NORMAL,1,24,2,36.872674070127886,38.482742813074104,43.915915971216855,0.5815987377749914,43.56557276144889,59.99990097630811,41.32175207886655,STANDBY,0,0,98.42946490618485
2024-01-24 02:00:00,RIG_NORMAL,2,24,2,36.872674070127886,43.83277524815243,50.764710930476575,0.615897435562186,40.61017747000041,60.70630712258717,57.17252406201968,STANDBY,0,0,98.49895760945101
2024-01-24 03:00:00,RIG_NORMAL,3,24,2,36.872674070127886,43.70595794890038,50.04218735614648,0.5897936108068293,37.10375090022215,65.0332099735559,56.80993286983504,STANDBY,0,0,98.56845031271718
2024-01-24 04:00:00,RIG_NORMAL,4,24,2,39.17721619951087,46.596946063556366,55.54231091947759,0.5982340293457526,42.57972042158389,62.4998491801202,59.39985327873644,STANDBY,0,0,98.63794301598332
2024-01-24 05:00:00,RIG_NORMAL,5,24,2,46.958579598635716,56.579739871732095,62.28582997872643,0.5529095175825363,44.1756074807414,69.65804103318641,70.29635896688686,STANDBY,0,0,98.70743571924947
2024-01-24 06:00:00,RIG_NORMAL,6,24,2,55.30901110519182,64.36029325544193,69.94212125139147,0.609102460719251,44.96836733583157,67.76655751302587,70.62597387471189,HIGH_PRODUCTION,0,0,98.77692842251564
2024-01-24 07:00:00,RIG_NORMAL,7,24,2,63.65944261174793,79.835785917598,79.45942032746333,0.6813194807408204,49.708268178211156,73.40446275876009,87.55137518006244,HIGH_PRODUCTION,0,0,98.8464211257818
2024-01-24 08:00:00,RIG_NORMAL,8,24,2,71.44080601087278,79.58563734384812,79.80110505877738,0.6567653439029304,47.194084669533545,71.16636059247615,82.33989040457239,HIGH_PRODUCTION,0,0,98.91591382904795
2024-01-24 09:00:00,RIG_NORMAL,9,24,2,78.12281424622702,87.5734961273471,90.24465293762809,0.6772579384286155,53.678994993349065,78.50076519733928,96.15116609980817,HIGH_PRODUCTION,0,0,98.9854065323141
2024-01-24 10:00:00,RIG_NORMAL,10,24,2,83.250099499112,93.18582532555139,91.6063731773765,0.7770978974590366,55.74905338746031,74.483190677274,96.09907220333179,HIGH_PRODUCTION,0,0,99.05489923558027
2024-01-24 11:00:00,RIG_NORMAL,11,24,2,86.47324575278313,90.54200451375405,95.0,0.7855499492945861,53.283573489156126,76.68773140803864,101.02335883449089,HIGH_PRODUCTION,0,0,99.12439193884643
2024-01-24 12:00:00,RIG_NORMAL,12,24,2,87.57260091655372,93.84069959794623,92.14707135476701,0.760032770954789,53.179670532121314,77.97091473418553,97.44519248186288,HIGH_PRODUCTION,0,0,99.19388464211258
2024-01-24 13:00:00,RIG_NORMAL,13,24,2,86.47324575278313,95.76818454089545,95.0,0.7958853006690838,52.989329827715906,83.32745432249224,99.63509271320608,HIGH_PRODUCTION,0,0,99.26337734537873
2024-01-24 14:00:00,RIG_NORMAL,14,24,2,83.25009949911201,93.75254857119693,95.0,0.6557928809960794,52.59866787421398,77.72121608780924,101.724563571693,HIGH_PRODUCTION,0,0,99.33287004864489
2024-01-24 15:00:00,RIG_NORMAL,15,24,2,78.12281424622702,86.20492690621501,86.76619176290545,0.7048423907995149,49.01481434287268,74.73266000854203,95.84507532861231,HIGH_PRODUCTION,0,0,99.40236275191106
2024-01-24 16:00:00,RIG_NORMAL,16,24,2,71.44080601087278,75.81344727204878,79.65050866735868,0.7048414453633082,50.55299430653518,80.15544122163266,87.24691621171989,HIGH_PRODUCTION,0,0,99.4718554551772
2024-01-24 17:00:00,RIG_NORMAL,17,24,2,63.65944261174793,74.86595329823466,79.8366357274886,0.6927865634181014,48.531819887441266,75.264292723616,86.28873553454993,HIGH_PRODUCTION,0,0,99.54134815844336
2024-01-24 18:00:00,RIG_NORMAL,18,24,2,55.30901110519183,69.51810989569833,70.90076541423112,0.6224592989627789,45.87566773181063,71.59474464729593,76.09621512446454,HIGH_PRODUCTION,0,0,99.61084086170952
2024-01-24 19:00:00,RIG_NORMAL,19,24,2,46.958579598635716,60.57315721000887,62.22841287396576,0.6022103406876916,44.2800501979181,71.92870634827142,58.8966800203479,HIGH_PRODUCTION,0,0,99.68033356497568
2024-01-24 20:00:00,RIG_NORMAL,20,24,2,39.17721619951089,56.3722169533638,61.893566087756355,0.6020561043519773,44.88270162902567,67.9050573134209,65.14697121114907,HIGH_PRODUCTION,0,0,99.74982626824183
2024-01-24 21:00:00,RIG_NORMAL,21,24,2,36.872674070127886,50.845274190515504,56.104266675710676,0.5763673654949598,41.619989371457564,61.922537262178096,61.43666685369479,HIGH_PRODUCTION,0,0,99.819318971508
2024-01-24 22:00:00,RIG_NORMAL,22,24,2,36.872674070127886,44.997579652789476,46.437889557795984,0.5284449889558853,42.350646664621976,64.78345107972494,51.61141877207024,STANDBY,0,0,99.88881167477416
2024-01-24 23:00:00,RIG_NORMAL,23,24,2,36.872674070127886,53.563822884691334,55.316408531841944,0.7008989852059351,43.308354980647344,64.78161567990323,59.30042938732835,STANDBY,0,0,99.95830437804031
2024-01-25 00:00:00,RIG_NORMAL,0,25,3,36.10028835127271,56.80374794995598,58.57265490688846,0.6203665422656877,45.013903968189496,62.97380407057634,56.71641442151533,STANDBY,0,0,100.02779708130646
2024-01-25 01:00:00,RIG_NORMAL,1,25,3,36.10028835127271,41.814305055905464,51.06060173332656,0.5875836541045256,40.34009050440134,61.306871100929925,61.699095399588295,STANDBY,0,0,100.09728978457262
2024-01-25 02:00:00,RIG_NORMAL,2,25,3,36.10028835127271,43.413508514578666,49.602949474967474,0.5965405194427548,42.96376982648986,68.01276425036188,56.4723251480207,STANDBY,0,0,100.16678248783879
2024-01-25 03:00:00,RIG_NORMAL,3,25,3,36.10028835127271,45.754732424195566,52.42475294635906,0.6076389626955805,42.03277633550555,64.8404260775063,52.17368520983177,STANDBY,0,0,100.23627519110494
2024-01-25 04:00:00,RIG_NORMAL,4,25,3,38.35655637322725,49.8372816870891,59.766791388225144,0.5888748971231764,39.76690068741095,62.59343694099907,59.79225683890407,STANDBY,0,0,100.30576789437109
2024-01-25 05:00:00,RIG_NORMAL,5,25,3,45.97492063778226,54.072200815715334,59.90910260438565,0.7009349469089267,46.17095146135096,67.63323547240007,64.16589939493088,STANDBY,0,0,100.37526059763725
2024-01-25 06:00:00,RIG_NORMAL,6,25,3,54.15043252690906,61.66710618632654,67.44074065590587,0.634114816207801,45.0862807091895,67.17201669237582,73.7874580236567,HIGH_PRODUCTION,0,0,100.44475330090341
2024-01-25 07:00:00,RIG_NORMAL,7,25,3,62.32594441603586,66.99813155286708,69.85796593901847,0.7079853825290565,43.52650794182159,71.99207766109505,78.1914722307105,HIGH_PRODUCTION,0,0,100.51424600416956
2024-01-25 08:00:00,RIG_NORMAL,8,25,3,69.94430868059086,79.82605158633699,81.62138372678639,0.7396492050957448,54.55868064058556,73.2610617204818,86.94467162358984,HIGH_PRODUCTION,0,0,100.58373870743571
2024-01-25 09:00:00,RIG_NORMAL,9,25,3,76.48634638588689,81.19870337061124,83.59275196489156,0.7812972227305447,50.07079802926078,71.17122309733364,93.42092374045718,HIGH_PRODUCTION,0,0,100.65323141070188
2024-01-25 10:00:00,RIG_NORMAL,10,25,3,81.50622847353647,96.58701675832857,94.00584955213168,0.6919854620229207,55.72195276171276,78.57461131870407,97.57170996477801,HIGH_PRODUCTION,0,0,100.72272411396804
2024-01-25 11:00:00,RIG_NORMAL,11,25,3,84.66185827501369,96.66334569659855,94.75142066042238,0.8196472577189587,51.92653113772219,79.07026172676697,101.11949830811928,HIGH_PRODUCTION,0,0,100.79221681723419
2024-01-25 12:00:00,RIG_NORMAL,12,25,3,85.73818483427267,94.41082494448881,93.12014572351345,0.6699020710534085,53.610511526734975,82.7510976250916,92.72188805263833,HIGH_PRODUCTION,0,0,100.86170952050034
2024-01-25 13:00:00,RIG_NORMAL,13,25,3,84.66185827501369,94.84973758554727,95.0,0.7202253134282288,55.76057116997472,77.61915334918349,102.5951270599929,HIGH_PRODUCTION,0,0,100.9312022237665
2024-01-25 14:00:00,RIG_NORMAL,14,25,3,81.50622847353648,92.732144695499,92.24948191088905,0.7291216271368215,55.380842161977974,80.00475649814616,100.41074564745412,HIGH_PRODUCTION,0,0,101.00069492703267
2024-01-25 15:00:00,RIG_NORMAL,15,25,3,76.48634638588689,84.23450726796634,85.00423966242288,0.7159101442441583,53.5222858982604,73.72365771986631,89.71163270523994,HIGH_PRODUCTION,0,0,101.07018763029882
2024-01-25 16:00:00,RIG_NORMAL,16,25,3,69.94430868059086,86.55647429157673,85.58532733836914,0.6986119997668676,50.372929416381396,76.29203919120269,91.053865840486,HIGH_PRODUCTION,0,0,101.13968033356497
2024-01-25 17:00:00,RIG_NORMAL,17,25,3,62.32594441603586,79.347335045824,84.59274792336264,0.6468603375693721,50.76333954320153,75.05112619616929,86.7348809109125,HIGH_PRODUCTION,0,0,101.20917303683113
2024-01-25 18:00:00,RIG_NORMAL,18,25,3,54.150432526909064,68.052811414932,73.23163121602674,0.6585391832172687,44.61420629719936,66.44077727473359,79.70466668861765,HIGH_PRODUCTION,0,0,101.2786657400973
2024-01-25 19:00:00,RIG_NORMAL,19,25,3,45.97492063778226,56.62519027680578,56.81080960477588,0.5756254296257135,41.53520445596708,70.81116155846735,66.39451640363279,HIGH_PRODUCTION,0,0,101.34815844336345
2024-01-25 20:00:00,RIG_NORMAL,20,25,3,38.356556373227264,57.16974872756298,60.22817299391619,0.7148155883717524,44.0785041613915,70.1161510065962,61.433310581182454,HIGH_PRODUCTION,0,0,101.41765114662961
2024-01-25 21:00:00,RIG_NORMAL,21,25,3,36.10028835127271,50.01294740598238,50.55674509828865,0.6025804804308206,41.61166981810514,63.674654992374656,52.26119492384783,HIGH_PRODUCTION,0,0,101.48714384989577
2024-01-25 22:00:00,RIG_NORMAL,22,25,3,36.10028835127271,51.60434617228587,54.87433903353084,0.48938398421133056,42.71101019450579,66.37193732552063,61.26440303991973,STANDBY,0,0,101.55663655316192
2024-01-25 23:00:00,RIG_NORMAL,23,25,3,36.10028835127271,42.32581006158071,49.70135945110891,0.6735403623988525,40.025965057873385,61.89770018692594,50.732265449559364,STANDBY,0,0,101.62612925642807
2024-01-26 00:00:00,RIG_NORMAL,0,26,4,36.10028835127271,42.18031355627886,47.09834282092984,0.4462138141893883,39.350514579166266,65.23483031663928,53.83568654005165,STANDBY,0,0,101.69562195969424
2024-01-26 01:00:00,RIG_NORMAL,1,26,4,36.10028835127271,50.59868629940042,56.230780570993055,0.6617311430411636,43.146496688431654,63.31391057793633,58.910690330142785,STANDBY,0,0,101.7651146629604
2024-01-26 02:00:00,RIG_NORMAL,2,26,4,36.10028835127271,46.64777604918497,53.023185627653994,0.609171708863594,43.54244283741547,61.58178233375536,55.507647446247596,STANDBY,0,0,101.83460736622655
2024-01-26 03:00:00,RIG_NORMAL,3,26,4,36.10028835127271,47.56808424003885,47.99654076810869,0.5816727677161884,43.31822912366278,68.97435870914079,57.633265351118084,STANDBY,0,0,101.9041000694927
2024-01-26 04:00:00,RIG_NORMAL,4,26,4,38.35655637322725,41.397738538276954,52.33871877732514,0.5334560631519079,41.53742420120484,61.87696122342439,59.077558908748955,STANDBY,0,0,101.97359277275886
2024-01-26 05:00:00,RIG_NORMAL,5,26,4,45.97492063778226,52.54421799986553,58.05392871884154,0.7453141368842395,40.154156539578594,63.83632851605224,65.42341146551898,STANDBY,0,0,102.04308547602503
2024-01-26 06:00:00,RIG_NORMAL,6,26,4,54.15043252690906,63.877167535000005,69.8136070739047,0.6279211002146197,45.890394749655854,68.10615625607319,79.57405006743684,HIGH_PRODUCTION,0,0,102.11257817929118
2024-01-26 07:00:00,RIG_NORMAL,7,26,4,62.32594441603586,76.06629181929905,79.02759612260994,0.6895249353284062,47.761067841022324,69.79689404353441,82.47674486419206,HIGH_PRODUCTION,0,0,102.18207088255733
2024-01-26 08:00:00,RIG_NORMAL,8,26,4,69.94430868059086,81.34488025249118,80.21346759605963,0.7373570914456479,52.86856337411398,75.28164680307638,82.44447629132578,HIGH_PRODUCTION,0,0,102.25156358582349
2024-01-26 09:00:00,RIG_NORMAL,9,26,4,76.48634638588689,89.03412877668627,86.35669460606873,0.6964396811983727,51.803600330307304,77.52283844872899,94.43263115270756,HIGH_PRODUCTION,0,0,102.32105628908965
2024-01-26 10:00:00,RIG_NORMAL,10,26,4,81.50622847353647,97.2423012863068,95.0,0.7573478399233075,59.099592946791184,75.33265495285609,102.45651907098804,HIGH_PRODUCTION,0,0,102.3905489923558
2024-01-26 11:00:00,RIG_NORMAL,11,26,4,84.66185827501369,96.35317967864428,93.58841885309711,0.7911776421789763,54.626925018641344,82.18608170201335,95.8506665330668,HIGH_PRODUCTION,0,0,102.46004169562195
2024-01-26 12:00:00,RIG_NORMAL,12,26,4,85.73818483427267,98.1792607055655,94.62010411310837,0.7240624481956752,56.0868051185458,81.44834468418614,97.68410572645078,HIGH_PRODUCTION,0,0,102.52953439888812
2024-01-26 13:00:00,RIG_NORMAL,13,26,4,84.66185827501369,98.92276873650682,95.0,0.7440884105354497,53.382323288473756,79.63815887646996,98.28577126774425,HIGH_PRODUCTION,0,0,102.59902710215428
2024-01-26 14:00:00,RIG_NORMAL,14,26,4,81.50622847353648,97.73149190841777,94.85275287349135,0.7266975374414104,55.89359687682272,78.15486327120645,106.94356765909092,HIGH_PRODUCTION,0,0,102.66851980542043
2024-01-26 15:00:00,RIG_NORMAL,15,26,4,76.48634638588689,93.13313564753214,90.96597833160328,0.8011942545691845,51.70347239805051,78.02642896642132,97.31949495070177,HIGH_PRODUCTION,0,0,102.73801250868658
2024-01-26 16:00:00,RIG_NORMAL,16,26,4,69.94430868059086,82.56991511563187,81.2610698872518,0.7950345029127321,52.15142943034129,79.81434592453934,83.30616117076188,HIGH_PRODUCTION,0,0,102.80750521195274
2024-01-26 17:00:00,RIG_NORMAL,17,26,4,62.32594441603586,77.14597987514423,79.30266315841355,0.7012578766898931,49.45857059522422,70.59136844660489,78.51980045992413,HIGH_PRODUCTION,0,0,102.87699791521891
2024-01-26 18:00:00,RIG_NORMAL,18,26,4,54.150432526909064,65.18697540969113,68.75484292209796,0.6561532452638464,41.17768474820577,73.73964755201115,75.301063211973,HIGH_PRODUCTION,0,0,102.94649061848506
2024-01-26 19:00:00,RIG_NORMAL,19,26,4,45.97492063778226,56.230981388571394,66.04042645985895,0.5718003431989719,43.713457924614296,68.32237688689791,70.71658851531265,HIGH_PRODUCTION,0,0,103.01598332175122
2024-01-26 20:00:00,RIG_NORMAL,20,26,4,38.356556373227264,46.42120053772374,53.279487923160275,0.5702882498346956,41.82334490671365,68.25171553409751,62.380685109596,HIGH_PRODUCTION,0,0,103.08547602501739
2024-01-26 21:00:00,RIG_NORMAL,21,26,4,36.10028835127271,45.649051153117945,50.338721565757794,0.5925040471851477,40.244566751364815,66.87970646138761,57.644591290004996,HIGH_PRODUCTION,0,0,103.15496872828354
2024-01-26 22:00:00,RIG_NORMAL,22,26,4,36.10028835127271,40.94573805941157,46.05226062937179,0.6982658164106417,41.141279789462544,56.79592194545574,44.35200480088965,STANDBY,0,0,103.22446143154968
2024-01-26 23:00:00,RIG_NORMAL,23,26,4,36.10028835127271,54.26826572001659,55.204537682642034,0.7001183004611053,42.072971636067116,66.5948563080315,65.84238193596423,STANDBY,0,0,103.29395413481585
2024-01-27 00:00:00,RIG_NORMAL,0,27,5,36.872674070127886,52.78765617471575,57.154746512268176,0.6514752354198228,45.34821376567039,66.00958770843705,61.25998701347243,STANDBY,0,0,103.36344683808201
2024-01-27 01:00:00,RIG_NORMAL,1,27,5,36.872674070127886,49.229596384933565,52.04901642061322,0.6217681641724251,43.076333553562584,68.30058146545765,53.43924721730599,STANDBY,0,0,103.43293954134816
2024-01-27 02:00:00,RIG_NORMAL,2,27,5,36.872674070127886,43.027803781901156,48.96485315704426,0.5207169212798546,41.59156491123658,64.48486845991211,56.03428728942544,STANDBY,0,0,103.50243224461431
2024-01-27 03:00:00,RIG_NORMAL,3,27,5,36.872674070127886,53.219768229789594,56.85696804893824,0.5906431560507214,41.69606811832002,61.225890667310296,58.93962861446387,STANDBY,0,0,103.57192494788048
2024-01-27 04:00:00,RIG_NORMAL,4,27,5,39.17721619951087,51.5581836511456,53.77606204681377,0.6526977056688088,45.02577560874665,63.35598016696088,54.58615235534059,STANDBY,0,0,103.64141765114664
2024-01-27 05:00:00,RIG_NORMAL,5,27,5,46.958579598635716,53.77584139031541,61.41687060222439,0.6360820161218315,44.25656027505642,69.24205720935785,64.33850675325344,STANDBY,0,0,103.71091035441279
2024-01-27 06:00:00,RIG_NORMAL,6,27,5,55.30901110519182,74.82358124683277,73.08807822939036,0.6727168074456418,51.204902746921434,77.40711930562344,80.79784034755944,HIGH_PRODUCTION,0,0,103.78040305767894
2024-01-27 07:00:00,RIG_NORMAL,7,27,5,63.65944261174793,72.82631184965021,74.23762894311801,0.6630603546674723,46.996179830707035,74.13020372255555,76.82817997584735,HIGH_PRODUCTION,0,0,103.8498957609451
2024-01-27 08:00:00,RIG_NORMAL,8,27,5,71.44080601087278,84.29224476478137,86.92255213696704,0.7638662280754583,50.366617806306216,76.99210622662214,88.8112322841205,HIGH_PRODUCTION,0,0,103.91938846421127
2024-01-27 09:00:00,RIG_NORMAL,9,27,5,78.12281424622702,94.89097626368788,92.49288020104504,0.7853357275888992,54.76122699267824,78.7904796710518,102.66081158348572,HIGH_PRODUCTION,0,0,103.98888116747742
2024-01-27 10:00:00,RIG_NORMAL,10,27,5,83.250099499112,84.42837234513158,91.02187325159389,0.7271211611448888,50.97346099957575,80.20125672304617,101.23972148205188,HIGH_PRODUCTION,0,0,104.05837387074357
2024-01-27 11:00:00,RIG_NORMAL,11,27,5,86.47324575278313,91.00914239405328,87.43073546664928,0.7370396360042137,52.0205056955607,82.41555881694288,93.89187370696314,HIGH_PRODUCTION,0,0,104.12786657400973
2024-01-27 12:00:00,RIG_NORMAL,12,27,5,87.57260091655372,96.74659465533591,95.0,0.7889599926812502,50.87940580194143,76.39597945980822,99.21634276910764,HIGH_PRODUCTION,0,0,104.1973592772759
2024-01-27 13:00:00,RIG_NORMAL,13,27,5,86.47324575278313,104.7030101794254,95.0,0.7900508992104234,57.362912451943245,82.95350873246477,96.48818837259803,HIGH_PRODUCTION,0,0,104.26685198054204
2024-01-27 14:00:00,RIG_NORMAL,14,27,5,83.25009949911201,101.56847959500172,95.0,0.7447028721290403,54.87045096867202,84.70314069368982,100.61125725612699,HIGH_PRODUCTION,0,0,104.33634468380819
2024-01-27 15:00:00,RIG_NORMAL,15,27,5,78.12281424622702,95.83476064363431,95.0,0.7965759074633246,53.35908810286504,75.26172485395334,98.71332759095856,HIGH_PRODUCTION,0,0,104.40583738707436
2024-01-27 16:00:00,RIG_NORMAL,16,27,5,71.44080601087278,79.27499765084733,79.56190455681221,0.6745980299006381,47.79203069197232,74.81996269663861,83.49072401714618,HIGH_PRODUCTION,0,0,104.47533009034052
2024-01-27 17:00:00,RIG_NORMAL,17,27,5,63.65944261174793,73.97151481687426,77.45950736347888,0.7305039072882962,49.7394494266449,66.82601422847416,86.10216305339206,HIGH_PRODUCTION,0,0,104.54482279360667
2024-01-27 18:00:00,RIG_NORMAL,18,27,5,55.30901110519183,69.80155598710529,74.42377936790358,0.7029880869706233,46.787694754231,76.4288305490463,75.96319356663072,HIGH_PRODUCTION,0,0,104.61431549687283
2024-01-27 19:00:00,RIG_NORMAL,19,27,5,46.958579598635716,54.483396143036764,59.160345589173524,0.6267859440282201,46.47861886019259,68.90962187025858,63.856926227761875,HIGH_PRODUCTION,0,0,104.683808200139
2024-01-27 20:00:00,RIG_NORMAL,20,27,5,39.17721619951089,52.76172127667968,53.64622850103737,0.5278890704086796,42.982393439209254,60.33925036128666,60.023777483570385,HIGH_PRODUCTION,0,0,104.75330090340515
2024-01-27 21:00:00,RIG_NORMAL,21,27,5,36.872674070127886,49.66081364781087,53.793220051129836,0.542392419362097,43.56237901471987,64.31781637663057,59.197289397694014,HIGH_PRODUCTION,0,0,104.8227936066713
2024-01-27 22:00:00,RIG_NORMAL,22,27,5,36.872674070127886,46.27805000388297,50.889759934658805,0.633816827264286,43.212597179217596,64.08518058452775,52.720937235100784,STANDBY,0,0,104.89228630993746
2024-01-27 23:00:00,RIG_NORMAL,23,27,5,36.872674070127886,47.69325024150093,54.6896812028029,0.5433592264861259,39.73957468123729,64.87518904425878,59.28140642391472,STANDBY,0,0,104.96177901320362
2024-01-28 00:00:00,RIG_NORMAL,0,28,6,38.26446504352977,47.66862804419847,53.45509864153609,0.671883453011217,43.08095696795139,63.03611059128529,53.875969218644066,STANDBY,0,0,105.03127171646977
2024-01-28 01:00:00,RIG_NORMAL,1,28,6,38.26446504352977,54.14750215783363,55.965904513090635,0.5520118709977841,40.609473547476945,62.76281009890793,65.18036759349435,STANDBY,0,0,105.10076441973592
2024-01-28 02:00:00,RIG_NORMAL,2,28,6,38.26446504352977,57.98394067140598,57.28581424474036,0.6360791593458595,44.79294467597866,73.66044267415431,64.35379929223319,STANDBY,0,0,105.17025712300209
2024-01-28 03:00:00,RIG_NORMAL,3,28,6,38.26446504352977,53.22624297209865,53.23725150860961,0.63106990494988,42.373513095846015,64.70567860381115,57.09278385258393,STANDBY,0,0,105.23974982626825
2024-01-28 04:00:00,RIG_NORMAL,4,28,6,40.65599410875038,59.187358002910706,61.875051427199296,0.7381600112653637,44.40504653479226,70.06743653886072,62.91168950306936,STANDBY,0,0,105.3092425295344
2024-01-28 05:00:00,RIG_NORMAL,5,28,6,48.73107179936013,64.42637774540577,67.25824766275542,0.7180889050537342,45.08695444310627,65.50644788133818,73.59937050908822,STANDBY,0,0,105.37873523280055
2024-01-28 06:00:00,RIG_NORMAL,6,28,6,57.396697565294645,81.36392445690973,80.30990105704777,0.672447144029215,50.17075391516199,72.2521513597499,88.60828718317798,HIGH_PRODUCTION,0,0,105.44822793606671
2024-01-28 07:00:00,RIG_NORMAL,7,28,6,66.06232333122917,80.8315059886592,83.15019453459144,0.7832792369054041,50.59792962953455,71.57529501327609,82.14403616493676,HIGH_PRODUCTION,0,0,105.51772063933288
2024-01-28 08:00:00,RIG_NORMAL,8,28,6,74.13740102183893,74.02785007707436,78.74116484529469,0.7242902367944812,44.77259153448351,78.0202877366685,88.37274562927402,HIGH_PRODUCTION,0,0,105.58721334259903
2024-01-28 09:00:00,RIG_NORMAL,9,28,6,81.0716274372057,90.57475359534477,94.04240607775375,0.7084573724229148,54.88701454815622,76.28572891306017,97.22937491055211,HIGH_PRODUCTION,0,0,105.65670604586518
2024-01-28 10:00:00,RIG_NORMAL,10,28,6,86.39244650647323,97.64524818906713,95.0,0.8398506767799958,54.51913871647876,80.73809609271518,100.10728283863806,HIGH_PRODUCTION,0,0,105.72619874913134
2024-01-28 11:00:00,RIG_NORMAL,11,28,6,89.73725320314023,96.41314361951694,95.0,0.7368949119885513,52.92768279383146,76.92428102131295,99.97851561799298,HIGH_PRODUCTION,0,0,105.7956914523975
2024-01-28 12:00:00,RIG_NORMAL,12,28,6,90.8781044783832,105.70484624855528,95.0,0.6433140587664813,56.82198232957968,81.95490533314454,100.43385024182501,HIGH_PRODUCTION,0,0,105.86518415566366
2024-01-28 13:00:00,RIG_NORMAL,13,28,6,89.73725320314023,106.344118003191,95.0,0.7685306769600759,56.86514664975025,86.91538239781386,100.43938359558713,HIGH_PRODUCTION,0,0,105.9346768589298
2024-01-28 14:00:00,RIG_NORMAL,14,28,6,86.39244650647325,101.20465266958188,95.0,0.7908377792838398,59.089413052906195,85.4878225153144,100.45640732166068,HIGH_PRODUCTION,0,0,106.00416956219597
2024-01-28 15:00:00,RIG_NORMAL,15,28,6,81.0716274372057,88.93205926974096,91.39218161793947,0.8249105453759804,52.97128478436817,79.62621211433881,93.71149176626987,HIGH_PRODUCTION,0,0,106.07366226546213
2024-01-28 16:00:00,RIG_NORMAL,16,28,6,74.13740102183893,84.32236437631984,87.68047604781285,0.713327592989979,50.55366352691304,75.9014242662483,89.31052684360215,HIGH_PRODUCTION,0,0,106.14315496872828
2024-01-28 17:00:00,RIG_NORMAL,17,28,6,66.06232333122917,82.19010330862011,80.84858494663578,0.6590249738948286,50.023810026637776,73.0666590453694,88.1105690147835,HIGH_PRODUCTION,0,0,106.21264767199445
2024-01-28 18:00:00,RIG_NORMAL,18,28,6,57.39669756529465,74.38628184937453,74.34981675170268,0.7209769123778517,47.141557071275955,72.00373435044101,82.52042090167885,HIGH_PRODUCTION,0,0,106.28214037526061
2024-01-28 19:00:00,RIG_NORMAL,19,28,6,48.73107179936013,70.03873946918014,72.05931260109394,0.6697629065549416,48.9683113775484,69.64851110878354,73.88396707933333,HIGH_PRODUCTION,0,0,106.35163307852676
2024-01-28 20:00:00,RIG_NORMAL,20,28,6,40.65599410875039,54.76193108504076,57.76702674060288,0.7152867897640195,46.75584864622558,65.0928457005794,64.72784894615381,HIGH_PRODUCTION,0,0,106.42112578179291
2024-01-28 21:00:00,RIG_NORMAL,21,28,6,38.26446504352977,56.11913526802425,58.06055870327989,0.748380778552981,45.59395422086196,65.86189466747858,60.24998815513051,HIGH_PRODUCTION,0,0,106.49061848505907
2024-01-28 22:00:00,RIG_NORMAL,22,28,6,38.26446504352977,44.736323607430705,51.263103657613435,0.5118296423988902,41.37656753922369,61.93227783984221,59.19929033085593,STANDBY,0,0,106.56011118832524
2024-01-28 23:00:00,RIG_NORMAL,23,28,6,38.26446504352977,49.18267190683877,49.850860450336825,0.6246603713020824,42.318752921723124,61.460106861536666,54.56061736702971,STANDBY,0,0,106.62960389159139
2024-01-29 00:00:00,RIG_NORMAL,0,29,0,40.0,43.04211408764286,44.36509732652103,0.5881984897311203,42.751185809943244,60.45170164181286,54.19869509033082,STANDBY,0,0,106.69909659485754
2024-01-29 01:00:00,RIG_NORMAL,1,29,0,40.0,48.18001365796617,49.05458003238795,0.5814463369358145,43.13560578656341,61.383796240864115,53.25165806897412,STANDBY,0,0,106.7685892981237
2024-01-29 02:00:00,RIG_NORMAL,2,29,0,40.0,51.652766338819,54.42046921130505,0.6695480125423872,43.057332291005345,60.306476068517995,66.4012849039843,STANDBY,0,0,106.83808200138986
2024-01-29 03:00:00,RIG_NORMAL,3,29,0,40.0,56.06053787772694,57.310763405715996,0.7416161202177468,42.1375594002154,65.95837629129468,60.192524273557126,STANDBY,0,0,106.90757470465601
2024-01-29 04:00:00,RIG_NORMAL,4,29,0,42.5,53.03838634048207,57.114781125107186,0.6652956550253636,43.663471253565284,62.09293379548044,58.64692331714411,STANDBY,0,0,106.97706740792216
2024-01-29 05:00:00,RIG_NORMAL,5,29,0,50.94133342141177,51.41574447899454,56.6249299858661,0.6644241716819774,43.694306297354466,66.8868225761243,61.70297293998494,STANDBY,0,0,107.04656011118833
2024-01-29 06:00:00,RIG_NORMAL,6,29,0,60.0,78.70939478947037,78.36671256271835,0.6588265009146472,47.48448099995441,71.3924490894213,80.94321001779223,HIGH_PRODUCTION,0,0,107.11605281445449
2024-01-29 07:00:00,RIG_NORMAL,7,29,0,69.05866657858823,83.57247552861583,79.593502515951,0.7167594287129369,45.78147126935477,72.60122329593277,81.24503076321129,HIGH_PRODUCTION,0,0,107.18554551772064
2024-01-29 08:00:00,RIG_NORMAL,8,29,0,77.5,84.69724184169125,81.90275289418328,0.7698542621672793,49.99351431399301,75.9656652967398,83.75353624544758,HIGH_PRODUCTION,0,0,107.25503822098679
2024-01-29 09:00:00,RIG_NORMAL,9,29,0,84.74873734152916,91.80744557390982,90.9454301286409,0.8544815378967472,52.621118708588895,78.98174539990693,98.23334230323835,HIGH_PRODUCTION,0,0,107.32453092425295
2024-01-29 10:00:00,RIG_NORMAL,10,29,0,90.31088913245534,101.59291121548831,95.0,0.8725138909518059,57.68204974783072,83.97320924284945,103.90719918777106,HIGH_PRODUCTION,0,0,107.39402362751912
2024-01-29 11:00:00,RIG_NORMAL,11,29,0,93.8074039201174,109.71623274873389,95.0,0.8483652956039535,56.5759811024822,80.2549987295125,100.5670005804826,HIGH_PRODUCTION,0,0,107.46351633078527
2024-01-29 12:00:00,RIG_NORMAL,12,29,0,95.0,114.15585267233148,95.0,0.7788653493675739,60.748259765367024,85.30042830425374,102.25491762274173,HIGH_PRODUCTION,0,0,107.53300903405142
2024-01-29 13:00:00,RIG_NORMAL,13,29,0,93.8074039201174,103.93348177052336,95.0,0.800600457238662,55.24828898039642,82.30845843003064,102.67278399898505,HIGH_PRODUCTION,0,0,107.60250173731758
2024-01-29 14:00:00,RIG_NORMAL,14,29,0,90.31088913245536,98.83600763211066,95.0,0.7552606684264693,51.0091220289839,82.4887786186135,96.81536983879018,HIGH_PRODUCTION,0,0,107.67199444058375
2024-01-29 15:00:00,RIG_NORMAL,15,29,0,84.74873734152916,93.90865687154016,91.94770100588907,0.7698834054528101,50.268094159335895,78.213869848305,92.65184205811208,HIGH_PRODUCTION,0,0,107.7414871438499
2024-01-29 16:00:00,RIG_NORMAL,16,29,0,77.5,87.85665600571029,89.62877047291043,0.7973754897851025,52.82268125364147,73.01417978719559,95.69046089872371,HIGH_PRODUCTION,0,0,107.81097984711606
2024-01-29 17:00:00,RIG_NORMAL,17,29,0,69.05866657858823,87.27191234019404,82.45853725810498,0.7169853917365929,52.493663943621236,81.04773104008217,86.37010152714892,HIGH_PRODUCTION,0,0,107.88047255038222
2024-01-29 18:00:00,RIG_NORMAL,18,29,0,60.00000000000001,68.29776642638491,68.43556673753696,0.701905929664782,47.32806499388752,74.36653724883877,74.5113478442308,HIGH_PRODUCTION,0,0,107.94996525364837
2024-01-29 19:00:00,RIG_NORMAL,19,29,0,50.94133342141177,63.665262004742566,64.71855100633412,0.6460277254406164,45.22815763202299,67.14486641292682,71.96187900569579,HIGH_PRODUCTION,0,0,108.01945795691452
2024-01-29 20:00:00,RIG_NORMAL,20,29,0,42.500000000000014,44.40432176984491,55.79714204285316,0.6667509294020633,40.601663054531684,62.06847243979417,58.50652034468509,HIGH_PRODUCTION,0,0,108.08895066018069
2024-01-29 21:00:00,RIG_NORMAL,21,29,0,40.0,51.412628741107675,58.24409186075938,0.6610327057143499,46.48968532523986,67.01677271051739,64.93782482032904,HIGH_PRODUCTION,0,0,108.15844336344685
2024-01-29 22:00:00,RIG_NORMAL,22,29,0,40.0,62.883422560554095,59.398222596940506,0.7086910817201564,45.57570277044098,70.30955531682346,64.5664296242222,STANDBY,0,0,108.227936066713
2024-01-29 23:00:00,RIG_NORMAL,23,29,0,40.0,51.0689739392651,49.71865568734551,0.7036954520951346,40.90643228682408,68.25848962831279,54.1874676664865,STANDBY,0,0,108.29742876997915
2024-01-30 00:00:00,RIG_NORMAL,0,30,1,38.26446504352977,49.67054564698809,53.210063135089584,0.6347253700603953,44.82593462103476,62.75360389744056,54.431040314691806,STANDBY,0,0,108.36692147324531
2024-01-30 01:00:00,RIG_NORMAL,1,30,1,38.26446504352977,43.72753168195916,47.85234065437537,0.567583697991491,42.042729182384335,64.35417111621507,51.73715241448016,STANDBY,0,0,108.43641417651148
2024-01-30 02:00:00,RIG_NORMAL,2,30,1,38.26446504352977,48.01940094328018,54.00907562861696,0.6804256531024336,43.20452542234025,67.7038870009081,53.93398326862057,STANDBY,0,0,108.50590687977763
2024-01-30 03:00:00,RIG_NORMAL,3,30,1,38.26446504352977,55.25075160353232,58.118501023837254,0.6824706040904829,44.752981081419904,65.84710953408951,60.59111063705041,STANDBY,0,0,108.57539958304378
2024-01-30 04:00:00,RIG_NORMAL,4,30,1,40.65599410875038,52.56712591912184,56.846012209699694,0.6384056078370051,44.64689881072147,69.7182286594657,61.40760686248437,STANDBY,0,0,108.64489228630994
2024-01-30 05:00:00,RIG_NORMAL,5,30,1,48.73107179936014,55.16258930003784,60.98732817958143,0.6640081101716752,41.09048812828285,66.32608359153149,61.98139376035994,STANDBY,0,0,108.7143849895761
2024-01-30 06:00:00,RIG_NORMAL,6,30,1,57.39669756529465,66.69025367793881,71.20315676572413,0.6676431680025304,44.68534612737614,74.01239037592299,79.22013352982948,HIGH_PRODUCTION,0,0,108.78387769284225
2024-01-30 07:00:00,RIG_NORMAL,7,30,1,66.06232333122918,79.49618981265198,78.41684190353538,0.7467281840434412,47.55659824187619,73.31869905379145,85.0529152421088,HIGH_PRODUCTION,0,0,108.8533703961084
2024-01-30 08:00:00,RIG_NORMAL,8,30,1,74.13740102183893,91.67410782281847,89.61944162677102,0.7403674597506877,49.854154493765805,78.98729781060528,91.82599013575164,HIGH_PRODUCTION,0,0,108.92286309937457
2024-01-30 09:00:00,RIG_NORMAL,9,30,1,81.07162743720572,88.26961673875027,88.07365500391258,0.7608730600721598,52.19220377301021,84.29487686702916,95.74668861061,HIGH_PRODUCTION,0,0,108.99235580264073
2024-01-30 10:00:00,RIG_NORMAL,10,30,1,86.39244650647325,107.40201760721784,95.0,0.7890827400093063,52.96810261117467,82.02210676295726,101.70517206669294,HIGH_PRODUCTION,0,0,109.06184850590688
2024-01-30 11:00:00,RIG_NORMAL,11,30,1,89.73725320314024,100.85666234438239,95.0,0.8364057237091485,53.7109460598507,81.09156388541143,104.56940473156915,HIGH_PRODUCTION,0,0,109.13134120917303
2024-01-30 12:00:00,RIG_NORMAL,12,30,1,90.87810447838321,105.85036264957408,95.0,0.826592167493422,55.74391714643164,82.40517760005034,97.58452267902317,HIGH_PRODUCTION,0,0,109.2008339124392
2024-01-30 13:00:00,RIG_NORMAL,13,30,1,89.73725320314024,100.33574100744657,95.0,0.7812150788390008,54.15307053135051,87.1964278793326,101.32159275107949,HIGH_PRODUCTION,0,0,109.27032661570536
2024-01-30 14:00:00,RIG_NORMAL,14,30,1,86.39244650647326,102.59232998508784,95.0,0.8104269876776047,53.58094437469198,78.25735303589339,96.85784612747649,HIGH_PRODUCTION,0,0,109.33981931897151
2024-01-30 15:00:00,RIG_NORMAL,15,30,1,81.07162743720572,91.33247892052547,92.53200279320438,0.6995516255246438,53.926163757182714,79.76226857653072,89.78161757877099,HIGH_PRODUCTION,0,0,109.40931202223767
2024-01-30 16:00:00,RIG_NORMAL,16,30,1,74.13740102183893,84.03829192769287,79.43474440831649,0.6807232927200922,54.05892321519946,74.80876919460373,83.27764235334189,HIGH_PRODUCTION,0,0,109.47880472550384
2024-01-30 17:00:00,RIG_NORMAL,17,30,1,66.06232333122918,65.56158743488996,68.60707420268693,0.6696535095639233,44.81094946290683,64.97617464383256,72.85415830738144,HIGH_PRODUCTION,0,0,109.54829742876998
2024-01-30 18:00:00,RIG_NORMAL,18,30,1,57.39669756529466,66.65942864625802,71.5206331445959,0.6594196467328782,44.22345483188071,71.60349487708956,74.58655900705017,HIGH_PRODUCTION,0,0,109.61779013203613
2024-01-30 19:00:00,RIG_NORMAL,19,30,1,48.73107179936014,69.79367641050764,69.53940481722701,0.6582033446428349,46.444283960458115,72.88962356811972,75.24637952068443,HIGH_PRODUCTION,0,0,109.6872828353023
2024-01-30 20:00:00,RIG_NORMAL,20,30,1,40.65599410875039,48.1821012897811,55.461198460229944,0.5702073341432664,45.78536852188427,64.12288133460804,61.18833490956157,HIGH_PRODUCTION,0,0,109.75677553856846
2024-01-30 21:00:00,RIG_NORMAL,21,30,1,38.26446504352977,43.74134291315816,50.81783563408493,0.6183438967238208,42.12473064591124,64.7084559784908,48.96652954700713,HIGH_PRODUCTION,0,0,109.82626824183461
2024-01-30 22:00:00,RIG_NORMAL,22,30,1,38.26446504352977,48.9531542717558,53.2426104344751,0.6264000439059529,42.42043998820619,67.49704720678122,58.50253557300723,STANDBY,0,0,109.89576094510076
2024-01-30 23:00:00,RIG_NORMAL,23,30,1,38.26446504352977,55.276313153810015,56.92401158546567,0.6171185962996786,43.89555960832719,65.55704264547335,65.36496962941362,STANDBY,0,0,109.96525364836693
2024-01-31 00:00:00,RIG_NORMAL,0,31,2,36.872674070127886,48.994366275944316,53.06400763839781,0.6467085387411043,44.35315045626311,70.16392002336524,59.311905454459904,STANDBY,0,0,110.03474635163309
2024-01-31 01:00:00,RIG_NORMAL,1,31,2,36.872674070127886,50.058485389962044,51.850616921323464,0.6968237322666853,41.67442513529281,66.96431672418501,59.069138265607,STANDBY,0,0,110.10423905489924
2024-01-31 02:00:00,RIG_NORMAL,2,31,2,36.872674070127886,51.383268614845875,55.42116420127163,0.5948777978576341,42.88651361715432,64.88126056090424,63.72278725348104,STANDBY,0,0,110.17373175816539
2024-01-31 03:00:00,RIG_NORMAL,3,31,2,36.872674070127886,53.59521078226982,57.013927245414045,0.7201950675735997,44.914965676764815,70.71749198473803,57.393619837485915,STANDBY,0,0,110.24322446143155
2024-01-31 04:00:00,RIG_NORMAL,4,31,2,39.17721619951087,49.51045738549057,54.23838813686762,0.5613175878425769,44.04405916723209,69.82823707160162,60.3154367094731,STANDBY,0,0,110.31271716469772
2024-01-31 05:00:00,RIG_NORMAL,5,31,2,46.958579598635716,59.93189226037248,63.57839185316754,0.682038035000921,46.78316358361175,65.90591290352468,64.63197318185621,STANDBY,0,0,110.38220986796387
2024-01-31 06:00:00,RIG_NORMAL,6,31,2,55.30901110519182,66.25093978239364,71.7365544012927,0.7548333007488063,47.6630628105138,71.66399070267437,76.18600450070362,HIGH_PRODUCTION,0,0,110.45170257123002
2024-01-31 07:00:00,RIG_NORMAL,7,31,2,63.65944261174793,75.80192240718425,76.04475571664855,0.7718619687841538,48.044889984453754,70.53447493738163,78.43037551887166,HIGH_PRODUCTION,0,0,110.52119527449618
2024-01-31 08:00:00,RIG_NORMAL,8,31,2,71.44080601087278,78.00917479949497,83.96265600969255,0.7520371711424109,48.57409511225214,76.17791267923319,84.21988951836286,HIGH_PRODUCTION,0,0,110.59068797776234
2024-01-31 09:00:00,RIG_NORMAL,9,31,2,78.12281424622702,89.2123407812644,89.46969235937743,0.7967365620733811,49.77248420423259,82.59691832510136,98.62692638148906,HIGH_PRODUCTION,0,0,110.66018068102849
2024-01-31 10:00:00,RIG_NORMAL,10,31,2,83.250099499112,97.70177625817877,95.0,0.7995779516178735,53.82567957021078,79.93826719982032,101.00251041753378,HIGH_PRODUCTION,0,0,110.72967338429464
2024-01-31 11:00:00,RIG_NORMAL,11,31,2,86.47324575278313,97.17298458486633,95.0,0.7872239728446138,56.37552757901504,79.83453411475367,100.45246291740507,HIGH_PRODUCTION,0,0,110.7991660875608
2024-01-31 12:00:00,RIG_NORMAL,12,31,2,87.57260091655372,96.19249576254177,94.56054229235322,0.7597622225799587,56.64594736029712,74.88192256365863,101.48326201171734,HIGH_PRODUCTION,0,0,110.86865879082697
2024-01-31 13:00:00,RIG_NORMAL,13,31,2,86.47324575278313,90.31065510040771,90.04114603330753,0.7485653637537109,52.171068810935985,73.52824576152138,93.3020449676275,HIGH_PRODUCTION,0,0,110.93815149409312
2024-01-31 14:00:00,RIG_NORMAL,14,31,2,83.25009949911201,98.22422558720312,94.8621832285622,0.8195285080667205,52.548747639931584,80.84687313111512,94.66854393932829,HIGH_PRODUCTION,0,0,111.00764419735928
2024-01-31 15:00:00,RIG_NORMAL,15,31,2,78.12281424622702,91.06871350903951,92.76798210802708,0.75072014995685,51.79922280451845,72.13382215073315,99.18045382594278,HIGH_PRODUCTION,0,0,111.07713690062545
2024-01-31 16:00:00,RIG_NORMAL,16,31,2,71.44080601087278,82.8785306778947,86.34530658702803,0.7369015496256646,48.85790007738158,72.50034791309459,86.33277421101309,HIGH_PRODUCTION,0,0,111.1466296038916
2024-01-31 17:00:00,RIG_NORMAL,17,31,2,63.65944261174793,78.33097665896258,76.30658325659645,0.7746514555815093,46.97574162978071,68.92753450680561,80.86184222166015,HIGH_PRODUCTION,0,0,111.21612230715775
2024-01-31 18:00:00,RIG_NORMAL,18,31,2,55.30901110519183,70.62610581274474,69.47994528074639,0.6886834720702568,44.195627791512855,67.7624963709933,72.02904104485711,HIGH_PRODUCTION,0,0,111.28561501042391
2024-01-31 19:00:00,RIG_NORMAL,19,31,2,46.958579598635716,65.28646532773418,67.74660933669261,0.696577301707244,44.905782189409194,67.74903144762173,72.83419872987685,HIGH_PRODUCTION,0,0,111.35510771369007
2024-01-31 20:00:00,RIG_NORMAL,20,31,2,39.17721619951089,46.9164378771366,53.86312390908073,0.6352000330220892,38.833687783181496,63.554672017911784,57.51227411425803,HIGH_PRODUCTION,0,0,111.42460041695622
2024-01-31 21:00:00,RIG_NORMAL,21,31,2,36.872674070127886,47.67014407927145,49.632834567189065,0.6509935340739964,39.33167567139429,67.07087915402344,53.11644140602857,HIGH_PRODUCTION,0,0,111.49409312022237
2024-01-31 22:00:00,RIG_NORMAL,22,31,2,36.872674070127886,54.82226195276303,60.542017008019805,0.600834139895269,43.85238930060747,72.85582944343278,66.63639228673102,STANDBY,0,0,111.56358582348854
2024-01-31 23:00:00,RIG_NORMAL,23,31,2,36.872674070127886,40.77140227181735,47.56424778024653,0.6218148441578899,39.97487854781189,61.62205990440846,49.71739799959977,STANDBY,0,0,111.6330785267547
2024-02-01 00:00:00,RIG_NORMAL,0,1,3,36.10028835127271,54.82599371486536,56.62701408717933,0.6912784288592625,46.472473148544694,64.14402166172944,59.30699165288484,STANDBY,0,0,111.70257123002085
2024-02-01 01:00:00,RIG_NORMAL,1,1,3,36.10028835127271,45.492287965882966,51.08506455052152,0.6445145640707867,44.13364111333659,64.81423623271702,52.10571648620982,STANDBY,0,0,111.772063933287
2024-02-01 02:00:00,RIG_NORMAL,2,1,3,36.10028835127271,41.12019684615525,47.232973369149335,0.6127793873989201,41.88833428637639,55.52896243215785,42.92393807648115,STANDBY,0,0,111.84155663655316
2024-02-01 03:00:00,RIG_NORMAL,3,1,3,36.10028835127271,48.194515736480696,54.27755848133546,0.6452228435035346,43.8460721203168,69.90856065265383,57.883433845201566,STANDBY,0,0,111.91104933981933
2024-02-01 04:00:00,RIG_NORMAL,4,1,3,38.35655637322725,49.931229056551324,57.78914611718734,0.6080576047680606,42.45014966965913,66.84270747580774,64.62851003106462,STANDBY,0,0,111.98054204308548
2024-02-01 05:00:00,RIG_NORMAL,5,1,3,45.97492063778226,62.68279113703022,65.7906603311803,0.7753652757759014,46.75804399647049,73.77626373619063,70.58755469174673,STANDBY,0,0,112.05003474635163
2024-02-01 06:00:00,RIG_NORMAL,6,1,3,54.15043252690906,66.60503021603525,73.06412164966709,0.8133079667467983,47.09997763122535,70.68976385474383,83.19813655816071,HIGH_PRODUCTION,0,0,112.11952744961779
2024-02-01 07:00:00,RIG_NORMAL,7,1,3,62.32594441603586,72.65416833793603,77.41170809252367,0.7371788889411941,49.32913761599419,65.52092133376732,82.93518927243665,HIGH_PRODUCTION,0,0,112.18902015288396
2024-02-01 08:00:00,RIG_NORMAL,8,1,3,69.94430868059086,79.61684749618749,78.72272880109841,0.7711258544113186,48.35602772767709,75.79078301208469,83.06611453544433,HIGH_PRODUCTION,0,0,112.2585128561501
2024-02-01 09:00:00,RIG_NORMAL,9,1,3,76.48634638588689,90.95388805224978,91.77096291775833,0.7508238875309792,52.98669591776959,73.91731413225747,98.52376460542047,HIGH_PRODUCTION,0,0,112.32800555941625
2024-02-01 10:00:00,RIG_NORMAL,10,1,3,81.50622847353647,95.45071383956312,92.13033851674774,0.8863881482784122,55.12143715444658,84.63529842513732,97.4097300396518,HIGH_PRODUCTION,0,0,112.39749826268242
2024-02-01 11:00:00,RIG_NORMAL,11,1,3,84.66185827501369,98.66778954713885,94.27314909674419,0.7498876055252932,52.741231633825535,79.50038551172027,99.21323546421863,HIGH_PRODUCTION,0,0,112.46699096594858
2024-02-01 12:00:00,RIG_NORMAL,12,1,3,85.73818483427267,96.64605658884979,95.0,0.8123815028585877,54.53762162104182,78.79221219370342,100.19555906055997,HIGH_PRODUCTION,0,0,112.53648366921473
2024-02-01 13:00:00,RIG_NORMAL,13,1,3,84.66185827501369,101.58768376056399,95.0,0.8700581798019176,58.30475237806276,87.23200577577383,106.89934577858835,HIGH_PRODUCTION,0,0,112.6059763724809
2024-02-01 14:00:00,RIG_NORMAL,14,1,3,81.50622847353648,92.88964087557027,92.90924501307855,0.8700297903759876,54.57115523384502,79.93944878604624,99.3471074131824,HIGH_PRODUCTION,0,0,112.67546907574706
2024-02-01 15:00:00,RIG_NORMAL,15,1,3,76.48634638588689,93.46992080751286,87.07806938825077,0.7560343593493215,52.9558912056819,80.40770734537432,92.78403613790748,HIGH_PRODUCTION,0,0,112.74496177901321
2024-02-01 16:00:00,RIG_NORMAL,16,1,3,69.94430868059086,90.43020688272429,89.52916158413309,0.799679820551888,54.31413276129742,80.99129444666502,99.76486017850281,HIGH_PRODUCTION,0,0,112.81445448227936
2024-02-01 17:00:00,RIG_NORMAL,17,1,3,62.32594441603586,77.61362924954365,81.65415540879913,0.7023796798042037,50.680781525071595,67.58969332272328,87.86987891743406,HIGH_PRODUCTION,0,0,112.88394718554552
2024-02-01 18:00:00,RIG_NORMAL,18,1,3,54.150432526909064,64.05337197172696,69.7747455003489,0.6641610801194974,45.694128303054555,71.1293710402536,73.2961616211156,HIGH_PRODUCTION,0,0,112.95343988881169
2024-02-01 19:00:00,RIG_NORMAL,19,1,3,45.97492063778226,61.67223468447722,64.2583407503255,0.6699246063838451,42.106346511221105,69.99828909478936,66.2647841105022,HIGH_PRODUCTION,0,0,113.02293259207784
2024-02-01 20:00:00,RIG_NORMAL,20,1,3,38.356556373227264,50.01489639178023,54.82924799871518,0.7465470328890018,43.24732050922413,69.03486094335948,57.40376351131363,HIGH_PRODUCTION,0,0,113.09242529534399
2024-02-01 21:00:00,RIG_NORMAL,21,1,3,36.10028835127271,49.110104303359684,54.556950933138246,0.6872253946718854,42.81130771015088,64.60447490140699,61.75954930628032,HIGH_PRODUCTION,0,0,113.16191799861015
2024-02-01 22:00:00,RIG_NORMAL,22,1,3,36.10028835127271,43.68421146336209,50.03919108521598,0.6102463057978235,40.5010385842325,61.90084568841985,58.87060145487933,STANDBY,0,0,113.23141070187631
2024-02-01 23:00:00,RIG_NORMAL,23,1,3,36.10028835127271,50.983941020797,53.69926058886339,0.7027750187598565,38.70666186681773,60.96517056717681,60.47626759814023,STANDBY,0,0,113.30090340514246
2024-02-02 00:00:00,RIG_NORMAL,0,2,4,36.10028835127271,48.572058524975425,51.866949486527915,0.6237889636395899,43.631898191632274,64.09418965729213,56.06353321277518,STANDBY,0,0,113.37039610840861
2024-02-02 01:00:00,RIG_NORMAL,1,2,4,36.10028835127271,51.29260138195906,55.871939166630526,0.6498926569810195,41.123937824032204,65.40520013120033,61.73933043209756,STANDBY,0,0,113.43988881167478
2024-02-02 02:00:00,RIG_NORMAL,2,2,4,36.10028835127271,41.16304951342848,45.84120800197622,0.7272136008365306,41.25746397764041,62.21657603497108,49.49550394574226,STANDBY,0,0,113.50938151494094
2024-02-02 03:00:00,RIG_NORMAL,3,2,4,36.10028835127271,48.45968291466519,46.8582917729591,0.7742059075510238,43.996616935168944,64.83529763985403,52.63014008585568,STANDBY,0,0,113.57887421820709
2024-02-02 04:00:00,RIG_NORMAL,4,2,4,38.35655637322725,41.39450596464204,47.76105235255305,0.5939899068758555,39.394886701970684,65.13833535079958,51.80222965096516,STANDBY,0,0,113.64836692147324
2024-02-02 05:00:00,RIG_NORMAL,5,2,4,45.97492063778226,60.24956796872938,66.56433697127355,0.7497521082664933,44.01756660883251,72.22761777154946,73.26545461867958,STANDBY,0,0,113.7178596247394
2024-02-02 06:00:00,RIG_NORMAL,6,2,4,54.15043252690906,72.05530987906141,75.75181794346283,0.777601860002179,50.567001864915255,75.6681851712788,79.52024455461131,HIGH_PRODUCTION,0,0,113.78735232800557
2024-02-02 07:00:00,RIG_NORMAL,7,2,4,62.32594441603586,77.1125625448815,80.62664492892162,0.7879380857625425,43.71754409090117,71.99444400901214,85.22722580245346,HIGH_PRODUCTION,0,0,113.85684503127172
2024-02-02 08:00:00,RIG_NORMAL,8,2,4,69.94430868059086,80.7389990931982,87.4464970847839,0.7199857417555335,48.798875195338404,78.6817194008307,94.00069104106355,HIGH_PRODUCTION,0,0,113.92633773453787
2024-02-02 09:00:00,RIG_NORMAL,9,2,4,76.48634638588689,95.40780227047644,94.11745681774048,0.8666470352495995,50.44420023213613,77.84887553765313,100.04922086920529,HIGH_PRODUCTION,0,0,113.99583043780403
2024-02-02 10:00:00,RIG_NORMAL,10,2,4,81.50622847353647,96.36742612139086,95.0,0.7777094032595158,50.21693212071946,76.776096946373,101.7843519656306,HIGH_PRODUCTION,0,0,114.0653231410702
2024-02-02 11:00:00,RIG_NORMAL,11,2,4,84.66185827501369,92.36763040494333,93.19557722932662,0.8058299595443636,55.22735551244345,73.50162758582411,101.65751165731584,HIGH_PRODUCTION,0,0,114.13481584433634
2024-02-02 12:00:00,RIG_NORMAL,12,2,4,85.73818483427267,99.902128207347,95.0,0.8491723268937273,57.48632247999722,81.288290149223,97.2845081231809,HIGH_PRODUCTION,0,0,114.20430854760251
2024-02-02 13:00:00,RIG_NORMAL,13,2,4,84.66185827501369,95.22683849588361,95.0,0.7717863213238036,52.42311692516969,78.70983928452341,96.71945369592189,HIGH_PRODUCTION,0,0,114.27380125086867
2024-02-02 14:00:00,RIG_NORMAL,14,2,4,81.50622847353648,84.12871654357782,84.48932138327646,0.7519260601161214,52.56921956678069,71.48902360633119,89.90704032947268,HIGH_PRODUCTION,0,0,114.34329395413482
2024-02-02 15:00:00,RIG_NORMAL,15,2,4,76.48634638588689,87.08012875369731,88.95246277988002,0.6744733037136079,50.09204468661423,74.0224783296977,95.83664277834296,HIGH_PRODUCTION,0,0,114.41278665740097
2024-02-02 16:00:00,RIG_NORMAL,16,2,4,69.94430868059086,85.96626914176409,85.46822852898956,0.7310688274034006,49.68078192559657,80.3322074174421,86.80721129571049,HIGH_PRODUCTION,0,0,114.48227936066714
2024-02-02 17:00:00,RIG_NORMAL,17,2,4,62.32594441603586,72.63659374153691,76.19579745951113,0.7557764236480273,49.57744090113497,69.43191592846152,80.60614221759333,HIGH_PRODUCTION,0,0,114.5517720639333
2024-02-02 18:00:00,RIG_NORMAL,18,2,4,54.150432526909064,61.25073340736048,67.58024767491432,0.7212298733400758,43.899438820349026,69.24666327560159,73.88623242753154,HIGH_PRODUCTION,0,0,114.62126476719945
2024-02-02 19:00:00,RIG_NORMAL,19,2,4,45.97492063778226,56.57556498401261,58.23673787299718,0.6797848387702581,44.908263233262865,66.21962773623788,63.220872750652056,HIGH_PRODUCTION,0,0,114.6907574704656
2024-02-02 20:00:00,RIG_NORMAL,20,2,4,38.356556373227264,49.192107660264824,55.628940446141065,0.7503181737019298,39.957474518649015,64.13372614693714,58.605536093995404,HIGH_PRODUCTION,0,0,114.76025017373176
2024-02-02 21:00:00,RIG_NORMAL,21,2,4,36.10028835127271,45.917687565835486,49.8212682334218,0.6250665654679439,40.66881144330631,65.93973750695828,51.27335982089275,HIGH_PRODUCTION,0,0,114.82974287699793
2024-02-02 22:00:00,RIG_NORMAL,22,2,4,36.10028835127271,51.266063102750515,53.26026321935974,0.7922121746525398,42.572489476012464,69.62624901323403,57.12904950836296,STANDBY,0,0,114.89923558026408
2024-02-02 23:00:00,RIG_NORMAL,23,2,4,36.10028835127271,45.21078240672515,50.23272025918789,0.6245648803211852,38.716585669862305,59.24139053822591,54.8365115234723,STANDBY,0,0,114.96872828353023
2024-02-03 00:00:00,RIG_NORMAL,0,3,5,36.872674070127886,54.17190963561754,54.93356970117433,0.6557259198127579,43.684777666471085,66.86731488229131,61.80318102919366,STANDBY,0,0,115.03822098679639
2024-02-03 01:00:00,RIG_NORMAL,1,3,5,36.872674070127886,49.93193195179556,52.82263618739199,0.715562879116649,43.90373472913641,61.74298762569041,54.91211912350495,STANDBY,0,0,115.10771369006255
2024-02-03 02:00:00,RIG_NORMAL,2,3,5,36.872674070127886,49.15520811287581,52.55070008453511,0.5175637012653108,43.418593361875104,65.97544892560767,56.7038812115375,STANDBY,0,0,115.1772063933287
2024-02-03 03:00:00,RIG_NORMAL,3,3,5,36.872674070127886,40.489072664983055,43.23487089850869,0.6250057255509603,39.441578675332835,59.15740119178825,43.03900028726923,STANDBY,0,0,115.24669909659485
2024-02-03 04:00:00,RIG_NORMAL,4,3,5,39.17721619951087,49.08766373177947,56.178807744393936,0.6491881599899958,41.30284330856269,68.75050534072967,62.20109254926572,STANDBY,0,0,115.31619179986102
2024-02-03 05:00:00,RIG_NORMAL,5,3,5,46.958579598635716,65.46934398416178,66.156107194908,0.7886889776267918,46.09116379492311,66.40340100242119,72.37803725514799,STANDBY,0,0,115.38568450312718
2024-02-03 06:00:00,RIG_NORMAL,6,3,5,55.30901110519182,69.22959161950128,71.52405718569372,0.7256122475561231,45.85056920389985,67.51818010797044,78.04747620446223,HIGH_PRODUCTION,0,0,115.45517720639333
2024-02-03 07:00:00,RIG_NORMAL,7,3,5,63.65944261174793,73.37219984799965,74.06325454997,0.7940065005120759,49.40844402435034,64.55167699136724,80.85696670731102,HIGH_PRODUCTION,0,0,115.52466990965948
2024-02-03 08:00:00,RIG_NORMAL,8,3,5,71.44080601087278,94.00119680989668,90.26954165557049,0.7475473857045563,54.9537699777164,79.56322495088715,101.08796827053425,HIGH_PRODUCTION,0,0,115.59416261292564
2024-02-03 09:00:00,RIG_NORMAL,9,3,5,78.12281424622702,93.13174510587521,90.9830685578758,0.7588439882043635,54.76124101142567,84.93540907500746,92.29298316954961,HIGH_PRODUCTION,0,0,115.66365531619181
2024-02-03 10:00:00,RIG_NORMAL,10,3,5,83.250099499112,104.52170850186991,95.0,0.784596582995297,60.80300684474998,78.37128031256012,101.27462780054687,HIGH_PRODUCTION,0,0,115.73314801945796
2024-02-03 11:00:00,RIG_NORMAL,11,3,5,86.47324575278313,102.46434312778605,95.0,0.8468138550463223,58.43565348215308,75.1537817230834,98.88572843689957,HIGH_PRODUCTION,0,0,115.80264072272412
2024-02-03 12:00:00,RIG_NORMAL,12,3,5,87.57260091655372,102.792965407065,95.0,0.8459898508670187,54.88713327875958,83.9240587334121,98.59385736205162,HIGH_PRODUCTION,0,0,115.87213342599028
2024-02-03 13:00:00,RIG_NORMAL,13,3,5,86.47324575278313,102.69467170326263,95.0,0.79896359667973,55.3145660735608,81.04631862985688,101.56392292251711,HIGH_PRODUCTION,0,0,115.94162612925643
2024-02-03 14:00:00,RIG_NORMAL,14,3,5,83.25009949911201,94.58048196516437,95.0,0.7996084722245043,53.2693098762605,73.807434052217,97.73568741644546,HIGH_PRODUCTION,0,0,116.01111883252258
2024-02-03 15:00:00,RIG_NORMAL,15,3,5,78.12281424622702,94.65705696828114,94.3944177237541,0.8456186521328737,52.99286246218631,81.10421744983098,102.81366481102741,HIGH_PRODUCTION,0,0,116.08061153578875
2024-02-03 16:00:00,RIG_NORMAL,16,3,5,71.44080601087278,83.3606189041169,87.15593127799308,0.7806340294214313,51.58241920812908,78.82039985176115,89.66249793403361,HIGH_PRODUCTION,0,0,116.15010423905491
2024-02-03 17:00:00,RIG_NORMAL,17,3,5,63.65944261174793,71.72211275061552,72.71547254884238,0.6644356671792433,47.67314503958092,73.4532518426194,79.22541933791865,HIGH_PRODUCTION,0,0,116.21959694232106
2024-02-03 18:00:00,RIG_NORMAL,18,3,5,55.30901110519183,69.6845335939838,72.54075013505727,0.7494450955373432,50.42577452750892,70.55452122144348,78.75752194618659,HIGH_PRODUCTION,0,0,116.28908964558721
2024-02-03 19:00:00,RIG_NORMAL,19,3,5,46.958579598635716,55.59893209052261,62.36998942400796,0.6437277628673639,45.5135034278151,69.74630681909092,70.01029704070851,HIGH_PRODUCTION,0,0,116.35858234885337
2024-02-03 20:00:00,RIG_NORMAL,20,3,5,39.17721619951089,45.10732712697187,54.36613323186488,0.7283395228841568,40.16384490571083,59.24073656350319,61.090481611347656,HIGH_PRODUCTION,0,0,116.42807505211954
2024-02-03 21:00:00,RIG_NORMAL,21,3,5,36.872674070127886,54.80273373465708,57.24142872420391,0.6696436961152246,42.88729413566413,66.4098026627546,61.247888725434606,HIGH_PRODUCTION,0,0,116.49756775538569
2024-02-03 22:00:00,RIG_NORMAL,22,3,5,36.872674070127886,54.3052174385993,59.43889344504367,0.6760658953214864,43.70133640859138,64.89139563617105,68.98987465010194,STANDBY,0,0,116.56706045865184
2024-02-03 23:00:00,RIG_NORMAL,23,3,5,36.872674070127886,57.185957072242616,55.63992813211608,0.6757550602145015,43.98777091979189,66.35088431397978,62.086940434466875,STANDBY,0,0,116.636553161918
2024-02-04 00:00:00,RIG_NORMAL,0,4,6,38.26446504352977,49.00540068249538,48.209133517895104,0.6930269853875304,44.92686666586142,64.33151555149449,53.12485315034635,STANDBY,0,0,116.70604586518417
2024-02-04 01:00:00,RIG_NORMAL,1,4,6,38.26446504352977,49.340368519946416,54.73906259453084,0.6903459764016143,41.962923165432585,66.70397377641814,60.532489687184565,STANDBY,0,0,116.77553856845032
2024-02-04 02:00:00,RIG_NORMAL,2,4,6,38.26446504352977,54.74071182274266,57.598943229391686,0.6650048704395641,45.868399535085395,67.17511144603762,64.58915109997415,STANDBY,0,0,116.84503127171646
2024-02-04 03:00:00,RIG_NORMAL,3,4,6,38.26446504352977,49.75532366291273,56.66133771916155,0.7137059824559823,44.544393349488374,64.47417515104614,60.13948018224574,STANDBY,0,0,116.91452397498263
2024-02-04 04:00:00,RIG_NORMAL,4,4,6,40.65599410875038,48.89280148932193,52.5424561559158,0.6447228089270328,45.61506336153681,70.33365084057965,55.90332529124578,STANDBY,0,0,116.98401667824879
2024-02-04 05:00:00,RIG_NORMAL,5,4,6,48.73107179936013,59.98463424615562,60.88697136091717,0.6551811303323313,45.2796176634692,71.45741119196133,63.87472837296714,STANDBY,0,0,117.05350938151494
2024-02-04 06:00:00,RIG_NORMAL,6,4,6,57.396697565294645,64.64118833077666,68.9447160034377,0.7383922151858264,43.39466038072472,70.63119101507897,76.9566654078824,HIGH_PRODUCTION,0,0,117.12300208478109
2024-02-04 07:00:00,RIG_NORMAL,7,4,6,66.06232333122917,78.43102270299568,77.06767308992269,0.790714602786554,51.60521575719018,79.36632731538099,81.56718378394689,HIGH_PRODUCTION,0,0,117.19249478804726
2024-02-04 08:00:00,RIG_NORMAL,8,4,6,74.13740102183893,100.14197499793374,94.21362860686233,0.7188900995961939,55.22476379049639,79.13064151855937,101.87645155359019,HIGH_PRODUCTION,0,0,117.26198749131342
2024-02-04 09:00:00,RIG_NORMAL,9,4,6,81.0716274372057,86.3068185280134,84.73864378548922,0.7352560422276501,52.321633956765695,79.10314034794092,88.55896656992662,HIGH_PRODUCTION,0,0,117.33148019457957
2024-02-04 10:00:00,RIG_NORMAL,10,4,6,86.39244650647323,93.48223642951453,89.44601726688259,0.8569681067755395,54.86394908554555,84.6640400314118,91.4622887096785,HIGH_PRODUCTION,0,0,117.40097289784572
2024-02-04 11:00:00,RIG_NORMAL,11,4,6,89.73725320314023,120.16687326430161,95.0,0.9233613108300076,59.43662323347745,88.66842187225784,104.74379514045728,HIGH_PRODUCTION,0,0,117.4704656011119
2024-02-04 12:00:00,RIG_NORMAL,12,4,6,90.8781044783832,108.76660748581449,95.0,0.9489362949804181,59.08928643888634,79.93907346871845,96.9101410202756,HIGH_PRODUCTION,0,0,117.53995830437805
2024-02-04 13:00:00,RIG_NORMAL,13,4,6,89.73725320314023,108.27577604848048,95.0,0.7829203800709981,56.82580999459341,83.23923031800382,96.58530601266149,HIGH_PRODUCTION,0,0,117.6094510076442
2024-02-04 14:00:00,RIG_NORMAL,14,4,6,86.39244650647325,98.3384922987662,95.0,0.7676036748593029,51.86676592188811,82.37094445572237,98.66412157367672,HIGH_PRODUCTION,0,0,117.67894371091036
2024-02-04 15:00:00,RIG_NORMAL,15,4,6,81.0716274372057,94.05838633453646,93.79654314912644,0.8806644435565129,55.209022749027554,82.658012550232,94.87468399279157,HIGH_PRODUCTION,0,0,117.74843641417652
2024-02-04 16:00:00,RIG_NORMAL,16,4,6,74.13740102183893,89.79539287441409,89.0304660174859,0.7869312969836946,52.83130685002868,77.27496255634463,91.53064193295528,HIGH_PRODUCTION,0,0,117.81792911744267
2024-02-04 17:00:00,RIG_NORMAL,17,4,6,66.06232333122917,79.6346887542721,79.47105615998399,0.8119451297537591,50.42608795045654,82.35782954802431,87.99989764950917,HIGH_PRODUCTION,0,0,117.88742182070882
2024-02-04 18:00:00,RIG_NORMAL,18,4,6,57.39669756529465,75.83351497671833,76.51768581113399,0.7304602895493227,46.90197717823071,69.97447687507953,79.9740730336124,HIGH_PRODUCTION,0,0,117.95691452397499
2024-02-04 19:00:00,RIG_NORMAL,19,4,6,48.73107179936013,54.49633807246163,61.95138950777669,0.6588235361629581,41.751196416886984,66.81689888183605,63.73170126501114,HIGH_PRODUCTION,0,0,118.02640722724115
2024-02-04 20:00:00,RIG_NORMAL,20,4,6,40.65599410875039,52.107330229494664,56.699114997002944,0.6891657232807644,43.35396833068141,67.50158530935799,63.56502940684418,HIGH_PRODUCTION,0,0,118.0958999305073
2024-02-04 21:00:00,RIG_NORMAL,21,4,6,38.26446504352977,52.931148113292416,55.90766876568159,0.7351139526075838,45.54050478657173,57.06276287079712,60.466969928018095,HIGH_PRODUCTION,0,0,118.16539263377345
2024-02-04 22:00:00,RIG_NORMAL,22,4,6,38.26446504352977,49.7315417808477,53.30069024111577,0.6394454661404607,39.829259561426575,67.74531006897412,61.37910931399915,STANDBY,0,0,118.23488533703961
2024-02-04 23:00:00,RIG_NORMAL,23,4,6,38.26446504352977,58.76488696758761,57.27538524876811,0.6890209426312096,42.218966719732826,66.59827274631517,63.32654892251271,STANDBY,0,0,118.30437804030578
2024-02-05 00:00:00,RIG_NORMAL,0,5,0,40.0,60.379467308795704,57.66853659948191,0.72231531432882,46.77407907300462,70.28555932790617,60.91758191170979,STANDBY,0,0,118.37387074357193
2024-02-05 01:00:00,RIG_NORMAL,1,5,0,40.0,53.49488903764325,54.539174440343984,0.6530918857552981,44.58536463520935,67.12590771436767,55.80210131748725,STANDBY,0,0,118.44336344683808
2024-02-05 02:00:00,RIG_NORMAL,2,5,0,40.0,60.89000706590409,60.263207367630734,0.826122811488179,42.03052900534128,67.77638297332292,67.75995564574838,STANDBY,0,0,118.51285615010424
2024-02-05 03:00:00,RIG_NORMAL,3,5,0,40.0,46.96511425208353,50.51047287553159,0.7024539731605677,43.82737563171798,68.01861491461565,53.80522881859014,STANDBY,0,0,118.5823488533704
2024-02-05 04:00:00,RIG_NORMAL,4,5,0,42.5,46.154536938700495,55.13058162767025,0.6923727583215236,37.5073441416893,65.63454162737247,62.964579443339574,STANDBY,0,0,118.65184155663655
2024-02-05 05:00:00,RIG_NORMAL,5,5,0,50.94133342141177,67.17525595054204,67.80418680371719,0.7030709865781839,45.014924150405385,73.18249822498731,71.62191768403308,STANDBY,0,0,118.7213342599027
2024-02-05 06:00:00,RIG_NORMAL,6,5,0,60.0,65.71507881786536,68.22589077612318,0.7148332498296166,47.62726109792428,70.96724600554114,66.98394878278287,HIGH_PRODUCTION,0,0,118.79082696316887
2024-02-05 07:00:00,RIG_NORMAL,7,5,0,69.05866657858823,83.96583108807326,81.34579562889411,0.7408051103780122,51.301437019796936,78.91633819688315,83.82310537699236,HIGH_PRODUCTION,0,0,118.86031966643503
2024-02-05 08:00:00,RIG_NORMAL,8,5,0,77.5,93.3150829198408,92.06462614879898,0.849490979969002,54.67191185121472,81.23575842749489,103.20543438543984,HIGH_PRODUCTION,0,0,118.92981236970118
2024-02-05 09:00:00,RIG_NORMAL,9,5,0,84.74873734152916,95.62001255123765,92.35781339962169,0.8116931630724268,54.33444424012866,75.65437573327068,94.96781615505053,HIGH_PRODUCTION,0,0,118.99930507296733
2024-02-05 10:00:00,RIG_NORMAL,10,5,0,90.31088913245534,109.275954812682,95.0,0.8110398498756087,57.40701471157299,86.94429888095985,98.77303340121192,HIGH_PRODUCTION,0,0,119.06879777623351
2024-02-05 11:00:00,RIG_NORMAL,11,5,0,93.8074039201174,110.44551869480571,95.0,0.7907734312857423,57.88446549579747,86.03849967299135,98.29524935411108,HIGH_PRODUCTION,0,0,119.13829047949966
2024-02-05 12:00:00,RIG_NORMAL,12,5,0,95.0,110.76201183963391,95.0,0.7776554624886002,58.767929622218524,81.60487855109895,99.21845568322831,HIGH_PRODUCTION,0,0,119.20778318276581
2024-02-05 13:00:00,RIG_NORMAL,13,5,0,93.8074039201174,107.36967517837823,95.0,0.773330288916043,56.79956030437382,78.1172914434866,96.4018023679787,HIGH_PRODUCTION,0,0,119.27727588603197
2024-02-05 14:00:00,RIG_NORMAL,14,5,0,90.31088913245536,99.49912419105894,95.0,0.8264389129671424,57.23751287362283,84.12012528142405,99.55800665321551,HIGH_PRODUCTION,0,0,119.34676858929814
2024-02-05 15:00:00,RIG_NORMAL,15,5,0,84.74873734152916,102.7545304349377,93.96327521347105,0.9121918302984197,56.4150763340662,83.51378196272805,95.15153594844483,HIGH_PRODUCTION,0,0,119.41626129256429
2024-02-05 16:00:00,RIG_NORMAL,16,5,0,77.5,94.9522940174436,92.95768577235594,0.8081608824430813,52.701120198068764,76.59169946307526,91.41728833659498,HIGH_PRODUCTION,0,0,119.48575399583044
2024-02-05 17:00:00,RIG_NORMAL,17,5,0,69.05866657858823,87.41361384190257,84.36315017151097,0.7629697037060509,50.30601004437313,76.49309053018175,92.85235007566084,HIGH_PRODUCTION,0,0,119.5552466990966
2024-02-05 18:00:00,RIG_NORMAL,18,5,0,60.00000000000001,82.24319935358547,78.71794272982068,0.7300961134259489,50.071894212901505,75.45126368926131,78.97207768415466,HIGH_PRODUCTION,0,0,119.62473940236276
2024-02-05 19:00:00,RIG_NORMAL,19,5,0,50.94133342141177,73.6516362280347,72.01577847522405,0.6580279486919359,49.363814932233396,70.86990549186676,75.95221784009775,HIGH_PRODUCTION,0,0,119.69423210562891
2024-02-05 20:00:00,RIG_NORMAL,20,5,0,42.500000000000014,61.376464821829764,65.94419089223307,0.6882522337631485,48.0860690938421,67.07369612386732,72.72094463181605,HIGH_PRODUCTION,0,0,119.76372480889506
2024-02-05 21:00:00,RIG_NORMAL,21,5,0,40.0,65.7233311146191,66.7483195468059,0.7432383277573957,44.46813225403931,69.11688167939386,73.61003339377774,HIGH_PRODUCTION,0,0,119.83321751216123
2024-02-05 22:00:00,RIG_NORMAL,22,5,0,40.0,58.87939034430003,60.82738887062087,0.7061468744221062,46.353765375563256,72.57486764439244,64.5441400364102,STANDBY,0,0,119.90271021542739
2024-02-05 23:00:00,RIG_NORMAL,23,5,0,40.0,57.48700019326146,57.540405661963185,0.7703765521311927,44.03282714348145,70.15927360510922,58.684878035383214,STANDBY,0,0,119.97220291869354
2024-02-06 00:00:00,RIG_NORMAL,0,6,1,38.26446504352977,55.15090342862036,59.1125785632009,0.6879741352094845,44.59300359757032,65.98039860679239,65.50559630313963,STANDBY,0,0,120.04169562195969
2024-02-06 01:00:00,RIG_NORMAL,1,6,1,38.26446504352977,52.822864375477494,52.21741794901478,0.7467688491774027,40.481631875362744,69.5227825779295,57.400897712867824,STANDBY,0,0,120.11118832522585
2024-02-06 02:00:00,RIG_NORMAL,2,6,1,38.26446504352977,54.83168033014331,53.80004563063621,0.663354040067809,43.49235634273484,65.84119299882724,66.41868538288611,STANDBY,0,0,120.18068102849202
2024-02-06 03:00:00,RIG_NORMAL,3,6,1,38.26446504352977,53.89455153478724,60.30950129162677,0.7448242416690214,38.244598374758546,69.35394375413728,70.02052588096603,STANDBY,0,0,120.25017373175817
2024-02-06 04:00:00,RIG_NORMAL,4,6,1,40.65599410875038,54.26135208543025,56.36478611573442,0.748667567853055,43.46991987619571,69.66750521625804,65.44581253639173,STANDBY,0,0,120.31966643502432
2024-02-06 05:00:00,RIG_NORMAL,5,6,1,48.73107179936014,63.71264900836305,67.54808485445389,0.7032861771716596,49.62185053709107,69.06295975625078,71.28895600824332,STANDBY,0,0,120.38915913829048
2024-02-06 06:00:00,RIG_NORMAL,6,6,1,57.39669756529465,75.42178177060593,78.68024182964969,0.7777742488141097,48.00911215634686,67.2591486769025,77.44859557034509,HIGH_PRODUCTION,0,0,120.45865184155664
2024-02-06 07:00:00,RIG_NORMAL,7,6,1,66.06232333122918,76.52656306617092,78.55029194643899,0.7755361663410154,49.76307220525977,74.61962777874093,85.54074092760023,HIGH_PRODUCTION,0,0,120.5281445448228
2024-02-06 08:00:00,RIG_NORMAL,8,6,1,74.13740102183893,96.26019929402167,94.2787577839876,0.8635450253814242,55.42068569983593,80.78702036478678,98.77094509209438,HIGH_PRODUCTION,0,0,120.59763724808894
2024-02-06 09:00:00,RIG_NORMAL,9,6,1,81.07162743720572,96.46572981505558,91.28396120824151,0.8930532627873504,53.35144849175603,77.4200230119642,94.72334003472893,HIGH_PRODUCTION,0,0,120.66712995135512
2024-02-06 10:00:00,RIG_NORMAL,10,6,1,86.39244650647325,103.70470886871486,95.0,0.9245743352165646,51.926441599876306,83.23581162015611,99.73223961648223,HIGH_PRODUCTION,0,0,120.73662265462127
2024-02-06 11:00:00,RIG_NORMAL,11,6,1,89.73725320314024,103.81352070618445,95.0,0.8345598084767536,54.793907316947305,82.68320651540743,97.26613465443445,HIGH_PRODUCTION,0,0,120.80611535788742
2024-02-06 12:00:00,RIG_NORMAL,12,6,1,90.87810447838321,111.29573251935778,95.0,0.8725548854709113,54.93085645836239,83.3820299242003,99.43731501199188,HIGH_PRODUCTION,0,0,120.87560806115359
2024-02-06 13:00:00,RIG_NORMAL,13,6,1,89.73725320314024,106.84250049832038,95.0,0.8121636969617183,54.10435227155876,83.8650000408792,99.30262517095457,HIGH_PRODUCTION,0,0,120.94510076441975
2024-02-06 14:00:00,RIG_NORMAL,14,6,1,86.39244650647326,105.66013659108687,95.0,0.838631588242504,57.99497249437797,78.73796510798488,96.33866599344837,HIGH_PRODUCTION,0,0,121.0145934676859
2024-02-06 15:00:00,RIG_NORMAL,15,6,1,81.07162743720572,98.28516673622646,93.22763521651426,0.8829032918789865,53.14939938043251,77.01891353803019,99.86087057372683,HIGH_PRODUCTION,0,0,121.08408617095205
2024-02-06 16:00:00,RIG_NORMAL,16,6,1,74.13740102183893,103.47449808838809,95.0,0.9024601628669534,55.88470413221569,80.60172371794785,100.03963586597784,HIGH_PRODUCTION,0,0,121.15357887421821
2024-02-06 17:00:00,RIG_NORMAL,17,6,1,66.06232333122918,77.29371041564127,78.12705016939302,0.7715969222224239,48.03097514376478,68.02502503160994,82.84052881347858,HIGH_PRODUCTION,0,0,121.22307157748438
2024-02-06 18:00:00,RIG_NORMAL,18,6,1,57.39669756529466,73.82369822340249,75.15810954281696,0.6980348551428875,47.163819013212425,72.75953329775986,79.45282053879252,HIGH_PRODUCTION,0,0,121.29256428075053
2024-02-06 19:00:00,RIG_NORMAL,19,6,1,48.73107179936014,59.452265489819005,64.87600703813443,0.734631178172221,44.912391084297056,66.92011045334402,67.4127597668902,HIGH_PRODUCTION,0,0,121.36205698401668
2024-02-06 20:00:00,RIG_NORMAL,20,6,1,40.65599410875039,58.1534241210079,60.97280955516244,0.776649045134028,44.55286299258376,68.4860749115394,72.1205055031687,HIGH_PRODUCTION,0,0,121.43154968728284
2024-02-06 21:00:00,RIG_NORMAL,21,6,1,38.26446504352977,53.16417045134636,57.18088930825963,0.6950693558916126,42.839476051425954,65.16821505008896,67.17214964832596,HIGH_PRODUCTION,0,0,121.501042390549
2024-02-06 22:00:00,RIG_NORMAL,22,6,1,38.26446504352977,59.732754214165894,61.21503979657661,0.7941427112841335,43.94513978036642,64.3124689297607,60.22937812060108,STANDBY,0,0,121.57053509381515
2024-02-06 23:00:00,RIG_NORMAL,23,6,1,38.26446504352977,48.94215638952504,49.50287654562927,0.6316802623353488,43.20996085479747,68.50370857753587,56.40954999997697,STANDBY,0,0,121.6400277970813
2024-02-07 00:00:00,RIG_NORMAL,0,7,2,36.872674070127886,54.573265600921424,54.77140218744043,0.6875401912495904,43.465046861975,65.88306532100913,59.527961428221005,STANDBY,0,0,121.70952050034747
2024-02-07 01:00:00,RIG_NORMAL,1,7,2,36.872674070127886,49.43106523063385,52.53402198931192,0.7832002324092773,41.84641893086447,63.28459978114125,62.33676111269871,STANDBY,0,0,121.77901320361363
2024-02-07 02:00:00,RIG_NORMAL,2,7,2,36.872674070127886,45.853515565303695,49.175103070709525,0.7466793523673917,38.19885402156376,64.40417904815376,55.99963395338814,STANDBY,0,0,121.84850590687978
2024-02-07 03:00:00,RIG_NORMAL,3,7,2,36.872674070127886,44.157533339871904,50.020883770547464,0.7528438410700395,38.31072250202886,67.46586703172268,54.02289830316848,STANDBY,0,0,121.91799861014593
2024-02-07 04:00:00,RIG_NORMAL,4,7,2,39.17721619951087,43.22935671604304,50.81043568490802,0.6283073445378775,37.62454696675338,65.44972227961658,60.58866307604225,STANDBY,0,0,121.9874913134121
2024-02-07 05:00:00,RIG_NORMAL,5,7,2,46.958579598635716,66.49808531205078,69.81293279296224,0.8178220514463064,45.46190331905177,68.30320802891531,72.60686817545422,STANDBY,0,0,122.05698401667826
2024-02-07 06:00:00,RIG_NORMAL,6,7,2,55.30901110519182,65.02247692746617,69.66558856793213,0.609697359343408,42.13593975912383,71.19900736913237,77.38782113754122,HIGH_PRODUCTION,0,0,122.1264767199444
2024-02-07 07:00:00,RIG_NORMAL,7,7,2,63.65944261174793,94.52096487870529,86.82292134601923,0.8283270902039149,52.64873221083762,81.45723004246851,89.36243830955195,HIGH_PRODUCTION,0,0,122.19596942321056
2024-02-07 08:00:00,RIG_NORMAL,8,7,2,71.44080601087278,87.91488296780074,86.55747559654223,0.8117478824488102,51.36200322539366,73.84968435118971,92.2701946889999,HIGH_PRODUCTION,0,0,122.26546212647672
2024-02-07 09:00:00,RIG_NORMAL,9,7,2,78.12281424622702,91.22584387690468,91.25509555919932,0.8052396376688291,51.14645162881905,80.9674352492673,97.97886732869807,HIGH_PRODUCTION,0,0,122.33495482974288
2024-02-07 10:00:00,RIG_NORMAL,10,7,2,83.250099499112,93.74105040352937,95.0,0.7739231365115969,53.252668207935955,77.10430572202738,104.01803695527099,HIGH_PRODUCTION,0,0,122.40444753300903
2024-02-07 11:00:00,RIG_NORMAL,11,7,2,86.47324575278313,108.11925312209821,95.0,0.7859293092168754,59.67735976387758,84.64465933524346,97.12452847941718,HIGH_PRODUCTION,0,0,122.4739402362752
2024-02-07 12:00:00,RIG_NORMAL,12,7,2,87.57260091655372,105.86266239399585,95.0,0.8745480311517237,55.785448176092835,80.10133903610847,99.47226368915405,HIGH_PRODUCTION,0,0,122.54343293954136
2024-02-07 13:00:00,RIG_NORMAL,13,7,2,86.47324575278313,97.21229392800142,95.0,0.8340286778119632,56.655986431702274,77.4671056190952,103.82579759355535,HIGH_PRODUCTION,0,0,122.61292564280751
2024-02-07 14:00:00,RIG_NORMAL,14,7,2,83.25009949911201,100.9928237173717,95.0,0.8522437976004847,56.23385031274262,80.27723485023259,99.8299396723634,HIGH_PRODUCTION,0,0,122.68241834607366
2024-02-07 15:00:00,RIG_NORMAL,15,7,2,78.12281424622702,91.09181965772467,89.70006780673336,0.8647242290860357,51.484027818043444,75.87487140889017,89.49184080697162,HIGH_PRODUCTION,0,0,122.75191104933982
2024-02-07 16:00:00,RIG_NORMAL,16,7,2,71.44080601087278,84.27005988181308,86.9538077357021,0.7838835945991917,52.26072547695022,76.36915375008323,88.53244175194675,HIGH_PRODUCTION,0,0,122.82140375260599
2024-02-07 17:00:00,RIG_NORMAL,17,7,2,63.65944261174793,79.3067771642419,78.44971515273758,0.7226751923168713,51.76877750049707,69.9895901633714,84.10338888147874,HIGH_PRODUCTION,0,0,122.89089645587214
2024-02-07 18:00:00,RIG_NORMAL,18,7,2,55.30901110519183,74.00389265273529,74.01855789220141,0.8041017017253048,51.502148573074145,76.17182118299715,80.3802042183349,HIGH_PRODUCTION,0,0,122.96038915913829
2024-02-07 19:00:00,RIG_NORMAL,19,7,2,46.958579598635716,61.3938595739871,68.5073220505893,0.8225387958805535,44.16210535639515,67.84678048168463,71.27059388167297,HIGH_PRODUCTION,0,0,123.02988186240445
2024-02-07 20:00:00,RIG_NORMAL,20,7,2,39.17721619951089,59.39988210576619,60.37926199641957,0.73096181161402,47.352226289469826,66.67306733466145,63.632960111638766,HIGH_PRODUCTION,0,0,123.09937456567062
2024-02-07 21:00:00,RIG_NORMAL,21,7,2,36.872674070127886,54.2096926933142,58.013432450472095,0.7026136879362013,44.43681198059507,67.32368854752706,67.24966549578943,HIGH_PRODUCTION,0,0,123.16886726893676
2024-02-07 22:00:00,RIG_NORMAL,22,7,2,36.872674070127886,56.65467519604104,55.77111795811314,0.7068423589157891,46.154710001919824,66.87958214781754,62.885782827132644,STANDBY,0,0,123.23835997220291
2024-02-07 23:00:00,RIG_NORMAL,23,7,2,36.872674070127886,57.72302915153769,57.14485003510206,0.710295993967651,44.78976819450566,65.21935248576118,63.879419551219826,STANDBY,0,0,123.30785267546908
2024-02-08 00:00:00,RIG_NORMAL,0,8,3,36.10028835127271,52.09412578110552,51.94871859838776,0.7327292977473789,45.476094188733434,69.57796899076376,59.842349327765945,STANDBY,0,0,123.37734537873524
2024-02-08 01:00:00,RIG_NORMAL,1,8,3,36.10028835127271,48.339780066605314,50.523030313054655,0.7915340350284091,40.304070732181465,68.68286922571016,56.314630000209675,STANDBY,0,0,123.44683808200139
2024-02-08 02:00:00,RIG_NORMAL,2,8,3,36.10028835127271,55.38969309543239,54.25711211883547,0.712009381520804,45.626371103372925,63.91191586967826,58.59364809935,STANDBY,0,0,123.51633078526754
2024-02-08 03:00:00,RIG_NORMAL,3,8,3,36.10028835127271,40.64761871962227,49.45024362994377,0.6379169767758294,35.6578782438799,59.628432934762415,55.523449415730596,STANDBY,0,0,123.5858234885337
2024-02-08 04:00:00,RIG_NORMAL,4,8,3,38.35655637322725,54.67143715028775,57.99182618142735,0.7375349490972549,45.517919032255264,72.55280133592375,62.10862603282145,STANDBY,0,0,123.65531619179987
2024-02-08 05:00:00,RIG_NORMAL,5,8,3,45.97492063778226,61.57539596492872,61.27248081265059,0.7656506375624565,45.12648166503863,65.43979516985746,63.07907936177777,STANDBY,0,0,123.72480889506602
2024-02-08 06:00:00,RIG_NORMAL,6,8,3,54.15043252690906,73.3935695253197,77.97344097647957,0.7248819698615501,48.091769796974056,73.5822731095156,82.44797817454436,HIGH_PRODUCTION,0,0,123.79430159833217
2024-02-08 07:00:00,RIG_NORMAL,7,8,3,62.32594441603586,73.18846539320192,76.42966920264865,0.8286750298938368,50.0048370026688,72.58826719666877,75.40255190713013,HIGH_PRODUCTION,0,0,123.86379430159833
2024-02-08 08:00:00,RIG_NORMAL,8,8,3,69.94430868059086,87.42034402284384,85.48165747594572,0.8757764540798905,55.55697960574443,75.58998415389617,86.66396668718254,HIGH_PRODUCTION,0,0,123.9332870048645
2024-02-08 09:00:00,RIG_NORMAL,9,8,3,76.48634638588689,97.56956527279443,95.0,0.9034094129676083,50.08873712850413,76.69128238870601,99.24566731586474,HIGH_PRODUCTION,0,0,124.00277970813065
2024-02-08 10:00:00,RIG_NORMAL,10,8,3,81.50622847353647,98.30953901738486,95.0,0.8442087506792799,53.67355663501183,81.30738399986271,93.59487802125687,HIGH_PRODUCTION,0,0,124.07227241139681
2024-02-08 11:00:00,RIG_NORMAL,11,8,3,84.66185827501369,107.86801645074286,95.0,0.8834137959235935,60.3056141324679,83.89434972855548,101.19093865978721,HIGH_PRODUCTION,0,0,124.14176511466296
2024-02-08 12:00:00,RIG_NORMAL,12,8,3,85.73818483427267,111.66247452583902,95.0,0.8487773586557843,57.64161141822986,79.36199232253077,96.35449556152103,HIGH_PRODUCTION,0,0,124.21125781792912
2024-02-08 13:00:00,RIG_NORMAL,13,8,3,84.66185827501369,99.63859133773695,95.0,0.9060231034539303,53.6365834051372,77.11769228270703,99.80476464133419,HIGH_PRODUCTION,0,0,124.28075052119527
2024-02-08 14:00:00,RIG_NORMAL,14,8,3,81.50622847353648,100.3236787967364,95.0,0.8213084498041803,54.352321682930175,80.94372880568037,98.98828882262754,HIGH_PRODUCTION,0,0,124.35024322446144
2024-02-08 15:00:00,RIG_NORMAL,15,8,3,76.48634638588689,90.78002437787121,92.43605283766075,0.8058340961766319,54.3374227106037,75.70345878802902,98.34943637732808,HIGH_PRODUCTION,0,0,124.41973592772759
2024-02-08 16:00:00,RIG_NORMAL,16,8,3,69.94430868059086,83.79696485424326,81.30537797177493,0.8366248599050903,54.77017771190828,79.59310025905236,81.83232183545391,HIGH_PRODUCTION,0,0,124.48922863099375
2024-02-08 17:00:00,RIG_NORMAL,17,8,3,62.32594441603586,77.40200811473298,78.05709935449629,0.8300041200729955,50.281973050467904,74.38402381635328,80.0170865198851,HIGH_PRODUCTION,0,0,124.5587213342599
2024-02-08 18:00:00,RIG_NORMAL,18,8,3,54.150432526909064,72.54601578502431,74.63039049015019,0.7527556801236678,47.94713567699936,71.69754272905725,83.26375302829005,HIGH_PRODUCTION,0,0,124.62821403752606
2024-02-08 19:00:00,RIG_NORMAL,19,8,3,45.97492063778226,63.11623664956451,66.13861517237035,0.6494800752262745,45.91924097316442,70.6683260536769,71.42528425475238,HIGH_PRODUCTION,0,0,124.69770674079223
2024-02-08 20:00:00,RIG_NORMAL,20,8,3,38.356556373227264,47.641981601269364,56.187146498114004,0.7649719405646025,38.95796671239948,68.72637702082773,62.34338516084901,HIGH_PRODUCTION,0,0,124.76719944405838
2024-02-08 21:00:00,RIG_NORMAL,21,8,3,36.10028835127271,48.87552659637999,52.61814694155792,0.7067267057808317,45.16847355009881,62.27646203686554,57.13642598119636,HIGH_PRODUCTION,0,0,124.83669214732454
2024-02-08 22:00:00,RIG_NORMAL,22,8,3,36.10028835127271,57.78561318847193,57.734440508550385,0.8427946333192619,43.94223176378544,69.42417273911008,61.65239568013131,STANDBY,0,0,124.90618485059069
2024-02-08 23:00:00,RIG_NORMAL,23,8,3,36.10028835127271,51.51136212038815,50.399512954513405,0.7208061802761863,41.76737512730758,60.93983362195739,54.00426900920327,STANDBY,0,0,124.97567755385685
2024-02-09 00:00:00,RIG_NORMAL,0,9,4,36.10028835127271,56.39701999780476,54.938685531769664,0.6702761559744306,42.27208556377301,67.6888946815444,58.2383261595302,STANDBY,0,0,125.045170257123
2024-02-09 01:00:00,RIG_NORMAL,1,9,4,36.10028835127271,63.524099957367795,57.09722154461584,0.7637515753851687,48.53528110124944,64.80399337179462,60.26752208131718,STANDBY,0,0,125.11466296038917
2024-02-09 02:00:00,RIG_NORMAL,2,9,4,36.10028835127271,52.17190923075887,52.883140999134824,0.6621343268343024,44.79211214889474,67.27863061359488,53.30153981755032,STANDBY,0,0,125.18415566365532
2024-02-09 03:00:00,RIG_NORMAL,3,9,4,36.10028835127271,55.35516224034904,59.79395078395768,0.7380972964944114,41.315817530932065,60.06593070433536,63.1423901503029,STANDBY,0,0,125.25364836692148
2024-02-09 04:00:00,RIG_NORMAL,4,9,4,38.35655637322725,51.100724451911304,56.25758818755302,0.7202199199705207,42.37282747769568,65.4771031269951,56.97027860327569,STANDBY,0,0,125.32314107018763
2024-02-09 05:00:00,RIG_NORMAL,5,9,4,45.97492063778226,57.32170171629839,62.76738549373362,0.7685991297163699,44.88610674137314,69.88103907094323,70.12932929944571,STANDBY,0,0,125.3926337734538
2024-02-09 06:00:00,RIG_NORMAL,6,9,4,54.15043252690906,57.39616571898389,65.16734365491894,0.7185140086798608,48.15949961187852,69.94850256884656,68.04491892962518,HIGH_PRODUCTION,0,0,125.46212647671994
2024-02-09 07:00:00,RIG_NORMAL,7,9,4,62.32594441603586,76.36614085822623,74.83756831235277,0.7041498266925926,49.071724181999194,70.24114702966968,80.44871055329841,HIGH_PRODUCTION,0,0,125.53161917998611
2024-02-09 08:00:00,RIG_NORMAL,8,9,4,69.94430868059086,76.74203751555025,79.10964300824322,0.758226983379608,45.647900643833054,72.55373132700326,84.3243794381863,HIGH_PRODUCTION,0,0,125.60111188325226
2024-02-09 09:00:00,RIG_NORMAL,9,9,4,76.48634638588689,87.24061550403839,87.29145060952597,0.7984917377413387,49.74126589018943,77.1183253759023,88.80023846647762,HIGH_PRODUCTION,0,0,125.67060458651842
2024-02-09 10:00:00,RIG_NORMAL,10,9,4,81.50622847353647,104.8380428514651,95.0,0.8233324295904281,55.841514469065686,86.31143793405269,101.57048194845848,HIGH_PRODUCTION,0,0,125.74009728978457
2024-02-09 11:00:00,RIG_NORMAL,11,9,4,84.66185827501369,103.70965413967642,95.0,0.8967160483672821,57.80981275542432,82.92954098953464,99.93297631588071,HIGH_PRODUCTION,0,0,125.80958999305074
2024-02-09 12:00:00,RIG_NORMAL,12,9,4,85.73818483427267,107.43992687723305,95.0,0.8484477434426705,58.399567692137154,80.04009625541752,99.64694656104825,HIGH_PRODUCTION,0,0,125.87908269631689
2024-02-09 13:00:00,RIG_NORMAL,13,9,4,84.66185827501369,101.75881588070146,95.0,0.8076835742358865,56.841335107295954,81.57376185076481,100.81633343040839,HIGH_PRODUCTION,0,0,125.94857539958305
2024-02-09 14:00:00,RIG_NORMAL,14,9,4,81.50622847353648,91.40811758661555,92.42528411682723,0.790641699189568,52.85908153629452,76.3312316524114,96.96652217562732,HIGH_PRODUCTION,0,0,126.0180681028492
2024-02-09 15:00:00,RIG_NORMAL,15,9,4,76.48634638588689,85.02407271374484,87.11873787361758,0.7797947341027115,52.129243113134244,70.16970802449546,96.02510546915853,HIGH_PRODUCTION,0,0,126.08756080611536
2024-02-09 16:00:00,RIG_NORMAL,16,9,4,69.94430868059086,87.5277495156926,88.4872657805733,0.8546145386158861,52.65214968010724,72.38046571145112,93.81267894121493,HIGH_PRODUCTION,0,0,126.15705350938151
2024-02-09 17:00:00,RIG_NORMAL,17,9,4,62.32594441603586,81.03698453715356,78.65832800784875,0.895358768077791,47.982218779048736,73.61535454151552,89.20232932271605,HIGH_PRODUCTION,0,0,126.22654621264768
2024-02-09 18:00:00,RIG_NORMAL,18,9,4,54.150432526909064,75.02513167698893,76.74547991631684,0.8110411101428425,48.69382266000751,76.3152951973161,81.91530745501399,HIGH_PRODUCTION,0,0,126.29603891591383
2024-02-09 19:00:00,RIG_NORMAL,19,9,4,45.97492063778226,52.56414235897576,60.30338471206903,0.7276929318793796,41.939030777757885,65.73330605586939,68.79825721780334,HIGH_PRODUCTION,0,0,126.36553161917999
2024-02-09 20:00:00,RIG_NORMAL,20,9,4,38.356556373227264,55.26977634128188,58.82391288349043,0.726624707481334,44.54266217018585,64.44929872825814,64.86024443795658,HIGH_PRODUCTION,0,0,126.43502432244615
2024-02-09 21:00:00,RIG_NORMAL,21,9,4,36.10028835127271,48.01357244415351,53.47873933356595,0.7636176895136693,42.926746676727056,67.68080292530244,57.9687339167634,HIGH_PRODUCTION,0,0,126.5045170257123
2024-02-09 22:00:00,RIG_NORMAL,22,9,4,36.10028835127271,56.094262221974525,57.44875136333311,0.7648285691945753,44.10723754309194,62.18487027151623,62.25929406054727,STANDBY,0,0,126.57400972897847
2024-02-09 23:00:00,RIG_NORMAL,23,9,4,36.10028835127271,58.14994828411425,55.410089055393506,0.8176517719041645,43.04120588619765,74.16119788783527,56.79476963751418,STANDBY,0,0,126.64350243224462
2024-02-10 00:00:00,RIG_NORMAL,0,10,5,36.872674070127886,46.28508663549953,47.02749513323906,0.6971188378403338,41.34526441681804,63.44895335932018,51.68310473048496,STANDBY,0,0,126.71299513551078
2024-02-10 01:00:00,RIG_NORMAL,1,10,5,36.872674070127886,54.88151798357447,53.66264502315839,0.761977581626875,44.14019458573189,64.97233579177166,57.96727165478044,STANDBY,0,0,126.78248783877693
2024-02-10 02:00:00,RIG_NORMAL,2,10,5,36.872674070127886,50.90525429197115,53.943489740551,0.7508750269087432,41.70082559502401,62.94969803331581,61.277019048892925,STANDBY,0,0,126.8519805420431
2024-02-10 03:00:00,RIG_NORMAL,3,10,5,36.872674070127886,54.44205187436104,56.86154818178454,0.832590485537926,46.97087208978163,64.44275471435093,64.90056127078928,STANDBY,0,0,126.92147324530924
2024-02-10 04:00:00,RIG_NORMAL,4,10,5,39.17721619951087,53.80207745761514,59.99234697972135,0.7143047036572427,41.80929559997324,65.14430018012801,63.32064728852399,STANDBY,0,0,126.99096594857541
2024-02-10 05:00:00,RIG_NORMAL,5,10,5,46.958579598635716,60.02727771076154,61.47547932352854,0.7543743780286344,41.73250372111931,70.17303033320795,69.1375197247273,STANDBY,0,0,127.06045865184156
2024-02-10 06:00:00,RIG_NORMAL,6,10,5,55.30901110519182,67.7110115199288,69.24361968913273,0.8756475236233708,45.480473779060844,67.59686275767368,81.1174766179241,HIGH_PRODUCTION,0,0,127.12995135510772
2024-02-10 07:00:00,RIG_NORMAL,7,10,5,63.65944261174793,75.61726733166404,78.93420713661865,0.8314728259106878,46.95611492958653,73.09853740232535,83.00079210408917,HIGH_PRODUCTION,0,0,127.19944405837387
2024-02-10 08:00:00,RIG_NORMAL,8,10,5,71.44080601087278,84.88777436293232,83.29555056661697,0.828683931399774,49.71129379617428,71.79123596457224,84.51062157588028,HIGH_PRODUCTION,0,0,127.26893676164003
2024-02-10 09:00:00,RIG_NORMAL,9,10,5,78.12281424622702,93.84639222763364,88.69167298209479,0.8570867509530138,50.648344483131915,74.79840042767694,89.97755410565628,HIGH_PRODUCTION,0,0,127.33842946490618
2024-02-10 10:00:00,RIG_NORMAL,10,10,5,83.250099499112,109.70617704449069,95.0,0.9555083732274428,56.726131193647085,83.30103577353321,100.33952054086919,HIGH_PRODUCTION,0,0,127.40792216817235
2024-02-10 11:00:00,RIG_NORMAL,11,10,5,86.47324575278313,98.61948507630272,95.0,0.8934636366593134,57.26013761464599,79.46507476433686,95.51234982885175,HIGH_PRODUCTION,0,0,127.4774148714385
2024-02-10 12:00:00,RIG_NORMAL,12,10,5,87.57260091655372,101.09987131959315,95.0,0.9612898776881251,57.15066081772755,81.78580263184287,98.79528035966024,HIGH_PRODUCTION,0,0,127.54690757470466
2024-02-10 13:00:00,RIG_NORMAL,13,10,5,86.47324575278313,103.93632817145892,95.0,0.9544130980933214,54.6747174834782,88.67368656082708,99.72003069187684,HIGH_PRODUCTION,0,0,127.61640027797081
2024-02-10 14:00:00,RIG_NORMAL,14,10,5,83.25009949911201,97.07981596069357,95.0,0.8678415217028432,53.79866137370799,81.65317433907417,104.74060935812783,HIGH_PRODUCTION,0,0,127.68589298123698
2024-02-10 15:00:00,RIG_NORMAL,15,10,5,78.12281424622702,84.03773175738085,85.11114453821729,0.7163417625786879,52.23564771470497,71.70386609525853,92.73290533072414,HIGH_PRODUCTION,0,0,127.75538568450312
2024-02-10 16:00:00,RIG_NORMAL,16,10,5,71.44080601087278,89.53454471356315,94.85766382268197,0.8398537370373156,50.91861013387899,76.15374499302055,102.3480486320858,HIGH_PRODUCTION,0,0,127.82487838776929
2024-02-10 17:00:00,RIG_NORMAL,17,10,5,63.65944261174793,75.97270011919056,77.3083870513312,0.7439001213215167,48.394348388398626,75.93034270086827,80.99335172462932,HIGH_PRODUCTION,0,0,127.89437109103544
2024-02-10 18:00:00,RIG_NORMAL,18,10,5,55.30901110519183,73.83700370886046,73.90081276563988,0.7274506728016563,46.26524072925891,75.86779734647843,80.68240082010041,HIGH_PRODUCTION,0,0,127.9638637943016
2024-02-10 19:00:00,RIG_NORMAL,19,10,5,46.958579598635716,69.34668655859238,70.97233950522455,0.7418829785603978,46.86167590669554,71.21341904049685,73.20189533776639,HIGH_PRODUCTION,0,0,128.03335649756775
2024-02-10 20:00:00,RIG_NORMAL,20,10,5,39.17721619951089,56.858808168584716,54.43635585601259,0.7153407927774378,45.389941789838154,71.18681402905847,60.18335869835206,HIGH_PRODUCTION,0,0,128.10284920083393
2024-02-10 21:00:00,RIG_NORMAL,21,10,5,36.872674070127886,54.407415239150154,59.83031666874975,0.8059415005485977,41.2742422600826,65.30528295307985,66.4368661735614,HIGH_PRODUCTION,0,0,128.17234190410008
2024-02-10 22:00:00,RIG_NORMAL,22,10,5,36.872674070127886,42.438421380341424,47.549584316616404,0.6179362347688696,44.28885377330985,60.03680625966441,51.42316138500159,STANDBY,0,0,128.24183460736623
2024-02-10 23:00:00,RIG_NORMAL,23,10,5,36.872674070127886,53.41324557138541,51.74659926316212,0.7762593247617896,43.32142357578826,62.84654969777762,60.49587673504518,STANDBY,0,0,128.3113273106324
2024-02-11 00:00:00,RIG_NORMAL,0,11,6,38.26446504352977,52.270651739027485,52.810404815707045,0.6585998462343734,39.627153527426835,61.218739966250375,60.12160174856871,STANDBY,0,0,128.38082001389853
2024-02-11 01:00:00,RIG_NORMAL,1,11,6,38.26446504352977,54.09766769246014,51.93627462680323,0.7172667077741459,45.21780593289786,66.56563824398434,59.83073321268923,STANDBY,0,0,128.4503127171647
2024-02-11 02:00:00,RIG_NORMAL,2,11,6,38.26446504352977,51.196980849727794,57.55788590013153,0.8306013636564247,41.41642369017578,67.59861177874829,60.09536914140145,STANDBY,0,0,128.51980542043086
2024-02-11 03:00:00,RIG_NORMAL,3,11,6,38.26446504352977,51.90372630197297,53.48705125450908,0.7061646211077515,40.994219457057746,62.82745838216151,62.17237478501984,STANDBY,0,0,128.589298123697
2024-02-11 04:00:00,RIG_NORMAL,4,11,6,40.65599410875038,52.16612335594427,57.94602697218145,0.6767790384461847,42.98364405510839,64.21281215764435,64.58077728296954,STANDBY,0,0,128.65879082696318
2024-02-11 05:00:00,RIG_NORMAL,5,11,6,48.73107179936013,67.81148316053502,68.84104306143433,0.6641793300022385,43.7071731312964,70.39957624071053,72.82173726619708,STANDBY,0,0,128.72828353022933
2024-02-11 06:00:00,RIG_NORMAL,6,11,6,57.396697565294645,79.37710575688541,76.48152544631773,0.8862927398902541,49.22943298141202,70.16115894182931,85.33483964346874,HIGH_PRODUCTION,0,0,128.79777623349548
2024-02-11 07:00:00,RIG_NORMAL,7,11,6,66.06232333122917,89.59923136016667,85.32846470115024,0.7422093295499701,54.69853846325521,76.37150639044242,89.18636573321066,HIGH_PRODUCTION,0,0,128.86726893676166
2024-02-11 08:00:00,RIG_NORMAL,8,11,6,74.13740102183893,89.32385955622397,87.07539421149052,0.8202583424771576,52.12514903666503,82.7172478980335,89.29604035142927,HIGH_PRODUCTION,0,0,128.93676164002778
2024-02-11 09:00:00,RIG_NORMAL,9,11,6,81.0716274372057,97.9547286670488,92.93139205365708,0.8623589003324843,50.448644496959496,76.2660362980819,99.64293660166979,HIGH_PRODUCTION,0,0,129.00625434329396
2024-02-11 10:00:00,RIG_NORMAL,10,11,6,86.39244650647323,98.92361189146831,95.0,0.8338763683461485,53.8235510702372,78.38254316522108,101.59449595524822,HIGH_PRODUCTION,0,0,129.0757470465601
2024-02-11 11:00:00,RIG_NORMAL,11,11,6,89.73725320314023,105.27158753369311,95.0,0.9362978003560269,56.06758132392225,77.6370133988459,97.95751636196356,HIGH_PRODUCTION,0,0,129.14523974982626
2024-02-11 12:00:00,RIG_NORMAL,12,11,6,90.8781044783832,109.87978238792388,95.0,0.9599372892337442,54.92410902937174,81.27404222745197,98.0882137179275,HIGH_PRODUCTION,0,0,129.21473245309244
2024-02-11 13:00:00,RIG_NORMAL,13,11,6,89.73725320314023,108.46302464867512,95.0,0.9195812748777916,54.73396245395266,78.46866768999796,97.24609345702218,HIGH_PRODUCTION,0,0,129.2842251563586
2024-02-11 14:00:00,RIG_NORMAL,14,11,6,86.39244650647325,103.26727961139666,95.0,0.8375608298311072,54.09403029199678,81.33496984960651,102.61838087650388,HIGH_PRODUCTION,0,0,129.35371785962474
2024-02-11 15:00:00,RIG_NORMAL,15,11,6,81.0716274372057,95.11499720096793,94.51956887720442,0.9212991865822255,54.87148376433302,75.17346974690689,97.32707709212877,HIGH_PRODUCTION,0,0,129.42321056289092
2024-02-11 16:00:00,RIG_NORMAL,16,11,6,74.13740102183893,86.9469808147323,84.92156624099675,0.7063578492503625,48.602026562743696,77.70093808261745,88.98342952614351,HIGH_PRODUCTION,0,0,129.49270326615704
2024-02-11 17:00:00,RIG_NORMAL,17,11,6,66.06232333122917,88.566788387128,86.61301757782118,0.9185283787143317,54.39569446028977,75.17706621198485,95.69568078945372,HIGH_PRODUCTION,0,0,129.56219596942321
2024-02-11 18:00:00,RIG_NORMAL,18,11,6,57.39669756529465,80.87708298184334,78.23492324423378,0.8004324595441015,53.26329336897688,73.11362096945604,80.4040115609237,HIGH_PRODUCTION,0,0,129.6316886726894
2024-02-11 19:00:00,RIG_NORMAL,19,11,6,48.73107179936013,66.57422233419277,64.64494570444936,0.7357191517490187,48.073092995582286,75.10089815195654,71.25651117522392,HIGH_PRODUCTION,0,0,129.7011813759555
2024-02-11 20:00:00,RIG_NORMAL,20,11,6,40.65599410875039,52.345051496333724,54.74526878747511,0.6903222524698998,43.449675692488114,66.04490041811482,62.89462614537866,HIGH_PRODUCTION,0,0,129.7706740792217
2024-02-11 21:00:00,RIG_NORMAL,21,11,6,38.26446504352977,54.08680596283468,58.36417354346856,0.7295669505965491,42.56839008589604,66.24957573239811,66.75483588714559,HIGH_PRODUCTION,0,0,129.84016678248784
2024-02-11 22:00:00,RIG_NORMAL,22,11,6,38.26446504352977,54.45512638072245,53.492729072907274,0.7460574959882565,40.45248332904063,65.53220058172118,59.02697061044134,STANDBY,0,0,129.909659485754
2024-02-11 23:00:00,RIG_NORMAL,23,11,6,38.26446504352977,58.97531623029069,57.824644946977465,0.694563437022272,44.098149938932515,67.85688515236771,62.06186056129945,STANDBY,0,0,129.97915218902017
2024-02-12 00:00:00,RIG_NORMAL,0,12,0,40.0,63.284660888656255,60.276526232237444,0.7845968950390463,48.43443144268829,67.36091581611237,67.50559059917957,STANDBY,0,0,130.04864489228632
2024-02-12 01:00:00,RIG_NORMAL,1,12,0,40.0,49.280320214815184,52.43282189335558,0.7628586529078933,41.433527325519364,60.627805626341825,56.55980775995861,STANDBY,0,0,130.11813759555247
2024-02-12 02:00:00,RIG_NORMAL,2,12,0,40.0,50.204213549176046,53.29747759949007,0.6603542607410177,45.71745847960297,67.68192541576441,54.486306936877085,STANDBY,0,0,130.18763029881865
2024-02-12 03:00:00,RIG_NORMAL,3,12,0,40.0,63.480312547211994,63.03430754090323,0.8477519661875121,46.49249489935646,69.04795212974912,67.05692105797249,STANDBY,0,0,130.25712300208477
2024-02-12 04:00:00,RIG_NORMAL,4,12,0,42.5,69.02223170748522,70.28513680814295,0.7211906962716326,47.83848270093442,68.29246620304353,74.69838305957822,STANDBY,0,0,130.32661570535095
2024-02-12 05:00:00,RIG_NORMAL,5,12,0,50.94133342141177,65.15244800182775,70.09144166802099,0.7685244316243998,47.78994973753963,65.83468821142088,74.86109873785124,STANDBY,0,0,130.3961084086171
2024-02-12 06:00:00,RIG_NORMAL,6,12,0,60.0,71.57574062446317,71.15636696461281,0.816536308369378,46.89457133376763,70.38892030304994,76.81170083916813,HIGH_PRODUCTION,0,0,130.46560111188325
2024-02-12 07:00:00,RIG_NORMAL,7,12,0,69.05866657858823,93.44079582327561,86.36402651505864,0.8665226944956242,52.31507948004474,80.39696417919941,95.352440790059,HIGH_PRODUCTION,0,0,130.53509381514942
2024-02-12 08:00:00,RIG_NORMAL,8,12,0,77.5,98.29417846440191,92.82668613359273,0.923922549533658,53.86809610736209,78.85608111333451,95.70741320833555,HIGH_PRODUCTION,0,0,130.60458651841557
2024-02-12 09:00:00,RIG_NORMAL,9,12,0,84.74873734152916,101.58623041129893,94.69468017359884,0.8908327757960806,54.98980815803454,76.90019730986056,100.45184106098904,HIGH_PRODUCTION,0,0,130.67407922168172
2024-02-12 10:00:00,RIG_NORMAL,10,12,0,90.31088913245534,103.28938908021726,95.0,0.8203801636258237,55.45398688801909,82.67920442897018,106.37738980759707,HIGH_PRODUCTION,0,0,130.7435719249479
2024-02-12 11:00:00,RIG_NORMAL,11,12,0,93.8074039201174,117.39388628654422,95.0,0.8955475925028074,61.41719653523281,89.6875592831288,99.34996695237909,HIGH_PRODUCTION,0,0,130.81306462821402
2024-02-12 12:00:00,RIG_NORMAL,12,12,0,95.0,100.25847498139505,95.0,0.8589130762297669,54.95440654128685,77.17195664834067,97.94030423929595,HIGH_PRODUCTION,0,0,130.8825573314802
2024-02-12 13:00:00,RIG_NORMAL,13,12,0,93.8074039201174,124.23394958971582,95.0,1.0362811224003259,60.63142998156396,89.73758313934033,100.09762447733047,HIGH_PRODUCTION,0,0,130.95205003474635
2024-02-12 14:00:00,RIG_NORMAL,14,12,0,90.31088913245536,103.85380988749428,95.0,0.8766156358394187,55.864739900363354,78.124596508601,94.81657264987822,HIGH_PRODUCTION,0,0,131.0215427380125
2024-02-12 15:00:00,RIG_NORMAL,15,12,0,84.74873734152916,104.98385499586121,95.0,0.841147572699831,50.76115875888793,85.77332228777358,98.83482935593962,HIGH_PRODUCTION,0,0,131.09103544127868
2024-02-12 16:00:00,RIG_NORMAL,16,12,0,77.5,100.46650090788195,92.79228177468899,1.0066285639932766,53.829895287620616,77.12469732677621,93.44507130871376,HIGH_PRODUCTION,0,0,131.16052814454483
2024-02-12 17:00:00,RIG_NORMAL,17,12,0,69.05866657858823,80.26845373335534,78.37371069510964,0.7898695342312541,49.228510606562786,74.66733348568187,80.82032482860865,HIGH_PRODUCTION,0,0,131.23002084781098
2024-02-12 18:00:00,RIG_NORMAL,18,12,0,60.00000000000001,80.44820649983495,79.1604188401853,0.8137008442720904,51.05948453753275,73.00330042166937,87.01838601766866,HIGH_PRODUCTION,0,0,131.29951355107715
2024-02-12 19:00:00,RIG_NORMAL,19,12,0,50.94133342141177,72.41354907687753,74.72169982114676,0.7226516294724712,48.53502708879782,69.91956934388935,77.44651731018068,HIGH_PRODUCTION,0,0,131.3690062543433
2024-02-12 20:00:00,RIG_NORMAL,20,12,0,42.500000000000014,60.75606679262524,64.12736200997205,0.7676841040814733,46.253484348963156,69.7079155320761,68.82355027601946,HIGH_PRODUCTION,0,0,131.43849895760945
2024-02-12 21:00:00,RIG_NORMAL,21,12,0,40.0,48.46492511457505,51.69801172304005,0.7607140995068489,43.594381362954465,66.14290344522988,58.44110130130787,HIGH_PRODUCTION,0,0,131.50799166087563
2024-02-12 22:00:00,RIG_NORMAL,22,12,0,40.0,55.53239255005666,57.6157227979948,0.7937125414627401,45.19992488784918,66.13628535325627,62.41989425315552,STANDBY,0,0,131.57748436414175
2024-02-12 23:00:00,RIG_NORMAL,23,12,0,40.0,47.81763327118636,51.140758413050015,0.738434066001604,41.586696156105894,64.74322812496885,54.84530904037248,STANDBY,0,0,131.64697706740793
2024-02-13 00:00:00,RIG_NORMAL,0,13,1,38.26446504352977,52.94944473207543,55.24106119738718,0.7558146332495053,43.66190458104242,64.93774550224296,57.04639936569029,STANDBY,0,0,131.71646977067408
2024-02-13 01:00:00,RIG_NORMAL,1,13,1,38.26446504352977,56.66213046137157,55.73009726187613,0.7266072980888123,45.352929122041104,73.30386232280763,59.292956087463374,STANDBY,0,0,131.78596247394023
2024-02-13 02:00:00,RIG_NORMAL,2,13,1,38.26446504352977,56.21416155522822,59.013617435503924,0.7046193456473063,47.17535646734947,65.7017817537422,61.044441446439045,STANDBY,0,0,131.8554551772064
2024-02-13 03:00:00,RIG_NORMAL,3,13,1,38.26446504352977,58.78435399633311,57.73287207940292,0.7569013047256923,43.262482901536345,71.13100553650474,64.90885154090454,STANDBY,0,0,131.92494788047256
2024-02-13 04:00:00,RIG_NORMAL,4,13,1,40.65599410875038,53.068612290424724,59.214323705164674,0.6924433899996032,39.33187989943421,66.85569934332122,66.87233137984937,STANDBY,0,0,131.9944405837387
2024-02-13 05:00:00,RIG_NORMAL,5,13,1,48.73107179936014,52.96613469974015,60.9776004783818,0.7444332354166447,44.771334004365706,70.05380726137871,60.57463102247341,STANDBY,0,0,132.0639332870049
2024-02-13 06:00:00,RIG_NORMAL,6,13,1,57.39669756529465,74.15564868528904,74.55534107282558,0.8074075451738583,45.75823222014006,71.00289901967909,73.17711645290517,HIGH_PRODUCTION,0,0,132.133425990271
2024-02-13 07:00:00,RIG_NORMAL,7,13,1,66.06232333122918,85.17221956893931,84.41037448696332,0.8439438363906162,51.766418905302515,77.44232749002227,93.9797060036554,HIGH_PRODUCTION,0,0,132.20291869353719
2024-02-13 08:00:00,RIG_NORMAL,8,13,1,74.13740102183893,94.57259864309214,91.78652099124773,0.8787970793183959,54.938296427360555,76.64227045152128,94.70399649134963,HIGH_PRODUCTION,0,0,132.27241139680334
2024-02-13 09:00:00,RIG_NORMAL,9,13,1,81.07162743720572,107.99720513471948,95.0,0.9657700981616524,57.53157851108024,77.60828323165681,103.45345439105768,HIGH_PRODUCTION,0,0,132.34190410006948
2024-02-13 10:00:00,RIG_NORMAL,10,13,1,86.39244650647325,101.17307338624326,95.0,0.8881015706743105,51.31569154614483,81.95299412537247,99.68850908646603,HIGH_PRODUCTION,0,0,132.41139680333566
2024-02-13 11:00:00,RIG_NORMAL,11,13,1,89.73725320314024,109.71628203613247,95.0,0.946135142393161,58.10626591118597,79.35077982113313,103.02839224137006,HIGH_PRODUCTION,0,0,132.4808895066018
2024-02-13 12:00:00,RIG_NORMAL,12,13,1,90.87810447838321,111.18514335916393,95.0,0.9275917719755022,58.00877586711105,81.27564623125478,98.87465821527051,HIGH_PRODUCTION,0,0,132.55038220986796
2024-02-13 13:00:00,RIG_NORMAL,13,13,1,89.73725320314024,112.87897190169784,95.0,0.9680320578535343,58.93613637735428,80.91179813575638,98.27758235710785,HIGH_PRODUCTION,0,0,132.61987491313414
2024-02-13 14:00:00,RIG_NORMAL,14,13,1,86.39244650647326,103.84785211818055,95.0,0.9035578389192553,50.94913418176712,78.54186381119017,105.70137154802327,HIGH_PRODUCTION,0,0,132.68936761640026
2024-02-13 15:00:00,RIG_NORMAL,15,13,1,81.07162743720572,106.49016768335045,95.0,0.8995492375735499,57.71323908854109,80.14707121948439,100.28226396415093,HIGH_PRODUCTION,0,0,132.75886031966644
2024-02-13 16:00:00,RIG_NORMAL,16,13,1,74.13740102183893,94.44230212050599,89.49320667070042,0.9106347021838133,53.08776185387655,74.80140601562427,95.04202655404653,HIGH_PRODUCTION,0,0,132.82835302293262
2024-02-13 17:00:00,RIG_NORMAL,17,13,1,66.06232333122918,86.82180612318001,87.00969831954616,0.8416508334146982,57.80729866401778,75.47465895877095,94.88258289702735,HIGH_PRODUCTION,0,0,132.89784572619874
2024-02-13 18:00:00,RIG_NORMAL,18,13,1,57.39669756529466,76.4776139952028,76.87654271902153,0.8371250386292413,47.801698446404565,73.66990226333763,80.53697828621009,HIGH_PRODUCTION,0,0,132.96733842946492
2024-02-13 19:00:00,RIG_NORMAL,19,13,1,48.73107179936014,64.50909247749368,66.01693574656967,0.8278140979201949,48.30112365452641,65.50076100218843,67.98887720931044,HIGH_PRODUCTION,0,0,133.03683113273107
2024-02-13 20:00:00,RIG_NORMAL,20,13,1,40.65599410875039,59.41912116383091,62.95032516418094,0.8130526570351874,46.23412650721609,70.54073830755728,70.63956106148542,HIGH_PRODUCTION,0,0,133.10632383599722
2024-02-13 21:00:00,RIG_NORMAL,21,13,1,38.26446504352977,56.384349459541035,59.331438950088575,0.7523499466396218,44.45206812571174,64.58761098204508,63.61293972564138,HIGH_PRODUCTION,0,0,133.1758165392634
2024-02-13 22:00:00,RIG_NORMAL,22,13,1,38.26446504352977,64.04571047025311,64.40504222809453,0.8095283379223907,48.109096409885815,62.12305921488285,70.68008389634974,STANDBY,0,0,133.24530924252954
2024-02-13 23:00:00,RIG_NORMAL,23,13,1,38.26446504352977,60.81810340790095,57.92297441713753,0.9130531222370202,42.505764125342516,65.15201625430507,67.84973140735124,STANDBY,0,0,133.3148019457957
2024-02-14 00:00:00,RIG_NORMAL,0,14,2,36.872674070127886,54.11668454504812,55.88749440185492,0.7474081088349176,40.77131888043547,70.79571861747468,58.90087156726795,STANDBY,0,0,133.38429464906187
2024-02-14 01:00:00,RIG_NORMAL,1,14,2,36.872674070127886,52.92835860662286,56.355138336177866,0.7649842558093349,48.290520777348085,65.45483049529064,64.62890101589717,STANDBY,0,0,133.453787352328
2024-02-14 02:00:00,RIG_NORMAL,2,14,2,36.872674070127886,47.71904817965184,55.83488415106179,0.7488872830621249,42.589516613079795,72.38392868898896,60.909133531792705,STANDBY,0,0,133.52328005559417
2024-02-14 03:00:00,RIG_NORMAL,3,14,2,36.872674070127886,59.613107693760455,61.818587699357295,0.7463536149044792,41.895396945375225,67.28139761607001,69.2389622120692,STANDBY,0,0,133.59277275886032
2024-02-14 04:00:00,RIG_NORMAL,4,14,2,39.17721619951087,62.8165413775682,63.66797762459758,0.7757946548538082,46.13269564272917,69.07981271761705,62.12335025881391,STANDBY,0,0,133.66226546212647
2024-02-14 05:00:00,RIG_NORMAL,5,14,2,46.958579598635716,63.89515165504652,64.52304174036402,0.7454841004495185,45.21469401368735,67.06917300394905,70.3311614437918,STANDBY,0,0,133.73175816539265
2024-02-14 06:00:00,RIG_NORMAL,6,14,2,55.30901110519182,57.44696838158896,63.02969716986399,0.7876176160225733,43.57254047708998,68.7588891246238,70.20072624077828,HIGH_PRODUCTION,0,0,133.8012508686588
2024-02-14 07:00:00,RIG_NORMAL,7,14,2,63.65944261174793,83.60611398603432,80.47302650192754,0.8587647507167617,50.42829013042446,67.97860040649238,85.79684797862248,HIGH_PRODUCTION,0,0,133.87074357192495
2024-02-14 08:00:00,RIG_NORMAL,8,14,2,71.44080601087278,86.56846813715532,86.53555339032553,0.8338795390998992,51.45595072998021,73.49173232126154,91.02242716463161,HIGH_PRODUCTION,0,0,133.94023627519113
2024-02-14 09:00:00,RIG_NORMAL,9,14,2,78.12281424622702,97.0200294570267,92.30677639668585,0.8938146624307004,50.66251330805302,77.02356093813114,94.47332879824368,HIGH_PRODUCTION,0,0,134.00972897845725
2024-02-14 10:00:00,RIG_NORMAL,10,14,2,83.250099499112,100.13248638933074,95.0,0.8746903816288119,53.46327389227681,84.91413242114507,95.25187576481017,HIGH_PRODUCTION,0,0,134.07922168172342
2024-02-14 11:00:00,RIG_NORMAL,11,14,2,86.47324575278313,107.60602879368034,95.0,0.9094408312279729,56.60995251755305,83.16832833130779,102.96377365895592,HIGH_PRODUCTION,0,0,134.14871438498957
2024-02-14 12:00:00,RIG_NORMAL,12,14,2,87.57260091655372,110.2992365781889,95.0,0.9461724003326923,59.91155302680368,84.99377667898437,98.29142487728132,HIGH_PRODUCTION,0,0,134.21820708825572
2024-02-14 13:00:00,RIG_NORMAL,13,14,2,86.47324575278313,104.76206863685344,95.0,0.8679038211371307,53.9127590749294,77.64120513980009,101.14564808748581,HIGH_PRODUCTION,0,0,134.2876997915219
2024-02-14 14:00:00,RIG_NORMAL,14,14,2,83.25009949911201,97.90455960663732,95.0,0.9388148109202468,51.05820734312358,78.3435957428472,97.98300912642412,HIGH_PRODUCTION,0,0,134.35719249478805
2024-02-14 15:00:00,RIG_NORMAL,15,14,2,78.12281424622702,98.22651724169258,94.0815881114944,0.8400923650396269,53.35466095810587,82.03508843130693,104.45643799345073,HIGH_PRODUCTION,0,0,134.4266851980542
2024-02-14 16:00:00,RIG_NORMAL,16,14,2,71.44080601087278,93.69989752812731,89.24543700363978,0.8495026238858749,52.751042149229036,79.30069421115338,93.52331581657417,HIGH_PRODUCTION,0,0,134.49617790132038
2024-02-14 17:00:00,RIG_NORMAL,17,14,2,63.65944261174793,90.06903146160668,86.58249834134065,0.8262440175545718,50.61906449237416,77.90278508518401,85.2317985864807,HIGH_PRODUCTION,0,0,134.56567060458653
2024-02-14 18:00:00,RIG_NORMAL,18,14,2,55.30901110519183,83.1107746357091,78.78651539804206,0.8243846210028261,49.8818987547541,74.9527077150161,84.31182129653115,HIGH_PRODUCTION,0,0,134.63516330785268
2024-02-14 19:00:00,RIG_NORMAL,19,14,2,46.958579598635716,63.541480855519865,66.60699684809418,0.892808837777743,48.687108306534604,66.59327182764899,69.49152256841315,HIGH_PRODUCTION,0,0,134.70465601111886
2024-02-14 20:00:00,RIG_NORMAL,20,14,2,39.17721619951089,52.597692969136595,55.59009818355974,0.8112700546030842,46.513150359178034,66.11573689385304,60.57855037128229,HIGH_PRODUCTION,0,0,134.77414871438498
2024-02-14 21:00:00,RIG_NORMAL,21,14,2,36.872674070127886,59.61462396303262,61.745955159701616,0.8703927876604665,44.763474910540964,67.34319027694572,65.3006690557458,HIGH_PRODUCTION,0,0,134.84364141765116
2024-02-14 22:00:00,RIG_NORMAL,22,14,2,36.872674070127886,52.72453239539312,55.65235615993069,0.7891471093904014,42.71508584260726,65.36834425109862,57.584569316373454,STANDBY,0,0,134.9131341209173
2024-02-14 23:00:00,RIG_NORMAL,23,14,2,36.872674070127886,55.86484344902589,56.22049374620224,0.6653511731788553,45.93096309170376,65.8483115341849,59.53557515153227,STANDBY,0,0,134.98262682418346
2024-02-15 00:00:00,RIG_NORMAL,0,15,3,36.10028835127271,57.1723929730386,56.26229155063292,0.7790122711623755,44.17267290117043,62.012206624975036,63.84365703748711,STANDBY,0,0,135.05211952744963
2024-02-15 01:00:00,RIG_NORMAL,1,15,3,36.10028835127271,53.52102041831501,50.97715614694128,0.7259323198635087,47.05142744435189,65.79835121268871,54.17342956879344,STANDBY,0,0,135.12161223071578
2024-02-15 02:00:00,RIG_NORMAL,2,15,3,36.10028835127271,60.23126266368624,63.26610182808145,0.7594506403669381,45.94599623995955,67.89902856251123,69.6970614056037,STANDBY,0,0,135.19110493398193
2024-02-15 03:00:00,RIG_NORMAL,3,15,3,36.10028835127271,53.832485701301124,58.20296712127932,0.7513026980179363,42.18037098945384,64.82628629519715,65.87728394229609,STANDBY,0,0,135.2605976372481
2024-02-15 04:00:00,RIG_NORMAL,4,15,3,38.35655637322725,56.05026486637255,63.50084381044384,0.8720892730171861,46.068540514813165,64.2873892122416,66.10259652798327,STANDBY,0,0,135.33009034051423
2024-02-15 05:00:00,RIG_NORMAL,5,15,3,45.97492063778226,58.6381953930032,65.6111119052693,0.7596994436748752,45.25590483565227,71.08449251446737,64.40945288901966,STANDBY,0,0,135.3995830437804
2024-02-15 06:00:00,RIG_NORMAL,6,15,3,54.15043252690906,64.7471474409172,71.54115624944768,0.7292753838248409,47.989772536679716,64.41419744166058,76.26069164590845,HIGH_PRODUCTION,0,0,135.46907574704656
2024-02-15 07:00:00,RIG_NORMAL,7,15,3,62.32594441603586,85.36286462954315,81.17179578620642,0.9047629543754663,53.4920517170325,77.80293464392486,87.40513912408342,HIGH_PRODUCTION,0,0,135.5385684503127
2024-02-15 08:00:00,RIG_NORMAL,8,15,3,69.94430868059086,88.44133805558266,88.13395526187865,0.9155676333872083,50.05678813945371,78.0054696086028,95.13663140963268,HIGH_PRODUCTION,0,0,135.6080611535789
2024-02-15 09:00:00,RIG_NORMAL,9,15,3,76.48634638588689,97.00399017199163,95.0,0.8719043893744691,55.01158532502343,79.15079590679308,101.38351844903418,HIGH_PRODUCTION,0,0,135.67755385684504
2024-02-15 10:00:00,RIG_NORMAL,10,15,3,81.50622847353647,104.5433170336784,95.0,0.9322604819304672,57.769764150168214,82.0351414492139,104.88843371795676,HIGH_PRODUCTION,0,0,135.7470465601112
2024-02-15 11:00:00,RIG_NORMAL,11,15,3,84.66185827501369,96.93070377397757,95.0,0.8762777171909517,57.07635080475666,76.3547461061135,104.68982077659544,HIGH_PRODUCTION,0,0,135.81653926337736
2024-02-15 12:00:00,RIG_NORMAL,12,15,3,85.73818483427267,101.96026542007165,95.0,0.8950228331976819,58.67059000717869,80.7737888152607,102.07531777443994,HIGH_PRODUCTION,0,0,135.8860319666435
2024-02-15 13:00:00,RIG_NORMAL,13,15,3,84.66185827501369,107.66262757941324,95.0,0.9067835272741044,57.71969431014112,82.56387032920622,100.0291337690237,HIGH_PRODUCTION,0,0,135.95552466990966
2024-02-15 14:00:00,RIG_NORMAL,14,15,3,81.50622847353648,103.26456078309891,95.0,0.9594670735391604,56.54812746688294,82.5969545321405,101.30822086882247,HIGH_PRODUCTION,0,0,136.02501737317584
2024-02-15 15:00:00,RIG_NORMAL,15,15,3,76.48634638588689,94.66821735730689,91.86921035366883,0.8334538854912698,52.534293180079096,82.14126619703451,100.37780970196935,HIGH_PRODUCTION,0,0,136.09451007644196
2024-02-15 16:00:00,RIG_NORMAL,16,15,3,69.94430868059086,87.0667876966742,88.62893496153846,0.7954125612166044,51.43248743714084,76.23439249062402,95.68547558485402,HIGH_PRODUCTION,0,0,136.16400277970814
2024-02-15 17:00:00,RIG_NORMAL,17,15,3,62.32594441603586,79.2095861976879,82.08053059829612,0.8901500339216236,50.194780691990324,74.8159300608512,89.82202984950719,HIGH_PRODUCTION,0,0,136.2334954829743
2024-02-15 18:00:00,RIG_NORMAL,18,15,3,54.150432526909064,76.15828677508875,73.84338911084325,0.8040074927247391,50.31840774204095,77.20575178258044,78.44533931494652,HIGH_PRODUCTION,0,0,136.30298818624044
2024-02-15 19:00:00,RIG_NORMAL,19,15,3,45.97492063778226,78.64865143441065,73.83748989132415,0.8288346035963399,50.31365116487046,71.8588605978899,79.69461125674606,HIGH_PRODUCTION,0,0,136.37248088950662
2024-02-15 20:00:00,RIG_NORMAL,20,15,3,38.356556373227264,52.74093687831295,55.819193553687874,0.6623819643054762,43.94307579407513,66.88489495753342,54.148732988811936,HIGH_PRODUCTION,0,0,136.44197359277277
2024-02-15 21:00:00,RIG_NORMAL,21,15,3,36.10028835127271,65.12651942370023,59.98147922334683,0.8543957786511575,44.966998739420944,68.98764812207573,58.319505097562164,HIGH_PRODUCTION,0,0,136.51146629603892
2024-02-15 22:00:00,RIG_NORMAL,22,15,3,36.10028835127271,48.40355724299361,54.67368653771639,0.6323828980350827,39.72829232325366,59.548411941942774,59.03702136495471,STANDBY,0,0,136.5809589993051
2024-02-15 23:00:00,RIG_NORMAL,23,15,3,36.10028835127271,47.30356550624528,57.101789970872865,0.7340059397812966,43.1034025810367,61.9532637437025,60.37871036819503,STANDBY,0,0,136.65045170257122
2024-02-16 00:00:00,RIG_NORMAL,0,16,4,36.10028835127271,49.36639736445429,53.292060779448775,0.7515952785504775,43.15167364600265,66.04093135286476,59.644583698417875,STANDBY,0,0,136.7199444058374
2024-02-16 01:00:00,RIG_NORMAL,1,16,4,36.10028835127271,64.7772200281307,60.54393601291266,0.7668163585621971,45.98534508388116,70.13230372223744,64.5550323664385,STANDBY,0,0,136.78943710910355
2024-02-16 02:00:00,RIG_NORMAL,2,16,4,36.10028835127271,45.95406398865027,49.33888563582451,0.7133699596236001,40.32704719910744,62.66531473747893,58.45014211330712,STANDBY,0,0,136.8589298123697
2024-02-16 03:00:00,RIG_NORMAL,3,16,4,36.10028835127271,50.89422941466083,52.863858291832074,0.7506563173983246,42.19649375829808,63.236076316835614,54.79678039521197,STANDBY,0,0,136.92842251563587
2024-02-16 04:00:00,RIG_NORMAL,4,16,4,38.35655637322725,55.29529125025388,61.799338494466724,0.7584445446305552,44.32474677979496,66.30330555738178,71.1343029606882,STANDBY,0,0,136.99791521890202
2024-02-16 05:00:00,RIG_NORMAL,5,16,4,45.97492063778226,66.55181023833046,65.64364521704366,0.8041031953971045,47.05037290280089,68.16897542980273,74.09716004981382,STANDBY,0,0,137.06740792216817
2024-02-16 06:00:00,RIG_NORMAL,6,16,4,54.15043252690906,74.7422289560457,76.10277880548199,0.8560774193119705,47.975274976393194,73.26880467089578,82.20796382673653,HIGH_PRODUCTION,0,0,137.13690062543435
2024-02-16 07:00:00,RIG_NORMAL,7,16,4,62.32594441603586,81.54056523606764,80.98542341966834,0.8612287212839063,47.56614478157148,72.69164980563255,86.25312646338395,HIGH_PRODUCTION,0,0,137.20639332870047
2024-02-16 08:00:00,RIG_NORMAL,8,16,4,69.94430868059086,87.00900802231402,87.31175906495545,0.8745971547266452,53.094612692516485,73.21473139344637,90.45035580159472,HIGH_PRODUCTION,0,0,137.27588603196665
2024-02-16 09:00:00,RIG_NORMAL,9,16,4,76.48634638588689,88.80809827632558,90.53374362859104,0.7967674441387412,51.649539218524104,80.47003997069216,97.3719052783631,HIGH_PRODUCTION,0,0,137.3453787352328
2024-02-16 10:00:00,RIG_NORMAL,10,16,4,81.50622847353647,97.67546869427647,95.0,0.8316210706871164,56.42600388980121,75.6516981830534,99.234037439421,HIGH_PRODUCTION,0,0,137.41487143849895
2024-02-16 11:00:00,RIG_NORMAL,11,16,4,84.66185827501369,111.95221590158701,95.0,0.9743368982070031,55.74880417656774,87.08842406841778,100.19580669830867,HIGH_PRODUCTION,0,0,137.48436414176513
2024-02-16 12:00:00,RIG_NORMAL,12,16,4,85.73818483427267,109.42713120670876,95.0,0.8849340988990716,54.766955518804366,80.68480032129321,102.56082709426794,HIGH_PRODUCTION,0,0,137.55385684503128
2024-02-16 13:00:00,RIG_NORMAL,13,16,4,84.66185827501369,107.65940796024614,95.0,0.8844802785639929,59.14777939818495,79.3694670617859,95.57792179123257,HIGH_PRODUCTION,0,0,137.62334954829743
2024-02-16 14:00:00,RIG_NORMAL,14,16,4,81.50622847353648,90.75578252189106,90.65301939310021,0.9398701688283703,49.55714298000698,76.31735779823283,95.59379878763208,HIGH_PRODUCTION,0,0,137.6928422515636
2024-02-16 15:00:00,RIG_NORMAL,15,16,4,76.48634638588689,95.86091288311422,92.81579987705474,0.9452851124837474,51.50202100406519,72.70723332339108,97.62724787236274,HIGH_PRODUCTION,0,0,137.76233495482975
2024-02-16 16:00:00,RIG_NORMAL,16,16,4,69.94430868059086,85.26377916163372,85.79362616679981,0.9470928950222841,48.89204814837653,72.41727619751134,93.0892625534326,HIGH_PRODUCTION,0,0,137.8318276580959
2024-02-16 17:00:00,RIG_NORMAL,17,16,4,62.32594441603586,85.571794141,86.08221113472078,0.912885201345214,48.564891218315275,73.61499504262645,93.58248921388756,HIGH_PRODUCTION,0,0,137.90132036136208
2024-02-16 18:00:00,RIG_NORMAL,18,16,4,54.150432526909064,69.83377789180433,75.89561700035541,0.8605545469451199,49.572955266502824,70.12092164160295,81.56038101815307,HIGH_PRODUCTION,0,0,137.9708130646282
2024-02-16 19:00:00,RIG_NORMAL,19,16,4,45.97492063778226,60.753091282156966,63.498567888416254,0.8185747030604618,43.154574301838,66.01997911936135,69.24696477468027,HIGH_PRODUCTION,0,0,138.04030576789438
2024-02-16 20:00:00,RIG_NORMAL,20,16,4,38.356556373227264,53.42209668542457,52.99260451582805,0.7997178753281472,41.33301727946006,69.166329379174,57.94653336076763,HIGH_PRODUCTION,0,0,138.10979847116053
2024-02-16 21:00:00,RIG_NORMAL,21,16,4,36.10028835127271,48.75265547457064,53.2187761347606,0.8217487522759861,42.00943083845942,71.93741952704035,61.97578900716658,HIGH_PRODUCTION,0,0,138.17929117442668
2024-02-16 22:00:00,RIG_NORMAL,22,16,4,36.10028835127271,59.241563394224876,59.145421659791516,0.7115280708488834,44.85742918403903,68.59738444166864,65.27866806789667,STANDBY,0,0,138.24878387769286
2024-02-16 23:00:00,RIG_NORMAL,23,16,4,36.10028835127271,54.46823734699179,58.511963141198514,0.6825652584540709,45.82263227090989,65.19777541959884,64.96250616221378,STANDBY,0,0,138.318276580959
2024-02-17 00:00:00,RIG_NORMAL,0,17,5,36.872674070127886,55.343788163848195,56.27872412517446,0.8195365505118226,43.32134044748013,62.21993964621666,59.24675865503531,STANDBY,0,0,138.38776928422516
2024-02-17 01:00:00,RIG_NORMAL,1,17,5,36.872674070127886,51.380995607804344,51.40337438636861,0.781516063452739,41.9854816651481,69.71172441252881,57.17042406882423,STANDBY,0,0,138.45726198749134
2024-02-17 02:00:00,RIG_NORMAL,2,17,5,36.872674070127886,59.3126201552848,61.29546211782513,0.8756671070005531,43.064992406333126,67.89738604651448,70.67456771518829,STANDBY,0,0,138.52675469075746
2024-02-17 03:00:00,RIG_NORMAL,3,17,5,36.872674070127886,50.324648580154054,53.36997104931404,0.8015036768575938,38.86430426556781,68.81501047340173,57.78116938969715,STANDBY,0,0,138.59624739402364
2024-02-17 04:00:00,RIG_NORMAL,4,17,5,39.17721619951087,57.306775865475274,60.39436842598539,0.8711526249827148,45.05958113486905,60.48425562596204,65.54432917012295,STANDBY,0,0,138.66574009728978
2024-02-17 05:00:00,RIG_NORMAL,5,17,5,46.958579598635716,74.265018655831,73.36161831569964,0.872712265956866,48.95405202590494,70.8560000756445,77.34552352132057,STANDBY,0,0,138.73523280055593
2024-02-17 06:00:00,RIG_NORMAL,6,17,5,55.30901110519182,80.01466022524917,78.54916353968605,0.9302645767721263,46.92203724069919,75.353459571658,89.16412914274365,HIGH_PRODUCTION,0,0,138.8047255038221
2024-02-17 07:00:00,RIG_NORMAL,7,17,5,63.65944261174793,95.04294609362809,92.42728108502749,0.9431993954831168,52.8191445952173,80.55830901527288,93.1448104956439,HIGH_PRODUCTION,0,0,138.87421820708826
2024-02-17 08:00:00,RIG_NORMAL,8,17,5,71.44080601087278,92.20903633953407,89.44743584406757,0.9299374998250121,49.225503741156,74.90878634027447,97.98132386828385,HIGH_PRODUCTION,0,0,138.9437109103544
2024-02-17 09:00:00,RIG_NORMAL,9,17,5,78.12281424622702,96.88530121811998,94.67114112002842,0.9504065075880861,52.207564086997465,76.93438281914206,98.06932178003231,HIGH_PRODUCTION,0,0,139.0132036136206
2024-02-17 10:00:00,RIG_NORMAL,10,17,5,83.250099499112,106.84938211845305,95.0,0.9852576297817175,55.23031511158394,79.23189503210266,92.63596887948086,HIGH_PRODUCTION,0,0,139.0826963168867
2024-02-17 11:00:00,RIG_NORMAL,11,17,5,86.47324575278313,101.48920130457046,95.0,0.9119923996775434,56.4923028296976,76.92305338354856,101.71402894443673,HIGH_PRODUCTION,0,0,139.1521890201529
2024-02-17 12:00:00,RIG_NORMAL,12,17,5,87.57260091655372,116.9355589405752,95.0,0.9629266610200209,62.05597157930896,85.19063100471594,107.25837910655699,HIGH_PRODUCTION,0,0,139.22168172341904
2024-02-17 13:00:00,RIG_NORMAL,13,17,5,86.47324575278313,113.822292042668,95.0,0.9902680565829831,57.78026688463715,78.0270434026026,102.10197569536197,HIGH_PRODUCTION,0,0,139.2911744266852
2024-02-17 14:00:00,RIG_NORMAL,14,17,5,83.25009949911201,101.66618592434362,95.0,0.9681787616552398,54.80034785167303,76.1175703440725,95.951676740332,HIGH_PRODUCTION,0,0,139.36066712995137
2024-02-17 15:00:00,RIG_NORMAL,15,17,5,78.12281424622702,91.1617809003513,90.62192221957123,0.8344040366916072,53.56707604827897,79.24655651929534,96.57692370263898,HIGH_PRODUCTION,0,0,139.43015983321752
2024-02-17 16:00:00,RIG_NORMAL,16,17,5,71.44080601087278,100.62404698908084,90.5551543009967,0.9330521358246538,55.86908174752671,85.74777107161779,94.88214570039528,HIGH_PRODUCTION,0,0,139.49965253648367
2024-02-17 17:00:00,RIG_NORMAL,17,17,5,63.65944261174793,82.57109942423244,80.90742835141575,0.8936812585560319,46.19938160519169,72.84100709692211,88.44024573716963,HIGH_PRODUCTION,0,0,139.56914523974984
2024-02-17 18:00:00,RIG_NORMAL,18,17,5,55.30901110519183,67.40674408684684,70.81073612287145,0.813801995718278,47.38400440686884,76.78366027245674,73.75524797072015,HIGH_PRODUCTION,0,0,139.638637943016
2024-02-17 19:00:00,RIG_NORMAL,19,17,5,46.958579598635716,69.14908445480339,70.33789233724201,0.876175584772444,47.160859963305256,66.13639575437932,73.8751225768971,HIGH_PRODUCTION,0,0,139.70813064628214
2024-02-17 20:00:00,RIG_NORMAL,20,17,5,39.17721619951089,63.72409027315767,66.33129946702857,0.756450613352105,45.530475545664046,72.4203183192915,65.22574852041019,HIGH_PRODUCTION,0,0,139.77762334954832
2024-02-17 21:00:00,RIG_NORMAL,21,17,5,36.872674070127886,66.52587936438829,66.8654182761451,0.8898346331912352,46.491111300733444,69.03494596355202,65.10396761848155,HIGH_PRODUCTION,0,0,139.84711605281444
2024-02-17 22:00:00,RIG_NORMAL,22,17,5,36.872674070127886,61.39754849289233,57.77186339842165,0.900821068914809,44.439146078587754,74.30010216686809,67.82436942192436,STANDBY,0,0,139.91660875608062
2024-02-17 23:00:00,RIG_NORMAL,23,17,5,36.872674070127886,62.54421562345592,61.78744142957624,0.8027850131357256,42.72397105313673,64.47744163070878,63.564257272745884,STANDBY,0,0,139.98610145934677
2024-02-18 00:00:00,RIG_NORMAL,0,18,6,38.26446504352977,57.8001060991347,55.640319105728025,0.782449677868253,45.791511654018485,67.40642697628151,60.16680057220502,STANDBY,0,0,140.05559416261292
2024-02-18 01:00:00,RIG_NORMAL,1,18,6,38.26446504352977,46.079792356210035,54.11243600685595,0.7183540136756976,45.76463413961508,60.64656779144559,59.501957784862896,STANDBY,0,0,140.1250868658791
2024-02-18 02:00:00,RIG_NORMAL,2,18,6,38.26446504352977,54.35110030377042,53.99558874853996,0.8012280826790901,40.38012706513414,62.87215135864217,57.828943680367594,STANDBY,0,0,140.19457956914525
2024-02-18 03:00:00,RIG_NORMAL,3,18,6,38.26446504352977,64.15784687782529,67.23543498045092,0.7705081155490796,42.02660928096516,66.75503509486985,70.536053659219,STANDBY,0,0,140.2640722724114
2024-02-18 04:00:00,RIG_NORMAL,4,18,6,40.65599410875038,59.463525069449,60.57098884954996,0.7043178030382562,44.5220149737659,67.19760955914043,65.97633552843547,STANDBY,0,0,140.33356497567758
2024-02-18 05:00:00,RIG_NORMAL,5,18,6,48.73107179936013,70.96720307991468,72.97126264273453,0.7976214951014413,47.23684861906452,73.55811460151176,79.52874957230117,STANDBY,0,0,140.4030576789437
2024-02-18 06:00:00,RIG_NORMAL,6,18,6,57.396697565294645,74.31080152032555,73.75440051523665,0.9051081258777915,49.77543357833121,73.46495209843116,81.0685338488723,HIGH_PRODUCTION,0,0,140.47255038220987
2024-02-18 07:00:00,RIG_NORMAL,7,18,6,66.06232333122917,74.7896562446851,78.0091370362342,0.8367270079122572,48.53785782638247,73.61972710928043,88.2451865330523,HIGH_PRODUCTION,0,0,140.54204308547602
2024-02-18 08:00:00,RIG_NORMAL,8,18,6,74.13740102183893,84.81819093273221,84.83869197358919,0.8832498639380371,51.487034010517654,77.67491909626646,89.41989468862957,HIGH_PRODUCTION,0,0,140.61153578874217
2024-02-18 09:00:00,RIG_NORMAL,9,18,6,81.0716274372057,108.65349374769937,95.0,0.9173524735733597,59.38052655399732,85.86259774438929,99.97027283370484,HIGH_PRODUCTION,0,0,140.68102849200835
2024-02-18 10:00:00,RIG_NORMAL,10,18,6,86.39244650647323,104.55489639087186,95.0,1.005516667328603,57.73775818043787,80.03085048491477,100.03889177035845,HIGH_PRODUCTION,0,0,140.7505211952745
2024-02-18 11:00:00,RIG_NORMAL,11,18,6,89.73725320314023,103.44834744134404,95.0,0.902511936129618,57.20730493532496,74.42892085913003,107.02844069383089,HIGH_PRODUCTION,0,0,140.82001389854065
2024-02-18 12:00:00,RIG_NORMAL,12,18,6,90.8781044783832,107.33383430056834,95.0,0.9212854134874535,55.61175825151417,85.94144462313112,100.82745513646695,HIGH_PRODUCTION,0,0,140.88950660180683
2024-02-18 13:00:00,RIG_NORMAL,13,18,6,89.73725320314023,110.26003707138642,95.0,1.0083250850743604,59.4136707669681,85.42212696699784,97.77512372149988,HIGH_PRODUCTION,0,0,140.95899930507298
2024-02-18 14:00:00,RIG_NORMAL,14,18,6,86.39244650647325,106.34312763185025,95.0,0.8267028973995172,57.620721509368934,81.86237566365293,99.55521824427478,HIGH_PRODUCTION,0,0,141.02849200833913
2024-02-18 15:00:00,RIG_NORMAL,15,18,6,81.0716274372057,105.38637967065357,95.0,0.8883396853785611,56.037890280810814,77.82768738038708,100.31754641505432,HIGH_PRODUCTION,0,0,141.0979847116053
2024-02-18 16:00:00,RIG_NORMAL,16,18,6,74.13740102183893,103.65920451795057,95.0,0.9964479310316237,54.27653062766353,81.38323440302585,104.46629283732709,HIGH_PRODUCTION,0,0,141.16747741487143
2024-02-18 17:00:00,RIG_NORMAL,17,18,6,66.06232333122917,88.8020217230702,83.10323720787868,0.8808822876815832,53.437386175261814,73.22146278979423,85.35522620821018,HIGH_PRODUCTION,0,0,141.2369701181376
2024-02-18 18:00:00,RIG_NORMAL,18,18,6,57.39669756529465,70.9674541805929,73.78478418751516,0.796125522590461,48.19080203317207,67.70802716173559,79.81567574738379,HIGH_PRODUCTION,0,0,141.30646282140376
2024-02-18 19:00:00,RIG_NORMAL,19,18,6,48.73107179936013,62.941464390549406,64.92159135199731,0.8130520348251296,48.36709457677155,69.70274850485792,77.18214056650498,HIGH_PRODUCTION,0,0,141.3759555246699
2024-02-18 20:00:00,RIG_NORMAL,20,18,6,40.65599410875039,63.3824481307669,63.7958863347058,0.8218973030370553,47.82820831949512,66.58557352406862,65.16154688719067,HIGH_PRODUCTION,0,0,141.44544822793608
2024-02-18 21:00:00,RIG_NORMAL,21,18,6,38.26446504352977,55.75835301957262,58.30937778223773,0.8537241235947144,45.62065669008234,66.73673994595583,62.97514389334577,HIGH_PRODUCTION,0,0,141.51494093120223
2024-02-18 22:00:00,RIG_NORMAL,22,18,6,38.26446504352977,55.892530116843304,62.53703282480797,0.7753487178523403,43.08990006979787,66.96252899704552,64.6751524743355,STANDBY,0,0,141.58443363446838
2024-02-18 23:00:00,RIG_NORMAL,23,18,6,38.26446504352977,58.4560418857447,57.190413794144426,0.767662581175067,44.32120382888802,68.78577403255439,56.417674830881246,STANDBY,0,0,141.65392633773456
2024-02-19 00:00:00,RIG_NORMAL,0,19,0,40.0,56.60251810056444,54.86241410561267,0.8742777186420838,41.747488533524816,67.32001431142065,63.92052161294967,STANDBY,0,0,141.72341904100068
2024-02-19 01:00:00,RIG_NORMAL,1,19,0,40.0,58.484893579758364,57.0653567327004,0.8542255310031843,43.79452762634301,69.7023885647221,56.363382749124504,STANDBY,0,0,141.79291174426686
2024-02-19 02:00:00,RIG_NORMAL,2,19,0,40.0,61.4665107001119,58.665795535213256,0.8187403591676647,49.50568083840812,68.05663901190813,66.94049963624178,STANDBY,0,0,141.862404447533
2024-02-19 03:00:00,RIG_NORMAL,3,19,0,40.0,54.82426624724911,60.57318887769303,0.8034951789676087,46.77887855830102,68.66379827142117,59.91801337762691,STANDBY,0,0,141.93189715079916
2024-02-19 04:00:00,RIG_NORMAL,4,19,0,42.5,65.58484380316132,66.168998784541,0.8957509713547046,43.13596303231089,69.82163025887343,71.32076007177868,STANDBY,0,0,142.00138985406534
2024-02-19 05:00:00,RIG_NORMAL,5,19,0,50.94133342141177,72.7226903458585,72.19475300065835,0.824541386730981,45.05703694810816,74.079704054576,77.30607909500235,STANDBY,0,0,142.0708825573315
2024-02-19 06:00:00,RIG_NORMAL,6,19,0,60.0,82.87791047259374,83.29615507320558,0.9068348939453467,49.40292994660858,72.988706769806,86.14058461596171,HIGH_PRODUCTION,0,0,142.14037526059764
2024-02-19 07:00:00,RIG_NORMAL,7,19,0,69.05866657858823,96.17777790214134,90.61608139005659,0.93957781005663,51.212592899025694,80.21318081893604,97.71059519998045,HIGH_PRODUCTION,0,0,142.20986796386381
2024-02-19 08:00:00,RIG_NORMAL,8,19,0,77.5,97.73290716855055,91.1451101276094,0.8469380093890335,52.92727147084717,80.53545686900236,97.46913761334359,HIGH_PRODUCTION,0,0,142.27936066712994
2024-02-19 09:00:00,RIG_NORMAL,9,19,0,84.74873734152916,105.30437894988468,95.0,0.8218628619980715,58.16636835496554,84.92569427949584,102.06622772993659,HIGH_PRODUCTION,0,0,142.3488533703961
2024-02-19 10:00:00,RIG_NORMAL,10,19,0,90.31088913245534,107.39870602840931,95.0,0.912614909036358,59.185425761981136,83.03263039492504,97.39238152158744,HIGH_PRODUCTION,0,0,142.41834607366226
2024-02-19 11:00:00,RIG_NORMAL,11,19,0,93.8074039201174,114.02672320549671,95.0,0.9513562488918618,57.46235500607582,84.02750822681091,99.00896746571573,HIGH_PRODUCTION,0,0,142.4878387769284
2024-02-19 12:00:00,RIG_NORMAL,12,19,0,95.0,108.87135665076228,95.0,0.9939798279244849,55.462298951598754,84.94077291390437,105.7007269008722,HIGH_PRODUCTION,0,0,142.5573314801946
2024-02-19 13:00:00,RIG_NORMAL,13,19,0,93.8074039201174,110.27578441814153,95.0,0.9269211744412276,56.891885037598556,81.2629005588859,97.31543458427689,HIGH_PRODUCTION,0,0,142.62682418346074
2024-02-19 14:00:00,RIG_NORMAL,14,19,0,90.31088913245536,108.5717559803128,95.0,0.9373355734050788,59.465957588467596,81.84635930686038,106.25362075497715,HIGH_PRODUCTION,0,0,142.6963168867269
2024-02-19 15:00:00,RIG_NORMAL,15,19,0,84.74873734152916,98.5700085203464,94.05981499218566,0.8439810427083329,58.597479591332466,82.39531556144652,94.43976710262476,HIGH_PRODUCTION,0,0,142.76580958999307
2024-02-19 16:00:00,RIG_NORMAL,16,19,0,77.5,83.99310591057731,84.19527291434633,0.8834006684671547,51.0360128797597,75.08031238504685,87.10617122616684,HIGH_PRODUCTION,0,0,142.83530229325922
2024-02-19 17:00:00,RIG_NORMAL,17,19,0,69.05866657858823,90.72049879103929,86.51542103934831,0.8741322484129241,57.894338895305886,76.27817731306972,99.57049258656814,HIGH_PRODUCTION,0,0,142.90479499652537
2024-02-19 18:00:00,RIG_NORMAL,18,19,0,60.00000000000001,84.75789648518797,79.61784156089801,0.8316738700493119,51.782444542910525,79.01318195013249,79.83638323982953,HIGH_PRODUCTION,0,0,142.97428769979155
2024-02-19 19:00:00,RIG_NORMAL,19,19,0,50.94133342141177,65.58798389393122,65.5919699828905,0.8422033159999571,42.178370539033125,65.1567712739163,72.84460389951091,HIGH_PRODUCTION,0,0,143.04378040305767
2024-02-19 20:00:00,RIG_NORMAL,20,19,0,42.500000000000014,63.20034663462313,67.42706151598095,0.7903349892251608,49.22477504332755,69.09771575882534,72.36119154822869,HIGH_PRODUCTION,0,0,143.11327310632385
2024-02-19 21:00:00,RIG_NORMAL,21,19,0,40.0,50.491828756130964,53.99768819795737,0.7638869074186456,42.96924067050885,69.10789138292606,59.46125630252515,HIGH_PRODUCTION,0,0,143.18276580959
2024-02-19 22:00:00,RIG_NORMAL,22,19,0,40.0,58.30135998362734,55.95782246782054,0.816853531071035,47.19803077751788,70.98871932618464,62.78430603292131,STANDBY,0,0,143.25225851285614
2024-02-19 23:00:00,RIG_NORMAL,23,19,0,40.0,66.01114863693121,59.471685664035896,0.9322803341331016,44.83701611790115,68.50415531637479,66.37019439312559,STANDBY,0,0,143.32175121612232
2024-02-20 00:00:00,RIG_NORMAL,0,20,1,38.26446504352977,54.42653565362611,55.112097004961115,0.8439217700451002,45.15892037310524,67.76534023422893,56.420440526641784,STANDBY,0,0,143.39124391938847
2024-02-20 01:00:00,RIG_NORMAL,1,20,1,38.26446504352977,48.58352870730409,48.822696712981354,0.8528846275885715,41.67905933211896,66.87976246303018,52.212506974900755,STANDBY,0,0,143.46073662265462
2024-02-20 02:00:00,RIG_NORMAL,2,20,1,38.26446504352977,65.04490879379026,60.40277153724853,0.744263801153885,44.47896715546037,67.96353528950604,58.364616283773685,STANDBY,0,0,143.5302293259208
2024-02-20 03:00:00,RIG_NORMAL,3,20,1,38.26446504352977,52.413236927347775,55.147415582484875,0.783232796641915,40.91838277704007,68.04810062953655,60.14065868853947,STANDBY,0,0,143.59972202918692
2024-02-20 04:00:00,RIG_NORMAL,4,20,1,40.65599410875038,57.04776158570385,64.3168073066856,0.7270123149047492,40.96921583637505,69.53844765021431,71.6296529342857,STANDBY,0,0,143.6692147324531
2024-02-20 05:00:00,RIG_NORMAL,5,20,1,48.73107179936014,73.61541935108312,71.20777425200342,0.8190626091879469,46.24425186141067,72.6903394430249,76.05224593831721,STANDBY,0,0,143.73870743571925
2024-02-20 06:00:00,RIG_NORMAL,6,20,1,57.39669756529465,79.50935799911193,81.24785108831344,0.777613457050711,50.07427988219198,71.95892132014166,91.41966809713314,HIGH_PRODUCTION,0,0,143.8082001389854
2024-02-20 07:00:00,RIG_NORMAL,7,20,1,66.06232333122918,81.96027579208229,80.89039762047389,0.7904103994287239,51.55721599411449,69.68331161439465,90.04533063585694,HIGH_PRODUCTION,0,0,143.87769284225158
2024-02-20 08:00:00,RIG_NORMAL,8,20,1,74.13740102183893,96.31956805749647,87.62859661182449,0.9618948239831938,52.4804556389653,78.29316670170222,92.32654036438672,HIGH_PRODUCTION,0,0,143.94718554551773
2024-02-20 09:00:00,RIG_NORMAL,9,20,1,81.07162743720572,94.49887910760776,95.0,0.957741456229146,50.850822743517114,76.24914295914397,104.94547398694615,HIGH_PRODUCTION,0,0,144.01667824878388
2024-02-20 10:00:00,RIG_NORMAL,10,20,1,86.39244650647325,97.88525704844233,94.92532272706005,1.0085524275971829,58.33258143281536,82.76584530929804,97.16572128455729,HIGH_PRODUCTION,0,0,144.08617095205005
2024-02-20 11:00:00,RIG_NORMAL,11,20,1,89.73725320314024,113.70432873166078,95.0,0.9874061326862855,57.377392116100545,83.14226913418405,104.92689560697046,HIGH_PRODUCTION,0,0,144.1556636553162
2024-02-20 12:00:00,RIG_NORMAL,12,20,1,90.87810447838321,111.39813512641032,95.0,1.0215281314911648,61.04129256294988,83.44258444969678,105.56299855704903,HIGH_PRODUCTION,0,0,144.22515635858235
2024-02-20 13:00:00,RIG_NORMAL,13,20,1,89.73725320314024,120.45130138028244,95.0,1.0445909310650232,58.97906370329566,85.23535346591004,97.47941206264777,HIGH_PRODUCTION,0,0,144.29464906184853
2024-02-20 14:00:00,RIG_NORMAL,14,20,1,86.39244650647326,110.74766495049613,95.0,0.9046450416976777,56.72525848626646,85.85503695101727,102.16986665801647,HIGH_PRODUCTION,0,0,144.36414176511465
2024-02-20 15:00:00,RIG_NORMAL,15,20,1,81.07162743720572,92.73443097507683,90.66201481921307,0.9365230984557298,54.45235995050516,73.2959886908353,89.20349204005853,HIGH_PRODUCTION,0,0,144.43363446838083
2024-02-20 16:00:00,RIG_NORMAL,16,20,1,74.13740102183893,103.62073189584137,95.0,0.9536941572627391,55.1996132670482,80.75660740268081,102.45779544385002,HIGH_PRODUCTION,0,0,144.50312717164698
2024-02-20 17:00:00,RIG_NORMAL,17,20,1,66.06232333122918,85.34736061099773,80.28872260027973,0.9095667415279224,54.292168185322545,73.47363198259751,81.69958673616772,HIGH_PRODUCTION,0,0,144.57261987491313
2024-02-20 18:00:00,RIG_NORMAL,18,20,1,57.39669756529466,76.24288216930529,76.57570414229782,0.9387412394364021,50.536589834087486,71.09483582338743,83.13117181475195,HIGH_PRODUCTION,0,0,144.6421125781793
2024-02-20 19:00:00,RIG_NORMAL,19,20,1,48.73107179936014,63.694185012939165,63.03301069801885,0.8293206818968087,42.94030509146378,70.90919702920642,66.22819458455871,HIGH_PRODUCTION,0,0,144.71160528144546
2024-02-20 20:00:00,RIG_NORMAL,20,20,1,40.65599410875039,67.95768943988745,68.33393405895987,0.7486176499752686,46.0806943123552,65.60569411112924,72.12251383578477,HIGH_PRODUCTION,0,0,144.7810979847116
2024-02-20 21:00:00,RIG_NORMAL,21,20,1,38.26446504352977,52.1097176411234,54.62173461356859,0.6755614854786093,41.75596361484648,70.96733394423573,57.226182816724844,HIGH_PRODUCTION,0,0,144.85059068797779
2024-02-20 22:00:00,RIG_NORMAL,22,20,1,38.26446504352977,55.21588988599675,57.47088236697821,0.8033595048246815,44.95806334485118,59.89025464307152,64.1608579612226,STANDBY,0,0,144.9200833912439
2024-02-20 23:00:00,RIG_NORMAL,23,20,1,38.26446504352977,57.489388638476825,58.533415964909956,0.7794616673829042,45.7378024828738,65.17420363477405,58.752288704214024,STANDBY,0,0,144.98957609451008
2024-02-21 00:00:00,RIG_NORMAL,0,21,2,36.872674070127886,59.969060093526096,61.05682919134604,0.7518674268073553,41.54972358872397,65.8781537906863,70.8019138188664,STANDBY,0,0,145.05906879777623
2024-02-21 01:00:00,RIG_NORMAL,1,21,2,36.872674070127886,56.241967436153985,56.78380115455595,0.7654551208199136,46.44295269638684,65.65533243834825,56.6601423470225,STANDBY,0,0,145.12856150104238
2024-02-21 02:00:00,RIG_NORMAL,2,21,2,36.872674070127886,54.99306453107892,53.275243813509505,0.8510480814658037,41.94493395427071,65.35537506097002,56.24779867104333,STANDBY,0,0,145.19805420430856
2024-02-21 03:00:00,RIG_NORMAL,3,21,2,36.872674070127886,65.4267064210806,64.43867851390017,0.8520436140748716,48.973044456879975,66.08843810712784,66.69640363802043,STANDBY,0,0,145.2675469075747
2024-02-21 04:00:00,RIG_NORMAL,4,21,2,39.17721619951087,55.46857648988638,58.73682021196688,0.8089698481559913,44.97614478849317,70.17254475517535,57.22313211196479,STANDBY,0,0,145.33703961084086
2024-02-21 05:00:00,RIG_NORMAL,5,21,2,46.958579598635716,79.95018194826928,76.37251007977775,0.8891714711998264,51.061593981997326,75.25022106339752,78.48021206305486,STANDBY,0,0,145.40653231410704
2024-02-21 06:00:00,RIG_NORMAL,6,21,2,55.30901110519182,71.72178185233098,72.76453762933663,0.8677577532783873,45.91303471885849,72.3473593454081,70.51906341996128,HIGH_PRODUCTION,0,0,145.47602501737316
2024-02-21 07:00:00,RIG_NORMAL,7,21,2,63.65944261174793,90.17679867919021,84.51027292406732,0.9597142849607045,57.25144405932856,73.44592978460321,96.51554280516191,HIGH_PRODUCTION,0,0,145.54551772063934
2024-02-21 08:00:00,RIG_NORMAL,8,21,2,71.44080601087278,95.70936200296335,93.53801819823968,0.9237862452193855,51.252533048419046,80.71308269277414,99.68301571931565,HIGH_PRODUCTION,0,0,145.6150104239055
2024-02-21 09:00:00,RIG_NORMAL,9,21,2,78.12281424622702,106.92444420069377,95.0,0.8806022164997367,56.16988367198948,77.91631244655196,102.21050123562352,HIGH_PRODUCTION,0,0,145.68450312717164
2024-02-21 10:00:00,RIG_NORMAL,10,21,2,83.250099499112,103.49650012557899,95.0,0.9677833182617256,55.64288349867514,79.47345228865152,97.23885758462079,HIGH_PRODUCTION,0,0,145.75399583043782
2024-02-21 11:00:00,RIG_NORMAL,11,21,2,86.47324575278313,112.34455661239024,95.0,0.9993343279963154,54.96255976622781,80.82241550765201,102.2632031897085,HIGH_PRODUCTION,0,0,145.82348853370397
2024-02-21 12:00:00,RIG_NORMAL,12,21,2,87.57260091655372,103.31663863493405,95.0,0.9726341575011851,57.99701833470508,79.39049282050404,99.00621015942141,HIGH_PRODUCTION,0,0,145.89298123697012
2024-02-21 13:00:00,RIG_NORMAL,13,21,2,86.47324575278313,106.82714561395706,95.0,1.008964001954675,59.17661101421274,82.33119503177885,97.25683620191631,HIGH_PRODUCTION,0,0,145.9624739402363
2024-02-21 14:00:00,RIG_NORMAL,14,21,2,83.25009949911201,103.57825254120445,95.0,0.9175282392163229,56.33916576623194,75.63422081185516,99.55821846124837,HIGH_PRODUCTION,0,0,146.03196664350244
2024-02-21 15:00:00,RIG_NORMAL,15,21,2,78.12281424622702,95.60862283927162,95.0,0.9639657311620855,52.79866764445256,77.07519155243072,101.74816293416194,HIGH_PRODUCTION,0,0,146.1014593467686
2024-02-21 16:00:00,RIG_NORMAL,16,21,2,71.44080601087278,86.49269802675089,89.47129053689694,0.9862120313042874,53.64782813090354,73.46135216206055,90.39485162505987,HIGH_PRODUCTION,0,0,146.17095205003477
2024-02-21 17:00:00,RIG_NORMAL,17,21,2,63.65944261174793,84.95956487901621,85.59126511920823,0.8795938492443343,50.9719382073966,74.45073432650135,92.99972607846314,HIGH_PRODUCTION,0,0,146.2404447533009
2024-02-21 18:00:00,RIG_NORMAL,18,21,2,55.30901110519183,83.67389806380194,79.59048905314891,0.9059897792491239,49.67126118256372,72.61841924882626,82.84771079561972,HIGH_PRODUCTION,0,0,146.30993745656707
2024-02-21 19:00:00,RIG_NORMAL,19,21,2,46.958579598635716,73.29617499848993,69.73011049842077,0.8593249500845922,45.595056450519266,73.15368785226327,78.61874228193946,HIGH_PRODUCTION,0,0,146.37943015983322
2024-02-21 20:00:00,RIG_NORMAL,20,21,2,39.17721619951089,56.2799533542992,59.47567268710241,0.7559464590129602,40.113122967265525,65.45560766996874,65.87244742920306,HIGH_PRODUCTION,0,0,146.44892286309937
2024-02-21 21:00:00,RIG_NORMAL,21,21,2,36.872674070127886,56.555235787397194,57.56009520933254,0.8751040903722022,41.83849114602491,62.80022231864622,64.59045491277365,HIGH_PRODUCTION,0,0,146.51841556636555
2024-02-21 22:00:00,RIG_NORMAL,22,21,2,36.872674070127886,54.168881105982436,57.414765786317666,0.8033148498397532,46.89885239238476,66.88774126962133,61.514350219415974,STANDBY,0,0,146.5879082696317
2024-02-21 23:00:00,RIG_NORMAL,23,21,2,36.872674070127886,56.98064914567981,55.880734383750244,0.7929003079420951,42.15419434152634,71.15623189479085,59.51404430790385,STANDBY,0,0,146.65740097289785
2024-02-22 00:00:00,RIG_NORMAL,0,22,3,36.10028835127271,53.31460016476405,52.328836489580205,0.843297612378942,46.055070892902464,62.778176784501596,54.47109394031196,STANDBY,0,0,146.72689367616402
2024-02-22 01:00:00,RIG_NORMAL,1,22,3,36.10028835127271,56.97390811241048,59.30138790020698,0.8768252347350127,41.240163343245364,71.83063864971824,61.05764543215439,STANDBY,0,0,146.79638637943015
2024-02-22 02:00:00,RIG_NORMAL,2,22,3,36.10028835127271,50.8041664265992,55.24393914254967,0.7742142309508502,43.19818913461652,68.93359756925761,58.10007087016961,STANDBY,0,0,146.86587908269632
2024-02-22 03:00:00,RIG_NORMAL,3,22,3,36.10028835127271,59.08552025997541,60.35901025651832,0.8176449117112852,44.26468487898007,65.0173522753232,68.87814917582622,STANDBY,0,0,146.93537178596247
2024-02-22 04:00:00,RIG_NORMAL,4,22,3,38.35655637322725,65.78948432389268,64.91331518710768,0.8045999108175372,45.866545776141095,74.24905730026785,73.70722574332322,STANDBY,0,0,147.00486448922862
2024-02-22 05:00:00,RIG_NORMAL,5,22,3,45.97492063778226,69.13796842960296,70.5804843247804,0.830357903428087,45.45232043376431,66.71291260804259,76.16623771006934,STANDBY,0,0,147.0743571924948
2024-02-22 06:00:00,RIG_NORMAL,6,22,3,54.15043252690906,74.07463440971185,76.77840686274129,0.8260466874505037,48.24081811851613,73.23736011750697,81.152393583523,HIGH_PRODUCTION,0,0,147.14384989576095
2024-02-22 07:00:00,RIG_NORMAL,7,22,3,62.32594441603586,92.74189586495054,85.24898521617169,0.8855381319360274,55.40215168555375,77.99826108341443,88.94076089688942,HIGH_PRODUCTION,0,0,147.2133425990271
2024-02-22 08:00:00,RIG_NORMAL,8,22,3,69.94430868059086,91.02178609997442,86.38814970190938,0.9089485358397371,54.191528861830214,72.36836167107548,89.50317446193047,HIGH_PRODUCTION,0,0,147.28283530229328
2024-02-22 09:00:00,RIG_NORMAL,9,22,3,76.48634638588689,97.26503763364583,91.24282847069303,0.9646991011702063,55.82117015694722,79.62180897951859,98.15452180314807,HIGH_PRODUCTION,0,0,147.35232800555943
2024-02-22 10:00:00,RIG_NORMAL,10,22,3,81.50622847353647,104.08606365145181,95.0,1.0028876326964389,56.384950509825195,83.18734189955074,97.72638000664637,HIGH_PRODUCTION,0,0,147.42182070882558
2024-02-22 11:00:00,RIG_NORMAL,11,22,3,84.66185827501369,102.98181549830345,95.0,0.9148817172067394,57.46045748801916,76.20984803968298,100.77782745114595,HIGH_PRODUCTION,0,0,147.49131341209176
2024-02-22 12:00:00,RIG_NORMAL,12,22,3,85.73818483427267,111.0893076145322,95.0,1.003435557477552,58.91781795918674,85.04767143510568,99.85730410810292,HIGH_PRODUCTION,0,0,147.56080611535788
2024-02-22 13:00:00,RIG_NORMAL,13,22,3,84.66185827501369,109.42353885659273,95.0,1.067959162570592,56.90441175423285,82.14121973941099,105.61813840202427,HIGH_PRODUCTION,0,0,147.63029881862406
2024-02-22 14:00:00,RIG_NORMAL,14,22,3,81.50622847353648,96.06734152502251,94.75983957295205,0.9374272494675945,56.561246304043635,77.53985047638785,102.8464328280056,HIGH_PRODUCTION,0,0,147.6997915218902
2024-02-22 15:00:00,RIG_NORMAL,15,22,3,76.48634638588689,92.16070482049713,91.16926499489563,0.909649810593371,54.34162961966432,77.32995368466233,95.57664993180234,HIGH_PRODUCTION,0,0,147.76928422515635
2024-02-22 16:00:00,RIG_NORMAL,16,22,3,69.94430868059086,94.65526773368813,91.23606926122773,0.9368575318500998,52.72618050054371,81.68783282910972,93.53356548719032,HIGH_PRODUCTION,0,0,147.83877692842253
2024-02-22 17:00:00,RIG_NORMAL,17,22,3,62.32594441603586,77.81527903297203,78.65471170053777,0.9080853955837664,49.18048018743475,71.19672864975735,82.58990775370421,HIGH_PRODUCTION,0,0,147.90826963168868
2024-02-22 18:00:00,RIG_NORMAL,18,22,3,54.150432526909064,70.85691396081477,72.30896701343607,0.8879379395794966,43.63783744698917,75.01238513993272,75.45646188616513,HIGH_PRODUCTION,0,0,147.97776233495483
2024-02-22 19:00:00,RIG_NORMAL,19,22,3,45.97492063778226,65.11916764122783,71.56052529257616,0.873525761644437,43.685318185627246,71.0908227016793,74.23681314716131,HIGH_PRODUCTION,0,0,148.047255038221
2024-02-22 20:00:00,RIG_NORMAL,20,22,3,38.356556373227264,54.48378252560964,56.93152191636585,0.8839431937131179,41.69235932724213,69.53862668514505,57.48387561188848,HIGH_PRODUCTION,0,0,148.11674774148713
2024-02-22 21:00:00,RIG_NORMAL,21,22,3,36.10028835127271,59.71812927959407,57.4672287829346,0.8203819631829317,46.25368018239806,72.45751956369455,61.41759328503459,HIGH_PRODUCTION,0,0,148.1862404447533
2024-02-22 22:00:00,RIG_NORMAL,22,22,3,36.10028835127271,58.718348829897735,57.380867568156525,0.8693386148004932,40.71334634788017,69.74130524342678,60.73615887942074,STANDBY,0,0,148.25573314801946
2024-02-22 23:00:00,RIG_NORMAL,23,22,3,36.10028835127271,59.16151463339638,58.950129069729634,0.8450513179686027,44.58080815207618,63.571522401299255,57.67557167245821,STANDBY,0,0,148.3252258512856
2024-02-23 00:00:00,RIG_NORMAL,0,23,4,36.10028835127271,52.89580988089425,57.05344394800902,0.8375348336249765,40.924682200710606,65.52073078335911,62.360870803062575,STANDBY,0,0,148.3947185545518
2024-02-23 01:00:00,RIG_NORMAL,1,23,4,36.10028835127271,63.685924550608334,62.589017521717345,0.8483050519839688,41.07210124521628,65.53574860963283,71.65929267399909,STANDBY,0,0,148.46421125781794
2024-02-23 02:00:00,RIG_NORMAL,2,23,4,36.10028835127271,62.45168571943388,60.78713115795133,0.8425658197277288,44.71441930563387,68.89197899189708,66.96541934100037,STANDBY,0,0,148.5337039610841
2024-02-23 03:00:00,RIG_NORMAL,3,23,4,36.10028835127271,64.48120419388496,62.35124628615702,0.8738871840886827,45.42934355072566,63.536759042980336,65.97138078544346,STANDBY,0,0,148.60319666435026
2024-02-23 04:00:00,RIG_NORMAL,4,23,4,38.35655637322725,57.33667755736476,61.28052575482121,0.7436598217730268,43.590856503364805,62.35073328268144,66.94980090198644,STANDBY,0,0,148.67268936761639
2024-02-23 05:00:00,RIG_NORMAL,5,23,4,45.97492063778226,66.15979687213242,65.61942530894814,0.9012815424106989,47.909808410568274,73.16711725034922,70.88939170203875,STANDBY,0,0,148.74218207088256
2024-02-23 06:00:00,RIG_NORMAL,6,23,4,54.15043252690906,72.071783976018,70.97292538921057,0.8289599120472467,47.902301741860526,70.17911359984092,73.81389750411016,HIGH_PRODUCTION,0,0,148.8116747741487
2024-02-23 07:00:00,RIG_NORMAL,7,23,4,62.32594441603586,78.74471285922398,80.3821897647918,0.8369594159723984,48.68337736910351,71.33694765037474,83.89482902415554,HIGH_PRODUCTION,0,0,148.88116747741486
2024-02-23 08:00:00,RIG_NORMAL,8,23,4,69.94430868059086,97.80353641112781,91.19382593430694,0.8796629695709473,54.449029615908294,80.49148979925721,93.16704026173149,HIGH_PRODUCTION,0,0,148.95066018068104
2024-02-23 09:00:00,RIG_NORMAL,9,23,4,76.48634638588689,101.27337578555732,95.0,0.986509502853739,55.44165766243401,77.52033374124859,101.14396747199773,HIGH_PRODUCTION,0,0,149.0201528839472
2024-02-23 10:00:00,RIG_NORMAL,10,23,4,81.50622847353647,109.56193789509592,95.0,0.9845539410623645,55.74543098515445,79.24670658711457,99.63169677483057,HIGH_PRODUCTION,0,0,149.08964558721334
2024-02-23 11:00:00,RIG_NORMAL,11,23,4,84.66185827501369,102.14677125335093,95.0,0.998932269465773,54.99498925375606,81.15055018572164,104.17969082083425,HIGH_PRODUCTION,0,0,149.15913829047952
2024-02-23 12:00:00,RIG_NORMAL,12,23,4,85.73818483427267,114.35108102207839,95.0,1.1392974012013093,60.57700634829693,92.38546148730504,97.63944394520031,HIGH_PRODUCTION,0,0,149.22863099374567
2024-02-23 13:00:00,RIG_NORMAL,13,23,4,84.66185827501369,108.26973807619834,95.0,0.9240221518774924,58.94525562776502,80.63510823430006,102.32860811889118,HIGH_PRODUCTION,0,0,149.29812369701182
2024-02-23 14:00:00,RIG_NORMAL,14,23,4,81.50622847353648,106.58977670149417,95.0,1.0123402018725718,57.059293985077375,79.55584808148383,98.1615249935768,HIGH_PRODUCTION,0,0,149.367616400278
2024-02-23 15:00:00,RIG_NORMAL,15,23,4,76.48634638588689,103.9717587291035,95.0,0.9866858177941061,55.410367619807715,79.46604304538369,93.7490131625894,HIGH_PRODUCTION,0,0,149.43710910354412
2024-02-23 16:00:00,RIG_NORMAL,16,23,4,69.94430868059086,88.4548641056233,89.58561018511959,0.9941314447372456,52.430107598849986,75.11493213932722,97.46461443398933,HIGH_PRODUCTION,0,0,149.5066018068103
2024-02-23 17:00:00,RIG_NORMAL,17,23,4,62.32594441603586,92.5671418491002,87.74734193968705,0.8637605263599706,55.57218434325437,80.31911938646773,90.18530477596995,HIGH_PRODUCTION,0,0,149.57609451007644
2024-02-23 18:00:00,RIG_NORMAL,18,23,4,54.150432526909064,68.76638397005266,73.8707079216263,0.7676545769064695,49.43384605376215,64.31841648135405,75.61976555033489,HIGH_PRODUCTION,0,0,149.6455872133426
2024-02-23 19:00:00,RIG_NORMAL,19,23,4,45.97492063778226,68.56002394580294,68.06494382746186,0.8444469652760568,47.775632371374265,67.72947917206132,67.71298409483589,HIGH_PRODUCTION,0,0,149.71507991660877
2024-02-23 20:00:00,RIG_NORMAL,20,23,4,38.356556373227264,64.42547442917957,64.3422076122911,0.844056380200486,46.850371493386,65.93740551551694,75.72265989033778,HIGH_PRODUCTION,0,0,149.78457261987492
2024-02-23 21:00:00,RIG_NORMAL,21,23,4,36.10028835127271,48.668482115567855,53.3048935944257,0.7585595288561287,40.32425742254047,62.5173654356906,61.93406112263581,HIGH_PRODUCTION,0,0,149.85406532314107
2024-02-23 22:00:00,RIG_NORMAL,22,23,4,36.10028835127271,56.107753960567045,56.23309844328023,0.7990308365815251,42.12755520003012,70.79825611718844,65.80055982961875,STANDBY,0,0,149.92355802640725
2024-02-23 23:00:00,RIG_NORMAL,23,23,4,36.10028835127271,48.26813798747176,47.79773715277877,0.8178114668379655,43.14413317847114,66.79401048747935,56.44630519456685,STANDBY,0,0,149.99305072967337
2024-02-24 00:00:00,RIG_NORMAL,0,24,5,36.872674070127886,68.70746583590498,63.33230999958785,0.8910975811770162,49.02904843291941,71.5413838869698,74.29342027986716,STANDBY,0,0,150.06254343293955
2024-02-24 01:00:00,RIG_NORMAL,1,24,5,36.872674070127886,63.58398962044328,60.80550884454983,0.8329222411208537,46.40076293742675,65.0024014421643,71.39249765093324,STANDBY,0,0,150.1320361362057
2024-02-24 02:00:00,RIG_NORMAL,2,24,5,36.872674070127886,57.97676177574756,57.023193811374036,0.8386091523050645,41.87419754077987,69.12954700847997,64.09041276724905,STANDBY,0,0,150.20152883947185
2024-02-24 03:00:00,RIG_NORMAL,3,24,5,36.872674070127886,54.699991005118584,54.5782946068084,0.8020049269655116,49.45537037993695,71.23085176359274,59.928153534900844,STANDBY,0,0,150.27102154273803
2024-02-24 04:00:00,RIG_NORMAL,4,24,5,39.17721619951087,55.6800273004331,60.797373743666284,0.8655387231628514,41.525178925026836,67.0029933588158,66.71033518099243,STANDBY,0,0,150.34051424600418
2024-02-24 05:00:00,RIG_NORMAL,5,24,5,46.958579598635716,71.85891817693494,68.15125860354675,0.8316387613027494,47.40565657118565,73.54005865143,69.38688163270163,STANDBY,0,0,150.41000694927033
2024-02-24 06:00:00,RIG_NORMAL,6,24,5,55.30901110519182,77.9002881900503,79.6260358950252,0.8677197315260876,45.481739705940186,75.86013839724612,82.53243929671646,HIGH_PRODUCTION,0,0,150.4794996525365
2024-02-24 07:00:00,RIG_NORMAL,7,24,5,63.65944261174793,87.20221940071471,81.67067966881257,0.9803194224887394,51.086505725586285,78.26604117259812,89.59557969331014,HIGH_PRODUCTION,0,0,150.54899235580262
2024-02-24 08:00:00,RIG_NORMAL,8,24,5,71.44080601087278,93.18924098165212,87.68788032979464,0.8801960478408017,55.736118475640325,72.23164916179752,91.37222914969661,HIGH_PRODUCTION,0,0,150.6184850590688
2024-02-24 09:00:00,RIG_NORMAL,9,24,5,78.12281424622702,95.95455732237926,95.0,0.95117934139252,51.732454378746276,79.97550271390043,101.77662035171164,HIGH_PRODUCTION,0,0,150.68797776233498
2024-02-24 10:00:00,RIG_NORMAL,10,24,5,83.250099499112,109.04739311253253,95.0,1.0150374249499057,58.83369605199948,81.55940020528595,105.95822447897186,HIGH_PRODUCTION,0,0,150.7574704656011
2024-02-24 11:00:00,RIG_NORMAL,11,24,5,86.47324575278313,111.88854008374587,95.0,1.0784665101256636,57.78515075389845,80.67894301171184,98.95428778027872,HIGH_PRODUCTION,0,0,150.82696316886728
2024-02-24 12:00:00,RIG_NORMAL,12,24,5,87.57260091655372,110.63903193566124,95.0,0.9766948345591899,54.89917241974902,83.82326881944975,100.56801628208402,HIGH_PRODUCTION,0,0,150.89645587213343
2024-02-24 13:00:00,RIG_NORMAL,13,24,5,86.47324575278313,103.3093245824837,95.0,0.8872507744741751,55.60345273324137,83.58474178179812,93.55666654043384,HIGH_PRODUCTION,0,0,150.96594857539958
2024-02-24 14:00:00,RIG_NORMAL,14,24,5,83.25009949911201,102.01714039003836,95.0,0.9637175666119842,52.45781889135569,86.45409460893941,96.11039768063719,HIGH_PRODUCTION,0,0,151.03544127866576
2024-02-24 15:00:00,RIG_NORMAL,15,24,5,78.12281424622702,99.24463461506902,95.0,0.9679359351209048,52.533482871393474,81.09567784797589,101.65675880727345,HIGH_PRODUCTION,0,0,151.1049339819319
2024-02-24 16:00:00,RIG_NORMAL,16,24,5,71.44080601087278,95.77423419652243,91.52567482363297,0.9632537481086416,51.292489969827926,77.33647202749862,93.74037067077967,HIGH_PRODUCTION,0,0,151.17442668519806
2024-02-24 17:00:00,RIG_NORMAL,17,24,5,63.65944261174793,84.55889725908307,85.26776246580798,0.9137017968318617,52.1172787116731,66.3975228394817,86.26327083747859,HIGH_PRODUCTION,0,0,151.24391938846423
2024-02-24 18:00:00,RIG_NORMAL,18,24,5,55.30901110519183,84.69806357788116,79.16815296702073,0.8658297157123858,54.02678678174608,74.71684296091605,86.59754105168324,HIGH_PRODUCTION,0,0,151.31341209173036
2024-02-24 19:00:00,RIG_NORMAL,19,24,5,46.958579598635716,59.69120296607395,65.12903926311687,0.7320581488649385,42.53147291065759,66.09563609022328,71.9595353761141,HIGH_PRODUCTION,0,0,151.38290479499653
2024-02-24 20:00:00,RIG_NORMAL,20,24,5,39.17721619951089,63.42621244569055,64.03655305594508,0.741417487942736,47.15378030113797,66.35737616702225,70.58188095382867,HIGH_PRODUCTION,0,0,151.45239749826268
2024-02-24 21:00:00,RIG_NORMAL,21,24,5,36.872674070127886,66.08232765807335,64.1987647834293,0.8000466956764247,46.02861630117959,74.96331693005054,70.20449348684265,HIGH_PRODUCTION,0,0,151.52189020152883
2024-02-24 22:00:00,RIG_NORMAL,22,24,5,36.872674070127886,59.67647911769687,60.05833069240672,0.8289309889714191,45.892872133693736,67.69810375896365,67.40665910130929,STANDBY,0,0,151.591382904795
2024-02-24 23:00:00,RIG_NORMAL,23,24,5,36.872674070127886,54.24182411560581,55.67793422444699,0.790008838670661,41.99567884343851,61.6183098272957,65.20665731177776,STANDBY,0,0,151.66087560806116
2024-02-25 00:00:00,RIG_NORMAL,0,25,6,38.26446504352977,55.88981815710332,56.74768247442614,0.9099532948402492,45.5647176079999,66.0003312292341,61.54473715095793,STANDBY,0,0,151.7303683113273
2024-02-25 01:00:00,RIG_NORMAL,1,25,6,38.26446504352977,61.73612189198814,56.87460489343943,0.9145811025622124,44.29426264868435,65.32304409328835,62.3660348385722,STANDBY,0,0,151.7998610145935
2024-02-25 02:00:00,RIG_NORMAL,2,25,6,38.26446504352977,57.22978781572032,56.714693026547636,0.7837674147963127,43.73598979570578,63.26299810044902,64.29337719163237,STANDBY,0,0,151.8693537178596
2024-02-25 03:00:00,RIG_NORMAL,3,25,6,38.26446504352977,65.82415797267987,63.88220386154529,0.8178176240792305,47.82069599547873,70.7936476949886,72.77885295620025,STANDBY,0,0,151.9388464211258
2024-02-25 04:00:00,RIG_NORMAL,4,25,6,40.65599410875038,60.64721921311933,61.02665752596704,0.8280870522201944,45.82569293567124,67.24833726642336,62.1050794240894,STANDBY,0,0,152.00833912439194
2024-02-25 05:00:00,RIG_NORMAL,5,25,6,48.73107179936013,72.89895145029007,70.95958181304866,0.7946931089362756,48.17596114357473,74.55765442872452,76.52832585528135,STANDBY,0,0,152.0778318276581
2024-02-25 06:00:00,RIG_NORMAL,6,25,6,57.396697565294645,79.84091214346478,74.73056634893567,0.9715250844303934,48.60710659651833,71.9065523347567,80.40590797327144,HIGH_PRODUCTION,0,0,152.14732453092427
2024-02-25 07:00:00,RIG_NORMAL,7,25,6,66.06232333122917,93.47738470554,86.83973457804706,0.952230643931806,56.547989551307886,80.04951889769961,95.72655756518331,HIGH_PRODUCTION,0,0,152.21681723419042
2024-02-25 08:00:00,RIG_NORMAL,8,25,6,74.13740102183893,93.32770352299698,87.12407709652793,0.9317565370428195,56.73425346481626,79.83156599054111,88.53380824712065,HIGH_PRODUCTION,0,0,152.28630993745656
2024-02-25 09:00:00,RIG_NORMAL,9,25,6,81.0716274372057,106.330120923284,95.0,0.9928639584533945,61.41749962327197,84.59382603388278,98.46516188258538,HIGH_PRODUCTION,0,0,152.35580264072274
2024-02-25 10:00:00,RIG_NORMAL,10,25,6,86.39244650647323,112.11037447600262,95.0,1.0716113769787112,60.77495519982322,80.93600094919431,103.49335294213228,HIGH_PRODUCTION,0,0,152.4252953439889
2024-02-25 11:00:00,RIG_NORMAL,11,25,6,89.73725320314023,110.77022868583788,95.0,0.9342051019402158,56.98364015690564,82.99761733887152,101.97704197154799,HIGH_PRODUCTION,0,0,152.49478804725504
2024-02-25 12:00:00,RIG_NORMAL,12,25,6,90.8781044783832,112.27511773801362,95.0,0.9910013581786976,57.49147689367765,80.92571305415919,98.2739865328463,HIGH_PRODUCTION,0,0,152.56428075052122
2024-02-25 13:00:00,RIG_NORMAL,13,25,6,89.73725320314023,107.26486024213091,95.0,1.0241056488173768,58.01847972398797,78.86961827427163,101.33901410370679,HIGH_PRODUCTION,0,0,152.63377345378734
2024-02-25 14:00:00,RIG_NORMAL,14,25,6,86.39244650647325,104.2895051410639,95.0,0.9801533405556946,54.743515327467726,90.48029367522221,103.39203578530572,HIGH_PRODUCTION,0,0,152.70326615705352
2024-02-25 15:00:00,RIG_NORMAL,15,25,6,81.0716274372057,98.9110444771751,93.08053386402312,0.9264152493301482,52.516668659755865,82.85054330493256,102.08939340263535,HIGH_PRODUCTION,0,0,152.77275886031967
2024-02-25 16:00:00,RIG_NORMAL,16,25,6,74.13740102183893,98.96745676859007,92.69630407018731,0.9018727073538799,56.04647769624766,81.35036495465937,103.8207295595535,HIGH_PRODUCTION,0,0,152.84225156358582
2024-02-25 17:00:00,RIG_NORMAL,17,25,6,66.06232333122917,76.82158764376331,79.02952207498217,0.8938124373281776,50.44669012408041,73.68247412975163,82.06234444803033,HIGH_PRODUCTION,0,0,152.911744266852
2024-02-25 18:00:00,RIG_NORMAL,18,25,6,57.39669756529465,74.26858539106277,74.9032206402161,0.9427596443082489,51.03342657840325,73.14690515570544,75.67468580673436,HIGH_PRODUCTION,0,0,152.98123697011815
2024-02-25 19:00:00,RIG_NORMAL,19,25,6,48.73107179936013,63.87056817088105,66.01028134577011,0.8830057999495702,42.10788179746044,71.17598173491278,71.63085612316092,HIGH_PRODUCTION,0,0,153.0507296733843
2024-02-25 20:00:00,RIG_NORMAL,20,25,6,40.65599410875039,55.055689413616285,57.9143905577622,0.87961201844891,43.35385101670817,63.05771696397807,67.5142531872816,HIGH_PRODUCTION,0,0,153.12022237665047
2024-02-25 21:00:00,RIG_NORMAL,21,25,6,38.26446504352977,58.92946471909025,60.424032176950256,0.9263111838313851,41.26401146330893,68.98030395534487,65.91358452994812,HIGH_PRODUCTION,0,0,153.1897150799166
2024-02-25 22:00:00,RIG_NORMAL,22,25,6,38.26446504352977,63.409494527514966,61.892492601047685,0.8153136129179228,44.133324068228916,71.19351502364782,67.56391035618415,STANDBY,0,0,153.25920778318277
2024-02-25 23:00:00,RIG_NORMAL,23,25,6,38.26446504352977,63.647461638215105,57.47660941563003,0.8728128643806542,48.03764526511007,64.13247827152755,59.78653524312415,STANDBY,0,0,153.32870048644892
2024-02-26 00:00:00,RIG_NORMAL,0,26,0,40.0,67.40223792702048,65.37935681972178,0.8364364289518236,47.33937521529565,67.554745873668,68.77773022734648,STANDBY,0,0,153.39819318971507
2024-02-26 01:00:00,RIG_NORMAL,1,26,0,40.0,53.07701223465685,54.90876878780589,0.8301936037473434,43.111161364917955,67.03630951210812,62.519940165801195,STANDBY,0,0,153.46768589298125
2024-02-26 02:00:00,RIG_NORMAL,2,26,0,40.0,63.34515486197395,60.014056698754665,0.9067441353116406,44.10505494456368,64.27091574944141,69.08430818741502,STANDBY,0,0,153.5371785962474
2024-02-26 03:00:00,RIG_NORMAL,3,26,0,40.0,61.234672625304555,60.68065197665145,0.8226502751289617,46.500478316569954,73.39790909752446,63.186387074996716,STANDBY,0,0,153.60667129951355
2024-02-26 04:00:00,RIG_NORMAL,4,26,0,42.5,66.23695981452443,61.763074096308586,0.8815553478339341,45.09348495041738,70.69055994640638,63.718115168275965,STANDBY,0,0,153.67616400277973
2024-02-26 05:00:00,RIG_NORMAL,5,26,0,50.94133342141177,80.55235795392159,76.36272947654672,0.8430309064163695,52.63448364247819,68.3608976521108,79.45044444473547,STANDBY,0,0,153.74565670604585
2024-02-26 06:00:00,RIG_NORMAL,6,26,0,60.0,74.96563276595604,73.6908523833596,0.8573107557141828,47.80030617622073,72.55539497357444,80.06492136844571,HIGH_PRODUCTION,0,0,153.81514940931203
2024-02-26 07:00:00,RIG_NORMAL,7,26,0,69.05866657858823,85.422023330438,84.98136464574287,0.9786866585811704,52.14635832574064,79.67901495811307,87.07873959289542,HIGH_PRODUCTION,0,0,153.8846421125782
2024-02-26 08:00:00,RIG_NORMAL,8,26,0,77.5,100.66615181098507,91.99797311506408,0.992509940138457,56.70575674938854,78.16954431556223,96.7866455031599,HIGH_PRODUCTION,0,0,153.95413481584433
2024-02-26 09:00:00,RIG_NORMAL,9,26,0,84.74873734152916,104.85231395441575,95.0,0.9088744515662648,50.92685660703798,79.81525964764522,94.6681649149703,HIGH_PRODUCTION,0,0,154.0236275191105
2024-02-26 10:00:00,RIG_NORMAL,10,26,0,90.31088913245534,114.5329072012161,95.0,1.0332888958986017,56.22770547539639,83.93962461857603,100.66078048117703,HIGH_PRODUCTION,0,0,154.09312022237665
2024-02-26 11:00:00,RIG_NORMAL,11,26,0,93.8074039201174,120.335079567223,95.0,1.0080290751984244,60.95839303185624,88.42399214046998,100.65518173989796,HIGH_PRODUCTION,0,0,154.1626129256428
2024-02-26 12:00:00,RIG_NORMAL,12,26,0,95.0,119.54354054267324,95.0,0.9526815237707749,59.80687783037316,86.07688369615077,100.24660840311398,HIGH_PRODUCTION,0,0,154.23210562890898
2024-02-26 13:00:00,RIG_NORMAL,13,26,0,93.8074039201174,115.63620868441014,95.0,0.9746659920389751,59.82331380878384,79.23110239725483,100.85570361256241,HIGH_PRODUCTION,0,0,154.30159833217513
2024-02-26 14:00:00,RIG_NORMAL,14,26,0,90.31088913245536,107.6736562861304,95.0,0.9679838706087176,60.55041931720047,80.08369891658342,101.90662488254566,HIGH_PRODUCTION,0,0,154.37109103544128
2024-02-26 15:00:00,RIG_NORMAL,15,26,0,84.74873734152916,121.80002025000104,95.0,1.085518781552947,59.097703050261245,83.63464594794817,101.16500623256847,HIGH_PRODUCTION,0,0,154.44058373870746
2024-02-26 16:00:00,RIG_NORMAL,16,26,0,77.5,107.03559688680909,95.0,1.0002061360747039,55.87916504284658,84.38280025364607,102.54537916583253,HIGH_PRODUCTION,0,0,154.51007644197358
2024-02-26 17:00:00,RIG_NORMAL,17,26,0,69.05866657858823,83.60701581331074,82.52468324477539,0.8874406154277956,48.1174288397586,77.1134762184717,91.20382243220615,HIGH_PRODUCTION,0,0,154.57956914523976
2024-02-26 18:00:00,RIG_NORMAL,18,26,0,60.00000000000001,75.34209678864917,75.96106884500853,0.8207051461916465,49.42218680452437,71.41958413999346,80.95508357197232,HIGH_PRODUCTION,0,0,154.6490618485059
2024-02-26 19:00:00,RIG_NORMAL,19,26,0,50.94133342141177,70.6243329406143,71.09777448304385,1.002357606268081,45.7628508861848,70.69073746679432,71.17738867289827,HIGH_PRODUCTION,0,0,154.71855455177206
2024-02-26 20:00:00,RIG_NORMAL,20,26,0,42.500000000000014,62.862238481052685,64.11681017763524,0.845520960886424,43.63501994144631,73.39482277845248,67.18213051164663,HIGH_PRODUCTION,0,0,154.78804725503824
2024-02-26 21:00:00,RIG_NORMAL,21,26,0,40.0,62.84913354486126,60.04573390045507,0.8932311531838961,47.86432172749536,65.73585915820787,67.47274195258788,HIGH_PRODUCTION,0,0,154.8575399583044
2024-02-26 22:00:00,RIG_NORMAL,22,26,0,40.0,67.69507983869833,66.54044092318507,0.7945818494546564,49.16285556265799,71.01398817202517,71.53900874998683,STANDBY,0,0,154.92703266157054
2024-02-26 23:00:00,RIG_NORMAL,23,26,0,40.0,63.351061179950776,61.79436495702033,0.8123388355129868,48.06120314877445,70.21294058765714,63.08775502910852,STANDBY,0,0,154.9965253648367
2024-02-27 00:00:00,RIG_NORMAL,0,27,1,38.26446504352977,59.062092544535226,56.58868917619016,0.8199675952216166,41.943520166941944,67.6706190140989,62.59658935459878,STANDBY,0,0,155.06601806810284
2024-02-27 01:00:00,RIG_NORMAL,1,27,1,38.26446504352977,56.08482532887034,54.8868068513295,0.8472535178489263,47.71221686093337,62.9420939247546,61.179574293466985,STANDBY,0,0,155.135510771369
2024-02-27 02:00:00,RIG_NORMAL,2,27,1,38.26446504352977,56.66646752585245,54.76845505490943,0.8150381016578533,44.6920723973729,70.45252508094909,58.58074803419781,STANDBY,0,0,155.20500347463516
2024-02-27 03:00:00,RIG_NORMAL,3,27,1,38.26446504352977,64.50990023897025,62.12344367327668,0.9461857832842286,44.20126769214564,66.30504351083378,65.37325156134992,STANDBY,0,0,155.2744961779013
2024-02-27 04:00:00,RIG_NORMAL,4,27,1,40.65599410875038,59.14516306587701,62.45225722950266,0.9149935317210338,44.28427978870887,69.637734854198,66.22423679254783,STANDBY,0,0,155.3439888811675
2024-02-27 05:00:00,RIG_NORMAL,5,27,1,48.73107179936014,68.31031515764299,71.67378507095441,0.9045588504328766,43.39852079135329,65.23311663571741,78.43243913258686,STANDBY,0,0,155.41348158443364
2024-02-27 06:00:00,RIG_NORMAL,6,27,1,57.39669756529465,80.49165440960272,78.1470772037845,0.9026339197752988,51.34864449923706,72.86360610157236,80.59027006772331,HIGH_PRODUCTION,0,0,155.4829742876998
2024-02-27 07:00:00,RIG_NORMAL,7,27,1,66.06232333122918,91.07957643531498,89.67467220013393,0.9193799304265375,53.164522834747295,73.56871331385207,101.26927201866879,HIGH_PRODUCTION,0,0,155.55246699096597
2024-02-27 08:00:00,RIG_NORMAL,8,27,1,74.13740102183893,102.16199437662645,95.0,1.0665177917651627,55.60237747444997,79.07509859545624,103.03545664176093,HIGH_PRODUCTION,0,0,155.62195969423212
2024-02-27 09:00:00,RIG_NORMAL,9,27,1,81.07162743720572,106.3644741588005,95.0,0.9486543092028452,58.843210475044266,85.09234809473796,101.83444852448783,HIGH_PRODUCTION,0,0,155.69145239749827
2024-02-27 10:00:00,RIG_NORMAL,10,27,1,86.39244650647325,104.57826676485588,95.0,0.9820132030099886,59.38623484308802,79.82284853026249,99.08500700422526,HIGH_PRODUCTION,0,0,155.76094510076445
2024-02-27 11:00:00,RIG_NORMAL,11,27,1,89.73725320314024,105.29063170816202,95.0,0.910402045606743,57.11678847488905,78.55758837422957,99.64538059178743,HIGH_PRODUCTION,0,0,155.83043780403057
2024-02-27 12:00:00,RIG_NORMAL,12,27,1,90.87810447838321,107.21649883526628,95.0,0.9917712210209888,60.1789117104307,79.62313185798496,101.10123146152586,HIGH_PRODUCTION,0,0,155.89993050729674
2024-02-27 13:00:00,RIG_NORMAL,13,27,1,89.73725320314024,104.79012362673929,95.0,1.0622966341537547,56.43027475065779,84.4426838073926,100.52516138144014,HIGH_PRODUCTION,0,0,155.9694232105629
2024-02-27 14:00:00,RIG_NORMAL,14,27,1,86.39244650647326,112.94698009129704,95.0,0.982650127908638,57.22248854438646,87.47934088259608,98.5488043495534,HIGH_PRODUCTION,0,0,156.03891591382904
2024-02-27 15:00:00,RIG_NORMAL,15,27,1,81.07162743720572,98.72164003731305,93.30817770110394,1.101641226977167,56.75030893065987,80.95124119918158,101.93680632223263,HIGH_PRODUCTION,0,0,156.10840861709522
2024-02-27 16:00:00,RIG_NORMAL,16,27,1,74.13740102183893,104.58172080531416,95.0,1.0712281432402202,55.082916080269065,82.42203706306822,106.60533463552176,HIGH_PRODUCTION,0,0,156.17790132036137
2024-02-27 17:00:00,RIG_NORMAL,17,27,1,66.06232333122918,86.0127853534973,83.4669946309164,0.8971216245007729,49.716870987307495,74.7794722977783,94.95489050842733,HIGH_PRODUCTION,0,0,156.24739402362752
2024-02-27 18:00:00,RIG_NORMAL,18,27,1,57.39669756529466,81.24108773194666,74.13354518791613,0.8649119835212651,51.63370536098314,79.35326465291053,79.14591017799015,HIGH_PRODUCTION,0,0,156.3168867268937
2024-02-27 19:00:00,RIG_NORMAL,19,27,1,48.73107179936014,68.44747434864935,69.00608549257267,0.8510367114639545,46.763291718334095,68.69779819358213,71.19437371860532,HIGH_PRODUCTION,0,0,156.38637943015982
2024-02-27 20:00:00,RIG_NORMAL,20,27,1,40.65599410875039,62.496883392900095,63.35713298589492,0.8539695946291896,43.70709156917023,73.29885901880864,67.25160389415903,HIGH_PRODUCTION,0,0,156.455872133426
2024-02-27 21:00:00,RIG_NORMAL,21,27,1,38.26446504352977,60.470591266300325,60.4657688799195,0.8092060876344329,45.26394898105792,68.96318268588986,63.11178484874011,HIGH_PRODUCTION,0,0,156.52536483669215
2024-02-27 22:00:00,RIG_NORMAL,22,27,1,38.26446504352977,61.61918421303767,61.98480407684905,0.9653479514514047,44.048792454183605,63.24959051671292,64.36275041574773,STANDBY,0,0,156.5948575399583
2024-02-27 23:00:00,RIG_NORMAL,23,27,1,38.26446504352977,57.78915223649747,55.850081875833304,0.8791376498735086,42.67281768740543,64.72486849173086,58.895730241762216,STANDBY,0,0,156.66435024322448
2024-02-28 00:00:00,RIG_NORMAL,0,28,2,36.872674070127886,50.10153944242769,52.03125403422313,0.8442090996329693,43.263388139338275,62.196618051395895,60.2425305064858,STANDBY,0,0,156.73384294649063
2024-02-28 01:00:00,RIG_NORMAL,1,28,2,36.872674070127886,57.82786813388809,54.56091230622313,0.8851900892663964,44.349524786080146,68.84292388342146,60.21753096892026,STANDBY,0,0,156.80333564975678
2024-02-28 02:00:00,RIG_NORMAL,2,28,2,36.872674070127886,56.95627407652201,55.40589023539466,0.7953874020417699,43.88746817414476,66.77164163832136,62.30997643272315,STANDBY,0,0,156.87282835302295
2024-02-28 03:00:00,RIG_NORMAL,3,28,2,36.872674070127886,66.68392185616656,64.51326902085124,0.8662242003368583,46.611254221299355,71.21178963981502,71.1460538500252,STANDBY,0,0,156.94232105628907
2024-02-28 04:00:00,RIG_NORMAL,4,28,2,39.17721619951087,65.59623628324623,66.75956696691807,0.9183080991702623,45.93666467317266,67.68409511464544,73.15193471544848,STANDBY,0,0,157.01181375955525
2024-02-28 05:00:00,RIG_NORMAL,5,28,2,46.958579598635716,78.31721157677624,80.76224456733925,0.879503466158277,47.989428522571735,69.77476541851628,83.97080992753725,STANDBY,0,0,157.08130646282143
2024-02-28 06:00:00,RIG_NORMAL,6,28,2,55.30901110519182,75.84927600002972,77.48636423362781,0.9492590068249391,46.6158422199319,71.09583009478845,81.43473038732024,HIGH_PRODUCTION,0,0,157.15079916608755
2024-02-28 07:00:00,RIG_NORMAL,7,28,2,63.65944261174793,92.46792344251223,88.81969457722388,0.9959384955592366,57.178780917888346,77.90809018283592,91.11835926678982,HIGH_PRODUCTION,0,0,157.22029186935373
2024-02-28 08:00:00,RIG_NORMAL,8,28,2,71.44080601087278,88.19731379484386,87.05443332566816,0.9868037402467489,54.636492103284,75.13159463066741,88.94857099670011,HIGH_PRODUCTION,0,0,157.28978457261988
2024-02-28 09:00:00,RIG_NORMAL,9,28,2,78.12281424622702,108.27441882573343,95.0,1.035153132664957,54.96423707612474,82.50581908083362,97.14591929954558,HIGH_PRODUCTION,0,0,157.35927727588603
2024-02-28 10:00:00,RIG_NORMAL,10,28,2,83.250099499112,97.26824510158029,95.0,0.9847640619059341,51.90662251374986,78.5010457859675,94.7535285160572,HIGH_PRODUCTION,0,0,157.4287699791522
2024-02-28 11:00:00,RIG_NORMAL,11,28,2,86.47324575278313,113.74870228196913,95.0,1.0309696899184915,58.52258087206896,88.30750862339221,99.075831166795,HIGH_PRODUCTION,0,0,157.49826268241836
2024-02-28 12:00:00,RIG_NORMAL,12,28,2,87.57260091655372,94.06228165486927,93.5355747855285,0.9992278118487448,54.76159921540822,76.83400104883357,95.61763375804176,HIGH_PRODUCTION,0,0,157.5677553856845
2024-02-28 13:00:00,RIG_NORMAL,13,28,2,86.47324575278313,102.01720367552234,95.0,1.0490172713523105,55.25505317426486,88.12416580999445,97.98878529657891,HIGH_PRODUCTION,0,0,157.63724808895068
2024-02-28 14:00:00,RIG_NORMAL,14,28,2,83.25009949911201,106.11291763842142,95.0,0.9341266538231765,52.771094913948254,76.21100950587528,97.09250718321704,HIGH_PRODUCTION,0,0,157.7067407922168
2024-02-28 15:00:00,RIG_NORMAL,15,28,2,78.12281424622702,100.29691049233323,95.0,1.0435123395261041,56.093067079582774,80.54218229092996,100.66173161281517,HIGH_PRODUCTION,0,0,157.77623349548298
2024-02-28 16:00:00,RIG_NORMAL,16,28,2,71.44080601087278,97.37086249048626,89.21350604242834,0.9164271190137935,52.74627868303563,78.46162965864875,93.92635554955024,HIGH_PRODUCTION,0,0,157.84572619874913
2024-02-28 17:00:00,RIG_NORMAL,17,28,2,63.65944261174793,92.91423675049445,86.27777501134055,1.0004537291520763,51.18153030792652,69.28656387411273,90.95193986366274,HIGH_PRODUCTION,0,0,157.91521890201528
2024-02-28 18:00:00,RIG_NORMAL,18,28,2,55.30901110519183,78.13931599190344,74.62805756188202,0.9458896969528102,50.275742230620004,74.43933684667564,80.39237982899719,HIGH_PRODUCTION,0,0,157.98471160528146
2024-02-28 19:00:00,RIG_NORMAL,19,28,2,46.958579598635716,70.25630151861031,66.7851467620292,0.9102356167271026,50.26646401208422,76.05244808306654,70.11088863122028,HIGH_PRODUCTION,0,0,158.0542043085476
2024-02-28 20:00:00,RIG_NORMAL,20,28,2,39.17721619951089,68.42384493475241,66.74660645467567,0.8445865535220578,46.17004234562223,71.28617646845103,74.2585587680567,HIGH_PRODUCTION,0,0,158.12369701181376
2024-02-28 21:00:00,RIG_NORMAL,21,28,2,36.872674070127886,54.84369322234109,58.02095929666296,0.8435961007921131,42.801767780143045,67.45030288662075,64.09622900741893,HIGH_PRODUCTION,0,0,158.19318971507994
2024-02-28 22:00:00,RIG_NORMAL,22,28,2,36.872674070127886,52.21527177235096,53.7927507816019,0.8992188299876651,43.86006309174759,66.40859774077823,59.77411777139358,STANDBY,0,0,158.26268241834606
2024-02-28 23:00:00,RIG_NORMAL,23,28,2,36.872674070127886,52.936305400040865,53.59721001298816,0.8589446903424203,42.28117639484824,63.72015336363444,57.98560090186717,STANDBY,0,0,158.33217512161224
2024-02-29 00:00:00,RIG_NORMAL,0,29,3,36.10028835127271,56.12978269942147,52.06292053354312,0.8506029875456156,42.651552523052246,67.6878815007999,59.07238915374714,STANDBY,0,0,158.4016678248784
2024-02-29 01:00:00,RIG_NORMAL,1,29,3,36.10028835127271,58.972946723082146,55.59429093966506,0.9138149452432485,46.49852806076506,69.78976511550191,58.56865718247618,STANDBY,0,0,158.47116052814454
2024-02-29 02:00:00,RIG_NORMAL,2,29,3,36.10028835127271,55.07649160879304,55.240589889193046,0.8701347845823102,45.96649097782516,69.16693795455839,59.52673551420851,STANDBY,0,0,158.54065323141072
2024-02-29 03:00:00,RIG_NORMAL,3,29,3,36.10028835127271,56.388835546407265,57.79150772693144,0.8599616575146638,42.85116400367699,67.41469233314983,67.3757689497472,STANDBY,0,0,158.61014593467686
2024-02-29 04:00:00,RIG_NORMAL,4,29,3,38.35655637322725,57.247096485615614,62.44873493450058,0.8562807643798016,43.55505872592434,69.13922734804692,67.71579088460301,STANDBY,0,0,158.67963863794301
2024-02-29 05:00:00,RIG_NORMAL,5,29,3,45.97492063778226,64.78889844843954,66.01311113604652,0.8490734510466946,47.275254924831984,69.77378962722894,69.5984319302411,STANDBY,0,0,158.7491313412092
2024-02-29 06:00:00,RIG_NORMAL,6,29,3,54.15043252690906,68.36478273222912,72.92077238069334,0.8787287482405861,45.58275688088491,68.20308902359331,80.78180981008745,HIGH_PRODUCTION,0,0,158.81862404447534
2024-02-29 07:00:00,RIG_NORMAL,7,29,3,62.32594441603586,89.07513008517195,86.21697779169227,0.9594052545800689,49.5583879377976,78.40680884831892,87.44853417485767,HIGH_PRODUCTION,0,0,158.8881167477415
2024-02-29 08:00:00,RIG_NORMAL,8,29,3,69.94430868059086,92.40881811687102,90.11349735745412,1.0176379168307037,53.935245172656494,81.8773851356344,89.26805629616317,HIGH_PRODUCTION,0,0,158.95760945100767
2024-02-29 09:00:00,RIG_NORMAL,9,29,3,76.48634638588689,102.68225602793737,93.93194076784869,1.055810216880525,56.62392871622976,83.00027514492125,99.10727103985094,HIGH_PRODUCTION,0,0,159.0271021542738
2024-02-29 10:00:00,RIG_NORMAL,10,29,3,81.50622847353647,107.8356364738172,95.0,0.9658534489007866,54.12034869312768,81.73896698194262,98.2253243062232,HIGH_PRODUCTION,0,0,159.09659485753997
2024-02-29 11:00:00,RIG_NORMAL,11,29,3,84.66185827501369,106.02880269176069,95.0,1.0317131517884621,55.108280082513616,82.63127976368366,92.00644736753023,HIGH_PRODUCTION,0,0,159.16608756080612
2024-02-29 12:00:00,RIG_NORMAL,12,29,3,85.73818483427267,111.16437090988131,95.0,1.0459282132126388,59.75678524590426,85.62278769697815,100.01363549912884,HIGH_PRODUCTION,0,0,159.23558026407227
2024-02-29 13:00:00,RIG_NORMAL,13,29,3,84.66185827501369,112.65488776510004,95.0,0.9719869326006416,56.04630795223525,84.88619811595842,95.39991543696213,HIGH_PRODUCTION,0,0,159.30507296733845
2024-02-29 14:00:00,RIG_NORMAL,14,29,3,81.50622847353648,101.0631500235548,95.0,0.9846208095995677,54.99352192802624,81.29546148449172,94.74097365000712,HIGH_PRODUCTION,0,0,159.3745656706046
2024-02-29 15:00:00,RIG_NORMAL,15,29,3,76.48634638588689,96.54620574624151,90.25132423467765,1.0763844429928584,59.72252201021146,79.19082946367388,97.20230351404966,HIGH_PRODUCTION,0,0,159.44405837387075
2024-02-29 16:00:00,RIG_NORMAL,16,29,3,69.94430868059086,100.63193591338613,91.54023546729968,0.9854591167065752,53.57652989471757,79.30364712742252,97.98523521626657,HIGH_PRODUCTION,0,0,159.51355107713692
2024-02-29 17:00:00,RIG_NORMAL,17,29,3,62.32594441603586,83.53429069608933,83.36595581053656,0.9127738063283101,53.18224231817349,74.82418481939247,93.63669874674724,HIGH_PRODUCTION,0,0,159.58304378040305
2024-02-29 18:00:00,RIG_NORMAL,18,29,3,54.150432526909064,79.85320511649658,78.29623675679042,0.9110448464375402,51.01423989736293,74.22356060550257,81.71725041374665,HIGH_PRODUCTION,0,0,159.65253648366922
2024-02-29 19:00:00,RIG_NORMAL,19,29,3,45.97492063778226,71.92725788521223,68.50770769472857,0.899290336355074,51.31767094093219,76.78355870580872,74.85507043415082,HIGH_PRODUCTION,0,0,159.72202918693537
2024-02-29 20:00:00,RIG_NORMAL,20,29,3,38.356556373227264,58.243111035865276,63.45728521675089,0.8544122369876029,43.770668649374656,68.6662081299535,68.41458567690455,HIGH_PRODUCTION,0,0,159.79152189020152
2024-02-29 21:00:00,RIG_NORMAL,21,29,3,36.10028835127271,55.907253837403545,56.43893146593287,0.9254413140668959,44.718896486773346,67.2562704976417,63.32230438597911,HIGH_PRODUCTION,0,0,159.8610145934677
2024-02-29 22:00:00,RIG_NORMAL,22,29,3,36.10028835127271,67.7845164994554,60.67626206755016,0.820699488513691,46.4228867658036,67.98093366574332,67.08827387310484,STANDBY,0,0,159.93050729673385
2024-02-29 23:00:00,RIG_NORMAL,23,29,3,36.10028835127271,52.74933225686762,53.22626365924312,0.8467736179171848,42.18963288895859,63.82467382344235,55.404294332676656,STANDBY,0,0,160.0
