timestamp,rig_id,hour,day,day_of_week,base_load,power_consumption,temperature,vibration,pressure,flow_rate,bearing_temperature,operational_mode,failure_indicator,failure_flag,estimated_rul
2024-01-01 00:00:00,RIG_NORMAL,0,1,0,40.0,32.8674604251,43.5571941127,0.4672482538,41.9018316504,60.3344589678,53.3974542405,STANDBY,0,0,60.0
2024-01-01 01:00:00,RIG_NORMAL,1,1,0,40.0,39.4659063446,43.7852818889,0.3855191329,39.8984788649,62.1387774361,43.5806152654,STANDBY,0,0,60.0694927033
2024-01-01 02:00:00,RIG_NORMAL,2,1,0,40.0,44.7464580168,49.3322956322,0.4529674698,44.2074747046,64.9763618679,55.059870328,STANDBY,0,0,60.1389854065
2024-01-01 03:00:00,RIG_NORMAL,3,1,0,40.0,44.7123700869,51.2495079822,0.36415195100000003,39.062516827,58.863329277,59.4271127853,STANDBY,0,0,60.2084781098
2024-01-01 04:00:00,RIG_NORMAL,4,1,0,42.5,28.7638468458,41.1092243618,0.45865792450000004,34.0634608276,59.6237499154,47.2486070389,STANDBY,0,0,60.2779708131
2024-01-01 05:00:00,RIG_NORMAL,5,1,0,50.9413334214,47.8810686111,55.3012290366,0.3788557235,45.7472174404,63.850107548,63.9974054425,STANDBY,0,0,60.3474635163
2024-01-01 06:00:00,RIG_NORMAL,6,1,0,60.0,59.3597679161,63.9843048883,0.4634330264,45.8855277918,68.4014288881,70.9155963497,HIGH_PRODUCTION,0,0,60.4169562196
2024-01-01 07:00:00,RIG_NORMAL,7,1,0,69.0586665786,72.979529302,76.7979867565,0.6031286982,50.3748331651,74.0954021315,83.5159260682,HIGH_PRODUCTION,0,0,60.4864489229
2024-01-01 08:00:00,RIG_NORMAL,8,1,0,77.5,81.4719377577,83.3773821646,0.47451479480000003,49.0766410304,72.2315370547,84.6191118967,HIGH_PRODUCTION,0,0,60.5559416261
2024-01-01 09:00:00,RIG_NORMAL,9,1,0,84.7487373415,80.9090126186,84.3229728251,0.5288256802,50.0528747424,75.5687054246,91.2740251084,HIGH_PRODUCTION,0,0,60.6254343294
2024-01-01 10:00:00,RIG_NORMAL,10,1,0,90.3108891325,97.2294641972,93.8951378646,0.5638907216,56.8050474165,81.6752115224,102.6005654366,HIGH_PRODUCTION,0,0,60.6949270327
2024-01-01 11:00:00,RIG_NORMAL,11,1,0,93.8074039201,93.1827404353,93.5845820973,0.6228379423,50.7436026816,78.8846325694,98.7058551218,HIGH_PRODUCTION,0,0,60.7644197359
2024-01-01 12:00:00,RIG_NORMAL,12,1,0,95.0,96.2618094814,95.0,0.5594056261,54.7478269917,74.488317422,101.5650981381,HIGH_PRODUCTION,0,0,60.8339124392
2024-01-01 13:00:00,RIG_NORMAL,13,1,0,93.8074039201,96.9026360281,95.0,0.6332420977000001,56.9112898833,73.3636503829,96.6467876698,HIGH_PRODUCTION,0,0,60.9034051425
2024-01-01 14:00:00,RIG_NORMAL,14,1,0,90.3108891325,89.2702229056,91.7866900159,0.5383423333,51.6049680985,80.403200567,97.0040888183,HIGH_PRODUCTION,0,0,60.9728978457
2024-01-01 15:00:00,RIG_NORMAL,15,1,0,84.7487373415,90.8977794463,88.6569529528,0.5685457602,54.9839083968,78.4452920644,95.1482457748,HIGH_PRODUCTION,0,0,61.042390549
2024-01-01 16:00:00,RIG_NORMAL,16,1,0,77.5,75.4759687994,80.5949874983,0.6195907784,47.5404570422,69.7443384581,82.6667009249,HIGH_PRODUCTION,0,0,61.1118832523
2024-01-01 17:00:00,RIG_NORMAL,17,1,0,69.0586665786,71.6500458568,75.7947699392,0.5099733552,49.302693396,69.7618195357,79.9226780836,HIGH_PRODUCTION,0,0,61.1813759555
2024-01-01 18:00:00,RIG_NORMAL,18,1,0,60.0,60.5373533162,65.2472136069,0.5645013981,43.7997355853,67.5737475169,72.4831848878,HIGH_PRODUCTION,0,0,61.2508686588
2024-01-01 19:00:00,RIG_NORMAL,19,1,0,50.9413334214,50.0359687694,58.8761244142,0.4809591515,38.732041929,69.3739522446,66.1882862398,HIGH_PRODUCTION,0,0,61.3203613621
2024-01-01 20:00:00,RIG_NORMAL,20,1,0,42.5,37.6323892258,47.7871813582,0.4654706254,42.0716073333,63.3816458644,49.2121787188,HIGH_PRODUCTION,0,0,61.3898540653
2024-01-01 21:00:00,RIG_NORMAL,21,1,0,40.0,50.6598880344,52.8932323194,0.4649900891,43.9200864019,64.9057285705,58.3495580417,HIGH_PRODUCTION,0,0,61.4593467686
2024-01-01 22:00:00,RIG_NORMAL,22,1,0,40.0,37.3869223813,47.2905899785,0.3530339323,40.712503773,63.1051711881,50.8174584284,STANDBY,0,0,61.5288394719
2024-01-01 23:00:00,RIG_NORMAL,23,1,0,40.0,32.362429364,44.3313573667,0.2707664252,39.6388399878,65.6636702703,48.1474248325,STANDBY,0,0,61.5983321751
2024-01-02 00:00:00,RIG_NORMAL,0,2,1,38.2644650435,37.7704880532,44.9523416533,0.3614791451,40.9742141301,58.1401826198,49.4220156204,STANDBY,0,0,61.6678248784
2024-01-02 01:00:00,RIG_NORMAL,1,2,1,38.2644650435,36.2252533499,41.6222385333,0.44511113090000004,39.4458742294,64.9978625671,48.8061752785,STANDBY,0,0,61.7373175817
2024-01-02 02:00:00,RIG_NORMAL,2,2,1,38.2644650435,43.087889995,49.1749131398,0.40108589800000005,40.4092302669,58.5930100165,57.6507145748,STANDBY,0,0,61.8068102849
2024-01-02 03:00:00,RIG_NORMAL,3,2,1,38.2644650435,42.6831311829,46.1943896331,0.3461130719,39.3347745063,62.4177131536,50.2897222838,STANDBY,0,0,61.8763029882
2024-01-02 04:00:00,RIG_NORMAL,4,2,1,40.6559941088,33.5070140573,47.8435228102,0.31789518110000003,42.8157216561,57.8398957806,47.8251431882,STANDBY,0,0,61.9457956915
2024-01-02 05:00:00,RIG_NORMAL,5,2,1,48.7310717994,49.8135968495,57.6595738233,0.5674125047,40.8729738402,67.1318075526,62.078850392,STANDBY,0,0,62.0152883947
2024-01-02 06:00:00,RIG_NORMAL,6,2,1,57.3966975653,53.5997186551,61.5651997658,0.4860045851,41.3492648565,70.7948144638,63.4871222713,HIGH_PRODUCTION,0,0,62.084781098
2024-01-02 07:00:00,RIG_NORMAL,7,2,1,66.0623233312,59.8632436168,70.6178492341,0.54723174,45.1055605406,70.6726988579,80.7094706957,HIGH_PRODUCTION,0,0,62.1542738013
2024-01-02 08:00:00,RIG_NORMAL,8,2,1,74.1374010218,65.4392112969,70.062490896,0.47915655840000004,46.5610386892,64.009673298,75.9525268307,HIGH_PRODUCTION,0,0,62.2237665045
2024-01-02 09:00:00,RIG_NORMAL,9,2,1,81.0716274372,80.8090326108,81.1615201719,0.6081338798,51.9353694099,76.9763836443,87.0296641902,HIGH_PRODUCTION,0,0,62.2932592078
2024-01-02 10:00:00,RIG_NORMAL,10,2,1,86.3924465065,86.3586748024,88.2895976576,0.6170916868,49.7715325025,77.3996702834,90.8561223951,HIGH_PRODUCTION,0,0,62.362751911
2024-01-02 11:00:00,RIG_NORMAL,11,2,1,89.7372532031,81.5494600466,88.764673774,0.6486341464000001,52.6520166872,76.1533927473,89.9730790104,HIGH_PRODUCTION,0,0,62.4322446143
2024-01-02 12:00:00,RIG_NORMAL,12,2,1,90.8781044784,98.372515191,95.0,0.625632007,52.8847883611,74.8503453051,103.0646195527,HIGH_PRODUCTION,0,0,62.5017373176
2024-01-02 13:00:00,RIG_NORMAL,13,2,1,89.7372532031,86.2594194041,91.417213298,0.617146073,46.9738791318,75.6114724327,97.7973218679,HIGH_PRODUCTION,0,0,62.5712300208
2024-01-02 14:00:00,RIG_NORMAL,14,2,1,86.3924465065,79.9911741834,83.5840148702,0.5532955009,52.9924762455,71.5237976513,88.3363942609,HIGH_PRODUCTION,0,0,62.6407227241
2024-01-02 15:00:00,RIG_NORMAL,15,2,1,81.0716274372,83.6370004117,89.1155598012,0.5376239036,49.7330789676,78.5054917767,98.5666307912,HIGH_PRODUCTION,0,0,62.7102154274
2024-01-02 16:00:00,RIG_NORMAL,16,2,1,74.1374010218,59.0277523987,71.0773869719,0.5552445361,44.9256028111,63.9386961477,74.3692165288,HIGH_PRODUCTION,0,0,62.7797081306
2024-01-02 17:00:00,RIG_NORMAL,17,2,1,66.0623233312,60.4499178763,65.7554019416,0.5372658184,46.9028637285,66.576737289,76.3112418726,HIGH_PRODUCTION,0,0,62.8492008339
2024-01-02 18:00:00,RIG_NORMAL,18,2,1,57.3966975653,63.8296850471,65.6904001335,0.5254814998,47.2322543461,64.5732569083,70.6389355703,HIGH_PRODUCTION,0,0,62.9186935372
2024-01-02 19:00:00,RIG_NORMAL,19,2,1,48.7310717994,53.347191983,62.548763357,0.4811477109,40.3044857169,70.2638028393,66.7852133149,HIGH_PRODUCTION,0,0,62.9881862404
2024-01-02 20:00:00,RIG_NORMAL,20,2,1,40.6559941088,36.4286215441,45.3824148479,0.39894753120000004,34.7269881706,57.3195996438,50.285087424,HIGH_PRODUCTION,0,0,63.0576789437
2024-01-02 21:00:00,RIG_NORMAL,21,2,1,38.2644650435,45.6456651873,50.1853537221,0.4469330696,41.0385931745,57.810939696,52.6844102648,HIGH_PRODUCTION,0,0,63.127171647
2024-01-02 22:00:00,RIG_NORMAL,22,2,1,38.2644650435,38.7208812135,48.1593359156,0.4263093969,44.2315369013,64.7516324071,56.1501951212,STANDBY,0,0,63.1966643502
2024-01-02 23:00:00,RIG_NORMAL,23,2,1,38.2644650435,38.2996123204,45.769495881,0.4240824322,37.9223192678,63.3209369707,52.3114284011,STANDBY,0,0,63.2661570535
2024-01-03 00:00:00,RIG_NORMAL,0,3,2,36.8726740701,36.5648037284,46.1828524764,0.42025659730000003,38.1763481033,58.6359180215,53.849448816,STANDBY,0,0,63.3356497568
2024-01-03 01:00:00,RIG_NORMAL,1,3,2,36.8726740701,44.3771776078,48.780102544100004,0.4113365392,44.224792404,61.2697174968,50.4678597008,STANDBY,0,0,63.40514246
2024-01-03 02:00:00,RIG_NORMAL,2,3,2,36.8726740701,42.4802895774,50.7257651194,0.3953227898,40.8891459919,65.8578330208,56.7063180017,STANDBY,0,0,63.4746351633
2024-01-03 03:00:00,RIG_NORMAL,3,3,2,36.8726740701,45.4062577327,47.3745104204,0.5210401693,44.3862103642,56.5903617462,50.2554387564,STANDBY,0,0,63.5441278666
2024-01-03 04:00:00,RIG_NORMAL,4,3,2,39.1772161995,45.904350173,52.9713369168,0.4621676725,44.05982648,59.8909358807,57.7672571,STANDBY,0,0,63.6136205698
2024-01-03 05:00:00,RIG_NORMAL,5,3,2,46.9585795986,52.0573875071,60.0365765645,0.44166649760000004,44.5687105771,66.8988299586,61.2004167006,STANDBY,0,0,63.6831132731
2024-01-03 06:00:00,RIG_NORMAL,6,3,2,55.3090111052,54.7935848918,64.9012632325,0.5387533360000001,42.7355597007,64.5700543296,67.3864626638,HIGH_PRODUCTION,0,0,63.7526059764
2024-01-03 07:00:00,RIG_NORMAL,7,3,2,63.6594426117,66.7659894641,70.0632014874,0.6191783191,44.9811448589,71.4125539196,78.2134366687,HIGH_PRODUCTION,0,0,63.8220986796
2024-01-03 08:00:00,RIG_NORMAL,8,3,2,71.4408060109,72.6506869783,78.2522528947,0.5360059497,47.3780720928,75.4138935336,84.932560236,HIGH_PRODUCTION,0,0,63.8915913829
2024-01-03 09:00:00,RIG_NORMAL,9,3,2,78.1228142462,76.1065063209,81.4516936373,0.7197256366,46.3899018148,75.9863684223,84.543099506,HIGH_PRODUCTION,0,0,63.9610840862
2024-01-03 10:00:00,RIG_NORMAL,10,3,2,83.2500994991,90.2973610038,89.6623688106,0.5248971713,51.2430346513,78.7881114603,92.6418934495,HIGH_PRODUCTION,0,0,64.0305767894
2024-01-03 11:00:00,RIG_NORMAL,11,3,2,86.4732457528,86.0405495924,91.1726387582,0.6351147702000001,49.1918993367,73.5236931927,92.7759242761,HIGH_PRODUCTION,0,0,64.1000694927
2024-01-03 12:00:00,RIG_NORMAL,12,3,2,87.5726009166,86.8444833805,90.6685069786,0.46379769270000004,52.1802714547,79.8430482431,93.6631160442,HIGH_PRODUCTION,0,0,64.169562196
2024-01-03 13:00:00,RIG_NORMAL,13,3,2,86.4732457528,83.4143521119,87.8589406801,0.5402220667000001,51.4151302955,72.935626804,90.0873071059,HIGH_PRODUCTION,0,0,64.2390548992
2024-01-03 14:00:00,RIG_NORMAL,14,3,2,83.2500994991,77.3529763198,81.0868610867,0.4818647755,48.5473437191,74.3916735832,90.1087301071,HIGH_PRODUCTION,0,0,64.3085476025
2024-01-03 15:00:00,RIG_NORMAL,15,3,2,78.1228142462,78.3395117835,84.8638496135,0.47694064150000004,50.1911126235,76.6039933768,89.4809455807,HIGH_PRODUCTION,0,0,64.3780403058
2024-01-03 16:00:00,RIG_NORMAL,16,3,2,71.4408060109,75.9948905779,80.0150876415,0.5196898945,47.6507259792,75.043223852,83.1360572315,HIGH_PRODUCTION,0,0,64.447533009
2024-01-03 17:00:00,RIG_NORMAL,17,3,2,63.6594426117,55.7228054766,62.5139421055,0.4819674466,46.902448888,64.6778626889,68.9507803679,HIGH_PRODUCTION,0,0,64.5170257123
2024-01-03 18:00:00,RIG_NORMAL,18,3,2,55.3090111052,59.4066801173,69.3723712529,0.4118453895,45.2409518574,65.6830070405,73.9849692277,HIGH_PRODUCTION,0,0,64.5865184156
2024-01-03 19:00:00,RIG_NORMAL,19,3,2,46.9585795986,44.2851326366,51.4007519108,0.4403958119,39.7133602004,64.7708535381,56.3995210405,HIGH_PRODUCTION,0,0,64.6560111188
2024-01-03 20:00:00,RIG_NORMAL,20,3,2,39.1772161995,41.9586820154,50.8684218267,0.4750668136,38.0901257666,58.9695162343,56.3878037955,HIGH_PRODUCTION,0,0,64.7255038221
2024-01-03 21:00:00,RIG_NORMAL,21,3,2,36.8726740701,35.1753114864,43.0119550372,0.4716728825,40.0567513104,57.5755534771,46.214923479,HIGH_PRODUCTION,0,0,64.7949965254
2024-01-03 22:00:00,RIG_NORMAL,22,3,2,36.8726740701,43.5303495633,47.6741735187,0.49008362710000003,42.5787338964,62.7779610709,54.904222347,STANDBY,0,0,64.8644892286
2024-01-03 23:00:00,RIG_NORMAL,23,3,2,36.8726740701,46.8300104617,47.0367470989,0.4671780089,42.8294715117,63.2831135289,52.1186848987,STANDBY,0,0,64.93398193190001
2024-01-04 00:00:00,RIG_NORMAL,0,4,3,36.1002883513,31.8960910566,43.8299191629,0.3532201232,39.9245132201,57.6300576734,46.9911535659,STANDBY,0,0,65.0034746352
2024-01-04 01:00:00,RIG_NORMAL,1,4,3,36.1002883513,41.8448665673,48.8576604266,0.47643097040000004,40.3798223833,52.8121074226,55.8359923971,STANDBY,0,0,65.0729673384
2024-01-04 02:00:00,RIG_NORMAL,2,4,3,36.1002883513,35.4122562333,46.0002264891,0.3890909164,40.2743703404,60.2172784749,52.1571194007,STANDBY,0,0,65.1424600417
2024-01-04 03:00:00,RIG_NORMAL,3,4,3,36.1002883513,38.0381047208,46.6284273029,0.3666606905,39.5403682795,65.5434054655,51.8108234852,STANDBY,0,0,65.211952745
2024-01-04 04:00:00,RIG_NORMAL,4,4,3,38.3565563732,43.4926635261,53.395308721,0.4158806426,38.8179905387,63.5884927659,53.0647283056,STANDBY,0,0,65.2814454482
2024-01-04 05:00:00,RIG_NORMAL,5,4,3,45.9749206378,40.6469515096,50.8208656077,0.44542667880000003,37.7604087761,64.916262308,57.7276944683,STANDBY,0,0,65.3509381515
2024-01-04 06:00:00,RIG_NORMAL,6,4,3,54.1504325269,53.7660069841,65.4185330094,0.4907421384,41.1003682536,63.9725242419,68.2776699288,HIGH_PRODUCTION,0,0,65.4204308548
2024-01-04 07:00:00,RIG_NORMAL,7,4,3,62.325944416,63.6153526001,72.0307300845,0.5081373976,41.6445565416,68.4460044,77.2971268448,HIGH_PRODUCTION,0,0,65.489923558
2024-01-04 08:00:00,RIG_NORMAL,8,4,3,69.9443086806,77.3032906373,83.2036957835,0.6202085264,45.8887761172,68.8541212081,88.3575208632,HIGH_PRODUCTION,0,0,65.5594162613
2024-01-04 09:00:00,RIG_NORMAL,9,4,3,76.4863463859,79.6342954464,87.6043975919,0.6062006501,49.8557996347,80.6615063357,92.3850786456,HIGH_PRODUCTION,0,0,65.6289089646
2024-01-04 10:00:00,RIG_NORMAL,10,4,3,81.5062284735,81.4844236743,84.078245966,0.6087188792,46.1649044603,71.2022022241,88.0139417678,HIGH_PRODUCTION,0,0,65.6984016678
2024-01-04 11:00:00,RIG_NORMAL,11,4,3,84.661858275,85.1136688195,86.9151230646,0.5337989515,49.1396817106,80.6723985,93.105404655,HIGH_PRODUCTION,0,0,65.7678943711
2024-01-04 12:00:00,RIG_NORMAL,12,4,3,85.7381848343,98.1621153771,94.9200828431,0.5880681747000001,53.5872963683,85.290531385,99.3023109472,HIGH_PRODUCTION,0,0,65.8373870744
2024-01-04 13:00:00,RIG_NORMAL,13,4,3,84.661858275,89.2147227793,92.004646497,0.5599197770000001,53.7005780862,75.7070992879,95.0592414174,HIGH_PRODUCTION,0,0,65.9068797776
2024-01-04 14:00:00,RIG_NORMAL,14,4,3,81.5062284735,85.2083130125,86.8018177512,0.6473145764,55.7422971553,75.9029238417,93.3306407222,HIGH_PRODUCTION,0,0,65.9763724809
2024-01-04 15:00:00,RIG_NORMAL,15,4,3,76.4863463859,84.6213211301,84.7838523798,0.5049207195000001,50.7878999037,76.2336103519,90.5699230519,HIGH_PRODUCTION,0,0,66.0458651842
2024-01-04 16:00:00,RIG_NORMAL,16,4,3,69.9443086806,80.1605434825,82.4893444765,0.5641421858,47.8594401176,78.0508422802,87.1426912581,HIGH_PRODUCTION,0,0,66.1153578874
2024-01-04 17:00:00,RIG_NORMAL,17,4,3,62.325944416,61.6442994188,66.8204976642,0.516527395,44.6278100045,68.3541971928,66.0947884792,HIGH_PRODUCTION,0,0,66.1848505907
2024-01-04 18:00:00,RIG_NORMAL,18,4,3,54.1504325269,60.8079112427,68.8827444794,0.5541137604,47.8939574905,71.3083157482,72.3582825571,HIGH_PRODUCTION,0,0,66.254343294
2024-01-04 19:00:00,RIG_NORMAL,19,4,3,45.9749206378,53.1256918882,53.7955148326,0.5714023273000001,45.5854057529,61.9069735504,57.1554251699,HIGH_PRODUCTION,0,0,66.3238359972
2024-01-04 20:00:00,RIG_NORMAL,20,4,3,38.3565563732,38.3968946881,47.2903882596,0.4479048881,42.3287170577,61.5657536543,51.6791574911,HIGH_PRODUCTION,0,0,66.3933287005
2024-01-04 21:00:00,RIG_NORMAL,21,4,3,36.1002883513,40.6130527377,47.791386742,0.4655251756,42.7721717839,56.835553505600004,48.3631388983,HIGH_PRODUCTION,0,0,66.4628214038
2024-01-04 22:00:00,RIG_NORMAL,22,4,3,36.1002883513,35.7453206978,46.1189990854,0.4397487108,36.8349052408,58.9967980847,49.5739362183,STANDBY,0,0,66.532314107
2024-01-04 23:00:00,RIG_NORMAL,23,4,3,36.1002883513,35.3675589828,42.7111263268,0.45999845170000003,36.3132065073,59.2046663739,47.1001661341,STANDBY,0,0,66.6018068103
2024-01-05 00:00:00,RIG_NORMAL,0,5,4,36.1002883513,32.0861003183,48.2603392489,0.393179139,35.0131855143,57.0992206732,54.0877295139,STANDBY,0,0,66.6712995136
2024-01-05 01:00:00,RIG_NORMAL,1,5,4,36.1002883513,36.230509773,45.3257056079,0.5214194038000001,38.0361475615,61.2582040445,47.9452243829,STANDBY,0,0,66.7407922168
2024-01-05 02:00:00,RIG_NORMAL,2,5,4,36.1002883513,36.822774283,44.3370883036,0.4468194574,38.5838339791,63.4419787094,53.1326104532,STANDBY,0,0,66.8102849201
2024-01-05 03:00:00,RIG_NORMAL,3,5,4,36.1002883513,42.7290814508,50.2903864112,0.4367510753,41.9963905296,62.2070583341,57.0125793262,STANDBY,0,0,66.8797776233
2024-01-05 04:00:00,RIG_NORMAL,4,5,4,38.3565563732,34.6542451503,45.9700862144,0.3629978464,38.9930908147,58.3061024839,54.2526486313,STANDBY,0,0,66.9492703266
2024-01-05 05:00:00,RIG_NORMAL,5,5,4,45.9749206378,61.7495158449,64.424423552,0.5285435923,43.6893498514,69.7987422044,71.6347216637,STANDBY,0,0,67.0187630299
2024-01-05 06:00:00,RIG_NORMAL,6,5,4,54.1504325269,59.5016975502,67.0376219926,0.5736187939,45.8395232566,64.9683164967,71.8309288963,HIGH_PRODUCTION,0,0,67.0882557331
2024-01-05 07:00:00,RIG_NORMAL,7,5,4,62.325944416,62.1159997138,71.6455118746,0.4951658385,44.2665453678,70.6157935953,76.0856089014,HIGH_PRODUCTION,0,0,67.1577484364
2024-01-05 08:00:00,RIG_NORMAL,8,5,4,69.9443086806,71.4456462734,73.8359766097,0.5685081762,50.817455406,73.1931574612,81.3021193585,HIGH_PRODUCTION,0,0,67.2272411397
2024-01-05 09:00:00,RIG_NORMAL,9,5,4,76.4863463859,66.6046942658,73.2722673968,0.5445082641,47.2193621347,73.7158721405,76.9064585155,HIGH_PRODUCTION,0,0,67.2967338429
2024-01-05 10:00:00,RIG_NORMAL,10,5,4,81.5062284735,75.6426327803,82.8850768496,0.5793241763,50.2154235454,67.8439268843,87.6611252559,HIGH_PRODUCTION,0,0,67.3662265462
2024-01-05 11:00:00,RIG_NORMAL,11,5,4,84.661858275,80.4403497986,86.3491053683,0.501396646,50.5385822632,73.690755815,89.4681620243,HIGH_PRODUCTION,0,0,67.4357192495
2024-01-05 12:00:00,RIG_NORMAL,12,5,4,85.7381848343,88.3531796507,91.4025958812,0.5946837965,50.5411192344,73.1811424678,99.4051666034,HIGH_PRODUCTION,0,0,67.5052119527
2024-01-05 13:00:00,RIG_NORMAL,13,5,4,84.661858275,77.4966512046,85.8013913421,0.5667359602,48.554211597,64.3639686394,85.5654597055,HIGH_PRODUCTION,0,0,67.574704656
2024-01-05 14:00:00,RIG_NORMAL,14,5,4,81.5062284735,74.5529796381,82.9439513013,0.5440250870000001,49.7052406956,71.4391410019,91.1144509943,HIGH_PRODUCTION,0,0,67.6441973593
2024-01-05 15:00:00,RIG_NORMAL,15,5,4,76.4863463859,80.2189640115,86.5143959749,0.5247075453,50.4719988327,78.8177217302,94.9106454817,HIGH_PRODUCTION,0,0,67.7136900625
2024-01-05 16:00:00,RIG_NORMAL,16,5,4,69.9443086806,77.9890580823,83.0070237742,0.5544354147,51.2522647686,76.781298263,88.421291791,HIGH_PRODUCTION,0,0,67.7831827658
2024-01-05 17:00:00,RIG_NORMAL,17,5,4,62.325944416,69.0017255331,73.7043811494,0.585931348,47.7750147303,70.4388487214,83.3626923402,HIGH_PRODUCTION,0,0,67.8526754691
2024-01-05 18:00:00,RIG_NORMAL,18,5,4,54.1504325269,58.2977219732,65.8027707133,0.49718287520000004,45.2409367043,68.196101498,65.7322703856,HIGH_PRODUCTION,0,0,67.9221681723
2024-01-05 19:00:00,RIG_NORMAL,19,5,4,45.9749206378,43.8812564759,54.8017982531,0.4614109051,42.7119065807,65.0270714819,61.8206681014,HIGH_PRODUCTION,0,0,67.9916608756
2024-01-05 20:00:00,RIG_NORMAL,20,5,4,38.3565563732,34.7075853919,47.1582320651,0.4440306492,35.1698926966,59.0425157715,49.2878117231,HIGH_PRODUCTION,0,0,68.0611535789
2024-01-05 21:00:00,RIG_NORMAL,21,5,4,36.1002883513,44.7158100221,51.923752323,0.46720199710000004,40.1298402085,61.8795689606,59.681347115,HIGH_PRODUCTION,0,0,68.1306462821
2024-01-05 22:00:00,RIG_NORMAL,22,5,4,36.1002883513,32.3790361546,42.8225930026,0.4678576588,39.2387923923,61.3725591788,42.4898580255,STANDBY,0,0,68.2001389854
2024-01-05 23:00:00,RIG_NORMAL,23,5,4,36.1002883513,39.0203505307,45.5392078259,0.41088851130000004,37.6410458245,67.8831166224,54.3597768006,STANDBY,0,0,68.2696316887
2024-01-06 00:00:00,RIG_NORMAL,0,6,5,36.8726740701,29.0442621778,40.947605913,0.4004277906,37.4165567773,59.7815822803,44.1691322634,STANDBY,0,0,68.3391243919
2024-01-06 01:00:00,RIG_NORMAL,1,6,5,36.8726740701,36.41679991,42.0749245732,0.39269228310000004,39.680998812,62.1535950887,43.8894648226,STANDBY,0,0,68.4086170952
2024-01-06 02:00:00,RIG_NORMAL,2,6,5,36.8726740701,32.448855813,40.0950207898,0.36116934230000003,35.076502342,56.5658437241,41.126081553,STANDBY,0,0,68.4781097985
2024-01-06 03:00:00,RIG_NORMAL,3,6,5,36.8726740701,39.5981453356,52.960284429,0.4736843412,42.6183542494,60.6375005098,58.0591826596,STANDBY,0,0,68.5476025017
2024-01-06 04:00:00,RIG_NORMAL,4,6,5,39.1772161995,44.1591754825,53.134788761,0.5084630257,42.4270886944,61.1773861424,61.8934346927,STANDBY,0,0,68.617095205
2024-01-06 05:00:00,RIG_NORMAL,5,6,5,46.9585795986,40.5539564235,52.9353829106,0.44132118330000003,40.8703814205,62.3808126028,59.0107599079,STANDBY,0,0,68.6865879083
2024-01-06 06:00:00,RIG_NORMAL,6,6,5,55.3090111052,57.5177029468,64.8428073457,0.4816892613,42.6064670584,68.9805103086,62.2946048619,HIGH_PRODUCTION,0,0,68.7560806115
2024-01-06 07:00:00,RIG_NORMAL,7,6,5,63.6594426117,67.3771571439,74.240686859,0.5234921964,49.7026208098,70.8244859136,81.0433370033,HIGH_PRODUCTION,0,0,68.8255733148
2024-01-06 08:00:00,RIG_NORMAL,8,6,5,71.4408060109,68.5153330368,74.9882872663,0.4524249703,43.5647608058,70.1475416388,75.6146925563,HIGH_PRODUCTION,0,0,68.8950660181
2024-01-06 09:00:00,RIG_NORMAL,9,6,5,78.1228142462,77.9952121311,85.6567007783,0.5627006647,49.7225702103,70.3801122415,92.2984503437,HIGH_PRODUCTION,0,0,68.9645587213
2024-01-06 10:00:00,RIG_NORMAL,10,6,5,83.2500994991,90.5555561061,89.3505146534,0.5391512233,50.5776426689,73.086580746,95.9722181636,HIGH_PRODUCTION,0,0,69.0340514246
2024-01-06 11:00:00,RIG_NORMAL,11,6,5,86.4732457528,97.2403144706,92.5009497967,0.5571173812,57.9116353614,84.1260719046,100.198667318,HIGH_PRODUCTION,0,0,69.1035441279
2024-01-06 12:00:00,RIG_NORMAL,12,6,5,87.5726009166,87.5888539371,91.6007375118,0.5960929615,50.9131054546,76.1350488134,96.3419523779,HIGH_PRODUCTION,0,0,69.1730368311
2024-01-06 13:00:00,RIG_NORMAL,13,6,5,86.4732457528,89.2996497145,90.5320862651,0.6560076421000001,53.3242961292,75.8445637817,93.0176525863,HIGH_PRODUCTION,0,0,69.2425295344
2024-01-06 14:00:00,RIG_NORMAL,14,6,5,83.2500994991,87.8317250109,85.9780933137,0.5846241731,50.5802215591,76.6268866926,92.8462661356,HIGH_PRODUCTION,0,0,69.3120222377
2024-01-06 15:00:00,RIG_NORMAL,15,6,5,78.1228142462,89.0470452998,87.1148025676,0.6964499199,50.7968494927,74.3134690256,98.5643615087,HIGH_PRODUCTION,0,0,69.3815149409
2024-01-06 16:00:00,RIG_NORMAL,16,6,5,71.4408060109,74.2095828528,79.5088049793,0.5941740391,50.6913860173,74.1299366884,80.4380912432,HIGH_PRODUCTION,0,0,69.4510076442
2024-01-06 17:00:00,RIG_NORMAL,17,6,5,63.6594426117,62.8609946243,69.6309327562,0.5182114645,46.3987040885,62.7607954055,70.5727045998,HIGH_PRODUCTION,0,0,69.5205003475
2024-01-06 18:00:00,RIG_NORMAL,18,6,5,55.3090111052,53.9963134866,65.0283729513,0.5958926792,41.0449453329,61.7802575223,68.6679553043,HIGH_PRODUCTION,0,0,69.5899930507
2024-01-06 19:00:00,RIG_NORMAL,19,6,5,46.9585795986,51.2766465567,57.6417125222,0.39991056150000004,46.3151471121,64.2128512014,62.4396348988,HIGH_PRODUCTION,0,0,69.659485754
2024-01-06 20:00:00,RIG_NORMAL,20,6,5,39.1772161995,36.5172811153,46.2415266827,0.4855778016,41.1302160255,62.3897925193,46.9799394671,HIGH_PRODUCTION,0,0,69.7289784573
2024-01-06 21:00:00,RIG_NORMAL,21,6,5,36.8726740701,42.063927873,53.0733304174,0.5220141387,41.5731404201,63.082864538,60.1282914842,HIGH_PRODUCTION,0,0,69.7984711605
2024-01-06 22:00:00,RIG_NORMAL,22,6,5,36.8726740701,35.8688961241,43.3553775543,0.42002292100000005,34.7679677801,65.8879627952,50.6334429541,STANDBY,0,0,69.8679638638
2024-01-06 23:00:00,RIG_NORMAL,23,6,5,36.8726740701,44.5281594879,47.9997007289,0.5434683896,43.9202958047,66.0020133595,51.330683461,STANDBY,0,0,69.9374565671
2024-01-07 00:00:00,RIG_NORMAL,0,7,6,38.2644650435,43.9502145997,47.5321262624,0.43328016900000005,41.6952109997,66.9344471362,55.0629358732,STANDBY,0,0,70.0069492703
2024-01-07 01:00:00,RIG_NORMAL,1,7,6,38.2644650435,40.3860282913,43.4058686914,0.45359975820000004,41.871365551,60.4922178891,54.662737458,STANDBY,0,0,70.0764419736
2024-01-07 02:00:00,RIG_NORMAL,2,7,6,38.2644650435,42.1101127291,49.3633341983,0.4838922191,42.6950483309,62.3241195461,52.5400859771,STANDBY,0,0,70.1459346769
2024-01-07 03:00:00,RIG_NORMAL,3,7,6,38.2644650435,33.6288220034,44.0815084608,0.42180610690000003,34.7046550019,58.6480776247,42.3994778882,STANDBY,0,0,70.2154273801
2024-01-07 04:00:00,RIG_NORMAL,4,7,6,40.6559941088,39.6504069507,49.4913801467,0.43210228780000004,37.8012932093,60.7184173356,53.1433205563,STANDBY,0,0,70.2849200834
2024-01-07 05:00:00,RIG_NORMAL,5,7,6,48.7310717994,45.4762687319,54.4459614642,0.4467060821,46.6370441654,64.2358233634,62.928551777,STANDBY,0,0,70.3544127867
2024-01-07 06:00:00,RIG_NORMAL,6,7,6,57.3966975653,58.0515637606,62.3219171391,0.4986756852,42.2257618145,64.9493836656,64.5962273358,HIGH_PRODUCTION,0,0,70.4239054899
2024-01-07 07:00:00,RIG_NORMAL,7,7,6,66.0623233312,65.2869339744,70.963948272,0.5905134877,48.459206555,71.8358250271,71.5349269574,HIGH_PRODUCTION,0,0,70.4933981932
2024-01-07 08:00:00,RIG_NORMAL,8,7,6,74.1374010218,82.5766226581,84.83088863,0.6741535369,51.5557583112,74.4450269704,93.507745943,HIGH_PRODUCTION,0,0,70.5628908965
2024-01-07 09:00:00,RIG_NORMAL,9,7,6,81.0716274372,90.5165143338,92.152882958,0.49975725730000004,52.5546178219,74.959659213,93.5060572168,HIGH_PRODUCTION,0,0,70.6323835997
2024-01-07 10:00:00,RIG_NORMAL,10,7,6,86.3924465065,74.9634339688,83.93237235,0.6036865290000001,47.1017210817,70.6476618415,87.5105258813,HIGH_PRODUCTION,0,0,70.701876303
2024-01-07 11:00:00,RIG_NORMAL,11,7,6,89.7372532031,94.0579384765,95.0,0.5871632077,52.5755755279,77.6597840429,106.5413032903,HIGH_PRODUCTION,0,0,70.7713690063
2024-01-07 12:00:00,RIG_NORMAL,12,7,6,90.8781044784,106.6551312751,95.0,0.7182606554000001,56.9857153824,83.4603348575,99.6359270155,HIGH_PRODUCTION,0,0,70.8408617095
2024-01-07 13:00:00,RIG_NORMAL,13,7,6,89.7372532031,83.8270419151,88.3648107298,0.6383748218,49.9198212834,75.3777219301,94.6171658772,HIGH_PRODUCTION,0,0,70.9103544128
2024-01-07 14:00:00,RIG_NORMAL,14,7,6,86.3924465065,94.8483814355,95.0,0.585909417,54.2363870007,80.3668311557,99.6875564022,HIGH_PRODUCTION,0,0,70.9798471161
2024-01-07 15:00:00,RIG_NORMAL,15,7,6,81.0716274372,88.7521139698,86.0987035224,0.583705067,50.0705133474,77.6468382325,89.1060856143,HIGH_PRODUCTION,0,0,71.0493398193
2024-01-07 16:00:00,RIG_NORMAL,16,7,6,74.1374010218,75.4990611415,79.3758893617,0.5554072933,47.5530440337,75.263550097,83.0190278232,HIGH_PRODUCTION,0,0,71.1188325226
2024-01-07 17:00:00,RIG_NORMAL,17,7,6,66.0623233312,73.2028896648,75.0164171245,0.6048465356,47.4256670897,74.9632549683,78.3750792551,HIGH_PRODUCTION,0,0,71.1883252259
2024-01-07 18:00:00,RIG_NORMAL,18,7,6,57.3966975653,57.6880314988,67.0256767492,0.5199500114,44.9626466371,63.6812143281,72.1348658174,HIGH_PRODUCTION,0,0,71.2578179291
2024-01-07 19:00:00,RIG_NORMAL,19,7,6,48.7310717994,45.7526153142,52.4804491837,0.44157329980000004,42.0779730409,60.3620759192,60.4926566468,HIGH_PRODUCTION,0,0,71.3273106324
2024-01-07 20:00:00,RIG_NORMAL,20,7,6,40.6559941088,58.8415898155,57.6942392998,0.49751818140000004,43.4383133427,70.8928047071,61.9840268063,HIGH_PRODUCTION,0,0,71.3968033356
2024-01-07 21:00:00,RIG_NORMAL,21,7,6,38.2644650435,40.3329535682,51.7393319051,0.5059327696,42.5568520842,62.7056766601,58.9744446259,HIGH_PRODUCTION,0,0,71.4662960389
2024-01-07 22:00:00,RIG_NORMAL,22,7,6,38.2644650435,39.9512915978,43.4638276093,0.5135579194000001,39.7463634221,68.7600432927,51.2100139741,STANDBY,0,0,71.5357887422
2024-01-07 23:00:00,RIG_NORMAL,23,7,6,38.2644650435,42.4222548509,44.0114791082,0.3974541878,40.3992567376,62.2866822608,51.0057126739,STANDBY,0,0,71.6052814454
2024-01-08 00:00:00,RIG_NORMAL,0,8,0,40.0,45.1802948571,48.1877726695,0.4939026232,44.0699964831,66.1655767768,51.0579843772,STANDBY,0,0,71.6747741487
2024-01-08 01:00:00,RIG_NORMAL,1,8,0,40.0,51.8324291577,53.9565521993,0.43855402060000004,43.9816191191,65.2993421934,61.6682592,STANDBY,0,0,71.744266852
2024-01-08 02:00:00,RIG_NORMAL,2,8,0,40.0,48.3080543666,51.6974585065,0.5147628504,42.0827430122,65.2506152799,51.5811060212,STANDBY,0,0,71.8137595552
2024-01-08 03:00:00,RIG_NORMAL,3,8,0,40.0,42.6206886655,45.0760756657,0.47349637390000004,41.282406203,59.9452156617,49.0761335009,STANDBY,0,0,71.8832522585
2024-01-08 04:00:00,RIG_NORMAL,4,8,0,42.5,52.0509460023,57.1839584685,0.5267348427,39.3506333675,64.3851241479,60.4769887534,STANDBY,0,0,71.9527449618
2024-01-08 05:00:00,RIG_NORMAL,5,8,0,50.9413334214,55.0857546708,63.1852443869,0.4561427118,42.6043329764,67.6165981399,72.7022519587,STANDBY,0,0,72.022237665
2024-01-08 06:00:00,RIG_NORMAL,6,8,0,60.0,59.6665203647,63.7114308838,0.6114900498,41.6098855653,67.2732111575,73.5022095465,HIGH_PRODUCTION,0,0,72.0917303683
2024-01-08 07:00:00,RIG_NORMAL,7,8,0,69.0586665786,77.8031945825,79.7084080978,0.6236225476,47.5580489212,73.6208666281,86.2302694632,HIGH_PRODUCTION,0,0,72.1612230716
2024-01-08 08:00:00,RIG_NORMAL,8,8,0,77.5,74.2586938916,80.5227267037,0.5732513739,51.3587120506,75.3410572846,83.4213909462,HIGH_PRODUCTION,0,0,72.2307157748
2024-01-08 09:00:00,RIG_NORMAL,9,8,0,84.7487373415,95.5122439282,92.1887617192,0.7051152155,52.4818886989,79.0286731381,96.6370665888,HIGH_PRODUCTION,0,0,72.3002084781
2024-01-08 10:00:00,RIG_NORMAL,10,8,0,90.3108891325,98.1352715241,93.3325232216,0.7367963276,58.7877314341,76.6710852601,97.7585399321,HIGH_PRODUCTION,0,0,72.3697011814
2024-01-08 11:00:00,RIG_NORMAL,11,8,0,93.8074039201,95.9533994056,90.9714683568,0.6152204520000001,51.8556898283,76.0404255778,98.9527426528,HIGH_PRODUCTION,0,0,72.4391938846
2024-01-08 12:00:00,RIG_NORMAL,12,8,0,95.0,101.393823065,95.0,0.6431130664,56.1928464218,82.9733152217,101.371626026,HIGH_PRODUCTION,0,0,72.5086865879
2024-01-08 13:00:00,RIG_NORMAL,13,8,0,93.8074039201,95.8296026741,95.0,0.6777922456000001,55.3915791748,76.7799008367,100.0725989684,HIGH_PRODUCTION,0,0,72.5781792912
2024-01-08 14:00:00,RIG_NORMAL,14,8,0,90.3108891325,96.5916859245,95.0,0.5496479904,54.4566547778,79.6596994235,97.8782190331,HIGH_PRODUCTION,0,0,72.6476719944
2024-01-08 15:00:00,RIG_NORMAL,15,8,0,84.7487373415,81.3218221877,83.6736811864,0.5674209135,49.8418475556,71.897749821,87.3895881338,HIGH_PRODUCTION,0,0,72.7171646977
2024-01-08 16:00:00,RIG_NORMAL,16,8,0,77.5,80.455306867,80.9442695792,0.5561105319,47.7520474186,73.9304161731,82.0694415078,HIGH_PRODUCTION,0,0,72.786657401
2024-01-08 17:00:00,RIG_NORMAL,17,8,0,69.0586665786,68.1793549737,69.1767904949,0.5684245172,49.7236885703,69.6037237968,77.2312471209,HIGH_PRODUCTION,0,0,72.8561501042
2024-01-08 18:00:00,RIG_NORMAL,18,8,0,60.0,75.1954504395,76.7579373314,0.5203880455000001,52.9106536458,74.5010329777,80.4562371157,HIGH_PRODUCTION,0,0,72.9256428075
2024-01-08 19:00:00,RIG_NORMAL,19,8,0,50.9413334214,55.242543254,57.8529794798,0.4707003516,40.6730915861,68.2401793469,60.9622563303,HIGH_PRODUCTION,0,0,72.9951355108
2024-01-08 20:00:00,RIG_NORMAL,20,8,0,42.5,45.9419647331,52.6070106402,0.5774391443,39.8874610156,60.8902474609,59.8862158568,HIGH_PRODUCTION,0,0,73.064628214
2024-01-08 21:00:00,RIG_NORMAL,21,8,0,40.0,43.3459498017,52.009350137,0.5747528007,41.2716221472,64.9761384407,57.7528141129,HIGH_PRODUCTION,0,0,73.1341209173
2024-01-08 22:00:00,RIG_NORMAL,22,8,0,40.0,39.9285922794,45.5214632678,0.5499780754,37.1740168821,64.7068820754,48.5797171751,STANDBY,0,0,73.2036136206
2024-01-08 23:00:00,RIG_NORMAL,23,8,0,40.0,46.6242761876,48.2217647895,0.4055464903,41.6802386061,67.1426099655,49.248663165,STANDBY,0,0,73.2731063238
2024-01-09 00:00:00,RIG_NORMAL,0,9,1,38.2644650435,43.788556583,50.024359707,0.47535642570000003,40.4358733031,64.3038648148,55.5931524395,STANDBY,0,0,73.3425990271
2024-01-09 01:00:00,RIG_NORMAL,1,9,1,38.2644650435,36.33043908,44.168260215,0.4532974086,36.0825611889,63.5410803733,46.0531773623,STANDBY,0,0,73.4120917304
2024-01-09 02:00:00,RIG_NORMAL,2,9,1,38.2644650435,40.5000719931,46.3456057415,0.5651442105,37.9805373145,63.5390639574,50.8269909689,STANDBY,0,0,73.4815844336
2024-01-09 03:00:00,RIG_NORMAL,3,9,1,38.2644650435,36.0727787124,46.4064181701,0.4902115765,39.6162509649,61.7793389125,56.3126921937,STANDBY,0,0,73.5510771369
2024-01-09 04:00:00,RIG_NORMAL,4,9,1,40.6559941088,45.1872521081,52.9048320799,0.414650301,43.28374111,56.778165305,54.8705768432,STANDBY,0,0,73.6205698402
2024-01-09 05:00:00,RIG_NORMAL,5,9,1,48.7310717994,53.0936284738,55.610006227,0.5421467562,42.9854941433,63.9234332226,57.2839964369,STANDBY,0,0,73.6900625434
2024-01-09 06:00:00,RIG_NORMAL,6,9,1,57.3966975653,62.613607853,65.4593613277,0.5006131531,48.5151065203,66.7442104065,71.6081153665,HIGH_PRODUCTION,0,0,73.7595552467
2024-01-09 07:00:00,RIG_NORMAL,7,9,1,66.0623233312,65.7625794873,73.8273347554,0.5466683041,46.5237383868,67.2035364255,80.0665274654,HIGH_PRODUCTION,0,0,73.82904795
2024-01-09 08:00:00,RIG_NORMAL,8,9,1,74.1374010218,79.2993590852,79.9994751004,0.5683643771,48.9141810548,70.5246396398,87.5904879392,HIGH_PRODUCTION,0,0,73.8985406532
2024-01-09 09:00:00,RIG_NORMAL,9,9,1,81.0716274372,75.274640099,79.5876952246,0.5950820384000001,48.5118162302,72.9757582854,89.7886422506,HIGH_PRODUCTION,0,0,73.9680333565
2024-01-09 10:00:00,RIG_NORMAL,10,9,1,86.3924465065,90.2348866351,91.8338714637,0.65555061,54.2347235926,75.500147393,98.3868820917,HIGH_PRODUCTION,0,0,74.0375260598
2024-01-09 11:00:00,RIG_NORMAL,11,9,1,89.7372532031,89.9500004919,92.6873258302,0.641262054,53.7415327425,78.41514681,96.462494372,HIGH_PRODUCTION,0,0,74.107018763
2024-01-09 12:00:00,RIG_NORMAL,12,9,1,90.8781044784,96.5227112931,95.0,0.6171994706,54.9424833798,75.9524341143,103.1578840988,HIGH_PRODUCTION,0,0,74.1765114663
2024-01-09 13:00:00,RIG_NORMAL,13,9,1,89.7372532031,97.0103526686,95.0,0.6507960137000001,55.7721408742,77.9356040342,100.7696426303,HIGH_PRODUCTION,0,0,74.2460041696
2024-01-09 14:00:00,RIG_NORMAL,14,9,1,86.3924465065,86.5856645696,90.534796568,0.5627287855,53.4854182802,77.0224514373,97.0914130013,HIGH_PRODUCTION,0,0,74.3154968728
2024-01-09 15:00:00,RIG_NORMAL,15,9,1,81.0716274372,91.7620586227,89.89523494150001,0.6208211951,52.2900093094,78.732940203,91.2733191206,HIGH_PRODUCTION,0,0,74.3849895761
2024-01-09 16:00:00,RIG_NORMAL,16,9,1,74.1374010218,65.7427700207,75.5397673275,0.522996871,44.9081617099,66.9965287988,80.9462459009,HIGH_PRODUCTION,0,0,74.4544822794
2024-01-09 17:00:00,RIG_NORMAL,17,9,1,66.0623233312,65.1860767892,74.5345688942,0.4318726362,48.1630394621,63.880609684,85.5397352457,HIGH_PRODUCTION,0,0,74.5239749826
2024-01-09 18:00:00,RIG_NORMAL,18,9,1,57.3966975653,57.0989312127,61.0632323918,0.5387899998,42.4346183099,63.9536970081,65.9286276951,HIGH_PRODUCTION,0,0,74.5934676859
2024-01-09 19:00:00,RIG_NORMAL,19,9,1,48.7310717994,55.0871115892,65.692669509,0.4841123848,46.0197130859,71.7396967017,69.3581562117,HIGH_PRODUCTION,0,0,74.6629603892
2024-01-09 20:00:00,RIG_NORMAL,20,9,1,40.6559941088,45.6015485889,57.079355447,0.43616420770000003,41.8394263773,60.9477208046,68.9183852494,HIGH_PRODUCTION,0,0,74.7324530924
2024-01-09 21:00:00,RIG_NORMAL,21,9,1,38.2644650435,38.7360928582,49.6411085432,0.5390239498,41.9203972313,61.5008215333,56.9252600853,HIGH_PRODUCTION,0,0,74.8019457957
2024-01-09 22:00:00,RIG_NORMAL,22,9,1,38.2644650435,39.8481908936,46.904861409,0.43222028900000004,37.7457833737,65.1750801196,54.6846236002,STANDBY,0,0,74.871438499
2024-01-09 23:00:00,RIG_NORMAL,23,9,1,38.2644650435,44.4160656363,44.3331733307,0.560255026,40.3232230267,64.2246867193,48.0872644298,STANDBY,0,0,74.9409312022
2024-01-10 00:00:00,RIG_NORMAL,0,10,2,36.8726740701,36.0693043482,44.4983918781,0.43273081100000005,37.8707844825,65.6662964365,51.4519346112,STANDBY,0,0,75.0104239055
2024-01-10 01:00:00,RIG_NORMAL,1,10,2,36.8726740701,46.5629075979,49.2674904551,0.41687832700000005,38.910093024700004,63.1121299718,54.6608691232,STANDBY,0,0,75.0799166088
2024-01-10 02:00:00,RIG_NORMAL,2,10,2,36.8726740701,36.0965389955,48.3807284691,0.4642511434,38.6305691596,63.6759274061,58.540272579,STANDBY,0,0,75.149409312
2024-01-10 03:00:00,RIG_NORMAL,3,10,2,36.8726740701,38.2616929539,51.2890023938,0.4916625452,38.3249797062,56.3892806172,60.2782534005,STANDBY,0,0,75.2189020153
2024-01-10 04:00:00,RIG_NORMAL,4,10,2,39.1772161995,46.1919051685,53.4235366875,0.5324323738,40.1864257711,60.8058137532,59.7232982323,STANDBY,0,0,75.2883947186
2024-01-10 05:00:00,RIG_NORMAL,5,10,2,46.9585795986,60.5361166392,66.043986219,0.5073174939,44.1642000465,67.8124608651,72.4039746136,STANDBY,0,0,75.3578874218
2024-01-10 06:00:00,RIG_NORMAL,6,10,2,55.3090111052,54.1834835761,56.6318578095,0.48375651080000004,46.1625606988,74.2329805737,59.8397943855,HIGH_PRODUCTION,0,0,75.4273801251
2024-01-10 07:00:00,RIG_NORMAL,7,10,2,63.6594426117,68.235161432,70.2734492527,0.590905086,48.7019775183,68.699789394,75.2162525593,HIGH_PRODUCTION,0,0,75.4968728284
2024-01-10 08:00:00,RIG_NORMAL,8,10,2,71.4408060109,72.5875704963,75.912156113,0.5974627906000001,43.9141366261,77.5025107055,83.0598990232,HIGH_PRODUCTION,0,0,75.5663655316
2024-01-10 09:00:00,RIG_NORMAL,9,10,2,78.1228142462,74.352922217,78.6513218102,0.6474457751,51.2977824394,74.7526677295,86.3385472004,HIGH_PRODUCTION,0,0,75.6358582349
2024-01-10 10:00:00,RIG_NORMAL,10,10,2,83.2500994991,92.6448042155,91.9217694793,0.590585349,51.1144031083,77.6406011424,96.5167721254,HIGH_PRODUCTION,0,0,75.7053509382
2024-01-10 11:00:00,RIG_NORMAL,11,10,2,86.4732457528,100.2948053532,95.0,0.5978754209,55.5433351964,79.9958992031,102.3689991373,HIGH_PRODUCTION,0,0,75.7748436414
2024-01-10 12:00:00,RIG_NORMAL,12,10,2,87.5726009166,101.2427081633,95.0,0.6374340071,56.064025234,85.7394120914,103.6712043042,HIGH_PRODUCTION,0,0,75.8443363447
2024-01-10 13:00:00,RIG_NORMAL,13,10,2,86.4732457528,91.1590569059,95.0,0.6887493509,58.0965817751,74.365795321,105.4288160996,HIGH_PRODUCTION,0,0,75.9138290479
2024-01-10 14:00:00,RIG_NORMAL,14,10,2,83.2500994991,97.5132967119,95.0,0.6085646564,55.2610298857,82.1400970699,105.6624236888,HIGH_PRODUCTION,0,0,75.9833217512
2024-01-10 15:00:00,RIG_NORMAL,15,10,2,78.1228142462,86.9437991976,88.4994338947,0.5821154225,50.1800315319,73.4587899832,88.1833334226,HIGH_PRODUCTION,0,0,76.0528144545
2024-01-10 16:00:00,RIG_NORMAL,16,10,2,71.4408060109,70.3710923788,76.8421907182,0.5597120627000001,48.2987719944,69.0594728246,78.0180135711,HIGH_PRODUCTION,0,0,76.1223071577
2024-01-10 17:00:00,RIG_NORMAL,17,10,2,63.6594426117,61.7324211721,68.4703920802,0.5725738478,48.9040906073,71.0349419771,72.707987469,HIGH_PRODUCTION,0,0,76.191799861
2024-01-10 18:00:00,RIG_NORMAL,18,10,2,55.3090111052,55.520169666,64.1023276237,0.5796489787,42.6544755847,65.3762643539,65.4381183174,HIGH_PRODUCTION,0,0,76.2612925643
2024-01-10 19:00:00,RIG_NORMAL,19,10,2,46.9585795986,42.9805459848,55.4650399091,0.4637830196,42.2334404946,63.212517912,60.7446717346,HIGH_PRODUCTION,0,0,76.3307852675
2024-01-10 20:00:00,RIG_NORMAL,20,10,2,39.1772161995,42.6403873313,49.3669644665,0.5741622802,37.2843224265,57.8789653121,58.1437066948,HIGH_PRODUCTION,0,0,76.4002779708
2024-01-10 21:00:00,RIG_NORMAL,21,10,2,36.8726740701,36.571000483,42.7494132305,0.42912498720000003,38.4489629779,60.2712432659,49.8352711421,HIGH_PRODUCTION,0,0,76.4697706741
2024-01-10 22:00:00,RIG_NORMAL,22,10,2,36.8726740701,41.564026738,50.2712629514,0.5025781825,41.8748381232,62.9662214572,53.8313684683,STANDBY,0,0,76.5392633773
2024-01-10 23:00:00,RIG_NORMAL,23,10,2,36.8726740701,40.5191066879,47.0678541945,0.45988614650000004,40.5038750947,66.9467000671,50.0548884313,STANDBY,0,0,76.6087560806
2024-01-11 00:00:00,RIG_NORMAL,0,11,3,36.1002883513,48.6309461337,51.9037316076,0.5425432336,40.463224339,61.105368433,54.2468432887,STANDBY,0,0,76.6782487839
2024-01-11 01:00:00,RIG_NORMAL,1,11,3,36.1002883513,41.8690608537,44.8979360345,0.5886816883,40.4020782232,66.7630841632,47.1295111034,STANDBY,0,0,76.7477414871
2024-01-11 02:00:00,RIG_NORMAL,2,11,3,36.1002883513,37.3506684239,44.6515112153,0.4343585433,40.8034090867,59.8919962192,48.0989675438,STANDBY,0,0,76.8172341904
2024-01-11 03:00:00,RIG_NORMAL,3,11,3,36.1002883513,34.6226721746,45.014875834,0.459054616,40.042205221,60.8115874026,53.6018409539,STANDBY,0,0,76.8867268937
2024-01-11 04:00:00,RIG_NORMAL,4,11,3,38.3565563732,36.6518817657,45.3390399821,0.5015046287,39.717949075,58.6294725049,51.2027494819,STANDBY,0,0,76.9562195969
2024-01-11 05:00:00,RIG_NORMAL,5,11,3,45.9749206378,58.8791794829,63.5167574496,0.5208988728,46.8831878975,63.8619412701,68.4015752156,STANDBY,0,0,77.0257123002
2024-01-11 06:00:00,RIG_NORMAL,6,11,3,54.1504325269,59.6972143422,66.9273528228,0.5593492972,45.5308822098,72.3516497789,68.6136984546,HIGH_PRODUCTION,0,0,77.0952050035
2024-01-11 07:00:00,RIG_NORMAL,7,11,3,62.325944416,56.5151941942,66.2256082975,0.5806793698,45.1399443833,66.4075233643,73.986038483,HIGH_PRODUCTION,0,0,77.1646977067
2024-01-11 08:00:00,RIG_NORMAL,8,11,3,69.9443086806,77.2908151334,81.5186938183,0.6106526879,47.9116030611,76.61397078,87.3440926876,HIGH_PRODUCTION,0,0,77.23419041
2024-01-11 09:00:00,RIG_NORMAL,9,11,3,76.4863463859,90.5428496802,93.1810456962,0.5600828514,55.2754726547,74.8678545115,95.3263301972,HIGH_PRODUCTION,0,0,77.3036831133
2024-01-11 10:00:00,RIG_NORMAL,10,11,3,81.5062284735,83.5504319345,89.9848521446,0.5897653076,53.5054293298,80.9506733803,96.5540421096,HIGH_PRODUCTION,0,0,77.3731758165
2024-01-11 11:00:00,RIG_NORMAL,11,11,3,84.661858275,92.1309643934,91.0016524472,0.5896783136,53.5635388921,79.5407639434,95.5774110604,HIGH_PRODUCTION,0,0,77.4426685198
2024-01-11 12:00:00,RIG_NORMAL,12,11,3,85.7381848343,91.0310423309,89.8679092022,0.5694507377,54.6958801244,73.2663051763,95.3370231114,HIGH_PRODUCTION,0,0,77.5121612231
2024-01-11 13:00:00,RIG_NORMAL,13,11,3,84.661858275,92.4720439308,91.5469185,0.7095970418,50.3529224103,80.1264844907,92.369091662,HIGH_PRODUCTION,0,0,77.5816539263
2024-01-11 14:00:00,RIG_NORMAL,14,11,3,81.5062284735,94.396084068,93.6222336804,0.6419502454,51.761665695,77.7810877755,100.1236786301,HIGH_PRODUCTION,0,0,77.6511466296
2024-01-11 15:00:00,RIG_NORMAL,15,11,3,76.4863463859,73.9229730321,78.5307650455,0.5293983766,49.9269103054,70.8514651691,84.9632424495,HIGH_PRODUCTION,0,0,77.7206393329
2024-01-11 16:00:00,RIG_NORMAL,16,11,3,69.9443086806,74.6057998964,81.9252646698,0.6556390872,43.5545172543,67.0282596397,89.3820158399,HIGH_PRODUCTION,0,0,77.7901320361
2024-01-11 17:00:00,RIG_NORMAL,17,11,3,62.325944416,60.7959140915,67.364398832,0.5864951925,40.5861888056,64.9727707235,69.5812923056,HIGH_PRODUCTION,0,0,77.8596247394
2024-01-11 18:00:00,RIG_NORMAL,18,11,3,54.1504325269,54.8533403332,61.8668775209,0.4517777656,41.2128701788,70.0503967267,67.2775820101,HIGH_PRODUCTION,0,0,77.9291174427
2024-01-11 19:00:00,RIG_NORMAL,19,11,3,45.9749206378,50.3408693294,60.1212025851,0.5420362750000001,44.9815859482,64.3372647125,66.0595139979,HIGH_PRODUCTION,0,0,77.9986101459
2024-01-11 20:00:00,RIG_NORMAL,20,11,3,38.3565563732,40.9315246443,50.5243917362,0.5287060041,38.8999150891,62.4100145115,57.8444959393,HIGH_PRODUCTION,0,0,78.0681028492
2024-01-11 21:00:00,RIG_NORMAL,21,11,3,36.1002883513,51.7390988849,53.9948804132,0.48301185830000004,42.9799885353,59.8029860622,54.3136885243,HIGH_PRODUCTION,0,0,78.1375955525
2024-01-11 22:00:00,RIG_NORMAL,22,11,3,36.1002883513,45.2909244904,49.0788526397,0.4734405029,39.5456252635,64.5417411529,53.7471609458,STANDBY,0,0,78.2070882557
2024-01-11 23:00:00,RIG_NORMAL,23,11,3,36.1002883513,35.4086739764,40.2583574726,0.49587640390000004,41.179656172,58.0371761699,45.9476771092,STANDBY,0,0,78.276580959
2024-01-12 00:00:00,RIG_NORMAL,0,12,4,36.1002883513,46.60924728,49.015600574,0.5511064633,41.9311529927,69.7318683408,54.8728092067,STANDBY,0,0,78.3460736623
2024-01-12 01:00:00,RIG_NORMAL,1,12,4,36.1002883513,45.054698001,46.4572016727,0.5201017658,40.1347193316,66.2845218438,44.8748680482,STANDBY,0,0,78.4155663655
2024-01-12 02:00:00,RIG_NORMAL,2,12,4,36.1002883513,44.081563932,46.9462972136,0.38122402450000004,42.9240395743,62.1771478587,49.8167610361,STANDBY,0,0,78.4850590688
2024-01-12 03:00:00,RIG_NORMAL,3,12,4,36.1002883513,42.7915041049,51.1733797847,0.4384894834,41.0959546413,65.9809144179,55.1128955956,STANDBY,0,0,78.5545517721
2024-01-12 04:00:00,RIG_NORMAL,4,12,4,38.3565563732,43.4895517426,53.5693119706,0.5089668389,39.6299384699,63.5782331055,57.2163794903,STANDBY,0,0,78.6240444753
2024-01-12 05:00:00,RIG_NORMAL,5,12,4,45.9749206378,46.0652546529,60.650026118,0.4153917642,42.2092119518,61.1914823457,65.5239555515,STANDBY,0,0,78.6935371786
2024-01-12 06:00:00,RIG_NORMAL,6,12,4,54.1504325269,55.1808538342,65.8694901627,0.5543377556,44.9191270643,65.0562260191,66.9170229209,HIGH_PRODUCTION,0,0,78.7630298819
2024-01-12 07:00:00,RIG_NORMAL,7,12,4,62.325944416,70.0978812293,76.22959745040001,0.5373344346,50.40898852,72.8876071319,78.8461548837,HIGH_PRODUCTION,0,0,78.8325225851
2024-01-12 08:00:00,RIG_NORMAL,8,12,4,69.9443086806,78.8113931879,80.3463670797,0.638770014,52.2485721245,71.4871025507,82.090709001,HIGH_PRODUCTION,0,0,78.9020152884
2024-01-12 09:00:00,RIG_NORMAL,9,12,4,76.4863463859,81.5357432103,84.8796536829,0.6627425896,49.3392275491,73.9268784755,91.134076326,HIGH_PRODUCTION,0,0,78.9715079917
2024-01-12 10:00:00,RIG_NORMAL,10,12,4,81.5062284735,84.9886201075,90.8165596435,0.6738210561,50.5110261909,69.6206374661,93.6385823587,HIGH_PRODUCTION,0,0,79.0410006949
2024-01-12 11:00:00,RIG_NORMAL,11,12,4,84.661858275,85.8535572825,88.9513398336,0.5205767117,53.060176048,74.568119263,98.9204203869,HIGH_PRODUCTION,0,0,79.1104933982
2024-01-12 12:00:00,RIG_NORMAL,12,12,4,85.7381848343,99.1699391151,95.0,0.6397739259,55.85694188,76.4530074581,93.1072512001,HIGH_PRODUCTION,0,0,79.1799861015
2024-01-12 13:00:00,RIG_NORMAL,13,12,4,84.661858275,89.4755982777,92.7030079211,0.6732578459,56.0029232638,81.7183085153,97.6332671184,HIGH_PRODUCTION,0,0,79.2494788047
2024-01-12 14:00:00,RIG_NORMAL,14,12,4,81.5062284735,84.448921952,90.3004687365,0.6054243842,51.394446474,72.6625160561,96.6440010499,HIGH_PRODUCTION,0,0,79.318971508
2024-01-12 15:00:00,RIG_NORMAL,15,12,4,76.4863463859,93.10692386,93.5048379527,0.7532220204000001,52.8322412047,79.5962642687,95.3085374581,HIGH_PRODUCTION,0,0,79.3884642113
2024-01-12 16:00:00,RIG_NORMAL,16,12,4,69.9443086806,69.8137129218,73.8705345593,0.6364978789,48.5417624489,69.2438904623,81.328883527,HIGH_PRODUCTION,0,0,79.4579569145
2024-01-12 17:00:00,RIG_NORMAL,17,12,4,62.325944416,65.0346209801,73.0381613066,0.5998753412,47.8263139678,73.5868150613,73.6012156143,HIGH_PRODUCTION,0,0,79.5274496178
2024-01-12 18:00:00,RIG_NORMAL,18,12,4,54.1504325269,45.4614777405,56.4010432615,0.439979449,42.9882893625,59.171450269,63.5032162928,HIGH_PRODUCTION,0,0,79.5969423211
2024-01-12 19:00:00,RIG_NORMAL,19,12,4,45.9749206378,48.6961153807,57.3458360601,0.5260263954000001,45.8818096877,64.3116201934,59.7785134553,HIGH_PRODUCTION,0,0,79.6664350243
2024-01-12 20:00:00,RIG_NORMAL,20,12,4,38.3565563732,55.5861231621,58.31725463,0.47595033670000003,47.5198865019,64.1806111891,64.778685989,HIGH_PRODUCTION,0,0,79.7359277276
2024-01-12 21:00:00,RIG_NORMAL,21,12,4,36.1002883513,52.5102323608,58.9615377778,0.5499847014,42.8589737604,68.7651805222,62.9950998629,HIGH_PRODUCTION,0,0,79.8054204309
2024-01-12 22:00:00,RIG_NORMAL,22,12,4,36.1002883513,42.8177499183,48.7835498153,0.5049691598,44.8795333556,62.1637656743,48.6573646068,STANDBY,0,0,79.8749131341
2024-01-12 23:00:00,RIG_NORMAL,23,12,4,36.1002883513,41.5948069937,48.5237287446,0.5426803266,36.9530003138,65.0660077561,56.1047951606,STANDBY,0,0,79.9444058374
2024-01-13 00:00:00,RIG_NORMAL,0,13,5,36.8726740701,38.8246971672,43.8669423491,0.5237264434000001,42.3606560424,52.6292904035,52.9250721856,STANDBY,0,0,80.0138985407
2024-01-13 01:00:00,RIG_NORMAL,1,13,5,36.8726740701,36.8620841542,43.9540357292,0.4177569451,39.9859154495,57.9607244091,50.0900514558,STANDBY,0,0,80.0833912439
2024-01-13 02:00:00,RIG_NORMAL,2,13,5,36.8726740701,48.1989778985,49.047062066,0.5471907769000001,42.0074799066,69.0189970362,56.4707161053,STANDBY,0,0,80.1528839472
2024-01-13 03:00:00,RIG_NORMAL,3,13,5,36.8726740701,39.1800798293,47.6455037582,0.4860565611,39.2721070126,66.7555511297,55.7631900117,STANDBY,0,0,80.2223766505
2024-01-13 04:00:00,RIG_NORMAL,4,13,5,39.1772161995,41.7992033744,51.7005480679,0.4539269098,39.1469653073,58.8861386728,55.3676091539,STANDBY,0,0,80.2918693537
2024-01-13 05:00:00,RIG_NORMAL,5,13,5,46.9585795986,46.859917981,55.7854960189,0.5061903303,41.302680079,64.8766755972,60.1973150918,STANDBY,0,0,80.361362057
2024-01-13 06:00:00,RIG_NORMAL,6,13,5,55.3090111052,63.6890324853,66.3344770646,0.5577355381,44.2435203929,70.3446023291,69.0165443874,HIGH_PRODUCTION,0,0,80.4308547603
2024-01-13 07:00:00,RIG_NORMAL,7,13,5,63.6594426117,70.352288729,72.1546897348,0.6347046963,46.5687814011,65.8801213257,79.432202118,HIGH_PRODUCTION,0,0,80.5003474635
2024-01-13 08:00:00,RIG_NORMAL,8,13,5,71.4408060109,74.9985415236,82.4707198479,0.6550465195,49.5924832911,68.9748427339,87.793251509,HIGH_PRODUCTION,0,0,80.5698401668
2024-01-13 09:00:00,RIG_NORMAL,9,13,5,78.1228142462,87.3705453169,87.8199638087,0.6640930613,53.8400863628,71.8044006593,93.7513711762,HIGH_PRODUCTION,0,0,80.63933287
2024-01-13 10:00:00,RIG_NORMAL,10,13,5,83.2500994991,89.1122373587,88.3300947875,0.68985348,52.2450967617,78.173717737,91.0546086244,HIGH_PRODUCTION,0,0,80.7088255733
2024-01-13 11:00:00,RIG_NORMAL,11,13,5,86.4732457528,88.3284837917,89.5658600355,0.6484070676,53.9983260123,79.5557544556,95.3028893925,HIGH_PRODUCTION,0,0,80.7783182766
2024-01-13 12:00:00,RIG_NORMAL,12,13,5,87.5726009166,95.97710242,94.7468545846,0.6380078781,52.18461115,77.4491029268,97.9060438954,HIGH_PRODUCTION,0,0,80.8478109798
2024-01-13 13:00:00,RIG_NORMAL,13,13,5,86.4732457528,96.6964095761,95.0,0.7422374266,56.5861803028,83.7026824061,96.7229777346,HIGH_PRODUCTION,0,0,80.9173036831
2024-01-13 14:00:00,RIG_NORMAL,14,13,5,83.2500994991,78.9062998645,86.7181540209,0.6837711546,51.8778689547,72.262685413,88.8955851,HIGH_PRODUCTION,0,0,80.9867963864
2024-01-13 15:00:00,RIG_NORMAL,15,13,5,78.1228142462,81.3098587431,85.5871400226,0.6780288744,51.5648029332,76.2066025251,87.3406042663,HIGH_PRODUCTION,0,0,81.0562890896
2024-01-13 16:00:00,RIG_NORMAL,16,13,5,71.4408060109,69.4577060108,74.1254448238,0.6955460386,47.6053053054,72.0135182681,82.1520753942,HIGH_PRODUCTION,0,0,81.1257817929
2024-01-13 17:00:00,RIG_NORMAL,17,13,5,63.6594426117,78.6033860911,83.3115287254,0.6023462861000001,45.082607342,71.7450882538,85.2072989389,HIGH_PRODUCTION,0,0,81.1952744962
2024-01-13 18:00:00,RIG_NORMAL,18,13,5,55.3090111052,54.5917376742,65.052917342,0.5671358764000001,43.043424472,66.174270255,71.7471733395,HIGH_PRODUCTION,0,0,81.2647671994
2024-01-13 19:00:00,RIG_NORMAL,19,13,5,46.9585795986,54.7397188715,65.7869289127,0.5080133479,43.9652763035,61.3892654061,68.7203583155,HIGH_PRODUCTION,0,0,81.3342599027
2024-01-13 20:00:00,RIG_NORMAL,20,13,5,39.1772161995,44.7989185749,51.7409925407,0.5380199816,40.700370833,65.5285303826,51.0298037374,HIGH_PRODUCTION,0,0,81.403752606
2024-01-13 21:00:00,RIG_NORMAL,21,13,5,36.8726740701,49.0994245526,49.3342604243,0.5746303583,40.3892872724,61.1675296291,55.9903895448,HIGH_PRODUCTION,0,0,81.4732453092
2024-01-13 22:00:00,RIG_NORMAL,22,13,5,36.8726740701,48.8631732539,54.237619589,0.468168841,40.3825278232,71.2477582806,59.2295069196,STANDBY,0,0,81.5427380125
2024-01-13 23:00:00,RIG_NORMAL,23,13,5,36.8726740701,44.4302398756,50.6586204417,0.46828526880000004,40.2326005384,69.1490413504,59.0974641404,STANDBY,0,0,81.6122307158
2024-01-14 00:00:00,RIG_NORMAL,0,14,6,38.2644650435,40.3274362149,48.2663812614,0.4897367522,38.750554882,56.1108685812,58.0642049153,STANDBY,0,0,81.681723419
2024-01-14 01:00:00,RIG_NORMAL,1,14,6,38.2644650435,37.4423527333,41.9720520016,0.5672264801,40.839785107,59.2254300488,47.9821907635,STANDBY,0,0,81.7512161223
2024-01-14 02:00:00,RIG_NORMAL,2,14,6,38.2644650435,43.2022605285,46.0193343695,0.5799523761,43.6318270784,64.677995484,47.4829968563,STANDBY,0,0,81.8207088256
2024-01-14 03:00:00,RIG_NORMAL,3,14,6,38.2644650435,38.6627075069,48.3202714011,0.5139346532,37.1938168057,60.5616702966,53.2926361426,STANDBY,0,0,81.8902015288
2024-01-14 04:00:00,RIG_NORMAL,4,14,6,40.6559941088,42.2106071924,49.6990382764,0.5104598964,40.157902462,61.8066404494,55.8132154793,STANDBY,0,0,81.9596942321
2024-01-14 05:00:00,RIG_NORMAL,5,14,6,48.7310717994,63.7835439908,69.1854410883,0.5815670968000001,46.0554829185,70.3788191852,73.0321905085,STANDBY,0,0,82.0291869354
2024-01-14 06:00:00,RIG_NORMAL,6,14,6,57.3966975653,67.9942294268,74.0198765707,0.6216504173,47.4948048422,70.431179847,72.7644670439,HIGH_PRODUCTION,0,0,82.0986796386
2024-01-14 07:00:00,RIG_NORMAL,7,14,6,66.0623233312,76.1188156001,75.1306330692,0.7031252789,47.8238012786,76.8271104081,84.0862753929,HIGH_PRODUCTION,0,0,82.1681723419
2024-01-14 08:00:00,RIG_NORMAL,8,14,6,74.1374010218,66.4719497777,75.5206184266,0.5993157721,44.4946334526,68.3342565149,80.4782516443,HIGH_PRODUCTION,0,0,82.2376650452
2024-01-14 09:00:00,RIG_NORMAL,9,14,6,81.0716274372,80.5383868166,82.3816854829,0.5670615951,50.9688887011,76.8885154283,84.3994752498,HIGH_PRODUCTION,0,0,82.3071577484
2024-01-14 10:00:00,RIG_NORMAL,10,14,6,86.3924465065,92.991599599,93.4984234995,0.6238269072,52.836841143,73.8076237093,98.3724266437,HIGH_PRODUCTION,0,0,82.3766504517
2024-01-14 11:00:00,RIG_NORMAL,11,14,6,89.7372532031,94.8142967698,95.0,0.6832120041,56.1179351695,77.6677038239,102.121443604,HIGH_PRODUCTION,0,0,82.446143155
2024-01-14 12:00:00,RIG_NORMAL,12,14,6,90.8781044784,94.9787855927,95.0,0.63433584,54.439329244,78.0450608055,102.24396876,HIGH_PRODUCTION,0,0,82.5156358582
2024-01-14 13:00:00,RIG_NORMAL,13,14,6,89.7372532031,92.2398305343,93.6630649941,0.6710918488000001,52.8485476071,78.8900313249,99.267347781,HIGH_PRODUCTION,0,0,82.5851285615
2024-01-14 14:00:00,RIG_NORMAL,14,14,6,86.3924465065,97.8819360335,95.0,0.6957784892000001,50.1937970591,84.049676042,99.0453789867,HIGH_PRODUCTION,0,0,82.6546212648
2024-01-14 15:00:00,RIG_NORMAL,15,14,6,81.0716274372,82.7485827525,83.4951466551,0.6116633126000001,48.5535829406,71.0974790508,84.2100813397,HIGH_PRODUCTION,0,0,82.724113968
2024-01-14 16:00:00,RIG_NORMAL,16,14,6,74.1374010218,81.5763832173,84.7611628981,0.6255373425,50.0575442575,67.2044131453,90.6597456569,HIGH_PRODUCTION,0,0,82.7936066713
2024-01-14 17:00:00,RIG_NORMAL,17,14,6,66.0623233312,64.4652964471,71.671504112,0.6432307533,46.0289951102,66.9911681373,76.4976196258,HIGH_PRODUCTION,0,0,82.8630993746
2024-01-14 18:00:00,RIG_NORMAL,18,14,6,57.3966975653,67.6483284656,70.1119496471,0.5416600446000001,51.5428276606,70.6387967337,81.7051105203,HIGH_PRODUCTION,0,0,82.9325920778
2024-01-14 19:00:00,RIG_NORMAL,19,14,6,48.7310717994,50.7323313285,58.0547904995,0.4269769269,42.7998144777,64.5034159965,61.4754001954,HIGH_PRODUCTION,0,0,83.0020847811
2024-01-14 20:00:00,RIG_NORMAL,20,14,6,40.6559941088,39.5139053744,50.7785191956,0.5514136907,40.4754604983,58.170827443,52.9731942404,HIGH_PRODUCTION,0,0,83.0715774844
2024-01-14 21:00:00,RIG_NORMAL,21,14,6,38.2644650435,37.5137161822,44.0929959573,0.5129743726,39.2328003592,64.104146245,49.5857716456,HIGH_PRODUCTION,0,0,83.1410701876
2024-01-14 22:00:00,RIG_NORMAL,22,14,6,38.2644650435,46.8731668479,50.942725873,0.580562146,41.826315513,65.0253117648,56.3693494297,STANDBY,0,0,83.2105628909
2024-01-14 23:00:00,RIG_NORMAL,23,14,6,38.2644650435,52.3047676056,54.4520626363,0.5405483709000001,41.2648565671,61.2902306265,60.967950588,STANDBY,0,0,83.2800555942
2024-01-15 00:00:00,RIG_NORMAL,0,15,0,40.0,39.5697275845,48.0963559249,0.6086015865000001,39.1761995786,64.9737777065,50.2143741229,STANDBY,0,0,83.3495482974
2024-01-15 01:00:00,RIG_NORMAL,1,15,0,40.0,46.5391299042,46.1716779033,0.5010591022,37.6676553616,65.0594053485,47.4984775052,STANDBY,0,0,83.4190410007
2024-01-15 02:00:00,RIG_NORMAL,2,15,0,40.0,46.7937251953,48.8242967196,0.5138717663,40.4075932536,60.6655210889,49.0631358808,STANDBY,0,0,83.488533704
2024-01-15 03:00:00,RIG_NORMAL,3,15,0,40.0,33.3997325871,44.3771961559,0.5137795426,38.1224115197,58.5645790251,47.9117616288,STANDBY,0,0,83.5580264072
2024-01-15 04:00:00,RIG_NORMAL,4,15,0,42.5,48.5477433626,56.610394784,0.5883156699000001,45.9429194053,63.90737106,63.0604058652,STANDBY,0,0,83.6275191105
2024-01-15 05:00:00,RIG_NORMAL,5,15,0,50.9413334214,51.6165507869,58.6168581358,0.5708880486,43.53834726,63.7917507293,59.8969075354,STANDBY,0,0,83.6970118138
2024-01-15 06:00:00,RIG_NORMAL,6,15,0,60.0,64.9090787401,70.3951251688,0.5588506345,46.8358224509,71.0107095844,78.2449596201,HIGH_PRODUCTION,0,0,83.766504517
2024-01-15 07:00:00,RIG_NORMAL,7,15,0,69.0586665786,71.8654376756,74.1568397812,0.6109716213,46.1422085774,70.6449857923,79.6415446238,HIGH_PRODUCTION,0,0,83.8359972203
2024-01-15 08:00:00,RIG_NORMAL,8,15,0,77.5,89.7073123492,90.1045165276,0.6945519407,51.7459517977,78.165455019,103.4452082663,HIGH_PRODUCTION,0,0,83.9054899236
2024-01-15 09:00:00,RIG_NORMAL,9,15,0,84.7487373415,94.159279624,90.9935154905,0.6938975514,54.7161294525,81.4758404311,99.057653315,HIGH_PRODUCTION,0,0,83.9749826268
2024-01-15 10:00:00,RIG_NORMAL,10,15,0,90.3108891325,97.8458823448,95.0,0.758285666,52.6435206902,77.5379429695,101.281426122,HIGH_PRODUCTION,0,0,84.0444753301
2024-01-15 11:00:00,RIG_NORMAL,11,15,0,93.8074039201,90.9412629574,94.8466882858,0.6192939599,52.4204453124,82.2005695947,99.0577899952,HIGH_PRODUCTION,0,0,84.1139680334
2024-01-15 12:00:00,RIG_NORMAL,12,15,0,95.0,104.0367071873,95.0,0.7125528206,58.9928797944,80.6723975594,99.9556316135,HIGH_PRODUCTION,0,0,84.1834607366
2024-01-15 13:00:00,RIG_NORMAL,13,15,0,93.8074039201,102.648709394,95.0,0.6747817783000001,55.1690777889,84.6294912033,101.4481915311,HIGH_PRODUCTION,0,0,84.2529534399
2024-01-15 14:00:00,RIG_NORMAL,14,15,0,90.3108891325,97.6377348235,95.0,0.7166835313000001,55.3803942426,81.2692529271,99.4819021412,HIGH_PRODUCTION,0,0,84.3224461432
2024-01-15 15:00:00,RIG_NORMAL,15,15,0,84.7487373415,94.8249076042,94.7285241908,0.6190272702,50.7107557631,81.3366084981,98.7583404505,HIGH_PRODUCTION,0,0,84.3919388464
2024-01-15 16:00:00,RIG_NORMAL,16,15,0,77.5,87.8637891585,88.2799371744,0.630614016,51.2911832367,74.4633259835,93.7943206346,HIGH_PRODUCTION,0,0,84.4614315497
2024-01-15 17:00:00,RIG_NORMAL,17,15,0,69.0586665786,78.5910033977,77.289281081,0.5959363918,48.0583604938,71.4984589856,82.7487085875,HIGH_PRODUCTION,0,0,84.530924253
2024-01-15 18:00:00,RIG_NORMAL,18,15,0,60.0,76.8092076492,78.3799404883,0.6455140436,51.0490931727,73.2082451749,84.4410108568,HIGH_PRODUCTION,0,0,84.6004169562
2024-01-15 19:00:00,RIG_NORMAL,19,15,0,50.9413334214,48.626518631,56.8378064716,0.4736594273,43.708487604,62.7860762587,56.8795339277,HIGH_PRODUCTION,0,0,84.66990965950001
2024-01-15 20:00:00,RIG_NORMAL,20,15,0,42.5,50.2676993103,60.3722810857,0.6308114976,43.5718090433,68.0608762438,68.5362514142,HIGH_PRODUCTION,0,0,84.7394023628
2024-01-15 21:00:00,RIG_NORMAL,21,15,0,40.0,58.570232279,58.835231620100004,0.6754181355000001,45.3530442005,67.0249800351,66.6344350291,HIGH_PRODUCTION,0,0,84.808895066
2024-01-15 22:00:00,RIG_NORMAL,22,15,0,40.0,50.9063738941,54.1081589205,0.5502784361,45.4658801872,67.8415416797,54.8093269578,STANDBY,0,0,84.8783877693
2024-01-15 23:00:00,RIG_NORMAL,23,15,0,40.0,45.0343055506,48.887127726,0.5379628581,37.1856875756,64.8655983726,51.6380339913,STANDBY,0,0,84.9478804726
2024-01-16 00:00:00,RIG_NORMAL,0,16,1,38.2644650435,50.6332412263,52.5171302955,0.6024272916,46.9854956115,62.3143425369,55.9479728496,STANDBY,0,0,85.0173731758
2024-01-16 01:00:00,RIG_NORMAL,1,16,1,38.2644650435,41.9862660372,47.4292004748,0.5837113049,39.7473089109,69.4735408363,53.6904518744,STANDBY,0,0,85.0868658791
2024-01-16 02:00:00,RIG_NORMAL,2,16,1,38.2644650435,48.7399469348,48.7421222437,0.5317533996,48.3000020553,65.6106899332,57.703030799,STANDBY,0,0,85.1563585823
2024-01-16 03:00:00,RIG_NORMAL,3,16,1,38.2644650435,41.025930973,47.672713025,0.5243791194,39.461820831,63.2558033712,52.8885716326,STANDBY,0,0,85.2258512856
2024-01-16 04:00:00,RIG_NORMAL,4,16,1,40.6559941088,47.1282716953,52.8369347099,0.5268488148,43.3085378544,65.0260748218,54.5033131286,STANDBY,0,0,85.2953439889
2024-01-16 05:00:00,RIG_NORMAL,5,16,1,48.7310717994,58.6532949089,63.9194195676,0.5724581385,47.4578126725,66.0516277505,67.7566171001,STANDBY,0,0,85.3648366921
2024-01-16 06:00:00,RIG_NORMAL,6,16,1,57.3966975653,56.2023474196,64.5455053245,0.5773976003,44.1203924602,69.6476327703,67.7598860375,HIGH_PRODUCTION,0,0,85.4343293954
2024-01-16 07:00:00,RIG_NORMAL,7,16,1,66.0623233312,76.1275558895,75.9630093768,0.6095003647,45.6698022099,74.1097502008,79.0975580914,HIGH_PRODUCTION,0,0,85.5038220987
2024-01-16 08:00:00,RIG_NORMAL,8,16,1,74.1374010218,87.6333327085,88.1343869161,0.6337673742000001,50.7183596121,77.3008905652,93.0895573307,HIGH_PRODUCTION,0,0,85.5733148019
2024-01-16 09:00:00,RIG_NORMAL,9,16,1,81.0716274372,87.7437433246,88.5213691974,0.6456766735,51.6845812518,75.82163289,95.7428124425,HIGH_PRODUCTION,0,0,85.6428075052
2024-01-16 10:00:00,RIG_NORMAL,10,16,1,86.3924465065,89.8999869162,91.9423226178,0.7270133986,49.5345480391,76.0875145929,97.331792547,HIGH_PRODUCTION,0,0,85.7123002085
2024-01-16 11:00:00,RIG_NORMAL,11,16,1,89.7372532031,101.1894471898,95.0,0.7197344647,53.9883235796,81.6370304297,97.3226429917,HIGH_PRODUCTION,0,0,85.7817929117
2024-01-16 12:00:00,RIG_NORMAL,12,16,1,90.8781044784,101.8409911953,95.0,0.7899873634,54.4136111412,79.7002495739,104.8040532008,HIGH_PRODUCTION,0,0,85.851285615
2024-01-16 13:00:00,RIG_NORMAL,13,16,1,89.7372532031,98.8659100175,95.0,0.608395007,52.8786332265,83.3003216512,102.9809299015,HIGH_PRODUCTION,0,0,85.9207783183
2024-01-16 14:00:00,RIG_NORMAL,14,16,1,86.3924465065,96.6176436185,95.0,0.6515513421,55.615640846,82.7242249979,104.5862366037,HIGH_PRODUCTION,0,0,85.9902710215
2024-01-16 15:00:00,RIG_NORMAL,15,16,1,81.0716274372,83.2768145978,86.1289871162,0.6711528511,51.3575294536,78.3075554113,90.0032682644,HIGH_PRODUCTION,0,0,86.0597637248
2024-01-16 16:00:00,RIG_NORMAL,16,16,1,74.1374010218,82.3866968348,83.9682673505,0.6780658089,50.9997416462,74.0283002925,84.0570229814,HIGH_PRODUCTION,0,0,86.1292564281
2024-01-16 17:00:00,RIG_NORMAL,17,16,1,66.0623233312,71.6558025552,75.2726940816,0.6955077097,49.0228687964,70.0778546443,76.3015917226,HIGH_PRODUCTION,0,0,86.1987491313
2024-01-16 18:00:00,RIG_NORMAL,18,16,1,57.3966975653,65.4671178188,67.7864575208,0.5932339447,47.9653636659,69.7006708969,71.3964332324,HIGH_PRODUCTION,0,0,86.2682418346
2024-01-16 19:00:00,RIG_NORMAL,19,16,1,48.7310717994,50.1308345611,59.1815621304,0.5791929902,42.3339514709,70.307510549,63.3824705377,HIGH_PRODUCTION,0,0,86.3377345379
2024-01-16 20:00:00,RIG_NORMAL,20,16,1,40.6559941088,51.0263507315,54.4307464128,0.4915143161,39.9967928338,59.6838110839,59.5719109933,HIGH_PRODUCTION,0,0,86.4072272411
2024-01-16 21:00:00,RIG_NORMAL,21,16,1,38.2644650435,49.5462323495,53.2566794609,0.5478409142,40.9652724167,64.8694370115,57.5364760688,HIGH_PRODUCTION,0,0,86.4767199444
2024-01-16 22:00:00,RIG_NORMAL,22,16,1,38.2644650435,41.3772062903,45.2353065187,0.6371696451000001,38.128290292,59.4950525382,47.6086887669,STANDBY,0,0,86.5462126477
2024-01-16 23:00:00,RIG_NORMAL,23,16,1,38.2644650435,48.5153887383,52.2328888537,0.5567328643,41.0377367378,68.134424865,61.3493511764,STANDBY,0,0,86.6157053509
2024-01-17 00:00:00,RIG_NORMAL,0,17,2,36.8726740701,46.8999933056,50.5115049221,0.5067435103,40.8461771376,69.4389357384,59.152164279,STANDBY,0,0,86.6851980542
2024-01-17 01:00:00,RIG_NORMAL,1,17,2,36.8726740701,44.2953603276,50.4434806972,0.6126318437,42.9446533546,64.3031151647,55.2340053231,STANDBY,0,0,86.7546907575
2024-01-17 02:00:00,RIG_NORMAL,2,17,2,36.8726740701,35.2968452195,44.1800627416,0.5197941723,39.9913365893,56.2178201597,49.4540210552,STANDBY,0,0,86.8241834607
2024-01-17 03:00:00,RIG_NORMAL,3,17,2,36.8726740701,47.922710829,52.241378963,0.4945201832,43.19326936,66.3784031144,61.2118670422,STANDBY,0,0,86.893676164
2024-01-17 04:00:00,RIG_NORMAL,4,17,2,39.1772161995,47.4707800484,54.8841769262,0.6263347162,34.9693408662,58.1444993194,65.4297252746,STANDBY,0,0,86.9631688673
2024-01-17 05:00:00,RIG_NORMAL,5,17,2,46.9585795986,54.374087535,63.4734525889,0.5080810476000001,43.4812363843,68.9121517183,68.4930351591,STANDBY,0,0,87.0326615705
2024-01-17 06:00:00,RIG_NORMAL,6,17,2,55.3090111052,71.3609201787,76.3126194304,0.7001540993,45.2049022999,71.2900377455,77.493767525,HIGH_PRODUCTION,0,0,87.1021542738
2024-01-17 07:00:00,RIG_NORMAL,7,17,2,63.6594426117,74.0335616408,77.1232669356,0.5701617856,49.9579259677,77.8615471535,83.4189389443,HIGH_PRODUCTION,0,0,87.1716469771
2024-01-17 08:00:00,RIG_NORMAL,8,17,2,71.4408060109,82.0677129114,87.2981524472,0.6692311127,51.4042172587,69.044111161,86.024981789,HIGH_PRODUCTION,0,0,87.2411396803
2024-01-17 09:00:00,RIG_NORMAL,9,17,2,78.1228142462,81.1011775337,85.9400589784,0.6899125366000001,43.4436395845,72.3829500607,93.1045738495,HIGH_PRODUCTION,0,0,87.3106323836
2024-01-17 10:00:00,RIG_NORMAL,10,17,2,83.2500994991,81.4526185608,86.131026452,0.6287074338,51.444822295,70.1058149595,92.9327012141,HIGH_PRODUCTION,0,0,87.3801250869
2024-01-17 11:00:00,RIG_NORMAL,11,17,2,86.4732457528,91.2124934971,91.3618490294,0.6782537885000001,52.0822724657,74.9137255769,97.6989205788,HIGH_PRODUCTION,0,0,87.4496177901
2024-01-17 12:00:00,RIG_NORMAL,12,17,2,87.5726009166,100.2836655697,95.0,0.6743622168,58.6089142973,81.24496898,95.916917605,HIGH_PRODUCTION,0,0,87.5191104934
2024-01-17 13:00:00,RIG_NORMAL,13,17,2,86.4732457528,95.2495470657,93.5532127789,0.6323976138,51.1881036,72.7837802257,105.280179845,HIGH_PRODUCTION,0,0,87.5886031967
2024-01-17 14:00:00,RIG_NORMAL,14,17,2,83.2500994991,98.6064092536,93.2189018987,0.6521534704,56.2196126946,75.3114768249,95.0387420289,HIGH_PRODUCTION,0,0,87.6580958999
2024-01-17 15:00:00,RIG_NORMAL,15,17,2,78.1228142462,80.1152600361,83.098946087,0.701049545,51.90079853,75.0183732636,91.5987516636,HIGH_PRODUCTION,0,0,87.7275886032
2024-01-17 16:00:00,RIG_NORMAL,16,17,2,71.4408060109,84.731525817,84.6832777935,0.7392727118,48.2562904611,76.8638317072,86.6949994191,HIGH_PRODUCTION,0,0,87.7970813065
2024-01-17 17:00:00,RIG_NORMAL,17,17,2,63.6594426117,62.8982712289,69.5200506388,0.6134572582000001,49.5305296309,69.95044323810001,74.6182199546,HIGH_PRODUCTION,0,0,87.8665740097
2024-01-17 18:00:00,RIG_NORMAL,18,17,2,55.3090111052,63.2550200633,68.7225838414,0.6855699063,42.4535872002,71.9401825848,71.2600832786,HIGH_PRODUCTION,0,0,87.936066713
2024-01-17 19:00:00,RIG_NORMAL,19,17,2,46.9585795986,43.7880018128,55.9339264771,0.6231468393,39.2619598223,64.0482280193,62.5892695962,HIGH_PRODUCTION,0,0,88.0055594163
2024-01-17 20:00:00,RIG_NORMAL,20,17,2,39.1772161995,37.7693254652,44.711939696900004,0.6239484705,40.5872506094,65.7571529801,52.6167556149,HIGH_PRODUCTION,0,0,88.0750521195
2024-01-17 21:00:00,RIG_NORMAL,21,17,2,36.8726740701,44.7239260285,50.0677227481,0.6019739165,40.7603479317,69.2612993727,56.2053608035,HIGH_PRODUCTION,0,0,88.1445448228
2024-01-17 22:00:00,RIG_NORMAL,22,17,2,36.8726740701,36.9347988033,43.4462137853,0.6229737722,40.0302129547,53.6266334123,46.8446250947,STANDBY,0,0,88.2140375261
2024-01-17 23:00:00,RIG_NORMAL,23,17,2,36.8726740701,39.848891276,42.7670120017,0.4748552112,39.4980065059,63.1464012047,52.3727076305,STANDBY,0,0,88.2835302293
2024-01-18 00:00:00,RIG_NORMAL,0,18,3,36.1002883513,46.2309735013,49.8036894047,0.6093436959,39.5581713195,65.7021979109,48.9777018848,STANDBY,0,0,88.3530229326
2024-01-18 01:00:00,RIG_NORMAL,1,18,3,36.1002883513,43.2471780848,48.0070431446,0.4942974493,43.0200958659,63.2095130449,55.6714845099,STANDBY,0,0,88.4225156359
2024-01-18 02:00:00,RIG_NORMAL,2,18,3,36.1002883513,40.6937542719,48.8291978817,0.6324136977,37.4931706864,62.0123374783,49.2629076502,STANDBY,0,0,88.4920083391
2024-01-18 03:00:00,RIG_NORMAL,3,18,3,36.1002883513,49.7133880115,50.1536662255,0.4886091623,43.6588417729,68.0904247415,58.475619889,STANDBY,0,0,88.5615010424
2024-01-18 04:00:00,RIG_NORMAL,4,18,3,38.3565563732,39.986176424,45.1210235195,0.6358233028,41.0157652675,61.1024879714,53.0378892293,STANDBY,0,0,88.6309937457
2024-01-18 05:00:00,RIG_NORMAL,5,18,3,45.9749206378,57.6303806174,62.7595913599,0.5950695983000001,44.1862153856,63.6723630283,66.5432939582,STANDBY,0,0,88.7004864489
2024-01-18 06:00:00,RIG_NORMAL,6,18,3,54.1504325269,56.194374661,65.1715313769,0.6580913518,40.4353812188,64.7034748406,69.8231162556,HIGH_PRODUCTION,0,0,88.7699791522
2024-01-18 07:00:00,RIG_NORMAL,7,18,3,62.325944416,73.9353628264,76.9549883173,0.6375213318,47.084351819,73.3318133258,79.9507086459,HIGH_PRODUCTION,0,0,88.8394718555
2024-01-18 08:00:00,RIG_NORMAL,8,18,3,69.9443086806,73.430879618,76.1048246388,0.6140997504,48.878484920700004,75.0534206042,79.3840055508,HIGH_PRODUCTION,0,0,88.9089645587
2024-01-18 09:00:00,RIG_NORMAL,9,18,3,76.4863463859,88.2533330981,86.8578515821,0.6380576858,55.3243476458,74.9376749607,92.9442289625,HIGH_PRODUCTION,0,0,88.978457262
2024-01-18 10:00:00,RIG_NORMAL,10,18,3,81.5062284735,84.4994952256,86.5811019997,0.7223360537,54.4186463727,71.6138012571,95.1121835761,HIGH_PRODUCTION,0,0,89.0479499653
2024-01-18 11:00:00,RIG_NORMAL,11,18,3,84.661858275,90.1006809147,90.7552339711,0.7260771922,55.0607234881,68.4323444181,97.9396646328,HIGH_PRODUCTION,0,0,89.1174426685
2024-01-18 12:00:00,RIG_NORMAL,12,18,3,85.7381848343,92.7827638193,95.0,0.6677703851,53.2388858473,82.2483661473,102.8221124375,HIGH_PRODUCTION,0,0,89.1869353718
2024-01-18 13:00:00,RIG_NORMAL,13,18,3,84.661858275,85.6837948558,87.0963872293,0.724718622,53.1077779107,72.2939659227,96.6892381776,HIGH_PRODUCTION,0,0,89.2564280751
2024-01-18 14:00:00,RIG_NORMAL,14,18,3,81.5062284735,87.9838584219,91.4567169101,0.6013017225,53.1510464786,75.6637012844,98.2088378585,HIGH_PRODUCTION,0,0,89.3259207783
2024-01-18 15:00:00,RIG_NORMAL,15,18,3,76.4863463859,92.8998298415,90.9882030916,0.7018602245000001,53.0323038587,77.5166654201,99.1766657356,HIGH_PRODUCTION,0,0,89.3954134816
2024-01-18 16:00:00,RIG_NORMAL,16,18,3,69.9443086806,70.9697437453,75.4545851076,0.7103033240000001,50.0491371285,71.2010632957,78.7446201899,HIGH_PRODUCTION,0,0,89.4649061849
2024-01-18 17:00:00,RIG_NORMAL,17,18,3,62.325944416,74.7733100288,78.3392759982,0.6715169629000001,48.2779169751,77.9522862869,84.4500551503,HIGH_PRODUCTION,0,0,89.5343988881
2024-01-18 18:00:00,RIG_NORMAL,18,18,3,54.1504325269,51.1510885457,57.9523482109,0.4845252933,41.1900485497,67.7393463786,63.1406419522,HIGH_PRODUCTION,0,0,89.6038915914
2024-01-18 19:00:00,RIG_NORMAL,19,18,3,45.9749206378,57.2682730484,62.5067635673,0.5073630688,44.2724258371,69.9271408429,66.3733498169,HIGH_PRODUCTION,0,0,89.6733842946
2024-01-18 20:00:00,RIG_NORMAL,20,18,3,38.3565563732,56.981851431,59.2751793992,0.48529876980000003,43.2294032524,65.106965805,62.8919153843,HIGH_PRODUCTION,0,0,89.7428769979
2024-01-18 21:00:00,RIG_NORMAL,21,18,3,36.1002883513,42.5796626605,49.923072892,0.6062940251,38.8910443101,63.3752293406,58.5014849593,HIGH_PRODUCTION,0,0,89.8123697012
2024-01-18 22:00:00,RIG_NORMAL,22,18,3,36.1002883513,42.9060687378,48.8218160039,0.49197102460000003,39.7766184875,61.2013209276,57.0534946577,STANDBY,0,0,89.8818624044
2024-01-18 23:00:00,RIG_NORMAL,23,18,3,36.1002883513,35.4112021978,42.8924651022,0.5823676233,35.2333158861,55.5903868931,52.9612904436,STANDBY,0,0,89.9513551077
2024-01-19 00:00:00,RIG_NORMAL,0,19,4,36.1002883513,35.9875153084,43.2322184851,0.5566477914,39.5025071769,62.8592426379,46.3940225977,STANDBY,0,0,90.020847811
2024-01-19 01:00:00,RIG_NORMAL,1,19,4,36.1002883513,46.6379812956,45.6675173615,0.5279836417,43.32471922,61.0557903541,48.7551154704,STANDBY,0,0,90.0903405142
2024-01-19 02:00:00,RIG_NORMAL,2,19,4,36.1002883513,47.2374031787,54.068265322,0.6010525777,42.3609225166,58.620079509600004,57.0551169911,STANDBY,0,0,90.1598332175
2024-01-19 03:00:00,RIG_NORMAL,3,19,4,36.1002883513,47.57712161,53.150017248,0.500379463,43.6090551607,64.1589749528,61.1095156915,STANDBY,0,0,90.2293259208
2024-01-19 04:00:00,RIG_NORMAL,4,19,4,38.3565563732,48.2891170089,56.3849141942,0.5384287935000001,40.5100622097,65.8408652655,62.8961147296,STANDBY,0,0,90.298818624
2024-01-19 05:00:00,RIG_NORMAL,5,19,4,45.9749206378,49.0028518543,58.2542915004,0.49859435020000004,39.0588944117,69.7213070568,63.9651858246,STANDBY,0,0,90.3683113273
2024-01-19 06:00:00,RIG_NORMAL,6,19,4,54.1504325269,61.3272437153,67.8230412231,0.5679170614,42.5855487611,69.9541171154,64.4910324415,HIGH_PRODUCTION,0,0,90.4378040306
2024-01-19 07:00:00,RIG_NORMAL,7,19,4,62.325944416,61.3447416553,68.658586143,0.622939019,44.7070406808,74.5122367138,67.5372135377,HIGH_PRODUCTION,0,0,90.5072967338
2024-01-19 08:00:00,RIG_NORMAL,8,19,4,69.9443086806,76.1503603005,83.5906399909,0.6269374827,49.5446296193,76.8880638092,88.9742475612,HIGH_PRODUCTION,0,0,90.5767894371
2024-01-19 09:00:00,RIG_NORMAL,9,19,4,76.4863463859,90.90852288479999,90.7799946122,0.6309578417,52.562828951,78.986708083,99.678042156,HIGH_PRODUCTION,0,0,90.6462821404
2024-01-19 10:00:00,RIG_NORMAL,10,19,4,81.5062284735,85.7745378112,85.4223391224,0.6264349028,51.8445663052,77.0383016966,93.308385464,HIGH_PRODUCTION,0,0,90.7157748436
2024-01-19 11:00:00,RIG_NORMAL,11,19,4,84.661858275,92.4878599148,93.2052380533,0.6411946416000001,53.3677866259,74.0156005151,96.9993556802,HIGH_PRODUCTION,0,0,90.7852675469
2024-01-19 12:00:00,RIG_NORMAL,12,19,4,85.7381848343,101.8456088409,95.0,0.7306683384,55.0864148548,78.7584606445,102.5884674834,HIGH_PRODUCTION,0,0,90.8547602502
2024-01-19 13:00:00,RIG_NORMAL,13,19,4,84.661858275,87.0525099711,89.7411426318,0.6631514149000001,50.1648211454,81.8156990132,98.2622325508,HIGH_PRODUCTION,0,0,90.9242529534
2024-01-19 14:00:00,RIG_NORMAL,14,19,4,81.5062284735,92.9211889485,93.953697362,0.6643240569000001,50.737053349199996,81.5735385852,99.449911531,HIGH_PRODUCTION,0,0,90.9937456567
2024-01-19 15:00:00,RIG_NORMAL,15,19,4,76.4863463859,76.2231643846,81.4646156298,0.7050510434,46.6739079747,69.4210449619,88.6594519682,HIGH_PRODUCTION,0,0,91.06323836
2024-01-19 16:00:00,RIG_NORMAL,16,19,4,69.9443086806,83.3898593861,86.2358603843,0.7395870116000001,53.9542984158,75.3351712789,92.9678642655,HIGH_PRODUCTION,0,0,91.1327310632
2024-01-19 17:00:00,RIG_NORMAL,17,19,4,62.325944416,65.4239578864,72.3876299101,0.7322233664000001,49.0317001725,70.8337264169,84.6973868501,HIGH_PRODUCTION,0,0,91.2022237665
2024-01-19 18:00:00,RIG_NORMAL,18,19,4,54.1504325269,74.1819151968,71.7640100795,0.6565221317000001,48.7802610868,67.7206973954,76.3156046442,HIGH_PRODUCTION,0,0,91.2717164698
2024-01-19 19:00:00,RIG_NORMAL,19,19,4,45.9749206378,48.7997972928,55.2437941865,0.5383825195,45.5064538521,67.8126786022,57.8011256365,HIGH_PRODUCTION,0,0,91.341209173
2024-01-19 20:00:00,RIG_NORMAL,20,19,4,38.3565563732,50.1057150817,57.1431284953,0.5709061160000001,42.7548444809,65.915532402,55.8471393424,HIGH_PRODUCTION,0,0,91.4107018763
2024-01-19 21:00:00,RIG_NORMAL,21,19,4,36.1002883513,53.7377405509,55.3608044498,0.6397788538,47.6167459496,65.4300087974,54.9502026599,HIGH_PRODUCTION,0,0,91.4801945796
2024-01-19 22:00:00,RIG_NORMAL,22,19,4,36.1002883513,42.8982909215,50.662727686,0.5472892566,42.1570058361,63.3345771414,55.1122853717,STANDBY,0,0,91.5496872828
2024-01-19 23:00:00,RIG_NORMAL,23,19,4,36.1002883513,51.9629865189,53.0345709586,0.572482061,44.4722240697,64.4278199833,56.4504697479,STANDBY,0,0,91.6191799861
2024-01-20 00:00:00,RIG_NORMAL,0,20,5,36.8726740701,50.3130005226,52.084636694,0.5402586233000001,45.8655761337,70.1390310064,62.25020969,STANDBY,0,0,91.6886726894
2024-01-20 01:00:00,RIG_NORMAL,1,20,5,36.8726740701,51.4647543494,52.8459802163,0.6323823509000001,44.331626067,67.6406987248,55.7793952314,STANDBY,0,0,91.7581653926
2024-01-20 02:00:00,RIG_NORMAL,2,20,5,36.8726740701,45.4074238124,49.814634937,0.6185142494,43.0816064622,64.7426868105,54.6605835752,STANDBY,0,0,91.8276580959
2024-01-20 03:00:00,RIG_NORMAL,3,20,5,36.8726740701,53.531025153,53.8631937106,0.5893683654,44.1854357001,67.4286639344,51.7673040754,STANDBY,0,0,91.8971507992
2024-01-20 04:00:00,RIG_NORMAL,4,20,5,39.1772161995,42.1245693875,48.9137258519,0.6032546064000001,42.5427644681,55.6398590271,43.2333929676,STANDBY,0,0,91.9666435024
2024-01-20 05:00:00,RIG_NORMAL,5,20,5,46.9585795986,55.9357239608,62.6452238822,0.5533299415,45.0506334716,65.0106864511,69.313690105,STANDBY,0,0,92.0361362057
2024-01-20 06:00:00,RIG_NORMAL,6,20,5,55.3090111052,65.1171564315,66.6204201199,0.5702412503000001,48.0970197214,68.6408476984,79.2707025052,HIGH_PRODUCTION,0,0,92.105628909
2024-01-20 07:00:00,RIG_NORMAL,7,20,5,63.6594426117,81.4259507187,82.1896431704,0.6851717021,49.6839919931,67.0002504996,89.1935414133,HIGH_PRODUCTION,0,0,92.1751216122
2024-01-20 08:00:00,RIG_NORMAL,8,20,5,71.4408060109,78.8703109563,81.6762983468,0.7182009380000001,46.2884654221,76.413799499,88.5191028684,HIGH_PRODUCTION,0,0,92.2446143155
2024-01-20 09:00:00,RIG_NORMAL,9,20,5,78.1228142462,82.6114004493,84.4250706076,0.6832746779000001,50.9248453789,76.9329278201,87.8502608636,HIGH_PRODUCTION,0,0,92.3141070188
2024-01-20 10:00:00,RIG_NORMAL,10,20,5,83.2500994991,94.5451373936,92.2478501391,0.6643483551,52.2000327925,74.0039569305,96.7438411905,HIGH_PRODUCTION,0,0,92.383599722
2024-01-20 11:00:00,RIG_NORMAL,11,20,5,86.4732457528,94.6974644841,95.0,0.6410146073,54.6975270777,73.4155233376,96.8664047613,HIGH_PRODUCTION,0,0,92.4530924253
2024-01-20 12:00:00,RIG_NORMAL,12,20,5,87.5726009166,102.5298263854,95.0,0.7242871835,54.7286370063,79.9936261372,95.9046950796,HIGH_PRODUCTION,0,0,92.5225851286
2024-01-20 13:00:00,RIG_NORMAL,13,20,5,86.4732457528,101.6517411439,95.0,0.7124550324000001,52.9548550952,75.8972093572,98.5914673085,HIGH_PRODUCTION,0,0,92.5920778318
2024-01-20 14:00:00,RIG_NORMAL,14,20,5,83.2500994991,87.8806173041,89.7329803047,0.7798957230000001,50.1882135924,75.7728355347,96.8714397343,HIGH_PRODUCTION,0,0,92.6615705351
2024-01-20 15:00:00,RIG_NORMAL,15,20,5,78.1228142462,74.6590517417,79.9647948621,0.6907167543,48.1310971414,71.4094646002,85.4284367203,HIGH_PRODUCTION,0,0,92.7310632384
2024-01-20 16:00:00,RIG_NORMAL,16,20,5,71.4408060109,82.9325316647,83.3931846108,0.6263175191,52.873350444,73.6617764982,87.0080026445,HIGH_PRODUCTION,0,0,92.8005559416
2024-01-20 17:00:00,RIG_NORMAL,17,20,5,63.6594426117,72.9684411041,81.171413789,0.6791317013,49.8412608387,69.78661904,84.7465304327,HIGH_PRODUCTION,0,0,92.8700486449
2024-01-20 18:00:00,RIG_NORMAL,18,20,5,55.3090111052,71.2960338325,74.0147057853,0.6743564743,48.1540316599,70.8455079611,75.932823713,HIGH_PRODUCTION,0,0,92.9395413482
2024-01-20 19:00:00,RIG_NORMAL,19,20,5,46.9585795986,49.5578092133,60.4537350694,0.5386106748,38.4816152626,66.881543173,64.0233780094,HIGH_PRODUCTION,0,0,93.0090340514
2024-01-20 20:00:00,RIG_NORMAL,20,20,5,39.1772161995,49.0597896163,54.9885907697,0.5493357018,44.5390464053,60.0222594297,57.6361481877,HIGH_PRODUCTION,0,0,93.0785267547
2024-01-20 21:00:00,RIG_NORMAL,21,20,5,36.8726740701,38.3497984501,42.2873576304,0.5134758467,41.4045717934,58.5387565191,46.9662466066,HIGH_PRODUCTION,0,0,93.148019458
2024-01-20 22:00:00,RIG_NORMAL,22,20,5,36.8726740701,43.2304011501,48.5103482525,0.6111641233,40.9879197464,61.8010343945,55.5198958638,STANDBY,0,0,93.2175121612
2024-01-20 23:00:00,RIG_NORMAL,23,20,5,36.8726740701,40.8633081125,47.0121482438,0.6341942186,40.6371052504,63.8810548607,56.0416873001,STANDBY,0,0,93.2870048645
2024-01-21 00:00:00,RIG_NORMAL,0,21,6,38.2644650435,51.2448251277,52.1072653156,0.5504360922,44.2800520777,63.1465046083,60.5421943521,STANDBY,0,0,93.3564975678
2024-01-21 01:00:00,RIG_NORMAL,1,21,6,38.2644650435,51.8092244729,53.8623009517,0.5415199298,46.9306956104,71.6517523405,59.4745346534,STANDBY,0,0,93.425990271
2024-01-21 02:00:00,RIG_NORMAL,2,21,6,38.2644650435,42.0696168787,48.305226107,0.4345365577,42.0732256002,63.6125777428,52.4664555606,STANDBY,0,0,93.4954829743
2024-01-21 03:00:00,RIG_NORMAL,3,21,6,38.2644650435,36.2742464497,45.996549836,0.6119474101,36.5022379854,61.8771996689,45.8513482957,STANDBY,0,0,93.5649756776
2024-01-21 04:00:00,RIG_NORMAL,4,21,6,40.6559941088,50.8420485175,58.4198704869,0.5353412182,44.6691175325,68.4374480781,68.0844756214,STANDBY,0,0,93.6344683808
2024-01-21 05:00:00,RIG_NORMAL,5,21,6,48.7310717994,65.3536855123,68.1626126315,0.5383188643,49.4020503563,70.091003686,75.5515485543,STANDBY,0,0,93.7039610841
2024-01-21 06:00:00,RIG_NORMAL,6,21,6,57.3966975653,66.0977209826,68.551284265,0.5857390141000001,46.8568114053,72.1373792204,74.3452405128,HIGH_PRODUCTION,0,0,93.7734537874
2024-01-21 07:00:00,RIG_NORMAL,7,21,6,66.0623233312,78.8142814198,84.4968868749,0.7165618361,52.5964146967,69.1273813346,89.8410749872,HIGH_PRODUCTION,0,0,93.8429464906
2024-01-21 08:00:00,RIG_NORMAL,8,21,6,74.1374010218,87.7881135575,88.7717379721,0.6930130864,51.1322717746,75.9626572219,94.1129741002,HIGH_PRODUCTION,0,0,93.9124391939
2024-01-21 09:00:00,RIG_NORMAL,9,21,6,81.0716274372,89.5279687141,91.6872733893,0.6671046094,53.7096497466,78.2077320664,92.48788187,HIGH_PRODUCTION,0,0,93.9819318972
2024-01-21 10:00:00,RIG_NORMAL,10,21,6,86.3924465065,98.3951279675,95.0,0.7397934573,57.1295496492,80.3413398364,97.9704519273,HIGH_PRODUCTION,0,0,94.0514246004
2024-01-21 11:00:00,RIG_NORMAL,11,21,6,89.7372532031,84.9607127069,90.73618282300001,0.5427825922,51.3826274932,78.4257003023,96.2647822753,HIGH_PRODUCTION,0,0,94.1209173037
2024-01-21 12:00:00,RIG_NORMAL,12,21,6,90.8781044784,94.1031471298,95.0,0.7211381746000001,50.1954619214,84.8494809555,100.2787961342,HIGH_PRODUCTION,0,0,94.1904100069
2024-01-21 13:00:00,RIG_NORMAL,13,21,6,89.7372532031,103.9065823226,95.0,0.7073916951,56.2127363254,86.2938717542,99.9204647709,HIGH_PRODUCTION,0,0,94.2599027102
2024-01-21 14:00:00,RIG_NORMAL,14,21,6,86.3924465065,98.2061097292,95.0,0.8013657087,52.3644179692,80.5162591077,96.7875760807,HIGH_PRODUCTION,0,0,94.3293954135
2024-01-21 15:00:00,RIG_NORMAL,15,21,6,81.0716274372,93.0791400186,90.3862566916,0.7217157729,54.7931788574,79.9890013972,98.0021713528,HIGH_PRODUCTION,0,0,94.3988881167
2024-01-21 16:00:00,RIG_NORMAL,16,21,6,74.1374010218,84.5787563598,87.8518724456,0.6125178795,51.9804985486,70.723027887,90.9888568413,HIGH_PRODUCTION,0,0,94.46838082
2024-01-21 17:00:00,RIG_NORMAL,17,21,6,66.0623233312,78.8463022445,79.5079814648,0.6813961962,51.5594106361,71.0199165785,82.9129935661,HIGH_PRODUCTION,0,0,94.5378735233
2024-01-21 18:00:00,RIG_NORMAL,18,21,6,57.3966975653,67.285331319,69.685741047,0.6998577472,44.3585107267,70.7364912073,68.7880241384,HIGH_PRODUCTION,0,0,94.6073662265
2024-01-21 19:00:00,RIG_NORMAL,19,21,6,48.7310717994,50.1680505435,57.595340734,0.5211761973,41.2747932185,66.4753033406,62.8488056102,HIGH_PRODUCTION,0,0,94.6768589298
2024-01-21 20:00:00,RIG_NORMAL,20,21,6,40.6559941088,51.7329646265,58.4017683932,0.5912863209,44.2438910374,64.1622561349,65.9859005424,HIGH_PRODUCTION,0,0,94.7463516331
2024-01-21 21:00:00,RIG_NORMAL,21,21,6,38.2644650435,41.7531727862,46.8418375399,0.5694676184,40.4638192576,63.8390998455,53.7592387402,HIGH_PRODUCTION,0,0,94.8158443363
2024-01-21 22:00:00,RIG_NORMAL,22,21,6,38.2644650435,43.8273895743,48.0237796956,0.5329773131000001,41.1579186639,63.9178841174,58.3619578545,STANDBY,0,0,94.8853370396
2024-01-21 23:00:00,RIG_NORMAL,23,21,6,38.2644650435,50.0197656203,54.2807132793,0.5630232953000001,45.0982480123,65.9179556836,58.0218654337,STANDBY,0,0,94.9548297429
2024-01-22 00:00:00,RIG_NORMAL,0,22,0,40.0,40.9261892934,47.0532596589,0.5227867136000001,41.4702745772,61.513713181,51.3984900068,STANDBY,0,0,95.0243224461
2024-01-22 01:00:00,RIG_NORMAL,1,22,0,40.0,51.8624357718,52.9845068787,0.5868228645,42.5758559356,72.3451434166,57.1650199909,STANDBY,0,0,95.0938151494
2024-01-22 02:00:00,RIG_NORMAL,2,22,0,40.0,43.3227608184,52.173626968,0.5574382877,39.1747988543,62.3798221681,50.0857510614,STANDBY,0,0,95.1633078527
2024-01-22 03:00:00,RIG_NORMAL,3,22,0,40.0,48.9255202627,55.6340483126,0.5672868872,41.4935825204,67.1981877523,60.9165288662,STANDBY,0,0,95.2328005559
2024-01-22 04:00:00,RIG_NORMAL,4,22,0,42.5,55.0933015355,60.8056180351,0.6490443410000001,45.5808010036,66.8143098583,65.6895613664,STANDBY,0,0,95.3022932592
2024-01-22 05:00:00,RIG_NORMAL,5,22,0,50.9413334214,59.7040744929,61.6524534959,0.6184528662000001,47.6660634448,71.8754256585,71.6973637126,STANDBY,0,0,95.3717859625
2024-01-22 06:00:00,RIG_NORMAL,6,22,0,60.0,68.5347569031,70.2096970821,0.5733268806,44.8640351819,71.7346632204,73.9985095535,HIGH_PRODUCTION,0,0,95.4412786657
2024-01-22 07:00:00,RIG_NORMAL,7,22,0,69.0586665786,80.8065000672,79.2118624207,0.6886232161,48.6524409441,77.7384781501,85.4946165904,HIGH_PRODUCTION,0,0,95.510771369
2024-01-22 08:00:00,RIG_NORMAL,8,22,0,77.5,92.9783155991,90.1475906524,0.6269658958000001,60.3818897444,77.7643164988,99.6159971793,HIGH_PRODUCTION,0,0,95.5802640723
2024-01-22 09:00:00,RIG_NORMAL,9,22,0,84.7487373415,100.6751670276,95.0,0.7374692068,57.8456484603,80.3353955127,96.1888083225,HIGH_PRODUCTION,0,0,95.6497567755
2024-01-22 10:00:00,RIG_NORMAL,10,22,0,90.3108891325,102.1201249632,95.0,0.7370120772000001,53.8209822245,77.8295259676,106.5775512139,HIGH_PRODUCTION,0,0,95.7192494788
2024-01-22 11:00:00,RIG_NORMAL,11,22,0,93.8074039201,113.7358634234,95.0,0.8306801004000001,61.2718321457,86.9373430493,100.0255564248,HIGH_PRODUCTION,0,0,95.7887421821
2024-01-22 12:00:00,RIG_NORMAL,12,22,0,95.0,97.7698015896,95.0,0.7408196602,52.4401513583,76.5452507279,102.4342413995,HIGH_PRODUCTION,0,0,95.8582348853
2024-01-22 13:00:00,RIG_NORMAL,13,22,0,93.8074039201,101.6121476941,95.0,0.7300022005,53.9382459489,75.997045539,105.3141934167,HIGH_PRODUCTION,0,0,95.9277275886
2024-01-22 14:00:00,RIG_NORMAL,14,22,0,90.3108891325,97.1337614106,94.5977146225,0.6728619061000001,51.1118982401,79.9916423867,102.4279046412,HIGH_PRODUCTION,0,0,95.9972202919
2024-01-22 15:00:00,RIG_NORMAL,15,22,0,84.7487373415,94.2186856409,91.7930083065,0.7358750420000001,55.2040208167,76.7109360815,100.9721186534,HIGH_PRODUCTION,0,0,96.0667129951
2024-01-22 16:00:00,RIG_NORMAL,16,22,0,77.5,94.0795088793,89.8444074719,0.7817235865000001,50.0777143251,78.0759439644,98.6750692089,HIGH_PRODUCTION,0,0,96.1362056984
2024-01-22 17:00:00,RIG_NORMAL,17,22,0,69.0586665786,73.8477646149,78.9939533072,0.6603575508,48.3332995949,72.751817815,86.2684330343,HIGH_PRODUCTION,0,0,96.2056984017
2024-01-22 18:00:00,RIG_NORMAL,18,22,0,60.0,72.5691037864,73.0213430529,0.5425875223000001,50.4054773174,71.9763325904,78.0444394866,HIGH_PRODUCTION,0,0,96.2751911049
2024-01-22 19:00:00,RIG_NORMAL,19,22,0,50.9413334214,57.1535334973,61.4271231571,0.6062534566000001,44.286718648,66.0225272567,63.99753167,HIGH_PRODUCTION,0,0,96.3446838082
2024-01-22 20:00:00,RIG_NORMAL,20,22,0,42.5,47.39776064,55.3760263365,0.5903333579,42.0461576391,61.3647166406,61.4105842222,HIGH_PRODUCTION,0,0,96.4141765115
2024-01-22 21:00:00,RIG_NORMAL,21,22,0,40.0,40.7156544547,53.3298875764,0.5781881624,41.7667354183,65.4807517409,59.3777240491,HIGH_PRODUCTION,0,0,96.4836692147
2024-01-22 22:00:00,RIG_NORMAL,22,22,0,40.0,50.2428813896,53.1976335546,0.6173895691,43.2261726142,65.1068832719,56.2383036989,STANDBY,0,0,96.553161918
2024-01-22 23:00:00,RIG_NORMAL,23,22,0,40.0,40.9145263723,47.9505318382,0.4737933857,42.0234889308,65.495215187,49.1308950836,STANDBY,0,0,96.6226546213
2024-01-23 00:00:00,RIG_NORMAL,0,23,1,38.2644650435,48.1035468086,50.5615909432,0.622358633,43.100191643,63.8490192097,52.9957762007,STANDBY,0,0,96.6921473245
2024-01-23 01:00:00,RIG_NORMAL,1,23,1,38.2644650435,47.6047727964,48.9781877791,0.6108835901,41.4207597975,62.7164501967,61.2309597032,STANDBY,0,0,96.7616400278
2024-01-23 02:00:00,RIG_NORMAL,2,23,1,38.2644650435,46.4424143545,50.1463834535,0.5657450696,41.4462755605,57.8353430489,53.5803961941,STANDBY,0,0,96.8311327311
2024-01-23 03:00:00,RIG_NORMAL,3,23,1,38.2644650435,44.9184826082,50.0394724326,0.6004330627000001,41.252782713,59.844363605,51.833351575,STANDBY,0,0,96.9006254343
2024-01-23 04:00:00,RIG_NORMAL,4,23,1,40.6559941088,58.6499488133,63.5550841394,0.6941950928,43.4617557396,66.8774475788,68.0124160676,STANDBY,0,0,96.9701181376
2024-01-23 05:00:00,RIG_NORMAL,5,23,1,48.7310717994,54.5293992431,61.9542930095,0.7357868946,42.7099836006,69.524268662,64.6137672058,STANDBY,0,0,97.0396108409
2024-01-23 06:00:00,RIG_NORMAL,6,23,1,57.3966975653,65.7696787688,70.9678037983,0.6345644717000001,50.2372651559,68.0326386336,72.7684941493,HIGH_PRODUCTION,0,0,97.1091035441
2024-01-23 07:00:00,RIG_NORMAL,7,23,1,66.0623233312,75.3578832305,77.1198023013,0.6569851001,45.7505286414,67.6573960186,86.3032930192,HIGH_PRODUCTION,0,0,97.1785962474
2024-01-23 08:00:00,RIG_NORMAL,8,23,1,74.1374010218,88.6490545303,84.6477994087,0.7185854389,51.6472095484,74.5805479014,89.9279290796,HIGH_PRODUCTION,0,0,97.2480889507
2024-01-23 09:00:00,RIG_NORMAL,9,23,1,81.0716274372,94.1015115874,92.2894353819,0.7170669386,50.3551293868,77.6179084335,92.7238025519,HIGH_PRODUCTION,0,0,97.3175816539
2024-01-23 10:00:00,RIG_NORMAL,10,23,1,86.3924465065,92.2793671411,89.1325606781,0.6701869583000001,55.8605897372,77.6178328992,90.0579213912,HIGH_PRODUCTION,0,0,97.3870743572
2024-01-23 11:00:00,RIG_NORMAL,11,23,1,89.7372532031,103.7115176736,95.0,0.7103186369000001,55.1744248506,81.9308468184,97.2570300734,HIGH_PRODUCTION,0,0,97.4565670605
2024-01-23 12:00:00,RIG_NORMAL,12,23,1,90.8781044784,100.9002432126,95.0,0.7561578479000001,56.1638516035,79.842266021,101.54308399600001,HIGH_PRODUCTION,0,0,97.5260597637
2024-01-23 13:00:00,RIG_NORMAL,13,23,1,89.7372532031,103.8912096865,95.0,0.7513385287000001,54.9637627259,76.9580746072,99.6234502076,HIGH_PRODUCTION,0,0,97.595552467
2024-01-23 14:00:00,RIG_NORMAL,14,23,1,86.3924465065,91.7189678076,94.558129644,0.7609862951,53.87305647,70.4207548082,103.6873408525,HIGH_PRODUCTION,0,0,97.6650451703
2024-01-23 15:00:00,RIG_NORMAL,15,23,1,81.0716274372,90.5852144729,92.5541630202,0.7117739615,54.1307322074,79.5369538718,94.9459471454,HIGH_PRODUCTION,0,0,97.7345378735
2024-01-23 16:00:00,RIG_NORMAL,16,23,1,74.1374010218,87.1832746408,86.3865546957,0.7001253985,51.2970832978,80.0467526447,89.6401027895,HIGH_PRODUCTION,0,0,97.8040305768
2024-01-23 17:00:00,RIG_NORMAL,17,23,1,66.0623233312,77.3253878755,76.8850455795,0.6961910908000001,51.7634872801,70.2153810525,84.5700944218,HIGH_PRODUCTION,0,0,97.8735232801
2024-01-23 18:00:00,RIG_NORMAL,18,23,1,57.3966975653,70.4631904863,74.0170039361,0.7370296002000001,43.3501115595,67.5034322141,76.9469517684,HIGH_PRODUCTION,0,0,97.9430159833
2024-01-23 19:00:00,RIG_NORMAL,19,23,1,48.7310717994,64.3667873601,72.1937789936,0.7276557202,46.3672318299,72.6308548477,76.0598843581,HIGH_PRODUCTION,0,0,98.0125086866
2024-01-23 20:00:00,RIG_NORMAL,20,23,1,40.6559941088,52.9643519497,56.9646566391,0.5674040144,42.1455711712,62.5881580239,58.6989739041,HIGH_PRODUCTION,0,0,98.0820013899
2024-01-23 21:00:00,RIG_NORMAL,21,23,1,38.2644650435,48.2649453249,55.7747126231,0.5779863538000001,39.9566390275,64.9676644592,57.8508157576,HIGH_PRODUCTION,0,0,98.1514940931
2024-01-23 22:00:00,RIG_NORMAL,22,23,1,38.2644650435,48.0497387455,50.0562951782,0.6362040025,41.7457664138,63.2154488044,59.5381419477,STANDBY,0,0,98.2209867964
2024-01-23 23:00:00,RIG_NORMAL,23,23,1,38.2644650435,48.5007952879,53.1974695483,0.4683497659,43.3123864435,53.205730538,58.0448988742,STANDBY,0,0,98.2904794997
2024-01-24 00:00:00,RIG_NORMAL,0,24,2,36.8726740701,44.2717334393,49.6263248191,0.5383237929,39.9580975106,61.7335573517,52.8458666698,STANDBY,0,0,98.3599722029
2024-01-24 01:00:00,RIG_NORMAL,1,24,2,36.8726740701,38.4827428131,43.9159159712,0.5815987378,43.5655727614,59.9999009763,41.3217520789,STANDBY,0,0,98.4294649062
2024-01-24 02:00:00,RIG_NORMAL,2,24,2,36.8726740701,43.8327752482,50.7647109305,0.6158974356,40.610177469999996,60.7063071226,57.172524062,STANDBY,0,0,98.4989576095
2024-01-24 03:00:00,RIG_NORMAL,3,24,2,36.8726740701,43.7059579489,50.0421873561,0.5897936108,37.1037509002,65.0332099736,56.8099328698,STANDBY,0,0,98.5684503127
2024-01-24 04:00:00,RIG_NORMAL,4,24,2,39.1772161995,46.5969460636,55.5423109195,0.5982340293,42.5797204216,62.4998491801,59.3998532787,STANDBY,0,0,98.637943016
2024-01-24 05:00:00,RIG_NORMAL,5,24,2,46.9585795986,56.5797398717,62.2858299787,0.5529095176000001,44.1756074807,69.6580410332,70.2963589669,STANDBY,0,0,98.7074357192
2024-01-24 06:00:00,RIG_NORMAL,6,24,2,55.3090111052,64.3602932554,69.9421212514,0.6091024607000001,44.9683673358,67.766557513,70.6259738747,HIGH_PRODUCTION,0,0,98.7769284225
2024-01-24 07:00:00,RIG_NORMAL,7,24,2,63.6594426117,79.8357859176,79.4594203275,0.6813194807,49.7082681782,73.4044627588,87.5513751801,HIGH_PRODUCTION,0,0,98.8464211258
2024-01-24 08:00:00,RIG_NORMAL,8,24,2,71.4408060109,79.5856373438,79.8011050588,0.6567653439000001,47.1940846695,71.1663605925,82.3398904046,HIGH_PRODUCTION,0,0,98.915913829
2024-01-24 09:00:00,RIG_NORMAL,9,24,2,78.1228142462,87.5734961273,90.2446529376,0.6772579384,53.6789949933,78.5007651973,96.1511660998,HIGH_PRODUCTION,0,0,98.9854065323
2024-01-24 10:00:00,RIG_NORMAL,10,24,2,83.2500994991,93.1858253256,91.6063731774,0.7770978975,55.7490533875,74.4831906773,96.0990722033,HIGH_PRODUCTION,0,0,99.0548992356
2024-01-24 11:00:00,RIG_NORMAL,11,24,2,86.4732457528,90.5420045138,95.0,0.7855499493,53.2835734892,76.687731408,101.0233588345,HIGH_PRODUCTION,0,0,99.1243919388
2024-01-24 12:00:00,RIG_NORMAL,12,24,2,87.5726009166,93.8406995979,92.1470713548,0.760032771,53.1796705321,77.9709147342,97.4451924819,HIGH_PRODUCTION,0,0,99.1938846421
2024-01-24 13:00:00,RIG_NORMAL,13,24,2,86.4732457528,95.7681845409,95.0,0.7958853007000001,52.9893298277,83.3274543225,99.6350927132,HIGH_PRODUCTION,0,0,99.2633773454
2024-01-24 14:00:00,RIG_NORMAL,14,24,2,83.2500994991,93.7525485712,95.0,0.655792881,52.5986678742,77.7212160878,101.7245635717,HIGH_PRODUCTION,0,0,99.3328700486
2024-01-24 15:00:00,RIG_NORMAL,15,24,2,78.1228142462,86.2049269062,86.7661917629,0.7048423908,49.0148143429,74.7326600085,95.8450753286,HIGH_PRODUCTION,0,0,99.4023627519
2024-01-24 16:00:00,RIG_NORMAL,16,24,2,71.4408060109,75.813447272,79.6505086674,0.7048414454,50.5529943065,80.1554412216,87.2469162117,HIGH_PRODUCTION,0,0,99.4718554552
2024-01-24 17:00:00,RIG_NORMAL,17,24,2,63.6594426117,74.8659532982,79.8366357275,0.6927865634,48.5318198874,75.2642927236,86.2887355345,HIGH_PRODUCTION,0,0,99.5413481584
2024-01-24 18:00:00,RIG_NORMAL,18,24,2,55.3090111052,69.5181098957,70.9007654142,0.6224592990000001,45.8756677318,71.5947446473,76.0962151245,HIGH_PRODUCTION,0,0,99.6108408617
2024-01-24 19:00:00,RIG_NORMAL,19,24,2,46.9585795986,60.57315721,62.228412874,0.6022103407,44.2800501979,71.9287063483,58.8966800203,HIGH_PRODUCTION,0,0,99.680333565
2024-01-24 20:00:00,RIG_NORMAL,20,24,2,39.1772161995,56.3722169534,61.8935660878,0.6020561044,44.882701629,67.9050573134,65.1469712111,HIGH_PRODUCTION,0,0,99.7498262682
2024-01-24 21:00:00,RIG_NORMAL,21,24,2,36.8726740701,50.8452741905,56.1042666757,0.5763673655,41.6199893715,61.9225372622,61.4366668537,HIGH_PRODUCTION,0,0,99.8193189715
2024-01-24 22:00:00,RIG_NORMAL,22,24,2,36.8726740701,44.9975796528,46.4378895578,0.528444989,42.3506466646,64.7834510797,51.6114187721,STANDBY,0,0,99.8888116748
2024-01-24 23:00:00,RIG_NORMAL,23,24,2,36.8726740701,53.5638228847,55.3164085318,0.7008989852,43.3083549806,64.7816156799,59.3004293873,STANDBY,0,0,99.958304378
2024-01-25 00:00:00,RIG_NORMAL,0,25,3,36.1002883513,56.80374795,58.5726549069,0.6203665423,45.0139039682,62.9738040706,56.7164144215,STANDBY,0,0,100.0277970813
2024-01-25 01:00:00,RIG_NORMAL,1,25,3,36.1002883513,41.8143050559,51.0606017333,0.5875836541,40.3400905044,61.3068711009,61.6990953996,STANDBY,0,0,100.0972897846
2024-01-25 02:00:00,RIG_NORMAL,2,25,3,36.1002883513,43.4135085146,49.602949475,0.5965405194,42.9637698265,68.0127642504,56.472325148,STANDBY,0,0,100.1667824878
2024-01-25 03:00:00,RIG_NORMAL,3,25,3,36.1002883513,45.7547324242,52.4247529464,0.6076389627000001,42.0327763355,64.8404260775,52.1736852098,STANDBY,0,0,100.2362751911
2024-01-25 04:00:00,RIG_NORMAL,4,25,3,38.3565563732,49.8372816871,59.7667913882,0.5888748971000001,39.7669006874,62.593436941,59.7922568389,STANDBY,0,0,100.3057678944
2024-01-25 05:00:00,RIG_NORMAL,5,25,3,45.9749206378,54.0722008157,59.9091026044,0.7009349469,46.1709514614,67.6332354724,64.1658993949,STANDBY,0,0,100.3752605976
2024-01-25 06:00:00,RIG_NORMAL,6,25,3,54.1504325269,61.6671061863,67.4407406559,0.6341148162,45.0862807092,67.1720166924,73.7874580237,HIGH_PRODUCTION,0,0,100.4447533009
2024-01-25 07:00:00,RIG_NORMAL,7,25,3,62.325944416,66.9981315529,69.857965939,0.7079853825,43.5265079418,71.9920776611,78.1914722307,HIGH_PRODUCTION,0,0,100.5142460042
2024-01-25 08:00:00,RIG_NORMAL,8,25,3,69.9443086806,79.8260515863,81.6213837268,0.7396492051,54.5586806406,73.2610617205,86.9446716236,HIGH_PRODUCTION,0,0,100.5837387074
2024-01-25 09:00:00,RIG_NORMAL,9,25,3,76.4863463859,81.1987033706,83.5927519649,0.7812972227,50.0707980293,71.1712230973,93.4209237405,HIGH_PRODUCTION,0,0,100.6532314107
2024-01-25 10:00:00,RIG_NORMAL,10,25,3,81.5062284735,96.5870167583,94.0058495521,0.691985462,55.7219527617,78.5746113187,97.5717099648,HIGH_PRODUCTION,0,0,100.722724114
2024-01-25 11:00:00,RIG_NORMAL,11,25,3,84.661858275,96.6633456966,94.7514206604,0.8196472577,51.9265311377,79.0702617268,101.1194983081,HIGH_PRODUCTION,0,0,100.7922168172
2024-01-25 12:00:00,RIG_NORMAL,12,25,3,85.7381848343,94.4108249445,93.1201457235,0.6699020711,53.6105115267,82.7510976251,92.7218880526,HIGH_PRODUCTION,0,0,100.8617095205
2024-01-25 13:00:00,RIG_NORMAL,13,25,3,84.661858275,94.8497375855,95.0,0.7202253134000001,55.76057117,77.6191533492,102.59512706,HIGH_PRODUCTION,0,0,100.9312022238
2024-01-25 14:00:00,RIG_NORMAL,14,25,3,81.5062284735,92.7321446955,92.2494819109,0.7291216271000001,55.380842162,80.0047564981,100.4107456475,HIGH_PRODUCTION,0,0,101.000694927
2024-01-25 15:00:00,RIG_NORMAL,15,25,3,76.4863463859,84.234507268,85.0042396624,0.7159101442,53.5222858983,73.7236577199,89.7116327052,HIGH_PRODUCTION,0,0,101.0701876303
2024-01-25 16:00:00,RIG_NORMAL,16,25,3,69.9443086806,86.5564742916,85.5853273384,0.6986119998,50.3729294164,76.2920391912,91.0538658405,HIGH_PRODUCTION,0,0,101.1396803336
2024-01-25 17:00:00,RIG_NORMAL,17,25,3,62.325944416,79.3473350458,84.5927479234,0.6468603376000001,50.7633395432,75.0511261962,86.7348809109,HIGH_PRODUCTION,0,0,101.2091730368
2024-01-25 18:00:00,RIG_NORMAL,18,25,3,54.1504325269,68.0528114149,73.231631216,0.6585391832,44.6142062972,66.4407772747,79.7046666886,HIGH_PRODUCTION,0,0,101.2786657401
2024-01-25 19:00:00,RIG_NORMAL,19,25,3,45.9749206378,56.6251902768,56.8108096048,0.5756254296000001,41.535204456,70.8111615585,66.3945164036,HIGH_PRODUCTION,0,0,101.3481584434
2024-01-25 20:00:00,RIG_NORMAL,20,25,3,38.3565563732,57.1697487276,60.2281729939,0.7148155884,44.0785041614,70.1161510066,61.4333105812,HIGH_PRODUCTION,0,0,101.4176511466
2024-01-25 21:00:00,RIG_NORMAL,21,25,3,36.1002883513,50.012947406,50.5567450983,0.6025804804,41.6116698181,63.6746549924,52.2611949238,HIGH_PRODUCTION,0,0,101.4871438499
2024-01-25 22:00:00,RIG_NORMAL,22,25,3,36.1002883513,51.6043461723,54.8743390335,0.4893839842,42.7110101945,66.3719373255,61.2644030399,STANDBY,0,0,101.5566365532
2024-01-25 23:00:00,RIG_NORMAL,23,25,3,36.1002883513,42.3258100616,49.7013594511,0.6735403624,40.0259650579,61.8977001869,50.7322654496,STANDBY,0,0,101.6261292564
2024-01-26 00:00:00,RIG_NORMAL,0,26,4,36.1002883513,42.1803135563,47.0983428209,0.4462138142,39.3505145792,65.2348303166,53.8356865401,STANDBY,0,0,101.6956219597
2024-01-26 01:00:00,RIG_NORMAL,1,26,4,36.1002883513,50.5986862994,56.230780571,0.661731143,43.1464966884,63.3139105779,58.9106903301,STANDBY,0,0,101.765114663
2024-01-26 02:00:00,RIG_NORMAL,2,26,4,36.1002883513,46.6477760492,53.0231856277,0.6091717089,43.5424428374,61.5817823338,55.5076474462,STANDBY,0,0,101.8346073662
2024-01-26 03:00:00,RIG_NORMAL,3,26,4,36.1002883513,47.56808424,47.9965407681,0.5816727677,43.3182291237,68.9743587091,57.6332653511,STANDBY,0,0,101.9041000695
2024-01-26 04:00:00,RIG_NORMAL,4,26,4,38.3565563732,41.3977385383,52.3387187773,0.5334560632,41.5374242012,61.8769612234,59.0775589087,STANDBY,0,0,101.9735927728
2024-01-26 05:00:00,RIG_NORMAL,5,26,4,45.9749206378,52.5442179999,58.0539287188,0.7453141369,40.1541565396,63.8363285161,65.4234114655,STANDBY,0,0,102.043085476
2024-01-26 06:00:00,RIG_NORMAL,6,26,4,54.1504325269,63.877167535,69.8136070739,0.6279211002,45.8903947497,68.1061562561,79.5740500674,HIGH_PRODUCTION,0,0,102.1125781793
2024-01-26 07:00:00,RIG_NORMAL,7,26,4,62.325944416,76.0662918193,79.0275961226,0.6895249353,47.761067841,69.7968940435,82.4767448642,HIGH_PRODUCTION,0,0,102.1820708826
2024-01-26 08:00:00,RIG_NORMAL,8,26,4,69.9443086806,81.3448802525,80.2134675961,0.7373570914,52.8685633741,75.2816468031,82.4444762913,HIGH_PRODUCTION,0,0,102.2515635858
2024-01-26 09:00:00,RIG_NORMAL,9,26,4,76.4863463859,89.0341287767,86.3566946061,0.6964396812,51.8036003303,77.5228384487,94.4326311527,HIGH_PRODUCTION,0,0,102.3210562891
2024-01-26 10:00:00,RIG_NORMAL,10,26,4,81.5062284735,97.2423012863,95.0,0.7573478399,59.0995929468,75.3326549529,102.456519071,HIGH_PRODUCTION,0,0,102.3905489924
2024-01-26 11:00:00,RIG_NORMAL,11,26,4,84.661858275,96.3531796786,93.5884188531,0.7911776422,54.6269250186,82.186081702,95.8506665331,HIGH_PRODUCTION,0,0,102.4600416956
2024-01-26 12:00:00,RIG_NORMAL,12,26,4,85.7381848343,98.1792607056,94.6201041131,0.7240624482,56.0868051185,81.4483446842,97.6841057265,HIGH_PRODUCTION,0,0,102.5295343989
2024-01-26 13:00:00,RIG_NORMAL,13,26,4,84.661858275,98.9227687365,95.0,0.7440884105000001,53.3823232885,79.6381588765,98.2857712677,HIGH_PRODUCTION,0,0,102.5990271022
2024-01-26 14:00:00,RIG_NORMAL,14,26,4,81.5062284735,97.7314919084,94.8527528735,0.7266975374,55.8935968768,78.1548632712,106.9435676591,HIGH_PRODUCTION,0,0,102.6685198054
2024-01-26 15:00:00,RIG_NORMAL,15,26,4,76.4863463859,93.1331356475,90.9659783316,0.8011942546,51.7034723981,78.0264289664,97.3194949507,HIGH_PRODUCTION,0,0,102.7380125087
2024-01-26 16:00:00,RIG_NORMAL,16,26,4,69.9443086806,82.5699151156,81.2610698873,0.7950345029,52.1514294303,79.8143459245,83.3061611708,HIGH_PRODUCTION,0,0,102.807505212
2024-01-26 17:00:00,RIG_NORMAL,17,26,4,62.325944416,77.1459798751,79.3026631584,0.7012578767000001,49.4585705952,70.5913684466,78.5198004599,HIGH_PRODUCTION,0,0,102.8769979152
2024-01-26 18:00:00,RIG_NORMAL,18,26,4,54.1504325269,65.1869754097,68.7548429221,0.6561532453000001,41.1776847482,73.739647552,75.301063212,HIGH_PRODUCTION,0,0,102.9464906185
2024-01-26 19:00:00,RIG_NORMAL,19,26,4,45.9749206378,56.2309813886,66.0404264599,0.5718003432000001,43.7134579246,68.3223768869,70.7165885153,HIGH_PRODUCTION,0,0,103.0159833218
2024-01-26 20:00:00,RIG_NORMAL,20,26,4,38.3565563732,46.4212005377,53.2794879232,0.5702882498,41.8233449067,68.2517155341,62.3806851096,HIGH_PRODUCTION,0,0,103.085476025
2024-01-26 21:00:00,RIG_NORMAL,21,26,4,36.1002883513,45.6490511531,50.3387215658,0.5925040472,40.2445667514,66.8797064614,57.64459129,HIGH_PRODUCTION,0,0,103.1549687283
2024-01-26 22:00:00,RIG_NORMAL,22,26,4,36.1002883513,40.9457380594,46.0522606294,0.6982658164000001,41.1412797895,56.7959219455,44.3520048009,STANDBY,0,0,103.2244614315
2024-01-26 23:00:00,RIG_NORMAL,23,26,4,36.1002883513,54.26826572,55.2045376826,0.7001183005,42.0729716361,66.594856308,65.842381936,STANDBY,0,0,103.2939541348
2024-01-27 00:00:00,RIG_NORMAL,0,27,5,36.8726740701,52.7876561747,57.1547465123,0.6514752354000001,45.3482137657,66.0095877084,61.2599870135,STANDBY,0,0,103.3634468381
2024-01-27 01:00:00,RIG_NORMAL,1,27,5,36.8726740701,49.2295963849,52.0490164206,0.6217681642,43.0763335536,68.3005814655,53.4392472173,STANDBY,0,0,103.4329395413
2024-01-27 02:00:00,RIG_NORMAL,2,27,5,36.8726740701,43.0278037819,48.964853157,0.5207169213,41.5915649112,64.4848684599,56.0342872894,STANDBY,0,0,103.5024322446
2024-01-27 03:00:00,RIG_NORMAL,3,27,5,36.8726740701,53.2197682298,56.8569680489,0.5906431561000001,41.6960681183,61.2258906673,58.9396286145,STANDBY,0,0,103.5719249479
2024-01-27 04:00:00,RIG_NORMAL,4,27,5,39.1772161995,51.5581836511,53.7760620468,0.6526977057000001,45.0257756087,63.355980167,54.5861523553,STANDBY,0,0,103.6414176511
2024-01-27 05:00:00,RIG_NORMAL,5,27,5,46.9585795986,53.7758413903,61.4168706022,0.6360820161,44.2565602751,69.2420572094,64.3385067533,STANDBY,0,0,103.7109103544
2024-01-27 06:00:00,RIG_NORMAL,6,27,5,55.3090111052,74.8235812468,73.0880782294,0.6727168074000001,51.2049027469,77.4071193056,80.7978403476,HIGH_PRODUCTION,0,0,103.7804030577
2024-01-27 07:00:00,RIG_NORMAL,7,27,5,63.6594426117,72.8263118497,74.2376289431,0.6630603547,46.9961798307,74.1302037226,76.8281799758,HIGH_PRODUCTION,0,0,103.8498957609
2024-01-27 08:00:00,RIG_NORMAL,8,27,5,71.4408060109,84.2922447648,86.922552137,0.7638662281,50.3666178063,76.9921062266,88.8112322841,HIGH_PRODUCTION,0,0,103.9193884642
2024-01-27 09:00:00,RIG_NORMAL,9,27,5,78.1228142462,94.8909762637,92.492880201,0.7853357276,54.7612269927,78.7904796711,102.6608115835,HIGH_PRODUCTION,0,0,103.9888811675
2024-01-27 10:00:00,RIG_NORMAL,10,27,5,83.2500994991,84.4283723451,91.0218732516,0.7271211611,50.9734609996,80.201256723,101.2397214821,HIGH_PRODUCTION,0,0,104.0583738707
2024-01-27 11:00:00,RIG_NORMAL,11,27,5,86.4732457528,91.0091423941,87.4307354666,0.737039636,52.0205056956,82.4155588169,93.891873707,HIGH_PRODUCTION,0,0,104.127866574
2024-01-27 12:00:00,RIG_NORMAL,12,27,5,87.5726009166,96.7465946553,95.0,0.7889599927000001,50.8794058019,76.3959794598,99.2163427691,HIGH_PRODUCTION,0,0,104.1973592773
2024-01-27 13:00:00,RIG_NORMAL,13,27,5,86.4732457528,104.7030101794,95.0,0.7900508992,57.3629124519,82.9535087325,96.4881883726,HIGH_PRODUCTION,0,0,104.2668519805
2024-01-27 14:00:00,RIG_NORMAL,14,27,5,83.2500994991,101.568479595,95.0,0.7447028721000001,54.8704509687,84.70314069369999,100.6112572561,HIGH_PRODUCTION,0,0,104.3363446838
2024-01-27 15:00:00,RIG_NORMAL,15,27,5,78.1228142462,95.8347606436,95.0,0.7965759075000001,53.3590881029,75.261724854,98.713327591,HIGH_PRODUCTION,0,0,104.4058373871
2024-01-27 16:00:00,RIG_NORMAL,16,27,5,71.4408060109,79.2749976508,79.5619045568,0.6745980299000001,47.792030692,74.8199626966,83.4907240171,HIGH_PRODUCTION,0,0,104.4753300903
2024-01-27 17:00:00,RIG_NORMAL,17,27,5,63.6594426117,73.9715148169,77.4595073635,0.7305039073,49.7394494266,66.8260142285,86.1021630534,HIGH_PRODUCTION,0,0,104.5448227936
2024-01-27 18:00:00,RIG_NORMAL,18,27,5,55.3090111052,69.8015559871,74.4237793679,0.702988087,46.7876947542,76.428830549,75.9631935666,HIGH_PRODUCTION,0,0,104.6143154969
2024-01-27 19:00:00,RIG_NORMAL,19,27,5,46.9585795986,54.483396143,59.1603455892,0.626785944,46.4786188602,68.9096218703,63.8569262278,HIGH_PRODUCTION,0,0,104.6838082001
2024-01-27 20:00:00,RIG_NORMAL,20,27,5,39.1772161995,52.7617212767,53.646228501,0.5278890704,42.9823934392,60.3392503613,60.0237774836,HIGH_PRODUCTION,0,0,104.7533009034
2024-01-27 21:00:00,RIG_NORMAL,21,27,5,36.8726740701,49.6608136478,53.7932200511,0.5423924194,43.5623790147,64.3178163766,59.1972893977,HIGH_PRODUCTION,0,0,104.8227936067
2024-01-27 22:00:00,RIG_NORMAL,22,27,5,36.8726740701,46.2780500039,50.8897599347,0.6338168273,43.2125971792,64.0851805845,52.7209372351,STANDBY,0,0,104.8922863099
2024-01-27 23:00:00,RIG_NORMAL,23,27,5,36.8726740701,47.6932502415,54.6896812028,0.5433592265,39.7395746812,64.8751890443,59.2814064239,STANDBY,0,0,104.9617790132
2024-01-28 00:00:00,RIG_NORMAL,0,28,6,38.2644650435,47.6686280442,53.4550986415,0.6718834530000001,43.080956968,63.0361105913,53.8759692186,STANDBY,0,0,105.0312717165
2024-01-28 01:00:00,RIG_NORMAL,1,28,6,38.2644650435,54.1475021578,55.9659045131,0.552011871,40.6094735475,62.7628100989,65.1803675935,STANDBY,0,0,105.1007644197
2024-01-28 02:00:00,RIG_NORMAL,2,28,6,38.2644650435,57.9839406714,57.2858142447,0.6360791593,44.792944676,73.6604426742,64.3537992922,STANDBY,0,0,105.170257123
2024-01-28 03:00:00,RIG_NORMAL,3,28,6,38.2644650435,53.2262429721,53.2372515086,0.6310699049,42.3735130958,64.7056786038,57.0927838526,STANDBY,0,0,105.2397498263
2024-01-28 04:00:00,RIG_NORMAL,4,28,6,40.6559941088,59.1873580029,61.8750514272,0.7381600113,44.4050465348,70.0674365389,62.9116895031,STANDBY,0,0,105.3092425295
2024-01-28 05:00:00,RIG_NORMAL,5,28,6,48.7310717994,64.4263777454,67.2582476628,0.7180889051,45.0869544431,65.5064478813,73.5993705091,STANDBY,0,0,105.3787352328
2024-01-28 06:00:00,RIG_NORMAL,6,28,6,57.3966975653,81.3639244569,80.309901057,0.672447144,50.1707539152,72.2521513597,88.6082871832,HIGH_PRODUCTION,0,0,105.4482279361
2024-01-28 07:00:00,RIG_NORMAL,7,28,6,66.0623233312,80.8315059887,83.1501945346,0.7832792369,50.5979296295,71.5752950133,82.1440361649,HIGH_PRODUCTION,0,0,105.5177206393
2024-01-28 08:00:00,RIG_NORMAL,8,28,6,74.1374010218,74.0278500771,78.7411648453,0.7242902368,44.7725915345,78.0202877367,88.3727456293,HIGH_PRODUCTION,0,0,105.5872133426
2024-01-28 09:00:00,RIG_NORMAL,9,28,6,81.0716274372,90.5747535953,94.0424060778,0.7084573724000001,54.8870145482,76.2857289131,97.2293749106,HIGH_PRODUCTION,0,0,105.6567060459
2024-01-28 10:00:00,RIG_NORMAL,10,28,6,86.3924465065,97.6452481891,95.0,0.8398506768,54.5191387165,80.7380960927,100.1072828386,HIGH_PRODUCTION,0,0,105.7261987491
2024-01-28 11:00:00,RIG_NORMAL,11,28,6,89.7372532031,96.4131436195,95.0,0.736894912,52.9276827938,76.9242810213,99.978515618,HIGH_PRODUCTION,0,0,105.7956914524
2024-01-28 12:00:00,RIG_NORMAL,12,28,6,90.8781044784,105.7048462486,95.0,0.6433140588,56.8219823296,81.9549053331,100.4338502418,HIGH_PRODUCTION,0,0,105.8651841557
2024-01-28 13:00:00,RIG_NORMAL,13,28,6,89.7372532031,106.3441180032,95.0,0.768530677,56.8651466498,86.9153823978,100.4393835956,HIGH_PRODUCTION,0,0,105.9346768589
2024-01-28 14:00:00,RIG_NORMAL,14,28,6,86.3924465065,101.2046526696,95.0,0.7908377793,59.0894130529,85.4878225153,100.4564073217,HIGH_PRODUCTION,0,0,106.0041695622
2024-01-28 15:00:00,RIG_NORMAL,15,28,6,81.0716274372,88.9320592697,91.3921816179,0.8249105454000001,52.9712847844,79.6262121143,93.7114917663,HIGH_PRODUCTION,0,0,106.0736622655
2024-01-28 16:00:00,RIG_NORMAL,16,28,6,74.1374010218,84.3223643763,87.6804760478,0.713327593,50.5536635269,75.9014242662,89.3105268436,HIGH_PRODUCTION,0,0,106.1431549687
2024-01-28 17:00:00,RIG_NORMAL,17,28,6,66.0623233312,82.1901033086,80.8485849466,0.6590249739,50.0238100266,73.0666590454,88.1105690148,HIGH_PRODUCTION,0,0,106.212647672
2024-01-28 18:00:00,RIG_NORMAL,18,28,6,57.3966975653,74.3862818494,74.3498167517,0.7209769124000001,47.1415570713,72.0037343504,82.5204209017,HIGH_PRODUCTION,0,0,106.2821403753
2024-01-28 19:00:00,RIG_NORMAL,19,28,6,48.7310717994,70.0387394692,72.0593126011,0.6697629066,48.9683113775,69.6485111088,73.8839670793,HIGH_PRODUCTION,0,0,106.3516330785
2024-01-28 20:00:00,RIG_NORMAL,20,28,6,40.6559941088,54.761931085,57.7670267406,0.7152867898,46.7558486462,65.0928457006,64.7278489462,HIGH_PRODUCTION,0,0,106.4211257818
2024-01-28 21:00:00,RIG_NORMAL,21,28,6,38.2644650435,56.119135268,58.0605587033,0.7483807786000001,45.5939542209,65.8618946675,60.2499881551,HIGH_PRODUCTION,0,0,106.4906184851
2024-01-28 22:00:00,RIG_NORMAL,22,28,6,38.2644650435,44.7363236074,51.2631036576,0.5118296424000001,41.3765675392,61.9322778398,59.1992903309,STANDBY,0,0,106.5601111883
2024-01-28 23:00:00,RIG_NORMAL,23,28,6,38.2644650435,49.1826719068,49.8508604503,0.6246603713000001,42.3187529217,61.4601068615,54.560617367,STANDBY,0,0,106.6296038916
2024-01-29 00:00:00,RIG_NORMAL,0,29,0,40.0,43.0421140876,44.3650973265,0.5881984897,42.7511858099,60.4517016418,54.1986950903,STANDBY,0,0,106.6990965949
2024-01-29 01:00:00,RIG_NORMAL,1,29,0,40.0,48.180013658,49.0545800324,0.5814463369,43.1356057866,61.3837962409,53.251658069,STANDBY,0,0,106.7685892981
2024-01-29 02:00:00,RIG_NORMAL,2,29,0,40.0,51.6527663388,54.4204692113,0.6695480125000001,43.057332291,60.3064760685,66.401284904,STANDBY,0,0,106.8380820014
2024-01-29 03:00:00,RIG_NORMAL,3,29,0,40.0,56.0605378777,57.3107634057,0.7416161202,42.1375594002,65.9583762913,60.1925242736,STANDBY,0,0,106.9075747047
2024-01-29 04:00:00,RIG_NORMAL,4,29,0,42.5,53.0383863405,57.1147811251,0.6652956550000001,43.6634712536,62.0929337955,58.6469233171,STANDBY,0,0,106.9770674079
2024-01-29 05:00:00,RIG_NORMAL,5,29,0,50.9413334214,51.415744479,56.6249299859,0.6644241717,43.6943062974,66.8868225761,61.70297294,STANDBY,0,0,107.0465601112
2024-01-29 06:00:00,RIG_NORMAL,6,29,0,60.0,78.7093947895,78.3667125627,0.6588265009000001,47.484481,71.3924490894,80.9432100178,HIGH_PRODUCTION,0,0,107.1160528145
2024-01-29 07:00:00,RIG_NORMAL,7,29,0,69.0586665786,83.5724755286,79.593502516,0.7167594287,45.7814712694,72.6012232959,81.2450307632,HIGH_PRODUCTION,0,0,107.1855455177
2024-01-29 08:00:00,RIG_NORMAL,8,29,0,77.5,84.6972418417,81.9027528942,0.7698542622000001,49.993514314,75.9656652967,83.7535362454,HIGH_PRODUCTION,0,0,107.255038221
2024-01-29 09:00:00,RIG_NORMAL,9,29,0,84.7487373415,91.8074455739,90.9454301286,0.8544815379,52.6211187086,78.9817453999,98.2333423032,HIGH_PRODUCTION,0,0,107.3245309243
2024-01-29 10:00:00,RIG_NORMAL,10,29,0,90.3108891325,101.5929112155,95.0,0.8725138910000001,57.6820497478,83.9732092428,103.9071991878,HIGH_PRODUCTION,0,0,107.3940236275
2024-01-29 11:00:00,RIG_NORMAL,11,29,0,93.8074039201,109.7162327487,95.0,0.8483652956000001,56.5759811025,80.2549987295,100.5670005805,HIGH_PRODUCTION,0,0,107.4635163308
2024-01-29 12:00:00,RIG_NORMAL,12,29,0,95.0,114.1558526723,95.0,0.7788653494000001,60.7482597654,85.3004283043,102.2549176227,HIGH_PRODUCTION,0,0,107.5330090341
2024-01-29 13:00:00,RIG_NORMAL,13,29,0,93.8074039201,103.9334817705,95.0,0.8006004572000001,55.2482889804,82.30845843,102.672783999,HIGH_PRODUCTION,0,0,107.6025017373
2024-01-29 14:00:00,RIG_NORMAL,14,29,0,90.3108891325,98.8360076321,95.0,0.7552606684000001,51.009122029,82.4887786186,96.8153698388,HIGH_PRODUCTION,0,0,107.6719944406
2024-01-29 15:00:00,RIG_NORMAL,15,29,0,84.7487373415,93.9086568715,91.9477010059,0.7698834055,50.2680941593,78.2138698483,92.6518420581,HIGH_PRODUCTION,0,0,107.7414871438
2024-01-29 16:00:00,RIG_NORMAL,16,29,0,77.5,87.8566560057,89.6287704729,0.7973754898000001,52.8226812536,73.0141797872,95.6904608987,HIGH_PRODUCTION,0,0,107.8109798471
2024-01-29 17:00:00,RIG_NORMAL,17,29,0,69.0586665786,87.2719123402,82.4585372581,0.7169853917,52.4936639436,81.0477310401,86.3701015271,HIGH_PRODUCTION,0,0,107.8804725504
2024-01-29 18:00:00,RIG_NORMAL,18,29,0,60.0,68.2977664264,68.4355667375,0.7019059297,47.3280649939,74.3665372488,74.5113478442,HIGH_PRODUCTION,0,0,107.9499652536
2024-01-29 19:00:00,RIG_NORMAL,19,29,0,50.9413334214,63.6652620047,64.7185510063,0.6460277254,45.228157632,67.1448664129,71.9618790057,HIGH_PRODUCTION,0,0,108.0194579569
2024-01-29 20:00:00,RIG_NORMAL,20,29,0,42.5,44.4043217698,55.7971420429,0.6667509294,40.6016630545,62.0684724398,58.5065203447,HIGH_PRODUCTION,0,0,108.0889506602
2024-01-29 21:00:00,RIG_NORMAL,21,29,0,40.0,51.4126287411,58.2440918608,0.6610327057000001,46.4896853252,67.0167727105,64.9378248203,HIGH_PRODUCTION,0,0,108.1584433634
2024-01-29 22:00:00,RIG_NORMAL,22,29,0,40.0,62.8834225606,59.3982225969,0.7086910817000001,45.5757027704,70.3095553168,64.5664296242,STANDBY,0,0,108.2279360667
2024-01-29 23:00:00,RIG_NORMAL,23,29,0,40.0,51.0689739393,49.7186556873,0.7036954521000001,40.9064322868,68.2584896283,54.1874676665,STANDBY,0,0,108.29742877
2024-01-30 00:00:00,RIG_NORMAL,0,30,1,38.2644650435,49.670545647,53.2100631351,0.6347253701000001,44.825934621,62.7536038974,54.4310403147,STANDBY,0,0,108.3669214732
2024-01-30 01:00:00,RIG_NORMAL,1,30,1,38.2644650435,43.727531682,47.8523406544,0.5675836980000001,42.0427291824,64.3541711162,51.7371524145,STANDBY,0,0,108.4364141765
2024-01-30 02:00:00,RIG_NORMAL,2,30,1,38.2644650435,48.0194009433,54.0090756286,0.6804256531,43.2045254223,67.7038870009,53.9339832686,STANDBY,0,0,108.5059068798
2024-01-30 03:00:00,RIG_NORMAL,3,30,1,38.2644650435,55.2507516035,58.1185010238,0.6824706041,44.7529810814,65.8471095341,60.5911106371,STANDBY,0,0,108.575399583
2024-01-30 04:00:00,RIG_NORMAL,4,30,1,40.6559941088,52.5671259191,56.8460122097,0.6384056078,44.6468988107,69.7182286595,61.4076068625,STANDBY,0,0,108.6448922863
2024-01-30 05:00:00,RIG_NORMAL,5,30,1,48.7310717994,55.1625893,60.9873281796,0.6640081102000001,41.0904881283,66.3260835915,61.9813937604,STANDBY,0,0,108.7143849896
2024-01-30 06:00:00,RIG_NORMAL,6,30,1,57.3966975653,66.6902536779,71.2031567657,0.667643168,44.6853461274,74.0123903759,79.2201335298,HIGH_PRODUCTION,0,0,108.7838776928
2024-01-30 07:00:00,RIG_NORMAL,7,30,1,66.0623233312,79.4961898127,78.4168419035,0.7467281840000001,47.5565982419,73.3186990538,85.0529152421,HIGH_PRODUCTION,0,0,108.8533703961
2024-01-30 08:00:00,RIG_NORMAL,8,30,1,74.1374010218,91.6741078228,89.6194416268,0.7403674598000001,49.8541544938,78.9872978106,91.8259901358,HIGH_PRODUCTION,0,0,108.9228630994
2024-01-30 09:00:00,RIG_NORMAL,9,30,1,81.0716274372,88.2696167388,88.0736550039,0.7608730601,52.192203773,84.294876867,95.7466886106,HIGH_PRODUCTION,0,0,108.9923558026
2024-01-30 10:00:00,RIG_NORMAL,10,30,1,86.3924465065,107.4020176072,95.0,0.78908274,52.9681026112,82.022106763,101.7051720667,HIGH_PRODUCTION,0,0,109.0618485059
2024-01-30 11:00:00,RIG_NORMAL,11,30,1,89.7372532031,100.8566623444,95.0,0.8364057237,53.7109460599,81.0915638854,104.5694047316,HIGH_PRODUCTION,0,0,109.1313412092
2024-01-30 12:00:00,RIG_NORMAL,12,30,1,90.8781044784,105.8503626496,95.0,0.8265921675,55.7439171464,82.4051776001,97.584522679,HIGH_PRODUCTION,0,0,109.2008339124
2024-01-30 13:00:00,RIG_NORMAL,13,30,1,89.7372532031,100.3357410074,95.0,0.7812150788000001,54.1530705314,87.1964278793,101.3215927511,HIGH_PRODUCTION,0,0,109.2703266157
2024-01-30 14:00:00,RIG_NORMAL,14,30,1,86.3924465065,102.5923299851,95.0,0.8104269877,53.5809443747,78.2573530359,96.8578461275,HIGH_PRODUCTION,0,0,109.339819319
2024-01-30 15:00:00,RIG_NORMAL,15,30,1,81.0716274372,91.3324789205,92.5320027932,0.6995516255,53.9261637572,79.7622685765,89.7816175788,HIGH_PRODUCTION,0,0,109.4093120222
2024-01-30 16:00:00,RIG_NORMAL,16,30,1,74.1374010218,84.0382919277,79.4347444083,0.6807232927,54.0589232152,74.8087691946,83.2776423533,HIGH_PRODUCTION,0,0,109.4788047255
2024-01-30 17:00:00,RIG_NORMAL,17,30,1,66.0623233312,65.5615874349,68.6070742027,0.6696535096,44.8109494629,64.9761746438,72.8541583074,HIGH_PRODUCTION,0,0,109.5482974288
2024-01-30 18:00:00,RIG_NORMAL,18,30,1,57.3966975653,66.6594286463,71.5206331446,0.6594196467,44.2234548319,71.6034948771,74.58655900709999,HIGH_PRODUCTION,0,0,109.617790132
2024-01-30 19:00:00,RIG_NORMAL,19,30,1,48.7310717994,69.7936764105,69.5394048172,0.6582033446000001,46.4442839605,72.8896235681,75.2463795207,HIGH_PRODUCTION,0,0,109.6872828353
2024-01-30 20:00:00,RIG_NORMAL,20,30,1,40.6559941088,48.1821012898,55.4611984602,0.5702073341,45.7853685219,64.1228813346,61.1883349096,HIGH_PRODUCTION,0,0,109.7567755386
2024-01-30 21:00:00,RIG_NORMAL,21,30,1,38.2644650435,43.7413429132,50.8178356341,0.6183438967,42.1247306459,64.7084559785,48.966529547,HIGH_PRODUCTION,0,0,109.8262682418
2024-01-30 22:00:00,RIG_NORMAL,22,30,1,38.2644650435,48.9531542718,53.2426104345,0.6264000439,42.4204399882,67.4970472068,58.502535573,STANDBY,0,0,109.8957609451
2024-01-30 23:00:00,RIG_NORMAL,23,30,1,38.2644650435,55.2763131538,56.9240115855,0.6171185963,43.8955596083,65.5570426455,65.3649696294,STANDBY,0,0,109.9652536484
2024-01-31 00:00:00,RIG_NORMAL,0,31,2,36.8726740701,48.9943662759,53.0640076384,0.6467085387,44.3531504563,70.1639200234,59.3119054545,STANDBY,0,0,110.0347463516
2024-01-31 01:00:00,RIG_NORMAL,1,31,2,36.8726740701,50.05848539,51.8506169213,0.6968237323,41.6744251353,66.9643167242,59.0691382656,STANDBY,0,0,110.1042390549
2024-01-31 02:00:00,RIG_NORMAL,2,31,2,36.8726740701,51.3832686148,55.4211642013,0.5948777979000001,42.8865136172,64.8812605609,63.7227872535,STANDBY,0,0,110.1737317582
2024-01-31 03:00:00,RIG_NORMAL,3,31,2,36.8726740701,53.5952107823,57.0139272454,0.7201950676000001,44.9149656768,70.7174919847,57.3936198375,STANDBY,0,0,110.2432244614
2024-01-31 04:00:00,RIG_NORMAL,4,31,2,39.1772161995,49.5104573855,54.2383881369,0.5613175878000001,44.0440591672,69.8282370716,60.3154367095,STANDBY,0,0,110.3127171647
2024-01-31 05:00:00,RIG_NORMAL,5,31,2,46.9585795986,59.9318922604,63.5783918532,0.682038035,46.7831635836,65.9059129035,64.6319731819,STANDBY,0,0,110.382209868
2024-01-31 06:00:00,RIG_NORMAL,6,31,2,55.3090111052,66.2509397824,71.7365544013,0.7548333007,47.6630628105,71.6639907027,76.1860045007,HIGH_PRODUCTION,0,0,110.4517025712
2024-01-31 07:00:00,RIG_NORMAL,7,31,2,63.6594426117,75.8019224072,76.0447557166,0.7718619688,48.0448899845,70.5344749374,78.43037551890001,HIGH_PRODUCTION,0,0,110.5211952745
2024-01-31 08:00:00,RIG_NORMAL,8,31,2,71.4408060109,78.0091747995,83.9626560097,0.7520371711,48.5740951123,76.1779126792,84.2198895184,HIGH_PRODUCTION,0,0,110.5906879778
2024-01-31 09:00:00,RIG_NORMAL,9,31,2,78.1228142462,89.2123407813,89.4696923594,0.7967365621,49.7724842042,82.5969183251,98.6269263815,HIGH_PRODUCTION,0,0,110.660180681
2024-01-31 10:00:00,RIG_NORMAL,10,31,2,83.2500994991,97.7017762582,95.0,0.7995779516,53.8256795702,79.9382671998,101.0025104175,HIGH_PRODUCTION,0,0,110.7296733843
2024-01-31 11:00:00,RIG_NORMAL,11,31,2,86.4732457528,97.17298458490001,95.0,0.7872239728,56.375527579,79.8345341148,100.4524629174,HIGH_PRODUCTION,0,0,110.7991660876
2024-01-31 12:00:00,RIG_NORMAL,12,31,2,87.5726009166,96.1924957625,94.5605422924,0.7597622226,56.6459473603,74.8819225637,101.4832620117,HIGH_PRODUCTION,0,0,110.8686587908
2024-01-31 13:00:00,RIG_NORMAL,13,31,2,86.4732457528,90.3106551004,90.0411460333,0.7485653638,52.1710688109,73.5282457615,93.3020449676,HIGH_PRODUCTION,0,0,110.9381514941
2024-01-31 14:00:00,RIG_NORMAL,14,31,2,83.2500994991,98.2242255872,94.8621832286,0.8195285081,52.5487476399,80.8468731311,94.6685439393,HIGH_PRODUCTION,0,0,111.0076441974
2024-01-31 15:00:00,RIG_NORMAL,15,31,2,78.1228142462,91.068713509,92.767982108,0.75072015,51.7992228045,72.1338221507,99.1804538259,HIGH_PRODUCTION,0,0,111.0771369006
2024-01-31 16:00:00,RIG_NORMAL,16,31,2,71.4408060109,82.8785306779,86.345306587,0.7369015496,48.857900077400004,72.5003479131,86.332774211,HIGH_PRODUCTION,0,0,111.1466296039
2024-01-31 17:00:00,RIG_NORMAL,17,31,2,63.6594426117,78.330976659,76.3065832566,0.7746514556,46.9757416298,68.9275345068,80.8618422217,HIGH_PRODUCTION,0,0,111.2161223072
2024-01-31 18:00:00,RIG_NORMAL,18,31,2,55.3090111052,70.6261058127,69.4799452807,0.6886834721,44.1956277915,67.762496371,72.0290410449,HIGH_PRODUCTION,0,0,111.2856150104
2024-01-31 19:00:00,RIG_NORMAL,19,31,2,46.9585795986,65.2864653277,67.7466093367,0.6965773017,44.9057821894,67.7490314476,72.8341987299,HIGH_PRODUCTION,0,0,111.3551077137
2024-01-31 20:00:00,RIG_NORMAL,20,31,2,39.1772161995,46.9164378771,53.8631239091,0.635200033,38.8336877832,63.5546720179,57.5122741143,HIGH_PRODUCTION,0,0,111.424600417
2024-01-31 21:00:00,RIG_NORMAL,21,31,2,36.8726740701,47.6701440793,49.6328345672,0.6509935341,39.3316756714,67.070879154,53.116441406,HIGH_PRODUCTION,0,0,111.4940931202
2024-01-31 22:00:00,RIG_NORMAL,22,31,2,36.8726740701,54.8222619528,60.542017008,0.6008341399,43.8523893006,72.8558294434,66.6363922867,STANDBY,0,0,111.5635858235
2024-01-31 23:00:00,RIG_NORMAL,23,31,2,36.8726740701,40.7714022718,47.5642477802,0.6218148442,39.9748785478,61.6220599044,49.7173979996,STANDBY,0,0,111.6330785268
2024-02-01 00:00:00,RIG_NORMAL,0,1,3,36.1002883513,54.8259937149,56.6270140872,0.6912784289,46.4724731485,64.1440216617,59.3069916529,STANDBY,0,0,111.70257123
2024-02-01 01:00:00,RIG_NORMAL,1,1,3,36.1002883513,45.4922879659,51.0850645505,0.6445145641000001,44.1336411133,64.8142362327,52.1057164862,STANDBY,0,0,111.7720639333
2024-02-01 02:00:00,RIG_NORMAL,2,1,3,36.1002883513,41.1201968462,47.2329733691,0.6127793874,41.8883342864,55.5289624322,42.9239380765,STANDBY,0,0,111.8415566366
2024-02-01 03:00:00,RIG_NORMAL,3,1,3,36.1002883513,48.1945157365,54.2775584813,0.6452228435,43.8460721203,69.9085606527,57.8834338452,STANDBY,0,0,111.9110493398
2024-02-01 04:00:00,RIG_NORMAL,4,1,3,38.3565563732,49.9312290566,57.7891461172,0.6080576048,42.4501496697,66.8427074758,64.6285100311,STANDBY,0,0,111.9805420431
2024-02-01 05:00:00,RIG_NORMAL,5,1,3,45.9749206378,62.682791137,65.7906603312,0.7753652758,46.7580439965,73.7762637362,70.5875546917,STANDBY,0,0,112.0500347464
2024-02-01 06:00:00,RIG_NORMAL,6,1,3,54.1504325269,66.605030216,73.0641216497,0.8133079667,47.0999776312,70.6897638547,83.1981365582,HIGH_PRODUCTION,0,0,112.1195274496
2024-02-01 07:00:00,RIG_NORMAL,7,1,3,62.325944416,72.6541683379,77.4117080925,0.7371788889,49.329137616,65.5209213338,82.9351892724,HIGH_PRODUCTION,0,0,112.1890201529
2024-02-01 08:00:00,RIG_NORMAL,8,1,3,69.9443086806,79.6168474962,78.7227288011,0.7711258544,48.3560277277,75.7907830121,83.0661145354,HIGH_PRODUCTION,0,0,112.2585128562
2024-02-01 09:00:00,RIG_NORMAL,9,1,3,76.4863463859,90.9538880522,91.7709629178,0.7508238875000001,52.9866959178,73.9173141323,98.5237646054,HIGH_PRODUCTION,0,0,112.3280055594
2024-02-01 10:00:00,RIG_NORMAL,10,1,3,81.5062284735,95.4507138396,92.1303385167,0.8863881483,55.1214371544,84.6352984251,97.4097300397,HIGH_PRODUCTION,0,0,112.3974982627
2024-02-01 11:00:00,RIG_NORMAL,11,1,3,84.661858275,98.6677895471,94.2731490967,0.7498876055,52.7412316338,79.5003855117,99.2132354642,HIGH_PRODUCTION,0,0,112.4669909659
2024-02-01 12:00:00,RIG_NORMAL,12,1,3,85.7381848343,96.6460565888,95.0,0.8123815029,54.537621621,78.7922121937,100.1955590606,HIGH_PRODUCTION,0,0,112.5364836692
2024-02-01 13:00:00,RIG_NORMAL,13,1,3,84.661858275,101.5876837606,95.0,0.8700581798,58.3047523781,87.2320057758,106.8993457786,HIGH_PRODUCTION,0,0,112.6059763725
2024-02-01 14:00:00,RIG_NORMAL,14,1,3,81.5062284735,92.8896408756,92.9092450131,0.8700297904000001,54.5711552338,79.939448786,99.3471074132,HIGH_PRODUCTION,0,0,112.6754690757
2024-02-01 15:00:00,RIG_NORMAL,15,1,3,76.4863463859,93.4699208075,87.0780693883,0.7560343593000001,52.9558912057,80.4077073454,92.7840361379,HIGH_PRODUCTION,0,0,112.744961779
2024-02-01 16:00:00,RIG_NORMAL,16,1,3,69.9443086806,90.4302068827,89.5291615841,0.7996798206,54.3141327613,80.9912944467,99.7648601785,HIGH_PRODUCTION,0,0,112.8144544823
2024-02-01 17:00:00,RIG_NORMAL,17,1,3,62.325944416,77.6136292495,81.6541554088,0.7023796798,50.6807815251,67.5896933227,87.8698789174,HIGH_PRODUCTION,0,0,112.8839471855
2024-02-01 18:00:00,RIG_NORMAL,18,1,3,54.1504325269,64.0533719717,69.7747455003,0.6641610801000001,45.6941283031,71.1293710403,73.2961616211,HIGH_PRODUCTION,0,0,112.9534398888
2024-02-01 19:00:00,RIG_NORMAL,19,1,3,45.9749206378,61.6722346845,64.2583407503,0.6699246064000001,42.1063465112,69.9982890948,66.2647841105,HIGH_PRODUCTION,0,0,113.0229325921
2024-02-01 20:00:00,RIG_NORMAL,20,1,3,38.3565563732,50.0148963918,54.8292479987,0.7465470329,43.2473205092,69.0348609434,57.4037635113,HIGH_PRODUCTION,0,0,113.0924252953
2024-02-01 21:00:00,RIG_NORMAL,21,1,3,36.1002883513,49.1101043034,54.5569509331,0.6872253947,42.8113077102,64.6044749014,61.7595493063,HIGH_PRODUCTION,0,0,113.1619179986
2024-02-01 22:00:00,RIG_NORMAL,22,1,3,36.1002883513,43.6842114634,50.0391910852,0.6102463058,40.5010385842,61.9008456884,58.8706014549,STANDBY,0,0,113.2314107019
2024-02-01 23:00:00,RIG_NORMAL,23,1,3,36.1002883513,50.9839410208,53.6992605889,0.7027750188,38.7066618668,60.9651705672,60.4762675981,STANDBY,0,0,113.3009034051
2024-02-02 00:00:00,RIG_NORMAL,0,2,4,36.1002883513,48.572058525,51.8669494865,0.6237889636,43.6318981916,64.0941896573,56.0635332128,STANDBY,0,0,113.3703961084
2024-02-02 01:00:00,RIG_NORMAL,1,2,4,36.1002883513,51.292601382,55.8719391666,0.6498926570000001,41.123937824,65.4052001312,61.7393304321,STANDBY,0,0,113.4398888117
2024-02-02 02:00:00,RIG_NORMAL,2,2,4,36.1002883513,41.1630495134,45.841208002,0.7272136008000001,41.2574639776,62.216576035,49.4955039457,STANDBY,0,0,113.5093815149
2024-02-02 03:00:00,RIG_NORMAL,3,2,4,36.1002883513,48.4596829147,46.858291773,0.7742059076000001,43.9966169352,64.8352976399,52.6301400859,STANDBY,0,0,113.5788742182
2024-02-02 04:00:00,RIG_NORMAL,4,2,4,38.3565563732,41.3945059646,47.7610523526,0.5939899069,39.394886702,65.1383353508,51.802229651,STANDBY,0,0,113.6483669215
2024-02-02 05:00:00,RIG_NORMAL,5,2,4,45.9749206378,60.2495679687,66.5643369713,0.7497521083,44.0175666088,72.2276177715,73.2654546187,STANDBY,0,0,113.7178596247
2024-02-02 06:00:00,RIG_NORMAL,6,2,4,54.1504325269,72.0553098791,75.7518179435,0.77760186,50.5670018649,75.6681851713,79.5202445546,HIGH_PRODUCTION,0,0,113.787352328
2024-02-02 07:00:00,RIG_NORMAL,7,2,4,62.325944416,77.1125625449,80.6266449289,0.7879380858,43.7175440909,71.994444009,85.2272258025,HIGH_PRODUCTION,0,0,113.8568450313
2024-02-02 08:00:00,RIG_NORMAL,8,2,4,69.9443086806,80.7389990932,87.4464970848,0.7199857418000001,48.7988751953,78.6817194008,94.0006910411,HIGH_PRODUCTION,0,0,113.9263377345
2024-02-02 09:00:00,RIG_NORMAL,9,2,4,76.4863463859,95.4078022705,94.1174568177,0.8666470352000001,50.4442002321,77.8488755377,100.0492208692,HIGH_PRODUCTION,0,0,113.9958304378
2024-02-02 10:00:00,RIG_NORMAL,10,2,4,81.5062284735,96.3674261214,95.0,0.7777094033,50.2169321207,76.7760969464,101.7843519656,HIGH_PRODUCTION,0,0,114.0653231411
2024-02-02 11:00:00,RIG_NORMAL,11,2,4,84.661858275,92.3676304049,93.1955772293,0.8058299595,55.2273555124,73.5016275858,101.6575116573,HIGH_PRODUCTION,0,0,114.1348158443
2024-02-02 12:00:00,RIG_NORMAL,12,2,4,85.7381848343,99.9021282073,95.0,0.8491723269,57.48632248,81.2882901492,97.2845081232,HIGH_PRODUCTION,0,0,114.2043085476
2024-02-02 13:00:00,RIG_NORMAL,13,2,4,84.661858275,95.2268384959,95.0,0.7717863213,52.4231169252,78.7098392845,96.7194536959,HIGH_PRODUCTION,0,0,114.2738012509
2024-02-02 14:00:00,RIG_NORMAL,14,2,4,81.5062284735,84.1287165436,84.4893213833,0.7519260601000001,52.5692195668,71.4890236063,89.9070403295,HIGH_PRODUCTION,0,0,114.3432939541
2024-02-02 15:00:00,RIG_NORMAL,15,2,4,76.4863463859,87.0801287537,88.9524627799,0.6744733037,50.0920446866,74.0224783297,95.8366427783,HIGH_PRODUCTION,0,0,114.4127866574
2024-02-02 16:00:00,RIG_NORMAL,16,2,4,69.9443086806,85.9662691418,85.468228529,0.7310688274,49.6807819256,80.3322074174,86.8072112957,HIGH_PRODUCTION,0,0,114.4822793607
2024-02-02 17:00:00,RIG_NORMAL,17,2,4,62.325944416,72.6365937415,76.1957974595,0.7557764236000001,49.5774409011,69.4319159285,80.6061422176,HIGH_PRODUCTION,0,0,114.5517720639
2024-02-02 18:00:00,RIG_NORMAL,18,2,4,54.1504325269,61.2507334074,67.5802476749,0.7212298733,43.8994388203,69.2466632756,73.8862324275,HIGH_PRODUCTION,0,0,114.6212647672
2024-02-02 19:00:00,RIG_NORMAL,19,2,4,45.9749206378,56.575564984,58.236737873,0.6797848388000001,44.9082632333,66.2196277362,63.2208727507,HIGH_PRODUCTION,0,0,114.6907574705
2024-02-02 20:00:00,RIG_NORMAL,20,2,4,38.3565563732,49.1921076603,55.6289404461,0.7503181737,39.9574745186,64.1337261469,58.605536094,HIGH_PRODUCTION,0,0,114.7602501737
2024-02-02 21:00:00,RIG_NORMAL,21,2,4,36.1002883513,45.9176875658,49.8212682334,0.6250665655000001,40.6688114433,65.939737507,51.2733598209,HIGH_PRODUCTION,0,0,114.829742877
2024-02-02 22:00:00,RIG_NORMAL,22,2,4,36.1002883513,51.2660631028,53.2602632194,0.7922121747,42.572489476,69.6262490132,57.1290495084,STANDBY,0,0,114.8992355803
2024-02-02 23:00:00,RIG_NORMAL,23,2,4,36.1002883513,45.2107824067,50.2327202592,0.6245648803,38.7165856699,59.2413905382,54.8365115235,STANDBY,0,0,114.9687282835
2024-02-03 00:00:00,RIG_NORMAL,0,3,5,36.8726740701,54.1719096356,54.9335697012,0.6557259198000001,43.6847776665,66.8673148823,61.8031810292,STANDBY,0,0,115.0382209868
2024-02-03 01:00:00,RIG_NORMAL,1,3,5,36.8726740701,49.9319319518,52.8226361874,0.7155628791,43.9037347291,61.7429876257,54.9121191235,STANDBY,0,0,115.1077136901
2024-02-03 02:00:00,RIG_NORMAL,2,3,5,36.8726740701,49.1552081129,52.5507000845,0.5175637013000001,43.4185933619,65.9754489256,56.7038812115,STANDBY,0,0,115.1772063933
2024-02-03 03:00:00,RIG_NORMAL,3,3,5,36.8726740701,40.489072665,43.2348708985,0.6250057256,39.4415786753,59.1574011918,43.0390002873,STANDBY,0,0,115.2466990966
2024-02-03 04:00:00,RIG_NORMAL,4,3,5,39.1772161995,49.0876637318,56.1788077444,0.64918816,41.3028433086,68.7505053407,62.2010925493,STANDBY,0,0,115.3161917999
2024-02-03 05:00:00,RIG_NORMAL,5,3,5,46.9585795986,65.4693439842,66.1561071949,0.7886889776,46.0911637949,66.4034010024,72.3780372551,STANDBY,0,0,115.3856845031
2024-02-03 06:00:00,RIG_NORMAL,6,3,5,55.3090111052,69.2295916195,71.5240571857,0.7256122476,45.8505692039,67.518180108,78.0474762045,HIGH_PRODUCTION,0,0,115.4551772064
2024-02-03 07:00:00,RIG_NORMAL,7,3,5,63.6594426117,73.372199848,74.06325455,0.7940065005,49.4084440244,64.5516769914,80.8569667073,HIGH_PRODUCTION,0,0,115.5246699097
2024-02-03 08:00:00,RIG_NORMAL,8,3,5,71.4408060109,94.0011968099,90.2695416556,0.7475473857,54.9537699777,79.5632249509,101.0879682705,HIGH_PRODUCTION,0,0,115.5941626129
2024-02-03 09:00:00,RIG_NORMAL,9,3,5,78.1228142462,93.1317451059,90.9830685579,0.7588439882,54.7612410114,84.935409075,92.2929831695,HIGH_PRODUCTION,0,0,115.6636553162
2024-02-03 10:00:00,RIG_NORMAL,10,3,5,83.2500994991,104.5217085019,95.0,0.784596583,60.8030068447,78.3712803126,101.2746278005,HIGH_PRODUCTION,0,0,115.7331480195
2024-02-03 11:00:00,RIG_NORMAL,11,3,5,86.4732457528,102.4643431278,95.0,0.8468138550000001,58.4356534822,75.1537817231,98.8857284369,HIGH_PRODUCTION,0,0,115.8026407227
2024-02-03 12:00:00,RIG_NORMAL,12,3,5,87.5726009166,102.7929654071,95.0,0.8459898509,54.8871332788,83.9240587334,98.5938573621,HIGH_PRODUCTION,0,0,115.872133426
2024-02-03 13:00:00,RIG_NORMAL,13,3,5,86.4732457528,102.6946717033,95.0,0.7989635967000001,55.3145660736,81.0463186299,101.5639229225,HIGH_PRODUCTION,0,0,115.9416261293
2024-02-03 14:00:00,RIG_NORMAL,14,3,5,83.2500994991,94.5804819652,95.0,0.7996084722,53.2693098763,73.8074340522,97.7356874164,HIGH_PRODUCTION,0,0,116.0111188325
2024-02-03 15:00:00,RIG_NORMAL,15,3,5,78.1228142462,94.6570569683,94.3944177238,0.8456186521,52.9928624622,81.1042174498,102.813664811,HIGH_PRODUCTION,0,0,116.0806115358
2024-02-03 16:00:00,RIG_NORMAL,16,3,5,71.4408060109,83.3606189041,87.155931278,0.7806340294,51.5824192081,78.8203998518,89.662497934,HIGH_PRODUCTION,0,0,116.1501042391
2024-02-03 17:00:00,RIG_NORMAL,17,3,5,63.6594426117,71.7221127506,72.7154725488,0.6644356672,47.6731450396,73.4532518426,79.22541933790001,HIGH_PRODUCTION,0,0,116.2195969423
2024-02-03 18:00:00,RIG_NORMAL,18,3,5,55.3090111052,69.684533594,72.5407501351,0.7494450955,50.4257745275,70.5545212214,78.7575219462,HIGH_PRODUCTION,0,0,116.2890896456
2024-02-03 19:00:00,RIG_NORMAL,19,3,5,46.9585795986,55.5989320905,62.369989424,0.6437277629,45.5135034278,69.7463068191,70.0102970407,HIGH_PRODUCTION,0,0,116.3585823489
2024-02-03 20:00:00,RIG_NORMAL,20,3,5,39.1772161995,45.107327127,54.3661332319,0.7283395229,40.1638449057,59.2407365635,61.0904816113,HIGH_PRODUCTION,0,0,116.4280750521
2024-02-03 21:00:00,RIG_NORMAL,21,3,5,36.8726740701,54.8027337347,57.2414287242,0.6696436961000001,42.8872941357,66.4098026628,61.2478887254,HIGH_PRODUCTION,0,0,116.4975677554
2024-02-03 22:00:00,RIG_NORMAL,22,3,5,36.8726740701,54.3052174386,59.438893445,0.6760658953,43.7013364086,64.8913956362,68.9898746501,STANDBY,0,0,116.5670604587
2024-02-03 23:00:00,RIG_NORMAL,23,3,5,36.8726740701,57.1859570722,55.6399281321,0.6757550602,43.9877709198,66.350884314,62.0869404345,STANDBY,0,0,116.6365531619
2024-02-04 00:00:00,RIG_NORMAL,0,4,6,38.2644650435,49.0054006825,48.2091335179,0.6930269854000001,44.9268666659,64.3315155515,53.1248531503,STANDBY,0,0,116.7060458652
2024-02-04 01:00:00,RIG_NORMAL,1,4,6,38.2644650435,49.3403685199,54.7390625945,0.6903459764000001,41.9629231654,66.7039737764,60.5324896872,STANDBY,0,0,116.7755385685
2024-02-04 02:00:00,RIG_NORMAL,2,4,6,38.2644650435,54.7407118227,57.5989432294,0.6650048704,45.8683995351,67.175111446,64.5891511,STANDBY,0,0,116.8450312717
2024-02-04 03:00:00,RIG_NORMAL,3,4,6,38.2644650435,49.7553236629,56.6613377192,0.7137059825000001,44.5443933495,64.474175151,60.1394801822,STANDBY,0,0,116.914523975
2024-02-04 04:00:00,RIG_NORMAL,4,4,6,40.6559941088,48.8928014893,52.5424561559,0.6447228089,45.6150633615,70.3336508406,55.9033252912,STANDBY,0,0,116.9840166782
2024-02-04 05:00:00,RIG_NORMAL,5,4,6,48.7310717994,59.9846342462,60.8869713609,0.6551811303,45.2796176635,71.457411192,63.874728373,STANDBY,0,0,117.0535093815
2024-02-04 06:00:00,RIG_NORMAL,6,4,6,57.3966975653,64.6411883308,68.9447160034,0.7383922152,43.3946603807,70.6311910151,76.9566654079,HIGH_PRODUCTION,0,0,117.1230020848
2024-02-04 07:00:00,RIG_NORMAL,7,4,6,66.0623233312,78.431022703,77.0676730899,0.7907146028,51.6052157572,79.3663273154,81.5671837839,HIGH_PRODUCTION,0,0,117.192494788
2024-02-04 08:00:00,RIG_NORMAL,8,4,6,74.1374010218,100.1419749979,94.2136286069,0.7188900996,55.2247637905,79.1306415186,101.8764515536,HIGH_PRODUCTION,0,0,117.2619874913
2024-02-04 09:00:00,RIG_NORMAL,9,4,6,81.0716274372,86.306818528,84.7386437855,0.7352560422000001,52.3216339568,79.1031403479,88.5589665699,HIGH_PRODUCTION,0,0,117.3314801946
2024-02-04 10:00:00,RIG_NORMAL,10,4,6,86.3924465065,93.4822364295,89.4460172669,0.8569681068,54.8639490855,84.6640400314,91.4622887097,HIGH_PRODUCTION,0,0,117.4009728978
2024-02-04 11:00:00,RIG_NORMAL,11,4,6,89.7372532031,120.1668732643,95.0,0.9233613108000001,59.4366232335,88.6684218723,104.7437951405,HIGH_PRODUCTION,0,0,117.4704656011
2024-02-04 12:00:00,RIG_NORMAL,12,4,6,90.8781044784,108.7666074858,95.0,0.9489362950000001,59.0892864389,79.9390734687,96.9101410203,HIGH_PRODUCTION,0,0,117.5399583044
2024-02-04 13:00:00,RIG_NORMAL,13,4,6,89.7372532031,108.2757760485,95.0,0.7829203801,56.8258099946,83.239230318,96.5853060127,HIGH_PRODUCTION,0,0,117.6094510076
2024-02-04 14:00:00,RIG_NORMAL,14,4,6,86.3924465065,98.3384922988,95.0,0.7676036749,51.8667659219,82.3709444557,98.6641215737,HIGH_PRODUCTION,0,0,117.6789437109
2024-02-04 15:00:00,RIG_NORMAL,15,4,6,81.0716274372,94.0583863345,93.7965431491,0.8806644436000001,55.209022749,82.6580125502,94.8746839928,HIGH_PRODUCTION,0,0,117.7484364142
2024-02-04 16:00:00,RIG_NORMAL,16,4,6,74.1374010218,89.7953928744,89.0304660175,0.7869312970000001,52.83130685,77.2749625563,91.530641933,HIGH_PRODUCTION,0,0,117.8179291174
2024-02-04 17:00:00,RIG_NORMAL,17,4,6,66.0623233312,79.6346887543,79.47105616,0.8119451298,50.4260879505,82.357829548,87.9998976495,HIGH_PRODUCTION,0,0,117.8874218207
2024-02-04 18:00:00,RIG_NORMAL,18,4,6,57.3966975653,75.8335149767,76.5176858111,0.7304602895000001,46.9019771782,69.9744768751,79.9740730336,HIGH_PRODUCTION,0,0,117.956914524
2024-02-04 19:00:00,RIG_NORMAL,19,4,6,48.7310717994,54.4963380725,61.9513895078,0.6588235362,41.7511964169,66.8168988818,63.731701265,HIGH_PRODUCTION,0,0,118.0264072272
2024-02-04 20:00:00,RIG_NORMAL,20,4,6,40.6559941088,52.1073302295,56.699114997,0.6891657233,43.3539683307,67.5015853094,63.5650294068,HIGH_PRODUCTION,0,0,118.0958999305
2024-02-04 21:00:00,RIG_NORMAL,21,4,6,38.2644650435,52.9311481133,55.9076687657,0.7351139526,45.5405047866,57.0627628708,60.466969928,HIGH_PRODUCTION,0,0,118.1653926338
2024-02-04 22:00:00,RIG_NORMAL,22,4,6,38.2644650435,49.7315417808,53.3006902411,0.6394454661,39.8292595614,67.745310069,61.379109314,STANDBY,0,0,118.234885337
2024-02-04 23:00:00,RIG_NORMAL,23,4,6,38.2644650435,58.7648869676,57.2753852488,0.6890209426,42.2189667197,66.5982727463,63.3265489225,STANDBY,0,0,118.3043780403
2024-02-05 00:00:00,RIG_NORMAL,0,5,0,40.0,60.3794673088,57.6685365995,0.7223153143000001,46.774079073,70.2855593279,60.9175819117,STANDBY,0,0,118.3738707436
2024-02-05 01:00:00,RIG_NORMAL,1,5,0,40.0,53.4948890376,54.5391744403,0.6530918858,44.5853646352,67.1259077144,55.802101317500004,STANDBY,0,0,118.4433634468
2024-02-05 02:00:00,RIG_NORMAL,2,5,0,40.0,60.8900070659,60.2632073676,0.8261228115,42.0305290053,67.7763829733,67.7599556457,STANDBY,0,0,118.5128561501
2024-02-05 03:00:00,RIG_NORMAL,3,5,0,40.0,46.9651142521,50.5104728755,0.7024539732,43.8273756317,68.0186149146,53.8052288186,STANDBY,0,0,118.5823488534
2024-02-05 04:00:00,RIG_NORMAL,4,5,0,42.5,46.1545369387,55.1305816277,0.6923727583,37.5073441417,65.6345416274,62.9645794433,STANDBY,0,0,118.6518415566
2024-02-05 05:00:00,RIG_NORMAL,5,5,0,50.9413334214,67.1752559505,67.8041868037,0.7030709866,45.0149241504,73.182498225,71.621917684,STANDBY,0,0,118.7213342599
2024-02-05 06:00:00,RIG_NORMAL,6,5,0,60.0,65.7150788179,68.2258907761,0.7148332498000001,47.6272610979,70.9672460055,66.9839487828,HIGH_PRODUCTION,0,0,118.7908269632
2024-02-05 07:00:00,RIG_NORMAL,7,5,0,69.0586665786,83.9658310881,81.3457956289,0.7408051104000001,51.3014370198,78.9163381969,83.823105377,HIGH_PRODUCTION,0,0,118.8603196664
2024-02-05 08:00:00,RIG_NORMAL,8,5,0,77.5,93.3150829198,92.0646261488,0.84949098,54.6719118512,81.2357584275,103.2054343854,HIGH_PRODUCTION,0,0,118.9298123697
2024-02-05 09:00:00,RIG_NORMAL,9,5,0,84.7487373415,95.6200125512,92.3578133996,0.8116931631000001,54.3344442401,75.6543757333,94.9678161551,HIGH_PRODUCTION,0,0,118.999305073
2024-02-05 10:00:00,RIG_NORMAL,10,5,0,90.3108891325,109.2759548127,95.0,0.8110398499,57.4070147116,86.944298881,98.7730334012,HIGH_PRODUCTION,0,0,119.0687977762
2024-02-05 11:00:00,RIG_NORMAL,11,5,0,93.8074039201,110.4455186948,95.0,0.7907734313,57.8844654958,86.038499673,98.2952493541,HIGH_PRODUCTION,0,0,119.1382904795
2024-02-05 12:00:00,RIG_NORMAL,12,5,0,95.0,110.7620118396,95.0,0.7776554625000001,58.7679296222,81.6048785511,99.2184556832,HIGH_PRODUCTION,0,0,119.2077831828
2024-02-05 13:00:00,RIG_NORMAL,13,5,0,93.8074039201,107.3696751784,95.0,0.7733302889,56.7995603044,78.1172914435,96.401802368,HIGH_PRODUCTION,0,0,119.277275886
2024-02-05 14:00:00,RIG_NORMAL,14,5,0,90.3108891325,99.4991241911,95.0,0.826438913,57.2375128736,84.1201252814,99.5580066532,HIGH_PRODUCTION,0,0,119.3467685893
2024-02-05 15:00:00,RIG_NORMAL,15,5,0,84.7487373415,102.7545304349,93.9632752135,0.9121918303000001,56.4150763341,83.5137819627,95.1515359484,HIGH_PRODUCTION,0,0,119.4162612926
2024-02-05 16:00:00,RIG_NORMAL,16,5,0,77.5,94.9522940174,92.9576857724,0.8081608824000001,52.7011201981,76.5916994631,91.4172883366,HIGH_PRODUCTION,0,0,119.4857539958
2024-02-05 17:00:00,RIG_NORMAL,17,5,0,69.0586665786,87.4136138419,84.3631501715,0.7629697037000001,50.3060100444,76.4930905302,92.8523500757,HIGH_PRODUCTION,0,0,119.5552466991
2024-02-05 18:00:00,RIG_NORMAL,18,5,0,60.0,82.2431993536,78.7179427298,0.7300961134,50.0718942129,75.4512636893,78.9720776842,HIGH_PRODUCTION,0,0,119.6247394024
2024-02-05 19:00:00,RIG_NORMAL,19,5,0,50.9413334214,73.651636228,72.0157784752,0.6580279487,49.3638149322,70.8699054919,75.9522178401,HIGH_PRODUCTION,0,0,119.6942321056
2024-02-05 20:00:00,RIG_NORMAL,20,5,0,42.5,61.3764648218,65.9441908922,0.6882522338,48.0860690938,67.0736961239,72.7209446318,HIGH_PRODUCTION,0,0,119.7637248089
2024-02-05 21:00:00,RIG_NORMAL,21,5,0,40.0,65.7233311146,66.7483195468,0.7432383278,44.468132254,69.1168816794,73.6100333938,HIGH_PRODUCTION,0,0,119.8332175122
2024-02-05 22:00:00,RIG_NORMAL,22,5,0,40.0,58.8793903443,60.8273888706,0.7061468744,46.3537653756,72.5748676444,64.5441400364,STANDBY,0,0,119.9027102154
2024-02-05 23:00:00,RIG_NORMAL,23,5,0,40.0,57.4870001933,57.540405662,0.7703765521,44.0328271435,70.1592736051,58.6848780354,STANDBY,0,0,119.9722029187
2024-02-06 00:00:00,RIG_NORMAL,0,6,1,38.2644650435,55.1509034286,59.1125785632,0.6879741352000001,44.5930035976,65.9803986068,65.5055963031,STANDBY,0,0,120.041695622
2024-02-06 01:00:00,RIG_NORMAL,1,6,1,38.2644650435,52.822864375500004,52.217417949,0.7467688492,40.4816318754,69.5227825779,57.4008977129,STANDBY,0,0,120.1111883252
2024-02-06 02:00:00,RIG_NORMAL,2,6,1,38.2644650435,54.8316803301,53.8000456306,0.6633540401,43.4923563427,65.8411929988,66.4186853829,STANDBY,0,0,120.1806810285
2024-02-06 03:00:00,RIG_NORMAL,3,6,1,38.2644650435,53.8945515348,60.3095012916,0.7448242417000001,38.2445983748,69.3539437541,70.020525881,STANDBY,0,0,120.2501737318
2024-02-06 04:00:00,RIG_NORMAL,4,6,1,40.6559941088,54.2613520854,56.3647861157,0.7486675679,43.4699198762,69.6675052163,65.4458125364,STANDBY,0,0,120.319666435
2024-02-06 05:00:00,RIG_NORMAL,5,6,1,48.7310717994,63.7126490084,67.5480848545,0.7032861772,49.6218505371,69.0629597563,71.2889560082,STANDBY,0,0,120.3891591383
2024-02-06 06:00:00,RIG_NORMAL,6,6,1,57.3966975653,75.4217817706,78.6802418296,0.7777742488,48.0091121563,67.2591486769,77.4485955703,HIGH_PRODUCTION,0,0,120.4586518416
2024-02-06 07:00:00,RIG_NORMAL,7,6,1,66.0623233312,76.5265630662,78.5502919464,0.7755361663,49.7630722053,74.6196277787,85.5407409276,HIGH_PRODUCTION,0,0,120.5281445448
2024-02-06 08:00:00,RIG_NORMAL,8,6,1,74.1374010218,96.260199294,94.278757784,0.8635450254,55.4206856998,80.7870203648,98.7709450921,HIGH_PRODUCTION,0,0,120.5976372481
2024-02-06 09:00:00,RIG_NORMAL,9,6,1,81.0716274372,96.4657298151,91.2839612082,0.8930532628000001,53.3514484918,77.420023012,94.7233400347,HIGH_PRODUCTION,0,0,120.6671299514
2024-02-06 10:00:00,RIG_NORMAL,10,6,1,86.3924465065,103.7047088687,95.0,0.9245743352,51.9264415999,83.2358116202,99.7322396165,HIGH_PRODUCTION,0,0,120.7366226546
2024-02-06 11:00:00,RIG_NORMAL,11,6,1,89.7372532031,103.8135207062,95.0,0.8345598085,54.7939073169,82.6832065154,97.2661346544,HIGH_PRODUCTION,0,0,120.8061153579
2024-02-06 12:00:00,RIG_NORMAL,12,6,1,90.8781044784,111.2957325194,95.0,0.8725548855,54.9308564584,83.3820299242,99.437315012,HIGH_PRODUCTION,0,0,120.8756080612
2024-02-06 13:00:00,RIG_NORMAL,13,6,1,89.7372532031,106.8425004983,95.0,0.812163697,54.1043522716,83.8650000409,99.302625171,HIGH_PRODUCTION,0,0,120.9451007644
2024-02-06 14:00:00,RIG_NORMAL,14,6,1,86.3924465065,105.6601365911,95.0,0.8386315882,57.9949724944,78.737965108,96.3386659934,HIGH_PRODUCTION,0,0,121.0145934677
2024-02-06 15:00:00,RIG_NORMAL,15,6,1,81.0716274372,98.2851667362,93.2276352165,0.8829032919,53.1493993804,77.018913538,99.8608705737,HIGH_PRODUCTION,0,0,121.084086171
2024-02-06 16:00:00,RIG_NORMAL,16,6,1,74.1374010218,103.4744980884,95.0,0.9024601629000001,55.8847041322,80.6017237179,100.039635866,HIGH_PRODUCTION,0,0,121.1535788742
2024-02-06 17:00:00,RIG_NORMAL,17,6,1,66.0623233312,77.2937104156,78.1270501694,0.7715969222,48.0309751438,68.0250250316,82.8405288135,HIGH_PRODUCTION,0,0,121.2230715775
2024-02-06 18:00:00,RIG_NORMAL,18,6,1,57.3966975653,73.8236982234,75.1581095428,0.6980348551000001,47.1638190132,72.7595332978,79.4528205388,HIGH_PRODUCTION,0,0,121.2925642808
2024-02-06 19:00:00,RIG_NORMAL,19,6,1,48.7310717994,59.4522654898,64.8760070381,0.7346311782,44.9123910843,66.9201104533,67.4127597669,HIGH_PRODUCTION,0,0,121.362056984
2024-02-06 20:00:00,RIG_NORMAL,20,6,1,40.6559941088,58.153424121,60.9728095552,0.7766490451,44.5528629926,68.4860749115,72.1205055032,HIGH_PRODUCTION,0,0,121.4315496873
2024-02-06 21:00:00,RIG_NORMAL,21,6,1,38.2644650435,53.1641704513,57.1808893083,0.6950693559000001,42.8394760514,65.1682150501,67.1721496483,HIGH_PRODUCTION,0,0,121.5010423905
2024-02-06 22:00:00,RIG_NORMAL,22,6,1,38.2644650435,59.7327542142,61.2150397966,0.7941427113,43.9451397804,64.3124689298,60.2293781206,STANDBY,0,0,121.5705350938
2024-02-06 23:00:00,RIG_NORMAL,23,6,1,38.2644650435,48.9421563895,49.5028765456,0.6316802623000001,43.2099608548,68.5037085775,56.40955,STANDBY,0,0,121.6400277971
2024-02-07 00:00:00,RIG_NORMAL,0,7,2,36.8726740701,54.5732656009,54.7714021874,0.6875401912,43.465046862,65.883065321,59.5279614282,STANDBY,0,0,121.7095205003
2024-02-07 01:00:00,RIG_NORMAL,1,7,2,36.8726740701,49.4310652306,52.5340219893,0.7832002324,41.8464189309,63.2845997811,62.3367611127,STANDBY,0,0,121.7790132036
2024-02-07 02:00:00,RIG_NORMAL,2,7,2,36.8726740701,45.8535155653,49.1751030707,0.7466793524,38.1988540216,64.4041790482,55.9996339534,STANDBY,0,0,121.8485059069
2024-02-07 03:00:00,RIG_NORMAL,3,7,2,36.8726740701,44.1575333399,50.0208837705,0.7528438411,38.310722502,67.4658670317,54.0228983032,STANDBY,0,0,121.9179986101
2024-02-07 04:00:00,RIG_NORMAL,4,7,2,39.1772161995,43.229356716,50.8104356849,0.6283073445,37.6245469668,65.4497222796,60.588663076,STANDBY,0,0,121.9874913134
2024-02-07 05:00:00,RIG_NORMAL,5,7,2,46.9585795986,66.4980853121,69.812932793,0.8178220514000001,45.4619033191,68.3032080289,72.6068681755,STANDBY,0,0,122.0569840167
2024-02-07 06:00:00,RIG_NORMAL,6,7,2,55.3090111052,65.0224769275,69.6655885679,0.6096973593,42.1359397591,71.1990073691,77.3878211375,HIGH_PRODUCTION,0,0,122.1264767199
2024-02-07 07:00:00,RIG_NORMAL,7,7,2,63.6594426117,94.5209648787,86.822921346,0.8283270902000001,52.6487322108,81.4572300425,89.3624383096,HIGH_PRODUCTION,0,0,122.1959694232
2024-02-07 08:00:00,RIG_NORMAL,8,7,2,71.4408060109,87.9148829678,86.5574755965,0.8117478824000001,51.3620032254,73.8496843512,92.270194689,HIGH_PRODUCTION,0,0,122.2654621265
2024-02-07 09:00:00,RIG_NORMAL,9,7,2,78.1228142462,91.2258438769,91.2550955592,0.8052396377000001,51.1464516288,80.9674352493,97.9788673287,HIGH_PRODUCTION,0,0,122.3349548297
2024-02-07 10:00:00,RIG_NORMAL,10,7,2,83.2500994991,93.7410504035,95.0,0.7739231365,53.2526682079,77.104305722,104.0180369553,HIGH_PRODUCTION,0,0,122.404447533
2024-02-07 11:00:00,RIG_NORMAL,11,7,2,86.4732457528,108.1192531221,95.0,0.7859293092,59.6773597639,84.6446593352,97.1245284794,HIGH_PRODUCTION,0,0,122.4739402363
2024-02-07 12:00:00,RIG_NORMAL,12,7,2,87.5726009166,105.862662394,95.0,0.8745480312,55.7854481761,80.1013390361,99.4722636892,HIGH_PRODUCTION,0,0,122.5434329395
2024-02-07 13:00:00,RIG_NORMAL,13,7,2,86.4732457528,97.212293928,95.0,0.8340286778,56.6559864317,77.4671056191,103.8257975936,HIGH_PRODUCTION,0,0,122.6129256428
2024-02-07 14:00:00,RIG_NORMAL,14,7,2,83.2500994991,100.9928237174,95.0,0.8522437976,56.2338503127,80.2772348502,99.8299396724,HIGH_PRODUCTION,0,0,122.6824183461
2024-02-07 15:00:00,RIG_NORMAL,15,7,2,78.1228142462,91.0918196577,89.7000678067,0.8647242291,51.484027818,75.8748714089,89.491840807,HIGH_PRODUCTION,0,0,122.7519110493
2024-02-07 16:00:00,RIG_NORMAL,16,7,2,71.4408060109,84.2700598818,86.9538077357,0.7838835946,52.260725477,76.3691537501,88.5324417519,HIGH_PRODUCTION,0,0,122.8214037526
2024-02-07 17:00:00,RIG_NORMAL,17,7,2,63.6594426117,79.3067771642,78.4497151527,0.7226751923,51.7687775005,69.9895901634,84.1033888815,HIGH_PRODUCTION,0,0,122.8908964559
2024-02-07 18:00:00,RIG_NORMAL,18,7,2,55.3090111052,74.0038926527,74.0185578922,0.8041017017000001,51.5021485731,76.171821183,80.3802042183,HIGH_PRODUCTION,0,0,122.9603891591
2024-02-07 19:00:00,RIG_NORMAL,19,7,2,46.9585795986,61.393859574,68.5073220506,0.8225387959,44.1621053564,67.8467804817,71.2705938817,HIGH_PRODUCTION,0,0,123.0298818624
2024-02-07 20:00:00,RIG_NORMAL,20,7,2,39.1772161995,59.3998821058,60.3792619964,0.7309618116000001,47.3522262895,66.6730673347,63.6329601116,HIGH_PRODUCTION,0,0,123.0993745657
2024-02-07 21:00:00,RIG_NORMAL,21,7,2,36.8726740701,54.2096926933,58.0134324505,0.7026136879,44.4368119806,67.3236885475,67.2496654958,HIGH_PRODUCTION,0,0,123.1688672689
2024-02-07 22:00:00,RIG_NORMAL,22,7,2,36.8726740701,56.654675196,55.7711179581,0.7068423589,46.1547100019,66.8795821478,62.8857828271,STANDBY,0,0,123.2383599722
2024-02-07 23:00:00,RIG_NORMAL,23,7,2,36.8726740701,57.7230291515,57.1448500351,0.7102959940000001,44.7897681945,65.2193524858,63.8794195512,STANDBY,0,0,123.3078526755
2024-02-08 00:00:00,RIG_NORMAL,0,8,3,36.1002883513,52.0941257811,51.9487185984,0.7327292977000001,45.4760941887,69.5779689908,59.8423493278,STANDBY,0,0,123.3773453787
2024-02-08 01:00:00,RIG_NORMAL,1,8,3,36.1002883513,48.3397800666,50.5230303131,0.7915340350000001,40.3040707322,68.6828692257,56.3146300002,STANDBY,0,0,123.446838082
2024-02-08 02:00:00,RIG_NORMAL,2,8,3,36.1002883513,55.3896930954,54.2571121188,0.7120093815,45.6263711034,63.9119158697,58.5936480993,STANDBY,0,0,123.5163307853
2024-02-08 03:00:00,RIG_NORMAL,3,8,3,36.1002883513,40.6476187196,49.4502436299,0.6379169768,35.6578782439,59.6284329348,55.5234494157,STANDBY,0,0,123.5858234885
2024-02-08 04:00:00,RIG_NORMAL,4,8,3,38.3565563732,54.6714371503,57.9918261814,0.7375349491000001,45.5179190323,72.5528013359,62.1086260328,STANDBY,0,0,123.6553161918
2024-02-08 05:00:00,RIG_NORMAL,5,8,3,45.9749206378,61.5753959649,61.2724808127,0.7656506376000001,45.126481665,65.4397951699,63.0790793618,STANDBY,0,0,123.7248088951
2024-02-08 06:00:00,RIG_NORMAL,6,8,3,54.1504325269,73.3935695253,77.9734409765,0.7248819699,48.091769797,73.5822731095,82.4479781745,HIGH_PRODUCTION,0,0,123.7943015983
2024-02-08 07:00:00,RIG_NORMAL,7,8,3,62.325944416,73.1884653932,76.4296692026,0.8286750299000001,50.0048370027,72.5882671967,75.4025519071,HIGH_PRODUCTION,0,0,123.8637943016
2024-02-08 08:00:00,RIG_NORMAL,8,8,3,69.9443086806,87.4203440228,85.4816574759,0.8757764541,55.5569796057,75.5899841539,86.6639666872,HIGH_PRODUCTION,0,0,123.9332870049
2024-02-08 09:00:00,RIG_NORMAL,9,8,3,76.4863463859,97.5695652728,95.0,0.9034094130000001,50.0887371285,76.6912823887,99.2456673159,HIGH_PRODUCTION,0,0,124.0027797081
2024-02-08 10:00:00,RIG_NORMAL,10,8,3,81.5062284735,98.3095390174,95.0,0.8442087507,53.673556635,81.3073839999,93.5948780213,HIGH_PRODUCTION,0,0,124.0722724114
2024-02-08 11:00:00,RIG_NORMAL,11,8,3,84.661858275,107.8680164507,95.0,0.8834137959,60.3056141325,83.8943497286,101.1909386598,HIGH_PRODUCTION,0,0,124.1417651147
2024-02-08 12:00:00,RIG_NORMAL,12,8,3,85.7381848343,111.6624745258,95.0,0.8487773587,57.6416114182,79.3619923225,96.3544955615,HIGH_PRODUCTION,0,0,124.2112578179
2024-02-08 13:00:00,RIG_NORMAL,13,8,3,84.661858275,99.6385913377,95.0,0.9060231035,53.6365834051,77.1176922827,99.8047646413,HIGH_PRODUCTION,0,0,124.2807505212
2024-02-08 14:00:00,RIG_NORMAL,14,8,3,81.5062284735,100.3236787967,95.0,0.8213084498000001,54.3523216829,80.9437288057,98.9882888226,HIGH_PRODUCTION,0,0,124.3502432245
2024-02-08 15:00:00,RIG_NORMAL,15,8,3,76.4863463859,90.7800243779,92.4360528377,0.8058340962,54.3374227106,75.703458788,98.3494363773,HIGH_PRODUCTION,0,0,124.4197359277
2024-02-08 16:00:00,RIG_NORMAL,16,8,3,69.9443086806,83.7969648542,81.3053779718,0.8366248599,54.7701777119,79.5931002591,81.8323218355,HIGH_PRODUCTION,0,0,124.489228631
2024-02-08 17:00:00,RIG_NORMAL,17,8,3,62.325944416,77.4020081147,78.0570993545,0.8300041201,50.2819730505,74.3840238164,80.0170865199,HIGH_PRODUCTION,0,0,124.5587213343
2024-02-08 18:00:00,RIG_NORMAL,18,8,3,54.1504325269,72.546015785,74.6303904902,0.7527556801,47.947135677,71.6975427291,83.2637530283,HIGH_PRODUCTION,0,0,124.6282140375
2024-02-08 19:00:00,RIG_NORMAL,19,8,3,45.9749206378,63.1162366496,66.1386151724,0.6494800752000001,45.9192409732,70.6683260537,71.4252842548,HIGH_PRODUCTION,0,0,124.6977067408
2024-02-08 20:00:00,RIG_NORMAL,20,8,3,38.3565563732,47.6419816013,56.1871464981,0.7649719406000001,38.9579667124,68.7263770208,62.3433851608,HIGH_PRODUCTION,0,0,124.7671994441
2024-02-08 21:00:00,RIG_NORMAL,21,8,3,36.1002883513,48.8755265964,52.6181469416,0.7067267058000001,45.1684735501,62.2764620369,57.1364259812,HIGH_PRODUCTION,0,0,124.8366921473
2024-02-08 22:00:00,RIG_NORMAL,22,8,3,36.1002883513,57.7856131885,57.7344405086,0.8427946333,43.9422317638,69.4241727391,61.6523956801,STANDBY,0,0,124.9061848506
2024-02-08 23:00:00,RIG_NORMAL,23,8,3,36.1002883513,51.5113621204,50.3995129545,0.7208061803,41.7673751273,60.939833622,54.0042690092,STANDBY,0,0,124.9756775539
2024-02-09 00:00:00,RIG_NORMAL,0,9,4,36.1002883513,56.3970199978,54.9386855318,0.670276156,42.2720855638,67.6888946815,58.2383261595,STANDBY,0,0,125.0451702571
2024-02-09 01:00:00,RIG_NORMAL,1,9,4,36.1002883513,63.5240999574,57.0972215446,0.7637515754,48.5352811012,64.8039933718,60.2675220813,STANDBY,0,0,125.1146629604
2024-02-09 02:00:00,RIG_NORMAL,2,9,4,36.1002883513,52.1719092308,52.8831409991,0.6621343268000001,44.7921121489,67.2786306136,53.3015398176,STANDBY,0,0,125.1841556637
2024-02-09 03:00:00,RIG_NORMAL,3,9,4,36.1002883513,55.3551622403,59.793950784,0.7380972965,41.3158175309,60.0659307043,63.1423901503,STANDBY,0,0,125.2536483669
2024-02-09 04:00:00,RIG_NORMAL,4,9,4,38.3565563732,51.1007244519,56.2575881876,0.72021992,42.3728274777,65.477103127,56.9702786033,STANDBY,0,0,125.3231410702
2024-02-09 05:00:00,RIG_NORMAL,5,9,4,45.9749206378,57.3217017163,62.7673854937,0.7685991297,44.8861067414,69.8810390709,70.1293292994,STANDBY,0,0,125.3926337735
2024-02-09 06:00:00,RIG_NORMAL,6,9,4,54.1504325269,57.396165719,65.1673436549,0.7185140087,48.1594996119,69.9485025688,68.0449189296,HIGH_PRODUCTION,0,0,125.4621264767
2024-02-09 07:00:00,RIG_NORMAL,7,9,4,62.325944416,76.3661408582,74.8375683124,0.7041498267,49.071724182,70.2411470297,80.4487105533,HIGH_PRODUCTION,0,0,125.53161918
2024-02-09 08:00:00,RIG_NORMAL,8,9,4,69.9443086806,76.7420375156,79.1096430082,0.7582269834,45.6479006438,72.553731327,84.3243794382,HIGH_PRODUCTION,0,0,125.6011118833
2024-02-09 09:00:00,RIG_NORMAL,9,9,4,76.4863463859,87.240615504,87.2914506095,0.7984917377,49.7412658902,77.1183253759,88.8002384665,HIGH_PRODUCTION,0,0,125.6706045865
2024-02-09 10:00:00,RIG_NORMAL,10,9,4,81.5062284735,104.8380428515,95.0,0.8233324296000001,55.8415144691,86.3114379341,101.5704819485,HIGH_PRODUCTION,0,0,125.7400972898
2024-02-09 11:00:00,RIG_NORMAL,11,9,4,84.661858275,103.7096541397,95.0,0.8967160484000001,57.8098127554,82.9295409895,99.9329763159,HIGH_PRODUCTION,0,0,125.8095899931
2024-02-09 12:00:00,RIG_NORMAL,12,9,4,85.7381848343,107.4399268772,95.0,0.8484477434000001,58.3995676921,80.0400962554,99.646946561,HIGH_PRODUCTION,0,0,125.8790826963
2024-02-09 13:00:00,RIG_NORMAL,13,9,4,84.661858275,101.7588158807,95.0,0.8076835742,56.8413351073,81.5737618508,100.8163334304,HIGH_PRODUCTION,0,0,125.9485753996
2024-02-09 14:00:00,RIG_NORMAL,14,9,4,81.5062284735,91.4081175866,92.4252841168,0.7906416992,52.8590815363,76.3312316524,96.9665221756,HIGH_PRODUCTION,0,0,126.0180681028
2024-02-09 15:00:00,RIG_NORMAL,15,9,4,76.4863463859,85.0240727137,87.1187378736,0.7797947341,52.1292431131,70.1697080245,96.0251054692,HIGH_PRODUCTION,0,0,126.0875608061
2024-02-09 16:00:00,RIG_NORMAL,16,9,4,69.9443086806,87.5277495157,88.4872657806,0.8546145386,52.6521496801,72.3804657115,93.8126789412,HIGH_PRODUCTION,0,0,126.1570535094
2024-02-09 17:00:00,RIG_NORMAL,17,9,4,62.325944416,81.0369845372,78.6583280078,0.8953587681,47.982218779,73.6153545415,89.2023293227,HIGH_PRODUCTION,0,0,126.2265462126
2024-02-09 18:00:00,RIG_NORMAL,18,9,4,54.1504325269,75.025131677,76.7454799163,0.8110411101,48.69382266,76.3152951973,81.915307455,HIGH_PRODUCTION,0,0,126.2960389159
2024-02-09 19:00:00,RIG_NORMAL,19,9,4,45.9749206378,52.564142359,60.3033847121,0.7276929319000001,41.9390307778,65.7333060559,68.7982572178,HIGH_PRODUCTION,0,0,126.3655316192
2024-02-09 20:00:00,RIG_NORMAL,20,9,4,38.3565563732,55.2697763413,58.8239128835,0.7266247075000001,44.5426621702,64.4492987283,64.860244438,HIGH_PRODUCTION,0,0,126.4350243224
2024-02-09 21:00:00,RIG_NORMAL,21,9,4,36.1002883513,48.0135724442,53.4787393336,0.7636176895,42.9267466767,67.6808029253,57.9687339168,HIGH_PRODUCTION,0,0,126.5045170257
2024-02-09 22:00:00,RIG_NORMAL,22,9,4,36.1002883513,56.094262222,57.4487513633,0.7648285692,44.1072375431,62.1848702715,62.2592940605,STANDBY,0,0,126.574009729
2024-02-09 23:00:00,RIG_NORMAL,23,9,4,36.1002883513,58.1499482841,55.4100890554,0.8176517719,43.0412058862,74.1611978878,56.7947696375,STANDBY,0,0,126.6435024322
2024-02-10 00:00:00,RIG_NORMAL,0,10,5,36.8726740701,46.2850866355,47.0274951332,0.6971188378000001,41.3452644168,63.4489533593,51.6831047305,STANDBY,0,0,126.7129951355
2024-02-10 01:00:00,RIG_NORMAL,1,10,5,36.8726740701,54.8815179836,53.6626450232,0.7619775816000001,44.1401945857,64.9723357918,57.9672716548,STANDBY,0,0,126.7824878388
2024-02-10 02:00:00,RIG_NORMAL,2,10,5,36.8726740701,50.905254292,53.9434897406,0.7508750269000001,41.700825595,62.9496980333,61.2770190489,STANDBY,0,0,126.851980542
2024-02-10 03:00:00,RIG_NORMAL,3,10,5,36.8726740701,54.4420518744,56.8615481818,0.8325904855,46.9708720898,64.4427547144,64.9005612708,STANDBY,0,0,126.9214732453
2024-02-10 04:00:00,RIG_NORMAL,4,10,5,39.1772161995,53.8020774576,59.9923469797,0.7143047037,41.8092956,65.1443001801,63.3206472885,STANDBY,0,0,126.9909659486
2024-02-10 05:00:00,RIG_NORMAL,5,10,5,46.9585795986,60.0272777108,61.4754793235,0.7543743780000001,41.7325037211,70.1730303332,69.1375197247,STANDBY,0,0,127.0604586518
2024-02-10 06:00:00,RIG_NORMAL,6,10,5,55.3090111052,67.7110115199,69.2436196891,0.8756475236,45.4804737791,67.5968627577,81.1174766179,HIGH_PRODUCTION,0,0,127.1299513551
2024-02-10 07:00:00,RIG_NORMAL,7,10,5,63.6594426117,75.6172673317,78.9342071366,0.8314728259,46.9561149296,73.0985374023,83.0007921041,HIGH_PRODUCTION,0,0,127.1994440584
2024-02-10 08:00:00,RIG_NORMAL,8,10,5,71.4408060109,84.8877743629,83.2955505666,0.8286839314000001,49.7112937962,71.7912359646,84.5106215759,HIGH_PRODUCTION,0,0,127.2689367616
2024-02-10 09:00:00,RIG_NORMAL,9,10,5,78.1228142462,93.8463922276,88.6916729821,0.8570867510000001,50.6483444831,74.7984004277,89.9775541057,HIGH_PRODUCTION,0,0,127.3384294649
2024-02-10 10:00:00,RIG_NORMAL,10,10,5,83.2500994991,109.7061770445,95.0,0.9555083732,56.7261311936,83.3010357735,100.3395205409,HIGH_PRODUCTION,0,0,127.4079221682
2024-02-10 11:00:00,RIG_NORMAL,11,10,5,86.4732457528,98.6194850763,95.0,0.8934636367000001,57.2601376146,79.4650747643,95.5123498289,HIGH_PRODUCTION,0,0,127.4774148714
2024-02-10 12:00:00,RIG_NORMAL,12,10,5,87.5726009166,101.0998713196,95.0,0.9612898777000001,57.1506608177,81.7858026318,98.7952803597,HIGH_PRODUCTION,0,0,127.5469075747
2024-02-10 13:00:00,RIG_NORMAL,13,10,5,86.4732457528,103.9363281715,95.0,0.9544130981000001,54.6747174835,88.6736865608,99.7200306919,HIGH_PRODUCTION,0,0,127.616400278
2024-02-10 14:00:00,RIG_NORMAL,14,10,5,83.2500994991,97.0798159607,95.0,0.8678415217000001,53.7986613737,81.6531743391,104.7406093581,HIGH_PRODUCTION,0,0,127.6858929812
2024-02-10 15:00:00,RIG_NORMAL,15,10,5,78.1228142462,84.0377317574,85.1111445382,0.7163417626,52.2356477147,71.7038660953,92.7329053307,HIGH_PRODUCTION,0,0,127.7553856845
2024-02-10 16:00:00,RIG_NORMAL,16,10,5,71.4408060109,89.5345447136,94.8576638227,0.8398537370000001,50.9186101339,76.153744993,102.3480486321,HIGH_PRODUCTION,0,0,127.8248783878
2024-02-10 17:00:00,RIG_NORMAL,17,10,5,63.6594426117,75.9727001192,77.3083870513,0.7439001213,48.3943483884,75.9303427009,80.9933517246,HIGH_PRODUCTION,0,0,127.894371091
2024-02-10 18:00:00,RIG_NORMAL,18,10,5,55.3090111052,73.8370037089,73.9008127656,0.7274506728,46.2652407293,75.8677973465,80.6824008201,HIGH_PRODUCTION,0,0,127.9638637943
2024-02-10 19:00:00,RIG_NORMAL,19,10,5,46.9585795986,69.3466865586,70.9723395052,0.7418829786000001,46.8616759067,71.2134190405,73.2018953378,HIGH_PRODUCTION,0,0,128.0333564976
2024-02-10 20:00:00,RIG_NORMAL,20,10,5,39.1772161995,56.8588081686,54.436355856,0.7153407928000001,45.3899417898,71.1868140291,60.1833586984,HIGH_PRODUCTION,0,0,128.1028492008
2024-02-10 21:00:00,RIG_NORMAL,21,10,5,36.8726740701,54.4074152392,59.8303166687,0.8059415005,41.2742422601,65.3052829531,66.4368661736,HIGH_PRODUCTION,0,0,128.1723419041
2024-02-10 22:00:00,RIG_NORMAL,22,10,5,36.8726740701,42.4384213803,47.5495843166,0.6179362348,44.2888537733,60.0368062597,51.423161385,STANDBY,0,0,128.2418346074
2024-02-10 23:00:00,RIG_NORMAL,23,10,5,36.8726740701,53.4132455714,51.7465992632,0.7762593248,43.3214235758,62.8465496978,60.495876735,STANDBY,0,0,128.3113273106
2024-02-11 00:00:00,RIG_NORMAL,0,11,6,38.2644650435,52.270651739,52.8104048157,0.6585998462,39.6271535274,61.2187399663,60.1216017486,STANDBY,0,0,128.3808200139
2024-02-11 01:00:00,RIG_NORMAL,1,11,6,38.2644650435,54.0976676925,51.9362746268,0.7172667078,45.2178059329,66.565638244,59.8307332127,STANDBY,0,0,128.4503127172
2024-02-11 02:00:00,RIG_NORMAL,2,11,6,38.2644650435,51.1969808497,57.5578859001,0.8306013637,41.4164236902,67.5986117787,60.0953691414,STANDBY,0,0,128.5198054204
2024-02-11 03:00:00,RIG_NORMAL,3,11,6,38.2644650435,51.903726302,53.4870512545,0.7061646211,40.9942194571,62.8274583822,62.172374785,STANDBY,0,0,128.5892981237
2024-02-11 04:00:00,RIG_NORMAL,4,11,6,40.6559941088,52.1661233559,57.9460269722,0.6767790384,42.9836440551,64.2128121576,64.580777283,STANDBY,0,0,128.658790827
2024-02-11 05:00:00,RIG_NORMAL,5,11,6,48.7310717994,67.8114831605,68.8410430614,0.6641793300000001,43.7071731313,70.3995762407,72.8217372662,STANDBY,0,0,128.7282835302
2024-02-11 06:00:00,RIG_NORMAL,6,11,6,57.3966975653,79.3771057569,76.4815254463,0.8862927399,49.2294329814,70.1611589418,85.3348396435,HIGH_PRODUCTION,0,0,128.7977762335
2024-02-11 07:00:00,RIG_NORMAL,7,11,6,66.0623233312,89.5992313602,85.3284647012,0.7422093295000001,54.6985384633,76.3715063904,89.1863657332,HIGH_PRODUCTION,0,0,128.8672689368
2024-02-11 08:00:00,RIG_NORMAL,8,11,6,74.1374010218,89.3238595562,87.0753942115,0.8202583425000001,52.1251490367,82.717247898,89.2960403514,HIGH_PRODUCTION,0,0,128.93676164
2024-02-11 09:00:00,RIG_NORMAL,9,11,6,81.0716274372,97.954728667,92.9313920537,0.8623589003000001,50.448644497,76.2660362981,99.6429366017,HIGH_PRODUCTION,0,0,129.0062543433
2024-02-11 10:00:00,RIG_NORMAL,10,11,6,86.3924465065,98.9236118915,95.0,0.8338763683,53.8235510702,78.3825431652,101.5944959552,HIGH_PRODUCTION,0,0,129.0757470466
2024-02-11 11:00:00,RIG_NORMAL,11,11,6,89.7372532031,105.2715875337,95.0,0.9362978004,56.0675813239,77.6370133988,97.957516362,HIGH_PRODUCTION,0,0,129.1452397498
2024-02-11 12:00:00,RIG_NORMAL,12,11,6,90.8781044784,109.8797823879,95.0,0.9599372892,54.9241090294,81.2740422275,98.0882137179,HIGH_PRODUCTION,0,0,129.2147324531
2024-02-11 13:00:00,RIG_NORMAL,13,11,6,89.7372532031,108.4630246487,95.0,0.9195812749000001,54.733962454,78.46866769,97.246093457,HIGH_PRODUCTION,0,0,129.2842251564
2024-02-11 14:00:00,RIG_NORMAL,14,11,6,86.3924465065,103.2672796114,95.0,0.8375608298,54.094030292,81.3349698496,102.6183808765,HIGH_PRODUCTION,0,0,129.3537178596
2024-02-11 15:00:00,RIG_NORMAL,15,11,6,81.0716274372,95.114997201,94.5195688772,0.9212991866,54.8714837643,75.1734697469,97.3270770921,HIGH_PRODUCTION,0,0,129.4232105629
2024-02-11 16:00:00,RIG_NORMAL,16,11,6,74.1374010218,86.9469808147,84.921566241,0.7063578493,48.6020265627,77.7009380826,88.9834295261,HIGH_PRODUCTION,0,0,129.4927032662
2024-02-11 17:00:00,RIG_NORMAL,17,11,6,66.0623233312,88.5667883871,86.6130175778,0.9185283787,54.3956944603,75.177066212,95.6956807895,HIGH_PRODUCTION,0,0,129.5621959694
2024-02-11 18:00:00,RIG_NORMAL,18,11,6,57.3966975653,80.8770829818,78.2349232442,0.8004324595000001,53.263293369,73.1136209695,80.4040115609,HIGH_PRODUCTION,0,0,129.6316886727
2024-02-11 19:00:00,RIG_NORMAL,19,11,6,48.7310717994,66.5742223342,64.6449457044,0.7357191517,48.0730929956,75.100898152,71.2565111752,HIGH_PRODUCTION,0,0,129.701181376
2024-02-11 20:00:00,RIG_NORMAL,20,11,6,40.6559941088,52.3450514963,54.7452687875,0.6903222525,43.4496756925,66.0449004181,62.8946261454,HIGH_PRODUCTION,0,0,129.7706740792
2024-02-11 21:00:00,RIG_NORMAL,21,11,6,38.2644650435,54.0868059628,58.3641735435,0.7295669506,42.5683900859,66.2495757324,66.7548358871,HIGH_PRODUCTION,0,0,129.8401667825
2024-02-11 22:00:00,RIG_NORMAL,22,11,6,38.2644650435,54.4551263807,53.4927290729,0.746057496,40.452483329,65.5322005817,59.0269706104,STANDBY,0,0,129.9096594858
2024-02-11 23:00:00,RIG_NORMAL,23,11,6,38.2644650435,58.9753162303,57.824644947,0.694563437,44.0981499389,67.8568851524,62.0618605613,STANDBY,0,0,129.979152189
2024-02-12 00:00:00,RIG_NORMAL,0,12,0,40.0,63.2846608887,60.2765262322,0.7845968950000001,48.4344314427,67.3609158161,67.5055905992,STANDBY,0,0,130.0486448923
2024-02-12 01:00:00,RIG_NORMAL,1,12,0,40.0,49.2803202148,52.4328218934,0.7628586529,41.4335273255,60.6278056263,56.55980776,STANDBY,0,0,130.1181375956
2024-02-12 02:00:00,RIG_NORMAL,2,12,0,40.0,50.2042135492,53.2974775995,0.6603542607,45.7174584796,67.6819254158,54.4863069369,STANDBY,0,0,130.1876302988
2024-02-12 03:00:00,RIG_NORMAL,3,12,0,40.0,63.4803125472,63.0343075409,0.8477519662,46.4924948994,69.0479521297,67.056921058,STANDBY,0,0,130.2571230021
2024-02-12 04:00:00,RIG_NORMAL,4,12,0,42.5,69.0222317075,70.2851368081,0.7211906963,47.8384827009,68.292466203,74.6983830596,STANDBY,0,0,130.3266157054
2024-02-12 05:00:00,RIG_NORMAL,5,12,0,50.9413334214,65.1524480018,70.091441668,0.7685244316000001,47.7899497375,65.8346882114,74.8610987379,STANDBY,0,0,130.3961084086
2024-02-12 06:00:00,RIG_NORMAL,6,12,0,60.0,71.5757406245,71.1563669646,0.8165363084,46.8945713338,70.388920303,76.8117008392,HIGH_PRODUCTION,0,0,130.4656011119
2024-02-12 07:00:00,RIG_NORMAL,7,12,0,69.0586665786,93.4407958233,86.3640265151,0.8665226945000001,52.31507948,80.3969641792,95.3524407901,HIGH_PRODUCTION,0,0,130.5350938151
2024-02-12 08:00:00,RIG_NORMAL,8,12,0,77.5,98.2941784644,92.8266861336,0.9239225495000001,53.8680961074,78.8560811133,95.7074132083,HIGH_PRODUCTION,0,0,130.6045865184
2024-02-12 09:00:00,RIG_NORMAL,9,12,0,84.7487373415,101.5862304113,94.6946801736,0.8908327758000001,54.989808158,76.9001973099,100.451841061,HIGH_PRODUCTION,0,0,130.6740792217
2024-02-12 10:00:00,RIG_NORMAL,10,12,0,90.3108891325,103.2893890802,95.0,0.8203801636,55.453986888,82.679204429,106.3773898076,HIGH_PRODUCTION,0,0,130.7435719249
2024-02-12 11:00:00,RIG_NORMAL,11,12,0,93.8074039201,117.3938862865,95.0,0.8955475925,61.4171965352,89.6875592831,99.3499669524,HIGH_PRODUCTION,0,0,130.8130646282
2024-02-12 12:00:00,RIG_NORMAL,12,12,0,95.0,100.2584749814,95.0,0.8589130762,54.9544065413,77.1719566483,97.9403042393,HIGH_PRODUCTION,0,0,130.8825573315
2024-02-12 13:00:00,RIG_NORMAL,13,12,0,93.8074039201,124.2339495897,95.0,1.0362811224,60.6314299816,89.7375831393,100.0976244773,HIGH_PRODUCTION,0,0,130.9520500347
2024-02-12 14:00:00,RIG_NORMAL,14,12,0,90.3108891325,103.8538098875,95.0,0.8766156358,55.8647399004,78.1245965086,94.8165726499,HIGH_PRODUCTION,0,0,131.021542738
2024-02-12 15:00:00,RIG_NORMAL,15,12,0,84.7487373415,104.9838549959,95.0,0.8411475727000001,50.7611587589,85.7733222878,98.8348293559,HIGH_PRODUCTION,0,0,131.0910354413
2024-02-12 16:00:00,RIG_NORMAL,16,12,0,77.5,100.4665009079,92.7922817747,1.006628564,53.8298952876,77.1246973268,93.4450713087,HIGH_PRODUCTION,0,0,131.1605281445
2024-02-12 17:00:00,RIG_NORMAL,17,12,0,69.0586665786,80.2684537334,78.3737106951,0.7898695342000001,49.2285106066,74.6673334857,80.8203248286,HIGH_PRODUCTION,0,0,131.2300208478
2024-02-12 18:00:00,RIG_NORMAL,18,12,0,60.0,80.4482064998,79.1604188402,0.8137008443,51.0594845375,73.0033004217,87.0183860177,HIGH_PRODUCTION,0,0,131.2995135511
2024-02-12 19:00:00,RIG_NORMAL,19,12,0,50.9413334214,72.4135490769,74.7216998211,0.7226516295000001,48.5350270888,69.9195693439,77.4465173102,HIGH_PRODUCTION,0,0,131.3690062543
2024-02-12 20:00:00,RIG_NORMAL,20,12,0,42.5,60.7560667926,64.12736201,0.7676841041,46.253484349,69.7079155321,68.823550276,HIGH_PRODUCTION,0,0,131.4384989576
2024-02-12 21:00:00,RIG_NORMAL,21,12,0,40.0,48.4649251146,51.698011723,0.7607140995,43.594381363,66.1429034452,58.4411013013,HIGH_PRODUCTION,0,0,131.5079916609
2024-02-12 22:00:00,RIG_NORMAL,22,12,0,40.0,55.5323925501,57.615722798,0.7937125415,45.1999248878,66.1362853533,62.4198942532,STANDBY,0,0,131.5774843641
2024-02-12 23:00:00,RIG_NORMAL,23,12,0,40.0,47.8176332712,51.1407584131,0.7384340660000001,41.5866961561,64.743228125,54.8453090404,STANDBY,0,0,131.6469770674
2024-02-13 00:00:00,RIG_NORMAL,0,13,1,38.2644650435,52.9494447321,55.2410611974,0.7558146332,43.661904581,64.9377455022,57.0463993657,STANDBY,0,0,131.7164697707
2024-02-13 01:00:00,RIG_NORMAL,1,13,1,38.2644650435,56.6621304614,55.7300972619,0.7266072981,45.352929122,73.3038623228,59.2929560875,STANDBY,0,0,131.7859624739
2024-02-13 02:00:00,RIG_NORMAL,2,13,1,38.2644650435,56.2141615552,59.0136174355,0.7046193456000001,47.1753564673,65.7017817537,61.0444414464,STANDBY,0,0,131.8554551772
2024-02-13 03:00:00,RIG_NORMAL,3,13,1,38.2644650435,58.7843539963,57.7328720794,0.7569013047,43.2624829015,71.1310055365,64.9088515409,STANDBY,0,0,131.9249478805
2024-02-13 04:00:00,RIG_NORMAL,4,13,1,40.6559941088,53.0686122904,59.2143237052,0.69244339,39.3318798994,66.8556993433,66.8723313798,STANDBY,0,0,131.9944405837
2024-02-13 05:00:00,RIG_NORMAL,5,13,1,48.7310717994,52.9661346997,60.9776004784,0.7444332354000001,44.7713340044,70.0538072614,60.5746310225,STANDBY,0,0,132.063933287
2024-02-13 06:00:00,RIG_NORMAL,6,13,1,57.3966975653,74.1556486853,74.5553410728,0.8074075452,45.7582322201,71.0028990197,73.1771164529,HIGH_PRODUCTION,0,0,132.1334259903
2024-02-13 07:00:00,RIG_NORMAL,7,13,1,66.0623233312,85.1722195689,84.410374487,0.8439438364,51.7664189053,77.44232749,93.9797060037,HIGH_PRODUCTION,0,0,132.2029186935
2024-02-13 08:00:00,RIG_NORMAL,8,13,1,74.1374010218,94.5725986431,91.7865209912,0.8787970793000001,54.9382964274,76.6422704515,94.7039964913,HIGH_PRODUCTION,0,0,132.2724113968
2024-02-13 09:00:00,RIG_NORMAL,9,13,1,81.0716274372,107.9972051347,95.0,0.9657700982,57.5315785111,77.6082832317,103.4534543911,HIGH_PRODUCTION,0,0,132.3419041001
2024-02-13 10:00:00,RIG_NORMAL,10,13,1,86.3924465065,101.1730733862,95.0,0.8881015707000001,51.3156915461,81.9529941254,99.6885090865,HIGH_PRODUCTION,0,0,132.4113968033
2024-02-13 11:00:00,RIG_NORMAL,11,13,1,89.7372532031,109.7162820361,95.0,0.9461351424000001,58.1062659112,79.3507798211,103.0283922414,HIGH_PRODUCTION,0,0,132.4808895066
2024-02-13 12:00:00,RIG_NORMAL,12,13,1,90.8781044784,111.1851433592,95.0,0.9275917720000001,58.0087758671,81.2756462313,98.8746582153,HIGH_PRODUCTION,0,0,132.5503822099
2024-02-13 13:00:00,RIG_NORMAL,13,13,1,89.7372532031,112.8789719017,95.0,0.9680320579,58.9361363774,80.9117981358,98.2775823571,HIGH_PRODUCTION,0,0,132.6198749131
2024-02-13 14:00:00,RIG_NORMAL,14,13,1,86.3924465065,103.8478521182,95.0,0.9035578389000001,50.9491341818,78.5418638112,105.701371548,HIGH_PRODUCTION,0,0,132.6893676164
2024-02-13 15:00:00,RIG_NORMAL,15,13,1,81.0716274372,106.4901676834,95.0,0.8995492376,57.7132390885,80.1470712195,100.2822639642,HIGH_PRODUCTION,0,0,132.7588603197
2024-02-13 16:00:00,RIG_NORMAL,16,13,1,74.1374010218,94.4423021205,89.4932066707,0.9106347022,53.0877618539,74.8014060156,95.042026554,HIGH_PRODUCTION,0,0,132.8283530229
2024-02-13 17:00:00,RIG_NORMAL,17,13,1,66.0623233312,86.8218061232,87.0096983195,0.8416508334,57.807298664,75.4746589588,94.882582897,HIGH_PRODUCTION,0,0,132.8978457262
2024-02-13 18:00:00,RIG_NORMAL,18,13,1,57.3966975653,76.4776139952,76.876542719,0.8371250386,47.8016984464,73.6699022633,80.5369782862,HIGH_PRODUCTION,0,0,132.9673384295
2024-02-13 19:00:00,RIG_NORMAL,19,13,1,48.7310717994,64.5090924775,66.0169357466,0.8278140979,48.3011236545,65.5007610022,67.9888772093,HIGH_PRODUCTION,0,0,133.0368311327
2024-02-13 20:00:00,RIG_NORMAL,20,13,1,40.6559941088,59.4191211638,62.9503251642,0.8130526570000001,46.2341265072,70.5407383076,70.6395610615,HIGH_PRODUCTION,0,0,133.106323836
2024-02-13 21:00:00,RIG_NORMAL,21,13,1,38.2644650435,56.3843494595,59.3314389501,0.7523499466,44.4520681257,64.587610982,63.6129397256,HIGH_PRODUCTION,0,0,133.1758165393
2024-02-13 22:00:00,RIG_NORMAL,22,13,1,38.2644650435,64.0457104703,64.4050422281,0.8095283379,48.1090964099,62.1230592149,70.6800838963,STANDBY,0,0,133.2453092425
2024-02-13 23:00:00,RIG_NORMAL,23,13,1,38.2644650435,60.8181034079,57.9229744171,0.9130531222,42.5057641253,65.1520162543,67.8497314074,STANDBY,0,0,133.3148019458
2024-02-14 00:00:00,RIG_NORMAL,0,14,2,36.8726740701,54.116684545,55.8874944019,0.7474081088000001,40.7713188804,70.7957186175,58.9008715673,STANDBY,0,0,133.3842946491
2024-02-14 01:00:00,RIG_NORMAL,1,14,2,36.8726740701,52.9283586066,56.3551383362,0.7649842558000001,48.2905207773,65.4548304953,64.6289010159,STANDBY,0,0,133.4537873523
2024-02-14 02:00:00,RIG_NORMAL,2,14,2,36.8726740701,47.7190481797,55.8348841511,0.7488872831000001,42.5895166131,72.383928689,60.9091335318,STANDBY,0,0,133.5232800556
2024-02-14 03:00:00,RIG_NORMAL,3,14,2,36.8726740701,59.6131076938,61.8185876994,0.7463536149000001,41.8953969454,67.2813976161,69.2389622121,STANDBY,0,0,133.5927727589
2024-02-14 04:00:00,RIG_NORMAL,4,14,2,39.1772161995,62.8165413776,63.6679776246,0.7757946549,46.1326956427,69.0798127176,62.1233502588,STANDBY,0,0,133.6622654621
2024-02-14 05:00:00,RIG_NORMAL,5,14,2,46.9585795986,63.895151655,64.5230417404,0.7454841004,45.2146940137,67.0691730039,70.3311614438,STANDBY,0,0,133.7317581654
2024-02-14 06:00:00,RIG_NORMAL,6,14,2,55.3090111052,57.4469683816,63.0296971699,0.787617616,43.5725404771,68.7588891246,70.2007262408,HIGH_PRODUCTION,0,0,133.8012508687
2024-02-14 07:00:00,RIG_NORMAL,7,14,2,63.6594426117,83.606113986,80.4730265019,0.8587647507,50.4282901304,67.9786004065,85.7968479786,HIGH_PRODUCTION,0,0,133.8707435719
2024-02-14 08:00:00,RIG_NORMAL,8,14,2,71.4408060109,86.5684681372,86.5355533903,0.8338795391,51.45595073,73.4917323213,91.0224271646,HIGH_PRODUCTION,0,0,133.9402362752
2024-02-14 09:00:00,RIG_NORMAL,9,14,2,78.1228142462,97.020029457,92.3067763967,0.8938146624000001,50.6625133081,77.0235609381,94.4733287982,HIGH_PRODUCTION,0,0,134.0097289785
2024-02-14 10:00:00,RIG_NORMAL,10,14,2,83.2500994991,100.1324863893,95.0,0.8746903816,53.4632738923,84.9141324211,95.2518757648,HIGH_PRODUCTION,0,0,134.0792216817
2024-02-14 11:00:00,RIG_NORMAL,11,14,2,86.4732457528,107.6060287937,95.0,0.9094408312000001,56.6099525176,83.1683283313,102.963773659,HIGH_PRODUCTION,0,0,134.148714385
2024-02-14 12:00:00,RIG_NORMAL,12,14,2,87.5726009166,110.2992365782,95.0,0.9461724003,59.9115530268,84.993776679,98.2914248773,HIGH_PRODUCTION,0,0,134.2182070883
2024-02-14 13:00:00,RIG_NORMAL,13,14,2,86.4732457528,104.7620686369,95.0,0.8679038211000001,53.9127590749,77.6412051398,101.1456480875,HIGH_PRODUCTION,0,0,134.2876997915
2024-02-14 14:00:00,RIG_NORMAL,14,14,2,83.2500994991,97.9045596066,95.0,0.9388148109000001,51.0582073431,78.3435957428,97.9830091264,HIGH_PRODUCTION,0,0,134.3571924948
2024-02-14 15:00:00,RIG_NORMAL,15,14,2,78.1228142462,98.2265172417,94.0815881115,0.8400923650000001,53.3546609581,82.0350884313,104.4564379935,HIGH_PRODUCTION,0,0,134.4266851981
2024-02-14 16:00:00,RIG_NORMAL,16,14,2,71.4408060109,93.6998975281,89.2454370036,0.8495026239,52.7510421492,79.3006942112,93.5233158166,HIGH_PRODUCTION,0,0,134.4961779013
2024-02-14 17:00:00,RIG_NORMAL,17,14,2,63.6594426117,90.0690314616,86.5824983413,0.8262440176,50.6190644924,77.9027850852,85.2317985865,HIGH_PRODUCTION,0,0,134.5656706046
2024-02-14 18:00:00,RIG_NORMAL,18,14,2,55.3090111052,83.1107746357,78.786515398,0.8243846210000001,49.8818987548,74.952707715,84.3118212965,HIGH_PRODUCTION,0,0,134.6351633079
2024-02-14 19:00:00,RIG_NORMAL,19,14,2,46.9585795986,63.5414808555,66.6069968481,0.8928088378000001,48.6871083065,66.5932718276,69.4915225684,HIGH_PRODUCTION,0,0,134.7046560111
2024-02-14 20:00:00,RIG_NORMAL,20,14,2,39.1772161995,52.5976929691,55.5900981836,0.8112700546,46.5131503592,66.1157368939,60.5785503713,HIGH_PRODUCTION,0,0,134.7741487144
2024-02-14 21:00:00,RIG_NORMAL,21,14,2,36.8726740701,59.614623963,61.7459551597,0.8703927877000001,44.7634749105,67.3431902769,65.3006690557,HIGH_PRODUCTION,0,0,134.8436414177
2024-02-14 22:00:00,RIG_NORMAL,22,14,2,36.8726740701,52.7245323954,55.6523561599,0.7891471094,42.7150858426,65.3683442511,57.5845693164,STANDBY,0,0,134.9131341209
2024-02-14 23:00:00,RIG_NORMAL,23,14,2,36.8726740701,55.864843449,56.2204937462,0.6653511732,45.9309630917,65.8483115342,59.5355751515,STANDBY,0,0,134.9826268242
2024-02-15 00:00:00,RIG_NORMAL,0,15,3,36.1002883513,57.172392973,56.2622915506,0.7790122712,44.1726729012,62.012206625,63.8436570375,STANDBY,0,0,135.0521195274
2024-02-15 01:00:00,RIG_NORMAL,1,15,3,36.1002883513,53.5210204183,50.9771561469,0.7259323199000001,47.0514274444,65.7983512127,54.1734295688,STANDBY,0,0,135.1216122307
2024-02-15 02:00:00,RIG_NORMAL,2,15,3,36.1002883513,60.2312626637,63.2661018281,0.7594506404,45.94599624,67.8990285625,69.6970614056,STANDBY,0,0,135.191104934
2024-02-15 03:00:00,RIG_NORMAL,3,15,3,36.1002883513,53.8324857013,58.2029671213,0.751302698,42.1803709895,64.8262862952,65.8772839423,STANDBY,0,0,135.2605976372
2024-02-15 04:00:00,RIG_NORMAL,4,15,3,38.3565563732,56.0502648664,63.5008438104,0.872089273,46.0685405148,64.2873892122,66.102596528,STANDBY,0,0,135.3300903405
2024-02-15 05:00:00,RIG_NORMAL,5,15,3,45.9749206378,58.638195393,65.6111119053,0.7596994437,45.2559048357,71.0844925145,64.409452889,STANDBY,0,0,135.3995830438
2024-02-15 06:00:00,RIG_NORMAL,6,15,3,54.1504325269,64.7471474409,71.5411562494,0.7292753838,47.9897725367,64.4141974417,76.2606916459,HIGH_PRODUCTION,0,0,135.469075747
2024-02-15 07:00:00,RIG_NORMAL,7,15,3,62.325944416,85.3628646295,81.1717957862,0.9047629544,53.492051717,77.8029346439,87.4051391241,HIGH_PRODUCTION,0,0,135.5385684503
2024-02-15 08:00:00,RIG_NORMAL,8,15,3,69.9443086806,88.4413380556,88.1339552619,0.9155676334,50.0567881395,78.0054696086,95.1366314096,HIGH_PRODUCTION,0,0,135.6080611536
2024-02-15 09:00:00,RIG_NORMAL,9,15,3,76.4863463859,97.003990172,95.0,0.8719043894,55.011585325,79.1507959068,101.383518449,HIGH_PRODUCTION,0,0,135.6775538568
2024-02-15 10:00:00,RIG_NORMAL,10,15,3,81.5062284735,104.5433170337,95.0,0.9322604819,57.7697641502,82.0351414492,104.888433718,HIGH_PRODUCTION,0,0,135.7470465601
2024-02-15 11:00:00,RIG_NORMAL,11,15,3,84.661858275,96.930703774,95.0,0.8762777172,57.0763508048,76.3547461061,104.6898207766,HIGH_PRODUCTION,0,0,135.8165392634
2024-02-15 12:00:00,RIG_NORMAL,12,15,3,85.7381848343,101.9602654201,95.0,0.8950228332,58.6705900072,80.7737888153,102.0753177744,HIGH_PRODUCTION,0,0,135.8860319666
2024-02-15 13:00:00,RIG_NORMAL,13,15,3,84.661858275,107.6626275794,95.0,0.9067835273,57.7196943101,82.5638703292,100.029133769,HIGH_PRODUCTION,0,0,135.9555246699
2024-02-15 14:00:00,RIG_NORMAL,14,15,3,81.5062284735,103.2645607831,95.0,0.9594670735,56.5481274669,82.5969545321,101.3082208688,HIGH_PRODUCTION,0,0,136.0250173732
2024-02-15 15:00:00,RIG_NORMAL,15,15,3,76.4863463859,94.6682173573,91.8692103537,0.8334538855,52.5342931801,82.141266197,100.377809702,HIGH_PRODUCTION,0,0,136.0945100764
2024-02-15 16:00:00,RIG_NORMAL,16,15,3,69.9443086806,87.0667876967,88.6289349615,0.7954125612,51.4324874371,76.2343924906,95.6854755849,HIGH_PRODUCTION,0,0,136.1640027797
2024-02-15 17:00:00,RIG_NORMAL,17,15,3,62.325944416,79.2095861977,82.0805305983,0.8901500339,50.194780692,74.8159300609,89.8220298495,HIGH_PRODUCTION,0,0,136.233495483
2024-02-15 18:00:00,RIG_NORMAL,18,15,3,54.1504325269,76.1582867751,73.8433891108,0.8040074927,50.318407742,77.2057517826,78.4453393149,HIGH_PRODUCTION,0,0,136.3029881862
2024-02-15 19:00:00,RIG_NORMAL,19,15,3,45.9749206378,78.6486514344,73.8374898913,0.8288346036,50.3136511649,71.8588605979,79.6946112567,HIGH_PRODUCTION,0,0,136.3724808895
2024-02-15 20:00:00,RIG_NORMAL,20,15,3,38.3565563732,52.7409368783,55.8191935537,0.6623819643000001,43.9430757941,66.8848949575,54.1487329888,HIGH_PRODUCTION,0,0,136.4419735928
2024-02-15 21:00:00,RIG_NORMAL,21,15,3,36.1002883513,65.1265194237,59.9814792233,0.8543957787,44.9669987394,68.9876481221,58.3195050976,HIGH_PRODUCTION,0,0,136.511466296
2024-02-15 22:00:00,RIG_NORMAL,22,15,3,36.1002883513,48.403557243,54.6736865377,0.632382898,39.7282923233,59.5484119419,59.037021365,STANDBY,0,0,136.5809589993
2024-02-15 23:00:00,RIG_NORMAL,23,15,3,36.1002883513,47.3035655062,57.1017899709,0.7340059398000001,43.103402581,61.9532637437,60.3787103682,STANDBY,0,0,136.6504517026
2024-02-16 00:00:00,RIG_NORMAL,0,16,4,36.1002883513,49.3663973645,53.2920607794,0.7515952786,43.151673646,66.0409313529,59.6445836984,STANDBY,0,0,136.7199444058
2024-02-16 01:00:00,RIG_NORMAL,1,16,4,36.1002883513,64.7772200281,60.5439360129,0.7668163586000001,45.9853450839,70.1323037222,64.5550323664,STANDBY,0,0,136.7894371091
2024-02-16 02:00:00,RIG_NORMAL,2,16,4,36.1002883513,45.9540639887,49.3388856358,0.7133699596,40.3270471991,62.6653147375,58.4501421133,STANDBY,0,0,136.8589298124
2024-02-16 03:00:00,RIG_NORMAL,3,16,4,36.1002883513,50.8942294147,52.8638582918,0.7506563174,42.1964937583,63.2360763168,54.7967803952,STANDBY,0,0,136.9284225156
2024-02-16 04:00:00,RIG_NORMAL,4,16,4,38.3565563732,55.2952912503,61.7993384945,0.7584445446,44.3247467798,66.3033055574,71.1343029607,STANDBY,0,0,136.9979152189
2024-02-16 05:00:00,RIG_NORMAL,5,16,4,45.9749206378,66.5518102383,65.643645217,0.8041031954000001,47.0503729028,68.1689754298,74.0971600498,STANDBY,0,0,137.0674079222
2024-02-16 06:00:00,RIG_NORMAL,6,16,4,54.1504325269,74.742228956,76.1027788055,0.8560774193,47.9752749764,73.2688046709,82.2079638267,HIGH_PRODUCTION,0,0,137.1369006254
2024-02-16 07:00:00,RIG_NORMAL,7,16,4,62.325944416,81.5405652361,80.9854234197,0.8612287213,47.5661447816,72.6916498056,86.2531264634,HIGH_PRODUCTION,0,0,137.2063933287
2024-02-16 08:00:00,RIG_NORMAL,8,16,4,69.9443086806,87.0090080223,87.311759065,0.8745971547,53.0946126925,73.2147313934,90.4503558016,HIGH_PRODUCTION,0,0,137.275886032
2024-02-16 09:00:00,RIG_NORMAL,9,16,4,76.4863463859,88.8080982763,90.5337436286,0.7967674441,51.6495392185,80.4700399707,97.3719052784,HIGH_PRODUCTION,0,0,137.3453787352
2024-02-16 10:00:00,RIG_NORMAL,10,16,4,81.5062284735,97.6754686943,95.0,0.8316210707,56.4260038898,75.6516981831,99.2340374394,HIGH_PRODUCTION,0,0,137.4148714385
2024-02-16 11:00:00,RIG_NORMAL,11,16,4,84.661858275,111.9522159016,95.0,0.9743368982,55.7488041766,87.0884240684,100.1958066983,HIGH_PRODUCTION,0,0,137.4843641418
2024-02-16 12:00:00,RIG_NORMAL,12,16,4,85.7381848343,109.4271312067,95.0,0.8849340989000001,54.7669555188,80.6848003213,102.5608270943,HIGH_PRODUCTION,0,0,137.553856845
2024-02-16 13:00:00,RIG_NORMAL,13,16,4,84.661858275,107.6594079602,95.0,0.8844802786,59.1477793982,79.3694670618,95.5779217912,HIGH_PRODUCTION,0,0,137.6233495483
2024-02-16 14:00:00,RIG_NORMAL,14,16,4,81.5062284735,90.7557825219,90.6530193931,0.9398701688000001,49.55714298,76.3173577982,95.5937987876,HIGH_PRODUCTION,0,0,137.6928422516
2024-02-16 15:00:00,RIG_NORMAL,15,16,4,76.4863463859,95.8609128831,92.8157998771,0.9452851125,51.5020210041,72.7072333234,97.6272478724,HIGH_PRODUCTION,0,0,137.7623349548
2024-02-16 16:00:00,RIG_NORMAL,16,16,4,69.9443086806,85.2637791616,85.7936261668,0.947092895,48.8920481484,72.4172761975,93.0892625534,HIGH_PRODUCTION,0,0,137.8318276581
2024-02-16 17:00:00,RIG_NORMAL,17,16,4,62.325944416,85.571794141,86.0822111347,0.9128852013000001,48.5648912183,73.6149950426,93.5824892139,HIGH_PRODUCTION,0,0,137.9013203614
2024-02-16 18:00:00,RIG_NORMAL,18,16,4,54.1504325269,69.8337778918,75.8956170004,0.8605545469,49.5729552665,70.1209216416,81.5603810182,HIGH_PRODUCTION,0,0,137.9708130646
2024-02-16 19:00:00,RIG_NORMAL,19,16,4,45.9749206378,60.7530912822,63.4985678884,0.8185747031,43.1545743018,66.0199791194,69.2469647747,HIGH_PRODUCTION,0,0,138.0403057679
2024-02-16 20:00:00,RIG_NORMAL,20,16,4,38.3565563732,53.4220966854,52.9926045158,0.7997178753,41.3330172795,69.1663293792,57.9465333608,HIGH_PRODUCTION,0,0,138.1097984712
2024-02-16 21:00:00,RIG_NORMAL,21,16,4,36.1002883513,48.7526554746,53.2187761348,0.8217487523,42.0094308385,71.937419527,61.9757890072,HIGH_PRODUCTION,0,0,138.1792911744
2024-02-16 22:00:00,RIG_NORMAL,22,16,4,36.1002883513,59.2415633942,59.1454216598,0.7115280708,44.857429184,68.5973844417,65.2786680679,STANDBY,0,0,138.2487838777
2024-02-16 23:00:00,RIG_NORMAL,23,16,4,36.1002883513,54.468237347,58.5119631412,0.6825652585,45.8226322709,65.1977754196,64.9625061622,STANDBY,0,0,138.318276581
2024-02-17 00:00:00,RIG_NORMAL,0,17,5,36.8726740701,55.3437881638,56.2787241252,0.8195365505000001,43.3213404475,62.2199396462,59.246758655,STANDBY,0,0,138.3877692842
2024-02-17 01:00:00,RIG_NORMAL,1,17,5,36.8726740701,51.3809956078,51.4033743864,0.7815160635,41.9854816651,69.7117244125,57.1704240688,STANDBY,0,0,138.4572619875
2024-02-17 02:00:00,RIG_NORMAL,2,17,5,36.8726740701,59.3126201553,61.2954621178,0.8756671070000001,43.0649924063,67.8973860465,70.6745677152,STANDBY,0,0,138.5267546908
2024-02-17 03:00:00,RIG_NORMAL,3,17,5,36.8726740701,50.3246485802,53.3699710493,0.8015036769,38.8643042656,68.8150104734,57.7811693897,STANDBY,0,0,138.596247394
2024-02-17 04:00:00,RIG_NORMAL,4,17,5,39.1772161995,57.3067758655,60.394368426,0.871152625,45.0595811349,60.484255626,65.5443291701,STANDBY,0,0,138.6657400973
2024-02-17 05:00:00,RIG_NORMAL,5,17,5,46.9585795986,74.2650186558,73.3616183157,0.8727122660000001,48.9540520259,70.8560000756,77.3455235213,STANDBY,0,0,138.7352328006
2024-02-17 06:00:00,RIG_NORMAL,6,17,5,55.3090111052,80.0146602252,78.5491635397,0.9302645768000001,46.9220372407,75.3534595717,89.1641291427,HIGH_PRODUCTION,0,0,138.8047255038
2024-02-17 07:00:00,RIG_NORMAL,7,17,5,63.6594426117,95.0429460936,92.427281085,0.9431993955,52.8191445952,80.5583090153,93.1448104956,HIGH_PRODUCTION,0,0,138.8742182071
2024-02-17 08:00:00,RIG_NORMAL,8,17,5,71.4408060109,92.2090363395,89.4474358441,0.9299374998000001,49.2255037412,74.9087863403,97.9813238683,HIGH_PRODUCTION,0,0,138.9437109104
2024-02-17 09:00:00,RIG_NORMAL,9,17,5,78.1228142462,96.8853012181,94.67114112,0.9504065076,52.207564087,76.9343828191,98.06932178,HIGH_PRODUCTION,0,0,139.0132036136
2024-02-17 10:00:00,RIG_NORMAL,10,17,5,83.2500994991,106.8493821185,95.0,0.9852576298000001,55.2303151116,79.2318950321,92.6359688795,HIGH_PRODUCTION,0,0,139.0826963169
2024-02-17 11:00:00,RIG_NORMAL,11,17,5,86.4732457528,101.4892013046,95.0,0.9119923997,56.4923028297,76.9230533835,101.7140289444,HIGH_PRODUCTION,0,0,139.1521890202
2024-02-17 12:00:00,RIG_NORMAL,12,17,5,87.5726009166,116.9355589406,95.0,0.962926661,62.0559715793,85.1906310047,107.2583791066,HIGH_PRODUCTION,0,0,139.2216817234
2024-02-17 13:00:00,RIG_NORMAL,13,17,5,86.4732457528,113.8222920427,95.0,0.9902680566000001,57.7802668846,78.0270434026,102.1019756954,HIGH_PRODUCTION,0,0,139.2911744267
2024-02-17 14:00:00,RIG_NORMAL,14,17,5,83.2500994991,101.6661859243,95.0,0.9681787617000001,54.8003478517,76.1175703441,95.9516767403,HIGH_PRODUCTION,0,0,139.36066713
2024-02-17 15:00:00,RIG_NORMAL,15,17,5,78.1228142462,91.1617809004,90.6219222196,0.8344040367000001,53.5670760483,79.2465565193,96.5769237026,HIGH_PRODUCTION,0,0,139.4301598332
2024-02-17 16:00:00,RIG_NORMAL,16,17,5,71.4408060109,100.6240469891,90.555154301,0.9330521358,55.8690817475,85.7477710716,94.8821457004,HIGH_PRODUCTION,0,0,139.4996525365
2024-02-17 17:00:00,RIG_NORMAL,17,17,5,63.6594426117,82.5710994242,80.9074283514,0.8936812586,46.1993816052,72.8410070969,88.4402457372,HIGH_PRODUCTION,0,0,139.5691452397
2024-02-17 18:00:00,RIG_NORMAL,18,17,5,55.3090111052,67.4067440868,70.8107361229,0.8138019957,47.3840044069,76.7836602725,73.7552479707,HIGH_PRODUCTION,0,0,139.638637943
2024-02-17 19:00:00,RIG_NORMAL,19,17,5,46.9585795986,69.1490844548,70.3378923372,0.8761755848,47.1608599633,66.1363957544,73.8751225769,HIGH_PRODUCTION,0,0,139.7081306463
2024-02-17 20:00:00,RIG_NORMAL,20,17,5,39.1772161995,63.7240902732,66.331299467,0.7564506134000001,45.5304755457,72.4203183193,65.2257485204,HIGH_PRODUCTION,0,0,139.7776233495
2024-02-17 21:00:00,RIG_NORMAL,21,17,5,36.8726740701,66.5258793644,66.8654182761,0.8898346332,46.4911113007,69.0349459636,65.1039676185,HIGH_PRODUCTION,0,0,139.8471160528
2024-02-17 22:00:00,RIG_NORMAL,22,17,5,36.8726740701,61.3975484929,57.7718633984,0.9008210689,44.4391460786,74.3001021669,67.8243694219,STANDBY,0,0,139.9166087561
2024-02-17 23:00:00,RIG_NORMAL,23,17,5,36.8726740701,62.5442156235,61.7874414296,0.8027850131000001,42.7239710531,64.4774416307,63.5642572727,STANDBY,0,0,139.9861014593
2024-02-18 00:00:00,RIG_NORMAL,0,18,6,38.2644650435,57.8001060991,55.6403191057,0.7824496779,45.791511654,67.4064269763,60.1668005722,STANDBY,0,0,140.0555941626
2024-02-18 01:00:00,RIG_NORMAL,1,18,6,38.2644650435,46.0797923562,54.1124360069,0.7183540137000001,45.7646341396,60.6465677914,59.5019577849,STANDBY,0,0,140.1250868659
2024-02-18 02:00:00,RIG_NORMAL,2,18,6,38.2644650435,54.3511003038,53.9955887485,0.8012280827,40.3801270651,62.8721513586,57.8289436804,STANDBY,0,0,140.1945795691
2024-02-18 03:00:00,RIG_NORMAL,3,18,6,38.2644650435,64.1578468778,67.2354349805,0.7705081155,42.026609281,66.7550350949,70.5360536592,STANDBY,0,0,140.2640722724
2024-02-18 04:00:00,RIG_NORMAL,4,18,6,40.6559941088,59.4635250694,60.5709888495,0.704317803,44.5220149738,67.1976095591,65.9763355284,STANDBY,0,0,140.3335649757
2024-02-18 05:00:00,RIG_NORMAL,5,18,6,48.7310717994,70.9672030799,72.9712626427,0.7976214951,47.2368486191,73.5581146015,79.5287495723,STANDBY,0,0,140.4030576789
2024-02-18 06:00:00,RIG_NORMAL,6,18,6,57.3966975653,74.3108015203,73.7544005152,0.9051081259,49.7754335783,73.4649520984,81.0685338489,HIGH_PRODUCTION,0,0,140.4725503822
2024-02-18 07:00:00,RIG_NORMAL,7,18,6,66.0623233312,74.7896562447,78.0091370362,0.8367270079,48.5378578264,73.6197271093,88.2451865331,HIGH_PRODUCTION,0,0,140.5420430855
2024-02-18 08:00:00,RIG_NORMAL,8,18,6,74.1374010218,84.8181909327,84.8386919736,0.8832498639,51.4870340105,77.6749190963,89.4198946886,HIGH_PRODUCTION,0,0,140.6115357887
2024-02-18 09:00:00,RIG_NORMAL,9,18,6,81.0716274372,108.6534937477,95.0,0.9173524736,59.380526554,85.8625977444,99.9702728337,HIGH_PRODUCTION,0,0,140.681028492
2024-02-18 10:00:00,RIG_NORMAL,10,18,6,86.3924465065,104.5548963909,95.0,1.0055166673,57.7377581804,80.0308504849,100.0388917704,HIGH_PRODUCTION,0,0,140.7505211953
2024-02-18 11:00:00,RIG_NORMAL,11,18,6,89.7372532031,103.4483474413,95.0,0.9025119361,57.2073049353,74.4289208591,107.0284406938,HIGH_PRODUCTION,0,0,140.8200138985
2024-02-18 12:00:00,RIG_NORMAL,12,18,6,90.8781044784,107.3338343006,95.0,0.9212854135,55.6117582515,85.9414446231,100.8274551365,HIGH_PRODUCTION,0,0,140.8895066018
2024-02-18 13:00:00,RIG_NORMAL,13,18,6,89.7372532031,110.2600370714,95.0,1.0083250851,59.413670767,85.422126967,97.7751237215,HIGH_PRODUCTION,0,0,140.9589993051
2024-02-18 14:00:00,RIG_NORMAL,14,18,6,86.3924465065,106.3431276319,95.0,0.8267028974,57.6207215094,81.8623756637,99.5552182443,HIGH_PRODUCTION,0,0,141.0284920083
2024-02-18 15:00:00,RIG_NORMAL,15,18,6,81.0716274372,105.3863796707,95.0,0.8883396854000001,56.0378902808,77.8276873804,100.3175464151,HIGH_PRODUCTION,0,0,141.0979847116
2024-02-18 16:00:00,RIG_NORMAL,16,18,6,74.1374010218,103.659204518,95.0,0.9964479310000001,54.2765306277,81.383234403,104.4662928373,HIGH_PRODUCTION,0,0,141.1674774149
2024-02-18 17:00:00,RIG_NORMAL,17,18,6,66.0623233312,88.8020217231,83.1032372079,0.8808822877,53.4373861753,73.2214627898,85.3552262082,HIGH_PRODUCTION,0,0,141.2369701181
2024-02-18 18:00:00,RIG_NORMAL,18,18,6,57.3966975653,70.9674541806,73.7847841875,0.7961255226,48.1908020332,67.7080271617,79.8156757474,HIGH_PRODUCTION,0,0,141.3064628214
2024-02-18 19:00:00,RIG_NORMAL,19,18,6,48.7310717994,62.9414643905,64.92159135200001,0.8130520348,48.3670945768,69.7027485049,77.1821405665,HIGH_PRODUCTION,0,0,141.3759555247
2024-02-18 20:00:00,RIG_NORMAL,20,18,6,40.6559941088,63.3824481308,63.7958863347,0.8218973030000001,47.8282083195,66.5855735241,65.1615468872,HIGH_PRODUCTION,0,0,141.4454482279
2024-02-18 21:00:00,RIG_NORMAL,21,18,6,38.2644650435,55.7583530196,58.3093777822,0.8537241236,45.6206566901,66.736739946,62.9751438933,HIGH_PRODUCTION,0,0,141.5149409312
2024-02-18 22:00:00,RIG_NORMAL,22,18,6,38.2644650435,55.8925301168,62.5370328248,0.7753487179,43.0899000698,66.962528997,64.6751524743,STANDBY,0,0,141.5844336345
2024-02-18 23:00:00,RIG_NORMAL,23,18,6,38.2644650435,58.4560418857,57.1904137941,0.7676625812000001,44.3212038289,68.7857740326,56.4176748309,STANDBY,0,0,141.6539263377
2024-02-19 00:00:00,RIG_NORMAL,0,19,0,40.0,56.6025181006,54.8624141056,0.8742777186,41.7474885335,67.3200143114,63.920521612900004,STANDBY,0,0,141.723419041
2024-02-19 01:00:00,RIG_NORMAL,1,19,0,40.0,58.4848935798,57.0653567327,0.8542255310000001,43.7945276263,69.7023885647,56.3633827491,STANDBY,0,0,141.7929117443
2024-02-19 02:00:00,RIG_NORMAL,2,19,0,40.0,61.4665107001,58.6657955352,0.8187403592,49.505680838399996,68.0566390119,66.9404996362,STANDBY,0,0,141.8624044475
2024-02-19 03:00:00,RIG_NORMAL,3,19,0,40.0,54.8242662472,60.5731888777,0.803495179,46.7788785583,68.6637982714,59.9180133776,STANDBY,0,0,141.9318971508
2024-02-19 04:00:00,RIG_NORMAL,4,19,0,42.5,65.5848438032,66.1689987845,0.8957509714,43.1359630323,69.8216302589,71.3207600718,STANDBY,0,0,142.0013898541
2024-02-19 05:00:00,RIG_NORMAL,5,19,0,50.9413334214,72.7226903459,72.1947530007,0.8245413867,45.0570369481,74.0797040546,77.306079095,STANDBY,0,0,142.0708825573
2024-02-19 06:00:00,RIG_NORMAL,6,19,0,60.0,82.8779104726,83.2961550732,0.9068348939,49.4029299466,72.9887067698,86.140584616,HIGH_PRODUCTION,0,0,142.1403752606
2024-02-19 07:00:00,RIG_NORMAL,7,19,0,69.0586665786,96.1777779021,90.6160813901,0.9395778101000001,51.212592899,80.2131808189,97.7105952,HIGH_PRODUCTION,0,0,142.2098679639
2024-02-19 08:00:00,RIG_NORMAL,8,19,0,77.5,97.7329071686,91.1451101276,0.8469380094000001,52.9272714708,80.535456869,97.4691376133,HIGH_PRODUCTION,0,0,142.2793606671
2024-02-19 09:00:00,RIG_NORMAL,9,19,0,84.7487373415,105.3043789499,95.0,0.821862862,58.166368355,84.9256942795,102.0662277299,HIGH_PRODUCTION,0,0,142.3488533704
2024-02-19 10:00:00,RIG_NORMAL,10,19,0,90.3108891325,107.3987060284,95.0,0.9126149090000001,59.185425762,83.0326303949,97.3923815216,HIGH_PRODUCTION,0,0,142.4183460737
2024-02-19 11:00:00,RIG_NORMAL,11,19,0,93.8074039201,114.0267232055,95.0,0.9513562489,57.4623550061,84.0275082268,99.0089674657,HIGH_PRODUCTION,0,0,142.4878387769
2024-02-19 12:00:00,RIG_NORMAL,12,19,0,95.0,108.8713566508,95.0,0.9939798279000001,55.4622989516,84.9407729139,105.7007269009,HIGH_PRODUCTION,0,0,142.5573314802
2024-02-19 13:00:00,RIG_NORMAL,13,19,0,93.8074039201,110.2757844181,95.0,0.9269211744,56.8918850376,81.2629005589,97.3154345843,HIGH_PRODUCTION,0,0,142.6268241835
2024-02-19 14:00:00,RIG_NORMAL,14,19,0,90.3108891325,108.5717559803,95.0,0.9373355734000001,59.4659575885,81.8463593069,106.253620755,HIGH_PRODUCTION,0,0,142.6963168867
2024-02-19 15:00:00,RIG_NORMAL,15,19,0,84.7487373415,98.57000852030001,94.0598149922,0.8439810427000001,58.5974795913,82.3953155614,94.4397671026,HIGH_PRODUCTION,0,0,142.76580959
2024-02-19 16:00:00,RIG_NORMAL,16,19,0,77.5,83.9931059106,84.1952729143,0.8834006685,51.0360128798,75.080312385,87.1061712262,HIGH_PRODUCTION,0,0,142.8353022933
2024-02-19 17:00:00,RIG_NORMAL,17,19,0,69.0586665786,90.720498791,86.5154210393,0.8741322484,57.8943388953,76.2781773131,99.5704925866,HIGH_PRODUCTION,0,0,142.9047949965
2024-02-19 18:00:00,RIG_NORMAL,18,19,0,60.0,84.7578964852,79.6178415609,0.83167387,51.7824445429,79.0131819501,79.8363832398,HIGH_PRODUCTION,0,0,142.9742876998
2024-02-19 19:00:00,RIG_NORMAL,19,19,0,50.9413334214,65.5879838939,65.5919699829,0.8422033160000001,42.178370539,65.1567712739,72.8446038995,HIGH_PRODUCTION,0,0,143.0437804031
2024-02-19 20:00:00,RIG_NORMAL,20,19,0,42.5,63.2003466346,67.427061516,0.7903349892,49.2247750433,69.0977157588,72.3611915482,HIGH_PRODUCTION,0,0,143.1132731063
2024-02-19 21:00:00,RIG_NORMAL,21,19,0,40.0,50.4918287561,53.997688198,0.7638869074,42.9692406705,69.1078913829,59.4612563025,HIGH_PRODUCTION,0,0,143.1827658096
2024-02-19 22:00:00,RIG_NORMAL,22,19,0,40.0,58.3013599836,55.9578224678,0.8168535311,47.1980307775,70.9887193262,62.7843060329,STANDBY,0,0,143.2522585129
2024-02-19 23:00:00,RIG_NORMAL,23,19,0,40.0,66.0111486369,59.471685664,0.9322803341,44.8370161179,68.5041553164,66.3701943931,STANDBY,0,0,143.3217512161
2024-02-20 00:00:00,RIG_NORMAL,0,20,1,38.2644650435,54.4265356536,55.112097005,0.84392177,45.1589203731,67.7653402342,56.4204405266,STANDBY,0,0,143.3912439194
2024-02-20 01:00:00,RIG_NORMAL,1,20,1,38.2644650435,48.5835287073,48.822696713,0.8528846276000001,41.6790593321,66.879762463,52.2125069749,STANDBY,0,0,143.4607366227
2024-02-20 02:00:00,RIG_NORMAL,2,20,1,38.2644650435,65.0449087938,60.4027715372,0.7442638012,44.4789671555,67.9635352895,58.3646162838,STANDBY,0,0,143.5302293259
2024-02-20 03:00:00,RIG_NORMAL,3,20,1,38.2644650435,52.4132369273,55.1474155825,0.7832327966,40.918382777,68.0481006295,60.1406586885,STANDBY,0,0,143.5997220292
2024-02-20 04:00:00,RIG_NORMAL,4,20,1,40.6559941088,57.0477615857,64.3168073067,0.7270123149000001,40.9692158364,69.5384476502,71.6296529343,STANDBY,0,0,143.6692147325
2024-02-20 05:00:00,RIG_NORMAL,5,20,1,48.7310717994,73.6154193511,71.207774252,0.8190626092000001,46.2442518614,72.690339443,76.0522459383,STANDBY,0,0,143.7387074357
2024-02-20 06:00:00,RIG_NORMAL,6,20,1,57.3966975653,79.5093579991,81.2478510883,0.7776134571000001,50.0742798822,71.9589213201,91.4196680971,HIGH_PRODUCTION,0,0,143.808200139
2024-02-20 07:00:00,RIG_NORMAL,7,20,1,66.0623233312,81.9602757921,80.8903976205,0.7904103994,51.5572159941,69.6833116144,90.0453306359,HIGH_PRODUCTION,0,0,143.8776928423
2024-02-20 08:00:00,RIG_NORMAL,8,20,1,74.1374010218,96.3195680575,87.6285966118,0.961894824,52.480455639,78.2931667017,92.3265403644,HIGH_PRODUCTION,0,0,143.9471855455
2024-02-20 09:00:00,RIG_NORMAL,9,20,1,81.0716274372,94.4988791076,95.0,0.9577414562000001,50.8508227435,76.2491429591,104.9454739869,HIGH_PRODUCTION,0,0,144.0166782488
2024-02-20 10:00:00,RIG_NORMAL,10,20,1,86.3924465065,97.8852570484,94.9253227271,1.0085524276,58.3325814328,82.7658453093,97.1657212846,HIGH_PRODUCTION,0,0,144.0861709521
2024-02-20 11:00:00,RIG_NORMAL,11,20,1,89.7372532031,113.7043287317,95.0,0.9874061327,57.3773921161,83.1422691342,104.926895607,HIGH_PRODUCTION,0,0,144.1556636553
2024-02-20 12:00:00,RIG_NORMAL,12,20,1,90.8781044784,111.3981351264,95.0,1.0215281315,61.0412925629,83.4425844497,105.562998557,HIGH_PRODUCTION,0,0,144.2251563586
2024-02-20 13:00:00,RIG_NORMAL,13,20,1,89.7372532031,120.4513013803,95.0,1.0445909311,58.9790637033,85.2353534659,97.4794120626,HIGH_PRODUCTION,0,0,144.2946490618
2024-02-20 14:00:00,RIG_NORMAL,14,20,1,86.3924465065,110.7476649505,95.0,0.9046450417,56.7252584863,85.855036951,102.169866658,HIGH_PRODUCTION,0,0,144.3641417651
2024-02-20 15:00:00,RIG_NORMAL,15,20,1,81.0716274372,92.7344309751,90.6620148192,0.9365230985,54.452359950499996,73.2959886908,89.2034920401,HIGH_PRODUCTION,0,0,144.4336344684
2024-02-20 16:00:00,RIG_NORMAL,16,20,1,74.1374010218,103.6207318958,95.0,0.9536941573000001,55.199613267,80.7566074027,102.4577954439,HIGH_PRODUCTION,0,0,144.5031271716
2024-02-20 17:00:00,RIG_NORMAL,17,20,1,66.0623233312,85.347360611,80.2887226003,0.9095667415,54.2921681853,73.4736319826,81.6995867362,HIGH_PRODUCTION,0,0,144.5726198749
2024-02-20 18:00:00,RIG_NORMAL,18,20,1,57.3966975653,76.2428821693,76.5757041423,0.9387412394,50.5365898341,71.0948358234,83.1311718148,HIGH_PRODUCTION,0,0,144.6421125782
2024-02-20 19:00:00,RIG_NORMAL,19,20,1,48.7310717994,63.6941850129,63.033010698,0.8293206819000001,42.9403050915,70.9091970292,66.2281945846,HIGH_PRODUCTION,0,0,144.7116052814
2024-02-20 20:00:00,RIG_NORMAL,20,20,1,40.6559941088,67.9576894399,68.333934059,0.74861765,46.0806943124,65.60569411110001,72.1225138358,HIGH_PRODUCTION,0,0,144.7810979847
2024-02-20 21:00:00,RIG_NORMAL,21,20,1,38.2644650435,52.1097176411,54.6217346136,0.6755614855000001,41.7559636148,70.9673339442,57.2261828167,HIGH_PRODUCTION,0,0,144.850590688
2024-02-20 22:00:00,RIG_NORMAL,22,20,1,38.2644650435,55.215889886,57.470882367,0.8033595048000001,44.9580633449,59.8902546431,64.1608579612,STANDBY,0,0,144.9200833912
2024-02-20 23:00:00,RIG_NORMAL,23,20,1,38.2644650435,57.4893886385,58.5334159649,0.7794616674,45.7378024829,65.1742036348,58.7522887042,STANDBY,0,0,144.9895760945
2024-02-21 00:00:00,RIG_NORMAL,0,21,2,36.8726740701,59.9690600935,61.0568291913,0.7518674268000001,41.5497235887,65.8781537907,70.8019138189,STANDBY,0,0,145.0590687978
2024-02-21 01:00:00,RIG_NORMAL,1,21,2,36.8726740701,56.2419674362,56.7838011546,0.7654551208,46.4429526964,65.6553324383,56.660142347,STANDBY,0,0,145.128561501
2024-02-21 02:00:00,RIG_NORMAL,2,21,2,36.8726740701,54.9930645311,53.2752438135,0.8510480815,41.9449339543,65.355375061,56.247798671,STANDBY,0,0,145.1980542043
2024-02-21 03:00:00,RIG_NORMAL,3,21,2,36.8726740701,65.4267064211,64.4386785139,0.8520436141000001,48.9730444569,66.0884381071,66.696403638,STANDBY,0,0,145.2675469076
2024-02-21 04:00:00,RIG_NORMAL,4,21,2,39.1772161995,55.4685764899,58.736820212,0.8089698482000001,44.9761447885,70.1725447552,57.223132112,STANDBY,0,0,145.3370396108
2024-02-21 05:00:00,RIG_NORMAL,5,21,2,46.9585795986,79.9501819483,76.3725100798,0.8891714712000001,51.061593982,75.2502210634,78.4802120631,STANDBY,0,0,145.4065323141
2024-02-21 06:00:00,RIG_NORMAL,6,21,2,55.3090111052,71.7217818523,72.7645376293,0.8677577533,45.9130347189,72.3473593454,70.51906342,HIGH_PRODUCTION,0,0,145.4760250174
2024-02-21 07:00:00,RIG_NORMAL,7,21,2,63.6594426117,90.1767986792,84.5102729241,0.9597142850000001,57.2514440593,73.4459297846,96.5155428052,HIGH_PRODUCTION,0,0,145.5455177206
2024-02-21 08:00:00,RIG_NORMAL,8,21,2,71.4408060109,95.709362003,93.5380181982,0.9237862452000001,51.2525330484,80.7130826928,99.6830157193,HIGH_PRODUCTION,0,0,145.6150104239
2024-02-21 09:00:00,RIG_NORMAL,9,21,2,78.1228142462,106.9244442007,95.0,0.8806022165,56.169883672,77.9163124466,102.2105012356,HIGH_PRODUCTION,0,0,145.6845031272
2024-02-21 10:00:00,RIG_NORMAL,10,21,2,83.2500994991,103.4965001256,95.0,0.9677833183000001,55.6428834987,79.4734522887,97.2388575846,HIGH_PRODUCTION,0,0,145.7539958304
2024-02-21 11:00:00,RIG_NORMAL,11,21,2,86.4732457528,112.3445566124,95.0,0.9993343280000001,54.9625597662,80.8224155077,102.2632031897,HIGH_PRODUCTION,0,0,145.8234885337
2024-02-21 12:00:00,RIG_NORMAL,12,21,2,87.5726009166,103.3166386349,95.0,0.9726341575,57.9970183347,79.3904928205,99.0062101594,HIGH_PRODUCTION,0,0,145.892981237
2024-02-21 13:00:00,RIG_NORMAL,13,21,2,86.4732457528,106.827145614,95.0,1.008964002,59.1766110142,82.3311950318,97.2568362019,HIGH_PRODUCTION,0,0,145.9624739402
2024-02-21 14:00:00,RIG_NORMAL,14,21,2,83.2500994991,103.5782525412,95.0,0.9175282392,56.3391657662,75.6342208119,99.5582184612,HIGH_PRODUCTION,0,0,146.0319666435
2024-02-21 15:00:00,RIG_NORMAL,15,21,2,78.1228142462,95.6086228393,95.0,0.9639657312000001,52.7986676445,77.0751915524,101.7481629342,HIGH_PRODUCTION,0,0,146.1014593468
2024-02-21 16:00:00,RIG_NORMAL,16,21,2,71.4408060109,86.4926980268,89.4712905369,0.9862120313,53.6478281309,73.4613521621,90.3948516251,HIGH_PRODUCTION,0,0,146.17095205
2024-02-21 17:00:00,RIG_NORMAL,17,21,2,63.6594426117,84.959564879,85.5912651192,0.8795938492,50.9719382074,74.4507343265,92.9997260785,HIGH_PRODUCTION,0,0,146.2404447533
2024-02-21 18:00:00,RIG_NORMAL,18,21,2,55.3090111052,83.6738980638,79.5904890531,0.9059897792,49.6712611826,72.6184192488,82.8477107956,HIGH_PRODUCTION,0,0,146.3099374566
2024-02-21 19:00:00,RIG_NORMAL,19,21,2,46.9585795986,73.2961749985,69.7301104984,0.8593249501,45.5950564505,73.1536878523,78.6187422819,HIGH_PRODUCTION,0,0,146.3794301598
2024-02-21 20:00:00,RIG_NORMAL,20,21,2,39.1772161995,56.2799533543,59.4756726871,0.755946459,40.1131229673,65.45560767,65.8724474292,HIGH_PRODUCTION,0,0,146.4489228631
2024-02-21 21:00:00,RIG_NORMAL,21,21,2,36.8726740701,56.5552357874,57.5600952093,0.8751040904,41.838491146,62.8002223186,64.5904549128,HIGH_PRODUCTION,0,0,146.5184155664
2024-02-21 22:00:00,RIG_NORMAL,22,21,2,36.8726740701,54.168881106,57.4147657863,0.8033148498,46.8988523924,66.8877412696,61.5143502194,STANDBY,0,0,146.5879082696
2024-02-21 23:00:00,RIG_NORMAL,23,21,2,36.8726740701,56.9806491457,55.8807343838,0.7929003079,42.1541943415,71.1562318948,59.5140443079,STANDBY,0,0,146.6574009729
2024-02-22 00:00:00,RIG_NORMAL,0,22,3,36.1002883513,53.3146001648,52.3288364896,0.8432976124,46.0550708929,62.7781767845,54.4710939403,STANDBY,0,0,146.7268936762
2024-02-22 01:00:00,RIG_NORMAL,1,22,3,36.1002883513,56.9739081124,59.3013879002,0.8768252347000001,41.2401633432,71.8306386497,61.0576454322,STANDBY,0,0,146.7963863794
2024-02-22 02:00:00,RIG_NORMAL,2,22,3,36.1002883513,50.8041664266,55.2439391425,0.7742142310000001,43.1981891346,68.9335975693,58.1000708702,STANDBY,0,0,146.8658790827
2024-02-22 03:00:00,RIG_NORMAL,3,22,3,36.1002883513,59.08552026,60.3590102565,0.8176449117,44.264684879,65.0173522753,68.8781491758,STANDBY,0,0,146.935371786
2024-02-22 04:00:00,RIG_NORMAL,4,22,3,38.3565563732,65.7894843239,64.9133151871,0.8045999108,45.8665457761,74.2490573003,73.7072257433,STANDBY,0,0,147.0048644892
2024-02-22 05:00:00,RIG_NORMAL,5,22,3,45.9749206378,69.1379684296,70.5804843248,0.8303579034,45.4523204338,66.712912608,76.1662377101,STANDBY,0,0,147.0743571925
2024-02-22 06:00:00,RIG_NORMAL,6,22,3,54.1504325269,74.0746344097,76.7784068627,0.8260466875,48.2408181185,73.2373601175,81.1523935835,HIGH_PRODUCTION,0,0,147.1438498958
2024-02-22 07:00:00,RIG_NORMAL,7,22,3,62.325944416,92.741895865,85.2489852162,0.8855381319000001,55.4021516856,77.9982610834,88.9407608969,HIGH_PRODUCTION,0,0,147.213342599
2024-02-22 08:00:00,RIG_NORMAL,8,22,3,69.9443086806,91.0217861,86.3881497019,0.9089485358,54.1915288618,72.3683616711,89.5031744619,HIGH_PRODUCTION,0,0,147.2828353023
2024-02-22 09:00:00,RIG_NORMAL,9,22,3,76.4863463859,97.2650376336,91.2428284707,0.9646991012,55.8211701569,79.6218089795,98.1545218031,HIGH_PRODUCTION,0,0,147.3523280056
2024-02-22 10:00:00,RIG_NORMAL,10,22,3,81.5062284735,104.0860636515,95.0,1.0028876327,56.3849505098,83.1873418996,97.7263800066,HIGH_PRODUCTION,0,0,147.4218207088
2024-02-22 11:00:00,RIG_NORMAL,11,22,3,84.661858275,102.9818154983,95.0,0.9148817172,57.460457488,76.2098480397,100.7778274511,HIGH_PRODUCTION,0,0,147.4913134121
2024-02-22 12:00:00,RIG_NORMAL,12,22,3,85.7381848343,111.0893076145,95.0,1.0034355575,58.9178179592,85.0476714351,99.8573041081,HIGH_PRODUCTION,0,0,147.5608061154
2024-02-22 13:00:00,RIG_NORMAL,13,22,3,84.661858275,109.4235388566,95.0,1.0679591626,56.9044117542,82.1412197394,105.618138402,HIGH_PRODUCTION,0,0,147.6302988186
2024-02-22 14:00:00,RIG_NORMAL,14,22,3,81.5062284735,96.067341525,94.759839573,0.9374272495,56.561246304,77.5398504764,102.846432828,HIGH_PRODUCTION,0,0,147.6997915219
2024-02-22 15:00:00,RIG_NORMAL,15,22,3,76.4863463859,92.1607048205,91.1692649949,0.9096498106,54.3416296197,77.3299536847,95.5766499318,HIGH_PRODUCTION,0,0,147.7692842252
2024-02-22 16:00:00,RIG_NORMAL,16,22,3,69.9443086806,94.6552677337,91.2360692612,0.9368575319,52.7261805005,81.6878328291,93.5335654872,HIGH_PRODUCTION,0,0,147.8387769284
2024-02-22 17:00:00,RIG_NORMAL,17,22,3,62.325944416,77.815279033,78.6547117005,0.9080853956,49.1804801874,71.1967286498,82.5899077537,HIGH_PRODUCTION,0,0,147.9082696317
2024-02-22 18:00:00,RIG_NORMAL,18,22,3,54.1504325269,70.8569139608,72.3089670134,0.8879379396,43.637837447,75.0123851399,75.4564618862,HIGH_PRODUCTION,0,0,147.977762335
2024-02-22 19:00:00,RIG_NORMAL,19,22,3,45.9749206378,65.1191676412,71.5605252926,0.8735257616000001,43.6853181856,71.0908227017,74.2368131472,HIGH_PRODUCTION,0,0,148.0472550382
2024-02-22 20:00:00,RIG_NORMAL,20,22,3,38.3565563732,54.4837825256,56.9315219164,0.8839431937000001,41.6923593272,69.5386266851,57.4838756119,HIGH_PRODUCTION,0,0,148.1167477415
2024-02-22 21:00:00,RIG_NORMAL,21,22,3,36.1002883513,59.7181292796,57.4672287829,0.8203819632,46.2536801824,72.4575195637,61.417593285,HIGH_PRODUCTION,0,0,148.1862404448
2024-02-22 22:00:00,RIG_NORMAL,22,22,3,36.1002883513,58.7183488299,57.3808675682,0.8693386148000001,40.7133463479,69.7413052434,60.7361588794,STANDBY,0,0,148.255733148
2024-02-22 23:00:00,RIG_NORMAL,23,22,3,36.1002883513,59.1615146334,58.9501290697,0.8450513180000001,44.5808081521,63.5715224013,57.6755716725,STANDBY,0,0,148.3252258513
2024-02-23 00:00:00,RIG_NORMAL,0,23,4,36.1002883513,52.8958098809,57.053443948,0.8375348336,40.9246822007,65.5207307834,62.3608708031,STANDBY,0,0,148.3947185546
2024-02-23 01:00:00,RIG_NORMAL,1,23,4,36.1002883513,63.6859245506,62.5890175217,0.8483050520000001,41.0721012452,65.5357486096,71.659292674,STANDBY,0,0,148.4642112578
2024-02-23 02:00:00,RIG_NORMAL,2,23,4,36.1002883513,62.4516857194,60.787131158,0.8425658197,44.7144193056,68.8919789919,66.965419341,STANDBY,0,0,148.5337039611
2024-02-23 03:00:00,RIG_NORMAL,3,23,4,36.1002883513,64.4812041939,62.3512462862,0.8738871841,45.4293435507,63.536759043,65.9713807854,STANDBY,0,0,148.6031966644
2024-02-23 04:00:00,RIG_NORMAL,4,23,4,38.3565563732,57.3366775574,61.2805257548,0.7436598218,43.5908565034,62.3507332827,66.949800902,STANDBY,0,0,148.6726893676
2024-02-23 05:00:00,RIG_NORMAL,5,23,4,45.9749206378,66.1597968721,65.6194253089,0.9012815424,47.9098084106,73.1671172503,70.889391702,STANDBY,0,0,148.7421820709
2024-02-23 06:00:00,RIG_NORMAL,6,23,4,54.1504325269,72.071783976,70.9729253892,0.8289599120000001,47.9023017419,70.1791135998,73.8138975041,HIGH_PRODUCTION,0,0,148.8116747741
2024-02-23 07:00:00,RIG_NORMAL,7,23,4,62.325944416,78.7447128592,80.3821897648,0.836959416,48.6833773691,71.3369476504,83.8948290242,HIGH_PRODUCTION,0,0,148.8811674774
2024-02-23 08:00:00,RIG_NORMAL,8,23,4,69.9443086806,97.8035364111,91.1938259343,0.8796629696,54.4490296159,80.4914897993,93.1670402617,HIGH_PRODUCTION,0,0,148.9506601807
2024-02-23 09:00:00,RIG_NORMAL,9,23,4,76.4863463859,101.2733757856,95.0,0.9865095029000001,55.4416576624,77.5203337412,101.143967472,HIGH_PRODUCTION,0,0,149.0201528839
2024-02-23 10:00:00,RIG_NORMAL,10,23,4,81.5062284735,109.5619378951,95.0,0.9845539411,55.7454309852,79.2467065871,99.6316967748,HIGH_PRODUCTION,0,0,149.0896455872
2024-02-23 11:00:00,RIG_NORMAL,11,23,4,84.661858275,102.1467712534,95.0,0.9989322695,54.9949892538,81.1505501857,104.1796908208,HIGH_PRODUCTION,0,0,149.1591382905
2024-02-23 12:00:00,RIG_NORMAL,12,23,4,85.7381848343,114.3510810221,95.0,1.1392974012,60.5770063483,92.3854614873,97.6394439452,HIGH_PRODUCTION,0,0,149.2286309937
2024-02-23 13:00:00,RIG_NORMAL,13,23,4,84.661858275,108.2697380762,95.0,0.9240221519,58.9452556278,80.6351082343,102.3286081189,HIGH_PRODUCTION,0,0,149.298123697
2024-02-23 14:00:00,RIG_NORMAL,14,23,4,81.5062284735,106.5897767015,95.0,1.0123402019,57.0592939851,79.5558480815,98.1615249936,HIGH_PRODUCTION,0,0,149.3676164003
2024-02-23 15:00:00,RIG_NORMAL,15,23,4,76.4863463859,103.9717587291,95.0,0.9866858178000001,55.4103676198,79.4660430454,93.7490131626,HIGH_PRODUCTION,0,0,149.4371091035
2024-02-23 16:00:00,RIG_NORMAL,16,23,4,69.9443086806,88.4548641056,89.5856101851,0.9941314447,52.4301075988,75.1149321393,97.464614434,HIGH_PRODUCTION,0,0,149.5066018068
2024-02-23 17:00:00,RIG_NORMAL,17,23,4,62.325944416,92.5671418491,87.7473419397,0.8637605264,55.5721843433,80.3191193865,90.185304776,HIGH_PRODUCTION,0,0,149.5760945101
2024-02-23 18:00:00,RIG_NORMAL,18,23,4,54.1504325269,68.7663839701,73.8707079216,0.7676545769,49.4338460538,64.3184164814,75.6197655503,HIGH_PRODUCTION,0,0,149.6455872133
2024-02-23 19:00:00,RIG_NORMAL,19,23,4,45.9749206378,68.5600239458,68.0649438275,0.8444469653000001,47.7756323714,67.7294791721,67.7129840948,HIGH_PRODUCTION,0,0,149.7150799166
2024-02-23 20:00:00,RIG_NORMAL,20,23,4,38.3565563732,64.4254744292,64.3422076123,0.8440563802000001,46.8503714934,65.9374055155,75.7226598903,HIGH_PRODUCTION,0,0,149.7845726199
2024-02-23 21:00:00,RIG_NORMAL,21,23,4,36.1002883513,48.6684821156,53.3048935944,0.7585595289,40.3242574225,62.5173654357,61.9340611226,HIGH_PRODUCTION,0,0,149.8540653231
2024-02-23 22:00:00,RIG_NORMAL,22,23,4,36.1002883513,56.1077539606,56.2330984433,0.7990308366000001,42.1275552,70.7982561172,65.8005598296,STANDBY,0,0,149.9235580264
2024-02-23 23:00:00,RIG_NORMAL,23,23,4,36.1002883513,48.2681379875,47.7977371528,0.8178114668,43.1441331785,66.7940104875,56.4463051946,STANDBY,0,0,149.9930507297
2024-02-24 00:00:00,RIG_NORMAL,0,24,5,36.8726740701,68.7074658359,63.3323099996,0.8910975812,49.0290484329,71.541383887,74.2934202799,STANDBY,0,0,150.0625434329
2024-02-24 01:00:00,RIG_NORMAL,1,24,5,36.8726740701,63.5839896204,60.8055088445,0.8329222411,46.4007629374,65.0024014422,71.3924976509,STANDBY,0,0,150.1320361362
2024-02-24 02:00:00,RIG_NORMAL,2,24,5,36.8726740701,57.9767617757,57.0231938114,0.8386091523,41.8741975408,69.1295470085,64.0904127672,STANDBY,0,0,150.2015288395
2024-02-24 03:00:00,RIG_NORMAL,3,24,5,36.8726740701,54.6999910051,54.5782946068,0.802004927,49.4553703799,71.2308517636,59.9281535349,STANDBY,0,0,150.2710215427
2024-02-24 04:00:00,RIG_NORMAL,4,24,5,39.1772161995,55.6800273004,60.7973737437,0.8655387232,41.525178925,67.0029933588,66.710335181,STANDBY,0,0,150.340514246
2024-02-24 05:00:00,RIG_NORMAL,5,24,5,46.9585795986,71.8589181769,68.1512586035,0.8316387613,47.4056565712,73.5400586514,69.3868816327,STANDBY,0,0,150.4100069493
2024-02-24 06:00:00,RIG_NORMAL,6,24,5,55.3090111052,77.9002881901,79.626035895,0.8677197315,45.4817397059,75.8601383972,82.5324392967,HIGH_PRODUCTION,0,0,150.4794996525
2024-02-24 07:00:00,RIG_NORMAL,7,24,5,63.6594426117,87.2022194007,81.6706796688,0.9803194225,51.0865057256,78.2660411726,89.5955796933,HIGH_PRODUCTION,0,0,150.5489923558
2024-02-24 08:00:00,RIG_NORMAL,8,24,5,71.4408060109,93.1892409817,87.6878803298,0.8801960478,55.7361184756,72.2316491618,91.3722291497,HIGH_PRODUCTION,0,0,150.6184850591
2024-02-24 09:00:00,RIG_NORMAL,9,24,5,78.1228142462,95.9545573224,95.0,0.9511793414,51.7324543787,79.9755027139,101.7766203517,HIGH_PRODUCTION,0,0,150.6879777623
2024-02-24 10:00:00,RIG_NORMAL,10,24,5,83.2500994991,109.0473931125,95.0,1.0150374249,58.833696052,81.5594002053,105.958224479,HIGH_PRODUCTION,0,0,150.7574704656
2024-02-24 11:00:00,RIG_NORMAL,11,24,5,86.4732457528,111.8885400837,95.0,1.0784665101,57.7851507539,80.6789430117,98.9542877803,HIGH_PRODUCTION,0,0,150.8269631689
2024-02-24 12:00:00,RIG_NORMAL,12,24,5,87.5726009166,110.6390319357,95.0,0.9766948346000001,54.8991724197,83.8232688194,100.5680162821,HIGH_PRODUCTION,0,0,150.8964558721
2024-02-24 13:00:00,RIG_NORMAL,13,24,5,86.4732457528,103.3093245825,95.0,0.8872507745,55.6034527332,83.5847417818,93.5566665404,HIGH_PRODUCTION,0,0,150.9659485754
2024-02-24 14:00:00,RIG_NORMAL,14,24,5,83.2500994991,102.01714039,95.0,0.9637175666000001,52.4578188914,86.4540946089,96.1103976806,HIGH_PRODUCTION,0,0,151.0354412787
2024-02-24 15:00:00,RIG_NORMAL,15,24,5,78.1228142462,99.2446346151,95.0,0.9679359351000001,52.5334828714,81.095677848,101.6567588073,HIGH_PRODUCTION,0,0,151.1049339819
2024-02-24 16:00:00,RIG_NORMAL,16,24,5,71.4408060109,95.7742341965,91.5256748236,0.9632537481000001,51.2924899698,77.3364720275,93.7403706708,HIGH_PRODUCTION,0,0,151.1744266852
2024-02-24 17:00:00,RIG_NORMAL,17,24,5,63.6594426117,84.5588972591,85.2677624658,0.9137017968000001,52.1172787117,66.3975228395,86.2632708375,HIGH_PRODUCTION,0,0,151.2439193885
2024-02-24 18:00:00,RIG_NORMAL,18,24,5,55.3090111052,84.6980635779,79.168152967,0.8658297157,54.0267867817,74.7168429609,86.5975410517,HIGH_PRODUCTION,0,0,151.3134120917
2024-02-24 19:00:00,RIG_NORMAL,19,24,5,46.9585795986,59.6912029661,65.1290392631,0.7320581489,42.5314729107,66.0956360902,71.9595353761,HIGH_PRODUCTION,0,0,151.382904795
2024-02-24 20:00:00,RIG_NORMAL,20,24,5,39.1772161995,63.4262124457,64.0365530559,0.7414174879000001,47.1537803011,66.357376167,70.5818809538,HIGH_PRODUCTION,0,0,151.4523974983
2024-02-24 21:00:00,RIG_NORMAL,21,24,5,36.8726740701,66.0823276581,64.1987647834,0.8000466957,46.0286163012,74.9633169301,70.2044934868,HIGH_PRODUCTION,0,0,151.5218902015
2024-02-24 22:00:00,RIG_NORMAL,22,24,5,36.8726740701,59.6764791177,60.0583306924,0.8289309890000001,45.8928721337,67.698103759,67.4066591013,STANDBY,0,0,151.5913829048
2024-02-24 23:00:00,RIG_NORMAL,23,24,5,36.8726740701,54.2418241156,55.6779342244,0.7900088387,41.9956788434,61.6183098273,65.2066573118,STANDBY,0,0,151.6608756081
2024-02-25 00:00:00,RIG_NORMAL,0,25,6,38.2644650435,55.8898181571,56.7476824744,0.9099532948,45.564717608,66.0003312292,61.544737151,STANDBY,0,0,151.7303683113
2024-02-25 01:00:00,RIG_NORMAL,1,25,6,38.2644650435,61.736121892,56.8746048934,0.9145811026,44.2942626487,65.3230440933,62.3660348386,STANDBY,0,0,151.7998610146
2024-02-25 02:00:00,RIG_NORMAL,2,25,6,38.2644650435,57.2297878157,56.7146930265,0.7837674148,43.7359897957,63.2629981004,64.2933771916,STANDBY,0,0,151.8693537179
2024-02-25 03:00:00,RIG_NORMAL,3,25,6,38.2644650435,65.8241579727,63.8822038615,0.8178176241,47.8206959955,70.793647695,72.7788529562,STANDBY,0,0,151.9388464211
2024-02-25 04:00:00,RIG_NORMAL,4,25,6,40.6559941088,60.6472192131,61.026657526,0.8280870522,45.8256929357,67.2483372664,62.1050794241,STANDBY,0,0,152.0083391244
2024-02-25 05:00:00,RIG_NORMAL,5,25,6,48.7310717994,72.8989514503,70.959581813,0.7946931089,48.1759611436,74.5576544287,76.5283258553,STANDBY,0,0,152.0778318277
2024-02-25 06:00:00,RIG_NORMAL,6,25,6,57.3966975653,79.8409121435,74.7305663489,0.9715250844000001,48.6071065965,71.9065523348,80.4059079733,HIGH_PRODUCTION,0,0,152.1473245309
2024-02-25 07:00:00,RIG_NORMAL,7,25,6,66.0623233312,93.4773847055,86.839734578,0.9522306439,56.5479895513,80.0495188977,95.7265575652,HIGH_PRODUCTION,0,0,152.2168172342
2024-02-25 08:00:00,RIG_NORMAL,8,25,6,74.1374010218,93.327703523,87.1240770965,0.931756537,56.7342534648,79.8315659905,88.5338082471,HIGH_PRODUCTION,0,0,152.2863099375
2024-02-25 09:00:00,RIG_NORMAL,9,25,6,81.0716274372,106.3301209233,95.0,0.9928639585000001,61.4174996233,84.5938260339,98.4651618826,HIGH_PRODUCTION,0,0,152.3558026407
2024-02-25 10:00:00,RIG_NORMAL,10,25,6,86.3924465065,112.110374476,95.0,1.071611377,60.7749551998,80.9360009492,103.4933529421,HIGH_PRODUCTION,0,0,152.425295344
2024-02-25 11:00:00,RIG_NORMAL,11,25,6,89.7372532031,110.7702286858,95.0,0.9342051019000001,56.9836401569,82.9976173389,101.9770419715,HIGH_PRODUCTION,0,0,152.4947880473
2024-02-25 12:00:00,RIG_NORMAL,12,25,6,90.8781044784,112.275117738,95.0,0.9910013582,57.4914768937,80.9257130542,98.2739865328,HIGH_PRODUCTION,0,0,152.5642807505
2024-02-25 13:00:00,RIG_NORMAL,13,25,6,89.7372532031,107.2648602421,95.0,1.0241056488,58.018479724,78.8696182743,101.3390141037,HIGH_PRODUCTION,0,0,152.6337734538
2024-02-25 14:00:00,RIG_NORMAL,14,25,6,86.3924465065,104.2895051411,95.0,0.9801533406,54.7435153275,90.4802936752,103.3920357853,HIGH_PRODUCTION,0,0,152.7032661571
2024-02-25 15:00:00,RIG_NORMAL,15,25,6,81.0716274372,98.9110444772,93.080533864,0.9264152493000001,52.5166686598,82.8505433049,102.0893934026,HIGH_PRODUCTION,0,0,152.7727588603
2024-02-25 16:00:00,RIG_NORMAL,16,25,6,74.1374010218,98.9674567686,92.6963040702,0.9018727074,56.0464776962,81.3503649547,103.8207295596,HIGH_PRODUCTION,0,0,152.8422515636
2024-02-25 17:00:00,RIG_NORMAL,17,25,6,66.0623233312,76.8215876438,79.029522075,0.8938124373,50.4466901241,73.6824741298,82.062344448,HIGH_PRODUCTION,0,0,152.9117442669
2024-02-25 18:00:00,RIG_NORMAL,18,25,6,57.3966975653,74.2685853911,74.9032206402,0.9427596443,51.0334265784,73.1469051557,75.6746858067,HIGH_PRODUCTION,0,0,152.9812369701
2024-02-25 19:00:00,RIG_NORMAL,19,25,6,48.7310717994,63.8705681709,66.0102813458,0.8830057999,42.1078817975,71.1759817349,71.6308561232,HIGH_PRODUCTION,0,0,153.0507296734
2024-02-25 20:00:00,RIG_NORMAL,20,25,6,40.6559941088,55.0556894136,57.9143905578,0.8796120184,43.3538510167,63.057716964,67.5142531873,HIGH_PRODUCTION,0,0,153.1202223767
2024-02-25 21:00:00,RIG_NORMAL,21,25,6,38.2644650435,58.9294647191,60.424032177,0.9263111838,41.2640114633,68.9803039553,65.9135845299,HIGH_PRODUCTION,0,0,153.1897150799
2024-02-25 22:00:00,RIG_NORMAL,22,25,6,38.2644650435,63.4094945275,61.892492601,0.8153136129,44.1333240682,71.1935150236,67.5639103562,STANDBY,0,0,153.2592077832
2024-02-25 23:00:00,RIG_NORMAL,23,25,6,38.2644650435,63.6474616382,57.4766094156,0.8728128644,48.0376452651,64.1324782715,59.7865352431,STANDBY,0,0,153.3287004864
2024-02-26 00:00:00,RIG_NORMAL,0,26,0,40.0,67.402237927,65.3793568197,0.836436429,47.3393752153,67.5547458737,68.7777302273,STANDBY,0,0,153.3981931897
2024-02-26 01:00:00,RIG_NORMAL,1,26,0,40.0,53.0770122347,54.9087687878,0.8301936037000001,43.1111613649,67.0363095121,62.5199401658,STANDBY,0,0,153.467685893
2024-02-26 02:00:00,RIG_NORMAL,2,26,0,40.0,63.345154862,60.0140566988,0.9067441353000001,44.1050549446,64.2709157494,69.0843081874,STANDBY,0,0,153.5371785962
2024-02-26 03:00:00,RIG_NORMAL,3,26,0,40.0,61.2346726253,60.6806519767,0.8226502751,46.5004783166,73.3979090975,63.186387075,STANDBY,0,0,153.6066712995
2024-02-26 04:00:00,RIG_NORMAL,4,26,0,42.5,66.2369598145,61.7630740963,0.8815553478,45.0934849504,70.6905599464,63.7181151683,STANDBY,0,0,153.6761640028
2024-02-26 05:00:00,RIG_NORMAL,5,26,0,50.9413334214,80.5523579539,76.3627294765,0.8430309064,52.6344836425,68.3608976521,79.4504444447,STANDBY,0,0,153.745656706
2024-02-26 06:00:00,RIG_NORMAL,6,26,0,60.0,74.965632766,73.6908523834,0.8573107557,47.8003061762,72.5553949736,80.0649213684,HIGH_PRODUCTION,0,0,153.8151494093
2024-02-26 07:00:00,RIG_NORMAL,7,26,0,69.0586665786,85.4220233304,84.9813646457,0.9786866586,52.1463583257,79.6790149581,87.0787395929,HIGH_PRODUCTION,0,0,153.8846421126
2024-02-26 08:00:00,RIG_NORMAL,8,26,0,77.5,100.666151811,91.9979731151,0.9925099401,56.7057567494,78.1695443156,96.7866455032,HIGH_PRODUCTION,0,0,153.9541348158
2024-02-26 09:00:00,RIG_NORMAL,9,26,0,84.7487373415,104.8523139544,95.0,0.9088744516,50.926856607,79.8152596476,94.668164915,HIGH_PRODUCTION,0,0,154.0236275191
2024-02-26 10:00:00,RIG_NORMAL,10,26,0,90.3108891325,114.5329072012,95.0,1.0332888959,56.2277054754,83.9396246186,100.6607804812,HIGH_PRODUCTION,0,0,154.0931202224
2024-02-26 11:00:00,RIG_NORMAL,11,26,0,93.8074039201,120.3350795672,95.0,1.0080290752,60.9583930319,88.4239921405,100.6551817399,HIGH_PRODUCTION,0,0,154.1626129256
2024-02-26 12:00:00,RIG_NORMAL,12,26,0,95.0,119.5435405427,95.0,0.9526815238,59.8068778304,86.0768836962,100.2466084031,HIGH_PRODUCTION,0,0,154.2321056289
2024-02-26 13:00:00,RIG_NORMAL,13,26,0,93.8074039201,115.6362086844,95.0,0.974665992,59.8233138088,79.2311023973,100.8557036126,HIGH_PRODUCTION,0,0,154.3015983322
2024-02-26 14:00:00,RIG_NORMAL,14,26,0,90.3108891325,107.6736562861,95.0,0.9679838706,60.5504193172,80.0836989166,101.9066248825,HIGH_PRODUCTION,0,0,154.3710910354
2024-02-26 15:00:00,RIG_NORMAL,15,26,0,84.7487373415,121.80002025,95.0,1.0855187816,59.0977030503,83.6346459479,101.1650062326,HIGH_PRODUCTION,0,0,154.4405837387
2024-02-26 16:00:00,RIG_NORMAL,16,26,0,77.5,107.0355968868,95.0,1.0002061361,55.8791650428,84.3828002536,102.5453791658,HIGH_PRODUCTION,0,0,154.510076442
2024-02-26 17:00:00,RIG_NORMAL,17,26,0,69.0586665786,83.6070158133,82.5246832448,0.8874406154000001,48.1174288398,77.1134762185,91.2038224322,HIGH_PRODUCTION,0,0,154.5795691452
2024-02-26 18:00:00,RIG_NORMAL,18,26,0,60.0,75.3420967886,75.961068845,0.8207051462,49.4221868045,71.41958414,80.955083572,HIGH_PRODUCTION,0,0,154.6490618485
2024-02-26 19:00:00,RIG_NORMAL,19,26,0,50.9413334214,70.6243329406,71.097774483,1.0023576063,45.7628508862,70.6907374668,71.1773886729,HIGH_PRODUCTION,0,0,154.7185545518
2024-02-26 20:00:00,RIG_NORMAL,20,26,0,42.5,62.8622384811,64.1168101776,0.8455209609000001,43.6350199414,73.3948227785,67.1821305116,HIGH_PRODUCTION,0,0,154.788047255
2024-02-26 21:00:00,RIG_NORMAL,21,26,0,40.0,62.8491335449,60.0457339005,0.8932311532,47.8643217275,65.7358591582,67.4727419526,HIGH_PRODUCTION,0,0,154.8575399583
2024-02-26 22:00:00,RIG_NORMAL,22,26,0,40.0,67.6950798387,66.5404409232,0.7945818495,49.1628555627,71.013988172,71.53900875,STANDBY,0,0,154.9270326616
2024-02-26 23:00:00,RIG_NORMAL,23,26,0,40.0,63.35106118,61.794364957,0.8123388355000001,48.0612031488,70.2129405877,63.0877550291,STANDBY,0,0,154.9965253648
2024-02-27 00:00:00,RIG_NORMAL,0,27,1,38.2644650435,59.0620925445,56.5886891762,0.8199675952000001,41.9435201669,67.6706190141,62.5965893546,STANDBY,0,0,155.0660180681
2024-02-27 01:00:00,RIG_NORMAL,1,27,1,38.2644650435,56.0848253289,54.8868068513,0.8472535178,47.7122168609,62.9420939248,61.1795742935,STANDBY,0,0,155.1355107714
2024-02-27 02:00:00,RIG_NORMAL,2,27,1,38.2644650435,56.6664675259,54.7684550549,0.8150381017,44.6920723974,70.4525250809,58.5807480342,STANDBY,0,0,155.2050034746
2024-02-27 03:00:00,RIG_NORMAL,3,27,1,38.2644650435,64.509900239,62.1234436733,0.9461857833,44.2012676921,66.3050435108,65.3732515613,STANDBY,0,0,155.2744961779
2024-02-27 04:00:00,RIG_NORMAL,4,27,1,40.6559941088,59.1451630659,62.4522572295,0.9149935317000001,44.2842797887,69.6377348542,66.2242367925,STANDBY,0,0,155.3439888812
2024-02-27 05:00:00,RIG_NORMAL,5,27,1,48.7310717994,68.3103151576,71.673785071,0.9045588504000001,43.3985207914,65.2331166357,78.4324391326,STANDBY,0,0,155.4134815844
2024-02-27 06:00:00,RIG_NORMAL,6,27,1,57.3966975653,80.4916544096,78.1470772038,0.9026339198000001,51.3486444992,72.8636061016,80.5902700677,HIGH_PRODUCTION,0,0,155.4829742877
2024-02-27 07:00:00,RIG_NORMAL,7,27,1,66.0623233312,91.0795764353,89.6746722001,0.9193799304,53.1645228347,73.5687133139,101.2692720187,HIGH_PRODUCTION,0,0,155.552466991
2024-02-27 08:00:00,RIG_NORMAL,8,27,1,74.1374010218,102.1619943766,95.0,1.0665177918,55.6023774744,79.0750985955,103.0354566418,HIGH_PRODUCTION,0,0,155.6219596942
2024-02-27 09:00:00,RIG_NORMAL,9,27,1,81.0716274372,106.3644741588,95.0,0.9486543092,58.843210475,85.0923480947,101.8344485245,HIGH_PRODUCTION,0,0,155.6914523975
2024-02-27 10:00:00,RIG_NORMAL,10,27,1,86.3924465065,104.5782667649,95.0,0.9820132030000001,59.3862348431,79.8228485303,99.0850070042,HIGH_PRODUCTION,0,0,155.7609451008
2024-02-27 11:00:00,RIG_NORMAL,11,27,1,89.7372532031,105.2906317082,95.0,0.9104020456,57.1167884749,78.5575883742,99.6453805918,HIGH_PRODUCTION,0,0,155.830437804
2024-02-27 12:00:00,RIG_NORMAL,12,27,1,90.8781044784,107.2164988353,95.0,0.991771221,60.1789117104,79.623131858,101.1012314615,HIGH_PRODUCTION,0,0,155.8999305073
2024-02-27 13:00:00,RIG_NORMAL,13,27,1,89.7372532031,104.7901236267,95.0,1.0622966342,56.4302747507,84.4426838074,100.5251613814,HIGH_PRODUCTION,0,0,155.9694232106
2024-02-27 14:00:00,RIG_NORMAL,14,27,1,86.3924465065,112.9469800913,95.0,0.9826501279000001,57.2224885444,87.4793408826,98.5488043496,HIGH_PRODUCTION,0,0,156.0389159138
2024-02-27 15:00:00,RIG_NORMAL,15,27,1,81.0716274372,98.7216400373,93.3081777011,1.101641227,56.7503089307,80.9512411992,101.9368063222,HIGH_PRODUCTION,0,0,156.1084086171
2024-02-27 16:00:00,RIG_NORMAL,16,27,1,74.1374010218,104.5817208053,95.0,1.0712281432,55.0829160803,82.4220370631,106.6053346355,HIGH_PRODUCTION,0,0,156.1779013204
2024-02-27 17:00:00,RIG_NORMAL,17,27,1,66.0623233312,86.0127853535,83.4669946309,0.8971216245,49.7168709873,74.7794722978,94.9548905084,HIGH_PRODUCTION,0,0,156.2473940236
2024-02-27 18:00:00,RIG_NORMAL,18,27,1,57.3966975653,81.2410877319,74.1335451879,0.8649119835,51.633705361,79.3532646529,79.145910178,HIGH_PRODUCTION,0,0,156.3168867269
2024-02-27 19:00:00,RIG_NORMAL,19,27,1,48.7310717994,68.4474743486,69.0060854926,0.8510367115,46.7632917183,68.6977981936,71.1943737186,HIGH_PRODUCTION,0,0,156.3863794302
2024-02-27 20:00:00,RIG_NORMAL,20,27,1,40.6559941088,62.4968833929,63.3571329859,0.8539695946,43.7070915692,73.2988590188,67.2516038942,HIGH_PRODUCTION,0,0,156.4558721334
2024-02-27 21:00:00,RIG_NORMAL,21,27,1,38.2644650435,60.4705912663,60.4657688799,0.8092060876,45.2639489811,68.9631826859,63.1117848487,HIGH_PRODUCTION,0,0,156.5253648367
2024-02-27 22:00:00,RIG_NORMAL,22,27,1,38.2644650435,61.619184213,61.9848040768,0.9653479515000001,44.0487924542,63.2495905167,64.3627504157,STANDBY,0,0,156.59485754
2024-02-27 23:00:00,RIG_NORMAL,23,27,1,38.2644650435,57.7891522365,55.8500818758,0.8791376499,42.6728176874,64.7248684917,58.8957302418,STANDBY,0,0,156.6643502432
2024-02-28 00:00:00,RIG_NORMAL,0,28,2,36.8726740701,50.1015394424,52.0312540342,0.8442090996,43.2633881393,62.1966180514,60.2425305065,STANDBY,0,0,156.7338429465
2024-02-28 01:00:00,RIG_NORMAL,1,28,2,36.8726740701,57.8278681339,54.5609123062,0.8851900893,44.3495247861,68.8429238834,60.2175309689,STANDBY,0,0,156.8033356498
2024-02-28 02:00:00,RIG_NORMAL,2,28,2,36.8726740701,56.9562740765,55.4058902354,0.795387402,43.8874681741,66.7716416383,62.3099764327,STANDBY,0,0,156.872828353
2024-02-28 03:00:00,RIG_NORMAL,3,28,2,36.8726740701,66.6839218562,64.5132690209,0.8662242003,46.6112542213,71.2117896398,71.14605385,STANDBY,0,0,156.9423210563
2024-02-28 04:00:00,RIG_NORMAL,4,28,2,39.1772161995,65.5962362832,66.7595669669,0.9183080992,45.9366646732,67.6840951146,73.1519347154,STANDBY,0,0,157.0118137596
2024-02-28 05:00:00,RIG_NORMAL,5,28,2,46.9585795986,78.3172115768,80.7622445673,0.8795034662000001,47.9894285226,69.7747654185,83.9708099275,STANDBY,0,0,157.0813064628
2024-02-28 06:00:00,RIG_NORMAL,6,28,2,55.3090111052,75.849276,77.4863642336,0.9492590068000001,46.6158422199,71.0958300948,81.4347303873,HIGH_PRODUCTION,0,0,157.1507991661
2024-02-28 07:00:00,RIG_NORMAL,7,28,2,63.6594426117,92.4679234425,88.8196945772,0.9959384956,57.1787809179,77.9080901828,91.1183592668,HIGH_PRODUCTION,0,0,157.2202918694
2024-02-28 08:00:00,RIG_NORMAL,8,28,2,71.4408060109,88.1973137948,87.0544333257,0.9868037402000001,54.6364921033,75.1315946307,88.9485709967,HIGH_PRODUCTION,0,0,157.2897845726
2024-02-28 09:00:00,RIG_NORMAL,9,28,2,78.1228142462,108.2744188257,95.0,1.0351531327,54.9642370761,82.5058190808,97.1459192995,HIGH_PRODUCTION,0,0,157.3592772759
2024-02-28 10:00:00,RIG_NORMAL,10,28,2,83.2500994991,97.2682451016,95.0,0.9847640619,51.9066225137,78.501045786,94.7535285161,HIGH_PRODUCTION,0,0,157.4287699792
2024-02-28 11:00:00,RIG_NORMAL,11,28,2,86.4732457528,113.748702282,95.0,1.0309696899,58.5225808721,88.3075086234,99.0758311668,HIGH_PRODUCTION,0,0,157.4982626824
2024-02-28 12:00:00,RIG_NORMAL,12,28,2,87.5726009166,94.0622816549,93.5355747855,0.9992278118000001,54.7615992154,76.8340010488,95.617633758,HIGH_PRODUCTION,0,0,157.5677553857
2024-02-28 13:00:00,RIG_NORMAL,13,28,2,86.4732457528,102.0172036755,95.0,1.0490172714,55.2550531743,88.12416581,97.9887852966,HIGH_PRODUCTION,0,0,157.637248089
2024-02-28 14:00:00,RIG_NORMAL,14,28,2,83.2500994991,106.1129176384,95.0,0.9341266538,52.7710949139,76.2110095059,97.0925071832,HIGH_PRODUCTION,0,0,157.7067407922
2024-02-28 15:00:00,RIG_NORMAL,15,28,2,78.1228142462,100.2969104923,95.0,1.0435123395,56.0930670796,80.5421822909,100.6617316128,HIGH_PRODUCTION,0,0,157.7762334955
2024-02-28 16:00:00,RIG_NORMAL,16,28,2,71.4408060109,97.3708624905,89.2135060424,0.9164271190000001,52.746278683,78.4616296586,93.9263555496,HIGH_PRODUCTION,0,0,157.8457261987
2024-02-28 17:00:00,RIG_NORMAL,17,28,2,63.6594426117,92.9142367505,86.2777750113,1.0004537292,51.1815303079,69.2865638741,90.9519398637,HIGH_PRODUCTION,0,0,157.915218902
2024-02-28 18:00:00,RIG_NORMAL,18,28,2,55.3090111052,78.1393159919,74.6280575619,0.945889697,50.2757422306,74.4393368467,80.392379829,HIGH_PRODUCTION,0,0,157.9847116053
2024-02-28 19:00:00,RIG_NORMAL,19,28,2,46.9585795986,70.2563015186,66.785146762,0.9102356167000001,50.2664640121,76.0524480831,70.1108886312,HIGH_PRODUCTION,0,0,158.0542043085
2024-02-28 20:00:00,RIG_NORMAL,20,28,2,39.1772161995,68.4238449348,66.7466064547,0.8445865535,46.1700423456,71.2861764685,74.2585587681,HIGH_PRODUCTION,0,0,158.1236970118
2024-02-28 21:00:00,RIG_NORMAL,21,28,2,36.8726740701,54.8436932223,58.0209592967,0.8435961008,42.8017677801,67.4503028866,64.0962290074,HIGH_PRODUCTION,0,0,158.1931897151
2024-02-28 22:00:00,RIG_NORMAL,22,28,2,36.8726740701,52.2152717724,53.7927507816,0.89921883,43.8600630917,66.4085977408,59.7741177714,STANDBY,0,0,158.2626824183
2024-02-28 23:00:00,RIG_NORMAL,23,28,2,36.8726740701,52.9363054,53.597210013,0.8589446903,42.2811763948,63.7201533636,57.9856009019,STANDBY,0,0,158.3321751216
2024-02-29 00:00:00,RIG_NORMAL,0,29,3,36.1002883513,56.1297826994,52.0629205335,0.8506029875000001,42.6515525231,67.6878815008,59.0723891537,STANDBY,0,0,158.4016678249
2024-02-29 01:00:00,RIG_NORMAL,1,29,3,36.1002883513,58.9729467231,55.5942909397,0.9138149452000001,46.4985280608,69.7897651155,58.5686571825,STANDBY,0,0,158.4711605281
2024-02-29 02:00:00,RIG_NORMAL,2,29,3,36.1002883513,55.0764916088,55.2405898892,0.8701347846,45.9664909778,69.1669379546,59.5267355142,STANDBY,0,0,158.5406532314
2024-02-29 03:00:00,RIG_NORMAL,3,29,3,36.1002883513,56.3888355464,57.7915077269,0.8599616575,42.8511640037,67.4146923331,67.3757689497,STANDBY,0,0,158.6101459347
2024-02-29 04:00:00,RIG_NORMAL,4,29,3,38.3565563732,57.2470964856,62.4487349345,0.8562807644,43.5550587259,69.139227348,67.7157908846,STANDBY,0,0,158.6796386379
2024-02-29 05:00:00,RIG_NORMAL,5,29,3,45.9749206378,64.7888984484,66.013111136,0.8490734510000001,47.2752549248,69.7737896272,69.5984319302,STANDBY,0,0,158.7491313412
2024-02-29 06:00:00,RIG_NORMAL,6,29,3,54.1504325269,68.3647827322,72.9207723807,0.8787287482,45.5827568809,68.2030890236,80.7818098101,HIGH_PRODUCTION,0,0,158.8186240445
2024-02-29 07:00:00,RIG_NORMAL,7,29,3,62.325944416,89.0751300852,86.2169777917,0.9594052546,49.5583879378,78.4068088483,87.4485341749,HIGH_PRODUCTION,0,0,158.8881167477
2024-02-29 08:00:00,RIG_NORMAL,8,29,3,69.9443086806,92.4088181169,90.1134973575,1.0176379168,53.9352451727,81.8773851356,89.2680562962,HIGH_PRODUCTION,0,0,158.957609451
2024-02-29 09:00:00,RIG_NORMAL,9,29,3,76.4863463859,102.6822560279,93.9319407678,1.0558102169,56.6239287162,83.0002751449,99.1072710399,HIGH_PRODUCTION,0,0,159.0271021543
2024-02-29 10:00:00,RIG_NORMAL,10,29,3,81.5062284735,107.8356364738,95.0,0.9658534489,54.1203486931,81.7389669819,98.2253243062,HIGH_PRODUCTION,0,0,159.0965948575
2024-02-29 11:00:00,RIG_NORMAL,11,29,3,84.661858275,106.0288026918,95.0,1.0317131518,55.1082800825,82.6312797637,92.0064473675,HIGH_PRODUCTION,0,0,159.1660875608
2024-02-29 12:00:00,RIG_NORMAL,12,29,3,85.7381848343,111.1643709099,95.0,1.0459282132,59.7567852459,85.622787697,100.0136354991,HIGH_PRODUCTION,0,0,159.2355802641
2024-02-29 13:00:00,RIG_NORMAL,13,29,3,84.661858275,112.6548877651,95.0,0.9719869326,56.0463079522,84.886198116,95.399915437,HIGH_PRODUCTION,0,0,159.3050729673
2024-02-29 14:00:00,RIG_NORMAL,14,29,3,81.5062284735,101.0631500236,95.0,0.9846208096000001,54.993521928,81.2954614845,94.74097365,HIGH_PRODUCTION,0,0,159.3745656706
2024-02-29 15:00:00,RIG_NORMAL,15,29,3,76.4863463859,96.5462057462,90.2513242347,1.076384443,59.7225220102,79.1908294637,97.202303514,HIGH_PRODUCTION,0,0,159.4440583739
2024-02-29 16:00:00,RIG_NORMAL,16,29,3,69.9443086806,100.6319359134,91.5402354673,0.9854591167000001,53.5765298947,79.3036471274,97.9852352163,HIGH_PRODUCTION,0,0,159.5135510771
2024-02-29 17:00:00,RIG_NORMAL,17,29,3,62.325944416,83.5342906961,83.3659558105,0.9127738063,53.1822423182,74.8241848194,93.6366987467,HIGH_PRODUCTION,0,0,159.5830437804
2024-02-29 18:00:00,RIG_NORMAL,18,29,3,54.1504325269,79.8532051165,78.2962367568,0.9110448464,51.0142398974,74.2235606055,81.7172504137,HIGH_PRODUCTION,0,0,159.6525364837
2024-02-29 19:00:00,RIG_NORMAL,19,29,3,45.9749206378,71.9272578852,68.5077076947,0.8992903364,51.3176709409,76.7835587058,74.8550704342,HIGH_PRODUCTION,0,0,159.7220291869
2024-02-29 20:00:00,RIG_NORMAL,20,29,3,38.3565563732,58.2431110359,63.4572852168,0.854412237,43.7706686494,68.66620813,68.4145856769,HIGH_PRODUCTION,0,0,159.7915218902
2024-02-29 21:00:00,RIG_NORMAL,21,29,3,36.1002883513,55.9072538374,56.4389314659,0.9254413141000001,44.7188964868,67.2562704976,63.322304386,HIGH_PRODUCTION,0,0,159.8610145935
2024-02-29 22:00:00,RIG_NORMAL,22,29,3,36.1002883513,67.7845164995,60.6762620676,0.8206994885000001,46.4228867658,67.9809336657,67.0882738731,STANDBY,0,0,159.9305072967
2024-02-29 23:00:00,RIG_NORMAL,23,29,3,36.1002883513,52.7493322569,53.2262636592,0.8467736179,42.189632889,63.8246738234,55.4042943327,STANDBY,0,0,160.0
