timestamp,rig_id,hour,day,day_of_week,base_load,power_consumption,temperature,vibration,pressure,flow_rate,bearing_temperature,operational_mode,failure_indicator,failure_flag,estimated_rul
2024-01-01 00:00:00,RIG_DEGRADATION,0,1,0,40.0,41.5472596299,44.9365269785,0.38804638080000003,40.3578559056,58.5461206341,48.0831110303,STANDBY,0,0,5.0
2024-01-01 01:00:00,RIG_DEGRADATION,1,1,0,40.0,41.5793781124,47.6929578517,0.40921429340000004,39.8567931515,55.684914999,49.5859557631,STANDBY,0,0,4.997684113
2024-01-01 02:00:00,RIG_DEGRADATION,2,1,0,40.0,48.9110638823,50.6223815133,0.5161058355,44.6071580221,62.5040379304,57.9317020414,STANDBY,0,0,4.995368226
2024-01-01 03:00:00,RIG_DEGRADATION,3,1,0,40.0,38.9309495825,45.5714758713,0.3288061043,37.6570939129,59.6844582518,54.3701681463,STANDBY,0,0,4.993052339
2024-01-01 04:00:00,RIG_DEGRADATION,4,1,0,42.5,39.4779075166,50.4406719789,0.37155564100000005,39.5580527887,62.8773431308,61.7884913973,STANDBY,0,0,4.9907364521
2024-01-01 05:00:00,RIG_DEGRADATION,5,1,0,50.9413334214,54.4768872023,63.312197989,0.41128274060000003,42.9638591259,66.4568691174,70.6985789647,STANDBY,0,0,4.9884205651
2024-01-01 06:00:00,RIG_DEGRADATION,6,1,0,60.0,61.5902217638,67.556216482,0.5197847266,44.9418483556,68.9855028402,67.8156609426,HIGH_PRODUCTION,0,0,4.9861046781
2024-01-01 07:00:00,RIG_DEGRADATION,7,1,0,69.0586665786,67.5834534216,74.4182301481,0.5463510287000001,45.8347409682,70.7355935826,81.3652115366,HIGH_PRODUCTION,0,0,4.9837887911
2024-01-01 08:00:00,RIG_DEGRADATION,8,1,0,77.5,77.1347954918,79.667923233,0.5127895174,45.8617636002,69.5132843026,81.2031951237,HIGH_PRODUCTION,0,0,4.9814729041
2024-01-01 09:00:00,RIG_DEGRADATION,9,1,0,84.7487373415,89.7374559939,89.5844161193,0.6645240102000001,51.0519692298,73.4384588079,97.0853879626,HIGH_PRODUCTION,0,0,4.9791570171
2024-01-01 10:00:00,RIG_DEGRADATION,10,1,0,90.3108891325,86.9430268751,91.294451761,0.5479974846,53.8178613764,78.7804007002,96.4264418449,HIGH_PRODUCTION,0,0,4.9768411302
2024-01-01 11:00:00,RIG_DEGRADATION,11,1,0,93.8074039201,94.7036570665,90.9573185807,0.5844892214,56.7966177725,78.6083470455,99.3022526219,HIGH_PRODUCTION,0,0,4.9745252432000004
2024-01-01 12:00:00,RIG_DEGRADATION,12,1,0,95.0,104.5411027782,95.0,0.5948966104,53.6756289759,82.2690309977,103.2713457134,HIGH_PRODUCTION,0,0,4.9722093562000005
2024-01-01 13:00:00,RIG_DEGRADATION,13,1,0,93.8074039201,90.7316477262,93.2141823649,0.5741156958,52.2965381522,73.6134753217,94.949885238,HIGH_PRODUCTION,0,0,4.9698934692000005
2024-01-01 14:00:00,RIG_DEGRADATION,14,1,0,90.3108891325,88.9678388563,86.3196308787,0.5578371734,48.2671144145,70.4873518564,90.9002069026,HIGH_PRODUCTION,0,0,4.9675775822
2024-01-01 15:00:00,RIG_DEGRADATION,15,1,0,84.7487373415,88.7746855157,89.205093927,0.5703536149,54.3685661903,76.2697837322,97.2774426683,HIGH_PRODUCTION,0,0,4.9652616952
2024-01-01 16:00:00,RIG_DEGRADATION,16,1,0,77.5,74.0269157693,75.3073809967,0.4573075073,47.4619264769,67.9794897887,77.0319287218,HIGH_PRODUCTION,0,0,4.9629458082
2024-01-01 17:00:00,RIG_DEGRADATION,17,1,0,69.0586665786,69.6853230295,75.5354663544,0.5286023115,52.9651766927,75.0636553708,84.0550815285,HIGH_PRODUCTION,0,0,4.9606299213
2024-01-01 18:00:00,RIG_DEGRADATION,18,1,0,60.0,59.7834587345,63.4504440269,0.49828546170000004,48.1651823423,69.5496984822,63.3472331599,HIGH_PRODUCTION,0,0,4.9583140343
2024-01-01 19:00:00,RIG_DEGRADATION,19,1,0,50.9413334214,50.7683655548,56.5929620286,0.4866714555,41.6716457562,61.3115345786,63.0400183191,HIGH_PRODUCTION,0,0,4.9559981473
2024-01-01 20:00:00,RIG_DEGRADATION,20,1,0,42.5,48.607891478,56.9639278491,0.5773005493000001,45.2266218332,70.8398063416,62.6540929234,HIGH_PRODUCTION,0,0,4.9536822603
2024-01-01 21:00:00,RIG_DEGRADATION,21,1,0,40.0,48.499559779,52.5091141981,0.39427940450000004,42.7429638632,64.022277922,59.3753354024,HIGH_PRODUCTION,0,0,4.9513663733
2024-01-01 22:00:00,RIG_DEGRADATION,22,1,0,40.0,43.5947256206,48.3029824018,0.3331085849,39.0436849218,63.2178887398,52.2296777751,STANDBY,0,0,4.9490504863
2024-01-01 23:00:00,RIG_DEGRADATION,23,1,0,40.0,30.1585333755,39.4282828623,0.3675390857,38.484992933,59.8603674466,41.9744807378,STANDBY,0,0,4.9467345994
2024-01-02 00:00:00,RIG_DEGRADATION,0,2,1,38.2644650435,42.4675158513,47.978204587,0.45043554300000005,40.5882694127,62.656231564,48.5266470798,STANDBY,0,0,4.9444187124
2024-01-02 01:00:00,RIG_DEGRADATION,1,2,1,38.2644650435,45.3890997998,49.0390542605,0.4158654178,39.4020242906,66.2534523938,57.0975638793,STANDBY,0,0,4.9421028254
2024-01-02 02:00:00,RIG_DEGRADATION,2,2,1,38.2644650435,41.6075813258,48.2946769623,0.4881341899,40.5598876553,65.9504830248,51.5780423586,STANDBY,0,0,4.9397869384
2024-01-02 03:00:00,RIG_DEGRADATION,3,2,1,38.2644650435,39.7267717197,48.3466735162,0.4117267767,38.4707750176,59.0497514235,54.5241205165,STANDBY,0,0,4.9374710514
2024-01-02 04:00:00,RIG_DEGRADATION,4,2,1,40.6559941088,40.5069560165,50.5879797125,0.3903815719,40.1028178496,59.7928339951,47.270768734,STANDBY,0,0,4.9351551644
2024-01-02 05:00:00,RIG_DEGRADATION,5,2,1,48.7310717994,50.2225888136,54.8785873996,0.5266178613,43.1268181724,63.4393143358,59.9657844252,STANDBY,0,0,4.9328392774
2024-01-02 06:00:00,RIG_DEGRADATION,6,2,1,57.3966975653,54.8913953423,65.6590174736,0.524011623,43.4625067897,62.8761219323,68.895232446,HIGH_PRODUCTION,0,0,4.9305233905
2024-01-02 07:00:00,RIG_DEGRADATION,7,2,1,66.0623233312,63.901435448,69.2721888896,0.5545295515,49.3714127093,69.6411125219,75.5871111965,HIGH_PRODUCTION,0,0,4.9282075035
2024-01-02 08:00:00,RIG_DEGRADATION,8,2,1,74.1374010218,82.9199962376,86.0109046686,0.6457206049,47.684027351,74.0115611739,85.5941150739,HIGH_PRODUCTION,0,0,4.9258916165
2024-01-02 09:00:00,RIG_DEGRADATION,9,2,1,81.0716274372,82.19010157,85.3410458978,0.5611061146,50.1673090423,75.7622787503,90.407594188,HIGH_PRODUCTION,0,0,4.9235757294999996
2024-01-02 10:00:00,RIG_DEGRADATION,10,2,1,86.3924465065,85.7451132982,87.4304932563,0.5223129011000001,51.7522967585,74.4800038191,89.3090901045,HIGH_PRODUCTION,0,0,4.9212598425
2024-01-02 11:00:00,RIG_DEGRADATION,11,2,1,89.7372532031,90.4378663832,95.0,0.4964719215,52.6889584474,77.6572782029,100.4491961153,HIGH_PRODUCTION,0,0,4.9189439555
2024-01-02 12:00:00,RIG_DEGRADATION,12,2,1,90.8781044784,93.4307979751,95.0,0.6291548008,57.7634134224,79.2699587141,102.1715420449,HIGH_PRODUCTION,0,0,4.9166280686
2024-01-02 13:00:00,RIG_DEGRADATION,13,2,1,89.7372532031,85.4928696424,88.2959969925,0.5992297128,51.3626786026,73.079474134,94.9443749237,HIGH_PRODUCTION,0,0,4.9143121816
2024-01-02 14:00:00,RIG_DEGRADATION,14,2,1,86.3924465065,91.7559480892,89.8431706621,0.5774760327,52.6631663085,79.4596131233,97.6408031338,HIGH_PRODUCTION,0,0,4.9119962946
2024-01-02 15:00:00,RIG_DEGRADATION,15,2,1,81.0716274372,87.3681388899,86.4964745076,0.6095084687,53.7161662968,77.1248423462,94.7608290276,HIGH_PRODUCTION,0,0,4.9096804076
2024-01-02 16:00:00,RIG_DEGRADATION,16,2,1,74.1374010218,76.9674235619,83.8852643448,0.543294242,45.4967764451,72.7202839977,90.8370212558,HIGH_PRODUCTION,0,0,4.9073645206
2024-01-02 17:00:00,RIG_DEGRADATION,17,2,1,66.0623233312,67.9258959482,71.7285239741,0.5390431551,46.725180242,66.2622234371,75.2279107686,HIGH_PRODUCTION,0,0,4.9050486336
2024-01-02 18:00:00,RIG_DEGRADATION,18,2,1,57.3966975653,66.941945244,69.0142588624,0.5189152977,44.5505000614,70.5260109177,68.26803712,HIGH_PRODUCTION,0,0,4.9027327466
2024-01-02 19:00:00,RIG_DEGRADATION,19,2,1,48.7310717994,54.3816937323,59.254930898,0.457371185,41.73672073,64.9205639746,66.2195955109,HIGH_PRODUCTION,0,0,4.9004168597
2024-01-02 20:00:00,RIG_DEGRADATION,20,2,1,40.6559941088,40.2636972033,50.430074579,0.3227962974,42.155423442,59.0750053491,56.8401782838,HIGH_PRODUCTION,0,0,4.8981009727
2024-01-02 21:00:00,RIG_DEGRADATION,21,2,1,38.2644650435,44.9599003926,52.3772338851,0.4950082048,41.346652624,64.3691164763,55.2658389511,HIGH_PRODUCTION,0,0,4.8957850857
2024-01-02 22:00:00,RIG_DEGRADATION,22,2,1,38.2644650435,30.1399765228,39.1042870884,0.42154974230000003,40.0245754577,58.5661662153,43.3994835453,STANDBY,0,0,4.8934691987
2024-01-02 23:00:00,RIG_DEGRADATION,23,2,1,38.2644650435,32.4821865205,40.5726514338,0.48211605100000005,38.0931436528,58.939424766,50.4428796999,STANDBY,0,0,4.8911533117
2024-01-03 00:00:00,RIG_DEGRADATION,0,3,2,36.8726740701,34.8100842079,38.7205852234,0.43735296300000004,42.6363291149,59.554505219,46.8509060055,STANDBY,0,0,4.8888374247
2024-01-03 01:00:00,RIG_DEGRADATION,1,3,2,36.8726740701,38.1477469703,45.9174632374,0.4730320823,38.3031551657,58.2346791745,54.7127068464,STANDBY,0,0,4.8865215377
2024-01-03 02:00:00,RIG_DEGRADATION,2,3,2,36.8726740701,36.9005537938,45.7148213067,0.38708363900000003,40.1690176172,67.5329042017,52.3831839507,STANDBY,0,0,4.8842056508
2024-01-03 03:00:00,RIG_DEGRADATION,3,3,2,36.8726740701,39.4461335133,49.0528988253,0.4994449622,37.6565628828,61.720360646,49.3487253493,STANDBY,0,0,4.8818897638
2024-01-03 04:00:00,RIG_DEGRADATION,4,3,2,39.1772161995,40.1268290711,52.4931962646,0.4631638152,40.1498342748,56.3465063625,62.9423022009,STANDBY,0,0,4.8795738768
2024-01-03 05:00:00,RIG_DEGRADATION,5,3,2,46.9585795986,49.5231843942,55.2259094959,0.4356340466,42.0321750987,71.0170450085,57.7439300652,STANDBY,0,0,4.8772579898
2024-01-03 06:00:00,RIG_DEGRADATION,6,3,2,55.3090111052,51.9546863495,57.0774265774,0.482364098,44.9000676847,66.1669812562,56.7968553282,HIGH_PRODUCTION,0,0,4.8749421028
2024-01-03 07:00:00,RIG_DEGRADATION,7,3,2,63.6594426117,63.1336484338,70.4699299493,0.49891239660000003,42.2863076937,68.7411903906,75.6210837067,HIGH_PRODUCTION,0,0,4.8726262158
2024-01-03 08:00:00,RIG_DEGRADATION,8,3,2,71.4408060109,68.9152718593,76.4014205782,0.5224685843,47.0518146173,70.0185693973,79.9178141263,HIGH_PRODUCTION,0,0,4.8703103289000005
2024-01-03 09:00:00,RIG_DEGRADATION,9,3,2,78.1228142462,86.4727593945,89.0024092657,0.5708011726000001,49.8419218672,73.0101017393,92.0724353667,HIGH_PRODUCTION,0,0,4.8679944419000005
2024-01-03 10:00:00,RIG_DEGRADATION,10,3,2,83.2500994991,78.0207444355,83.8336934987,0.5269203919000001,47.8331439624,73.6284627884,85.1344619139,HIGH_PRODUCTION,0,0,4.8656785549
2024-01-03 11:00:00,RIG_DEGRADATION,11,3,2,86.4732457528,88.7318314793,91.3332167268,0.5455379586,52.8522796609,73.060113292,97.36877735,HIGH_PRODUCTION,0,0,4.8633626679
2024-01-03 12:00:00,RIG_DEGRADATION,12,3,2,87.5726009166,88.7372735765,90.139875334,0.5578592212,53.7697605347,77.996815793,94.1127090986,HIGH_PRODUCTION,0,0,4.8610467809
2024-01-03 13:00:00,RIG_DEGRADATION,13,3,2,86.4732457528,79.3188020156,84.3891058506,0.5874206565,47.818565715,78.5818640986,88.7696641962,HIGH_PRODUCTION,0,0,4.8587308939
2024-01-03 14:00:00,RIG_DEGRADATION,14,3,2,83.2500994991,79.8970659121,83.3065420894,0.5917729241,51.5170310405,72.69368325720001,89.8825007269,HIGH_PRODUCTION,0,0,4.8564150069
2024-01-03 15:00:00,RIG_DEGRADATION,15,3,2,78.1228142462,85.3129176053,87.3941622335,0.5862107961,54.1171020969,72.5815419226,90.3187113255,HIGH_PRODUCTION,0,0,4.85409912
2024-01-03 16:00:00,RIG_DEGRADATION,16,3,2,71.4408060109,75.6538934167,80.9150215997,0.5719022953,48.4042740845,75.2315928786,87.5236581258,HIGH_PRODUCTION,0,0,4.851783233
2024-01-03 17:00:00,RIG_DEGRADATION,17,3,2,63.6594426117,59.3156967996,66.9127304681,0.5267149398000001,49.9077813448,63.5380328438,68.4504322447,HIGH_PRODUCTION,0,0,4.849467346
2024-01-03 18:00:00,RIG_DEGRADATION,18,3,2,55.3090111052,46.7026171889,57.9628437476,0.43337998380000003,40.9203564899,63.6807670395,63.5788980089,HIGH_PRODUCTION,0,0,4.847151459
2024-01-03 19:00:00,RIG_DEGRADATION,19,3,2,46.9585795986,54.3338975088,61.3919031724,0.49882537800000004,42.9533106909,64.2526448838,62.8388849625,HIGH_PRODUCTION,0,0,4.844835572
2024-01-03 20:00:00,RIG_DEGRADATION,20,3,2,39.1772161995,46.6692086112,52.8870756331,0.48331916080000004,39.0793056991,66.8655216637,59.5142797002,HIGH_PRODUCTION,0,0,4.842519685
2024-01-03 21:00:00,RIG_DEGRADATION,21,3,2,36.8726740701,33.862300765,44.4039559168,0.43162985200000004,37.1978389029,61.010333301,49.3255804462,HIGH_PRODUCTION,0,0,4.8402037981
2024-01-03 22:00:00,RIG_DEGRADATION,22,3,2,36.8726740701,45.0475795613,48.9369803977,0.5382595764,42.0927114455,65.5851091631,54.4402226083,STANDBY,0,0,4.8378879111
2024-01-03 23:00:00,RIG_DEGRADATION,23,3,2,36.8726740701,34.7228384887,41.8716581143,0.42334318330000004,41.2350816431,62.9065199197,44.0728295944,STANDBY,0,0,4.8355720241
2024-01-04 00:00:00,RIG_DEGRADATION,0,4,3,36.1002883513,41.2827838693,48.5758449502,0.5701913747,40.2611091797,63.587195385,56.1280266859,STANDBY,0,0,4.8332561371
2024-01-04 01:00:00,RIG_DEGRADATION,1,4,3,36.1002883513,27.3446222391,39.895038159,0.3459202646,40.5441628591,60.1878043236,43.1237773152,STANDBY,0,0,4.8309402501
2024-01-04 02:00:00,RIG_DEGRADATION,2,4,3,36.1002883513,34.4299579879,46.117525462,0.3763630119,39.1966751272,63.0887280214,55.7410753039,STANDBY,0,0,4.8286243631
2024-01-04 03:00:00,RIG_DEGRADATION,3,4,3,36.1002883513,35.1125893581,43.5794465373,0.3734954499,37.9097548956,63.4466206458,51.6772523484,STANDBY,0,0,4.8263084761
2024-01-04 04:00:00,RIG_DEGRADATION,4,4,3,38.3565563732,33.3354772015,45.2185000655,0.38635798860000004,41.4069182567,58.8931732551,49.7506365877,STANDBY,0,0,4.8239925892
2024-01-04 05:00:00,RIG_DEGRADATION,5,4,3,45.9749206378,47.5858106615,57.0260734728,0.49573925150000003,44.9207936281,65.0827166374,64.3545843462,STANDBY,0,0,4.8216767021999996
2024-01-04 06:00:00,RIG_DEGRADATION,6,4,3,54.1504325269,58.1501393755,64.1702751091,0.5219114751,45.6535697429,68.7281623987,68.9630893889,HIGH_PRODUCTION,0,0,4.8193608152
2024-01-04 07:00:00,RIG_DEGRADATION,7,4,3,62.325944416,66.6111408511,71.6039693944,0.5112221037,43.3222531953,68.0289229822,78.552920246,HIGH_PRODUCTION,0,0,4.8170449282
2024-01-04 08:00:00,RIG_DEGRADATION,8,4,3,69.9443086806,73.5093276714,76.9138595514,0.5539811129000001,47.9107653003,72.4241465571,80.322737277,HIGH_PRODUCTION,0,0,4.8147290412
2024-01-04 09:00:00,RIG_DEGRADATION,9,4,3,76.4863463859,84.782020937,85.3394269705,0.49708778070000004,52.7969511829,76.9206197611,89.2661660176,HIGH_PRODUCTION,0,0,4.8124131542
2024-01-04 10:00:00,RIG_DEGRADATION,10,4,3,81.5062284735,82.4982492733,87.6079217564,0.5665117166,48.6112629006,77.453601857,94.1752647856,HIGH_PRODUCTION,0,0,4.8100972673
2024-01-04 11:00:00,RIG_DEGRADATION,11,4,3,84.661858275,84.841504206,89.9606946664,0.6415467383,51.658299371,78.1920591304,95.0459418548,HIGH_PRODUCTION,0,0,4.8077813803
2024-01-04 12:00:00,RIG_DEGRADATION,12,4,3,85.7381848343,91.3471726816,92.9611480685,0.6134775231,53.9182901397,76.548769544,97.2841168473,HIGH_PRODUCTION,0,0,4.8054654933
2024-01-04 13:00:00,RIG_DEGRADATION,13,4,3,84.661858275,89.1391738541,93.9512180528,0.6480642309,51.9898004035,75.3468464524,93.64666045,HIGH_PRODUCTION,0,0,4.8031496063
2024-01-04 14:00:00,RIG_DEGRADATION,14,4,3,81.5062284735,80.2882180799,88.5608724772,0.5360252816000001,51.723772166,64.4341250541,93.0275166839,HIGH_PRODUCTION,0,0,4.8008337193
2024-01-04 15:00:00,RIG_DEGRADATION,15,4,3,76.4863463859,73.4930029886,79.7547872602,0.4591312427,47.1338401612,73.2545855277,87.4046880521,HIGH_PRODUCTION,0,0,4.7985178323
2024-01-04 16:00:00,RIG_DEGRADATION,16,4,3,69.9443086806,76.8076932712,87.8442722554,0.5449943145,46.2525019793,69.6689467175,96.3652286448,HIGH_PRODUCTION,0,0,4.7962019453
2024-01-04 17:00:00,RIG_DEGRADATION,17,4,3,62.325944416,64.3739396954,72.4680996585,0.5682014731,45.2889659292,63.5519599296,72.0939704248,HIGH_PRODUCTION,0,0,4.7938860584
2024-01-04 18:00:00,RIG_DEGRADATION,18,4,3,54.1504325269,54.353138585,61.9930940469,0.5198854638,48.768268282,67.6271901201,69.838968158,HIGH_PRODUCTION,0,0,4.7915701714
2024-01-04 19:00:00,RIG_DEGRADATION,19,4,3,45.9749206378,48.8700379611,57.9002288951,0.49383137650000003,44.4201528673,66.708704088,65.4563789417,HIGH_PRODUCTION,0,0,4.7892542844
2024-01-04 20:00:00,RIG_DEGRADATION,20,4,3,38.3565563732,40.3552220604,52.8275020132,0.5226384281,39.5811628029,63.9045814307,58.4316421831,HIGH_PRODUCTION,0,0,4.7869383974
2024-01-04 21:00:00,RIG_DEGRADATION,21,4,3,36.1002883513,30.9006440842,41.987027477,0.5052712795000001,38.1811858528,60.0280368607,47.8427519567,HIGH_PRODUCTION,0,0,4.7846225104
2024-01-04 22:00:00,RIG_DEGRADATION,22,4,3,36.1002883513,39.2654394849,48.0698513442,0.43719325130000003,40.7780063857,60.972414235,54.9584596123,STANDBY,0,0,4.7823066234
2024-01-04 23:00:00,RIG_DEGRADATION,23,4,3,36.1002883513,43.160227231,49.2057385623,0.41745353030000004,40.6326978512,62.6735436792,54.4280012243,STANDBY,0,0,4.7799907365
2024-01-05 00:00:00,RIG_DEGRADATION,0,5,4,36.1002883513,31.4045676767,40.7823856743,0.3676378938,37.956286561,60.9972558737,45.6094586329,STANDBY,0,0,4.7776748495
2024-01-05 01:00:00,RIG_DEGRADATION,1,5,4,36.1002883513,33.6915671578,42.4071756122,0.3717679386,38.9642524904,61.6997762444,49.992406785200004,STANDBY,0,0,4.7753589625
2024-01-05 02:00:00,RIG_DEGRADATION,2,5,4,36.1002883513,33.3641221605,44.2597200133,0.4514497944,36.1608711879,59.1884235066,54.3351689553,STANDBY,0,0,4.7730430755
2024-01-05 03:00:00,RIG_DEGRADATION,3,5,4,36.1002883513,44.8424408647,49.6770748267,0.47003491550000004,41.5359660595,61.9443721346,56.6516041419,STANDBY,0,0,4.7707271885
2024-01-05 04:00:00,RIG_DEGRADATION,4,5,4,38.3565563732,40.9887740737,49.3247557955,0.34628801800000003,40.2871627351,62.1237315263,49.3320037833,STANDBY,0,0,4.7684113015000005
2024-01-05 05:00:00,RIG_DEGRADATION,5,5,4,45.9749206378,50.0164157218,55.6274569155,0.38681124450000004,41.3911008917,61.2351509925,60.5906162704,STANDBY,0,0,4.7660954145000005
2024-01-05 06:00:00,RIG_DEGRADATION,6,5,4,54.1504325269,54.8453021004,61.8486961168,0.47327327680000003,46.2876011729,62.7658949938,68.9621846869,HIGH_PRODUCTION,0,0,4.7637795276
2024-01-05 07:00:00,RIG_DEGRADATION,7,5,4,62.325944416,64.0228055278,73.9725433396,0.5004238857000001,48.567719834,67.3788142244,83.8591189425,HIGH_PRODUCTION,0,0,4.7614636406
2024-01-05 08:00:00,RIG_DEGRADATION,8,5,4,69.9443086806,62.2457847976,71.9689842439,0.5154540969,46.7197254472,67.4336979601,74.2083721358,HIGH_PRODUCTION,0,0,4.7591477536
2024-01-05 09:00:00,RIG_DEGRADATION,9,5,4,76.4863463859,78.9930959658,81.8518594745,0.6047770838000001,51.3321035412,74.7470242623,91.4373128097,HIGH_PRODUCTION,0,0,4.7568318666
2024-01-05 10:00:00,RIG_DEGRADATION,10,5,4,81.5062284735,81.8696165547,85.7316946497,0.6119447225,49.3693016172,66.8719981406,88.888369929,HIGH_PRODUCTION,0,0,4.7545159796
2024-01-05 11:00:00,RIG_DEGRADATION,11,5,4,84.661858275,89.5787654393,93.1334009944,0.5980815892,49.9741172497,78.4795837677,104.3586218203,HIGH_PRODUCTION,0,0,4.7522000926
2024-01-05 12:00:00,RIG_DEGRADATION,12,5,4,85.7381848343,80.9423688063,89.1494938369,0.5848524182,47.0426489265,75.9999648361,95.4150816202,HIGH_PRODUCTION,0,0,4.7498842057
2024-01-05 13:00:00,RIG_DEGRADATION,13,5,4,84.661858275,85.4079832531,89.2873621155,0.6373177266000001,52.6344411996,70.4680448918,95.6657177157,HIGH_PRODUCTION,0,0,4.7475683187
2024-01-05 14:00:00,RIG_DEGRADATION,14,5,4,81.5062284735,73.1609552074,79.9450163947,0.580387842,49.8104361491,70.7024771531,88.2681704983,HIGH_PRODUCTION,0,0,4.7452524317
2024-01-05 15:00:00,RIG_DEGRADATION,15,5,4,76.4863463859,76.8702855952,77.4047564402,0.6353959685,46.536688625400004,65.5028003126,87.5891566943,HIGH_PRODUCTION,0,0,4.7429365447
2024-01-05 16:00:00,RIG_DEGRADATION,16,5,4,69.9443086806,70.379725967,74.8096673252,0.5102111877000001,49.9402986052,72.9657912748,75.6228500247,HIGH_PRODUCTION,0,0,4.7406206577
2024-01-05 17:00:00,RIG_DEGRADATION,17,5,4,62.325944416,61.0933649641,69.7581494652,0.45535206,49.2617529311,70.5962567661,75.342536416,HIGH_PRODUCTION,0,0,4.7383047707
2024-01-05 18:00:00,RIG_DEGRADATION,18,5,4,54.1504325269,62.9234864986,68.0379103787,0.5174251458,45.8713437132,68.4792211493,72.0914580844,HIGH_PRODUCTION,0,0,4.7359888837
2024-01-05 19:00:00,RIG_DEGRADATION,19,5,4,45.9749206378,49.1450642254,57.290880536,0.485621053,42.566143563,63.4684239789,57.8933728572,HIGH_PRODUCTION,0,0,4.7336729968
2024-01-05 20:00:00,RIG_DEGRADATION,20,5,4,38.3565563732,41.1703952481,48.2483654959,0.48031400700000004,39.4339437468,66.8026335298,56.1030993519,HIGH_PRODUCTION,0,0,4.7313571098
2024-01-05 21:00:00,RIG_DEGRADATION,21,5,4,36.1002883513,31.7530906712,46.1708831455,0.37859788790000004,35.9383118986,60.6395969448,55.4204942238,HIGH_PRODUCTION,0,0,4.7290412228
2024-01-05 22:00:00,RIG_DEGRADATION,22,5,4,36.1002883513,36.6213355726,42.6587567404,0.4387782053,42.5549114134,72.9279935874,51.9897735843,STANDBY,0,0,4.7267253358
2024-01-05 23:00:00,RIG_DEGRADATION,23,5,4,36.1002883513,33.8842467777,42.7495764724,0.4466820562,39.5039406531,65.5517388617,45.3454743984,STANDBY,0,0,4.7244094488
2024-01-06 00:00:00,RIG_DEGRADATION,0,6,5,36.8726740701,37.4324326835,45.2738992006,0.3883789776,41.071948203,61.0683198943,47.5741843373,STANDBY,0,0,4.7220935618
2024-01-06 01:00:00,RIG_DEGRADATION,1,6,5,36.8726740701,49.7174949512,54.8734424537,0.48473423800000004,46.3029926144,60.4823402908,60.6403133536,STANDBY,0,0,4.7197776747999995
2024-01-06 02:00:00,RIG_DEGRADATION,2,6,5,36.8726740701,37.1904101672,45.454638429,0.4381529651,38.0825519864,63.2519245444,47.9461947993,STANDBY,0,0,4.7174617879
2024-01-06 03:00:00,RIG_DEGRADATION,3,6,5,36.8726740701,32.0736820146,44.6619592524,0.4434721807,38.9479408425,60.1998156646,50.6411917981,STANDBY,0,0,4.7151459009
2024-01-06 04:00:00,RIG_DEGRADATION,4,6,5,39.1772161995,41.896974503,50.5466202159,0.4482539827,43.9923725225,61.7024832552,53.8742480654,STANDBY,0,0,4.7128300139
2024-01-06 05:00:00,RIG_DEGRADATION,5,6,5,46.9585795986,46.9411723859,56.6481950795,0.46391804820000004,41.67557463,61.4507666039,60.208809521,STANDBY,0,0,4.7105141269
2024-01-06 06:00:00,RIG_DEGRADATION,6,6,5,55.3090111052,53.002027724,61.3424694131,0.527331843,43.7760946283,63.1457879838,68.534686507,HIGH_PRODUCTION,0,0,4.7081982399
2024-01-06 07:00:00,RIG_DEGRADATION,7,6,5,63.6594426117,71.6034691803,72.804887044,0.609480125,49.2541132422,71.9775049165,76.7546730933,HIGH_PRODUCTION,0,0,4.7058823529
2024-01-06 08:00:00,RIG_DEGRADATION,8,6,5,71.4408060109,71.7965345421,78.7284882986,0.5886655619,47.3385494106,70.4522967333,82.9262402227,HIGH_PRODUCTION,0,0,4.703566466
2024-01-06 09:00:00,RIG_DEGRADATION,9,6,5,78.1228142462,74.769964962,82.3466356011,0.5414533097,48.6179414054,78.3220619823,88.9733003295,HIGH_PRODUCTION,0,0,4.701250579
2024-01-06 10:00:00,RIG_DEGRADATION,10,6,5,83.2500994991,77.7298141832,85.9663252439,0.4843380781,51.5263376247,78.2873237954,91.7861623069,HIGH_PRODUCTION,0,0,4.698934692
2024-01-06 11:00:00,RIG_DEGRADATION,11,6,5,86.4732457528,78.2998933323,83.7569162637,0.5338199388,45.4045706548,75.4043752229,87.7488308574,HIGH_PRODUCTION,0,0,4.696618805
2024-01-06 12:00:00,RIG_DEGRADATION,12,6,5,87.5726009166,99.9462768782,95.0,0.6558268441,54.787565551,84.4749632183,105.5757988696,HIGH_PRODUCTION,0,0,4.694302918
2024-01-06 13:00:00,RIG_DEGRADATION,13,6,5,86.4732457528,82.0083601261,87.6061489065,0.583019025,50.7200643135,76.0185085345,98.5632190934,HIGH_PRODUCTION,0,0,4.691987031
2024-01-06 14:00:00,RIG_DEGRADATION,14,6,5,83.2500994991,84.6251167391,89.8488574744,0.5619142186,54.4761291075,73.2802942673,96.1791055006,HIGH_PRODUCTION,0,0,4.689671144
2024-01-06 15:00:00,RIG_DEGRADATION,15,6,5,78.1228142462,78.9737131547,83.1082028895,0.4588397382,47.4925251898,72.0660217207,83.2380600646,HIGH_PRODUCTION,0,0,4.6873552571
2024-01-06 16:00:00,RIG_DEGRADATION,16,6,5,71.4408060109,69.4953418645,77.8063161104,0.4997231026,48.0711430961,71.1430282789,81.1515135383,HIGH_PRODUCTION,0,0,4.6850393701
2024-01-06 17:00:00,RIG_DEGRADATION,17,6,5,63.6594426117,70.687460797,75.7842767032,0.6097792252,46.8108636892,68.2123617954,75.6746440433,HIGH_PRODUCTION,0,0,4.6827234831
2024-01-06 18:00:00,RIG_DEGRADATION,18,6,5,55.3090111052,56.2346159495,66.158130618,0.3841474607,42.9213539016,71.6893032761,76.6968855705,HIGH_PRODUCTION,0,0,4.6804075961
2024-01-06 19:00:00,RIG_DEGRADATION,19,6,5,46.9585795986,49.0727521283,57.3308687197,0.5183687187,41.2283501018,67.3550728336,59.9877533626,HIGH_PRODUCTION,0,0,4.6780917091
2024-01-06 20:00:00,RIG_DEGRADATION,20,6,5,39.1772161995,44.8482480711,52.9851162692,0.4591639487,42.8680660441,61.4092395529,58.5559716724,HIGH_PRODUCTION,0,0,4.6757758221
2024-01-06 21:00:00,RIG_DEGRADATION,21,6,5,36.8726740701,35.831080898,44.0986690658,0.4032102783,37.7042596352,62.2092425559,50.9271116268,HIGH_PRODUCTION,0,0,4.6734599352
2024-01-06 22:00:00,RIG_DEGRADATION,22,6,5,36.8726740701,38.3661096672,43.9481875371,0.4344033364,40.7052353212,58.3507138053,50.8508609674,STANDBY,0,0,4.6711440482
2024-01-06 23:00:00,RIG_DEGRADATION,23,6,5,36.8726740701,45.1805824486,47.068770483,0.5011198875,43.5867426141,56.8559719676,51.2481273222,STANDBY,0,0,4.6688281612
2024-01-07 00:00:00,RIG_DEGRADATION,0,7,6,38.2644650435,39.5864433492,45.29583316,0.42629407500000005,36.4509839417,58.6424045492,53.1294011952,STANDBY,0,0,4.6665122742000005
2024-01-07 01:00:00,RIG_DEGRADATION,1,7,6,38.2644650435,41.7684352586,45.7001269482,0.4552152552,43.3931846818,63.7512650122,46.8465413095,STANDBY,0,0,4.6641963872000005
2024-01-07 02:00:00,RIG_DEGRADATION,2,7,6,38.2644650435,43.3530543951,49.1588029788,0.4841565525,42.0731631956,63.5127346783,51.2887016417,STANDBY,0,0,4.6618805002
2024-01-07 03:00:00,RIG_DEGRADATION,3,7,6,38.2644650435,53.6074033595,54.4070720457,0.46786745230000004,41.6710404888,62.1297032493,60.0882480565,STANDBY,0,0,4.6595646132
2024-01-07 04:00:00,RIG_DEGRADATION,4,7,6,40.6559941088,37.1235806764,48.9391739729,0.4315161355,43.7643942648,60.3315933067,60.0610848714,STANDBY,0,0,4.6572487263
2024-01-07 05:00:00,RIG_DEGRADATION,5,7,6,48.7310717994,46.0648721452,58.4821288575,0.4234473864,40.571248558,66.435226339,63.2983075536,STANDBY,0,0,4.6549328393
2024-01-07 06:00:00,RIG_DEGRADATION,6,7,6,57.3966975653,61.338378013,66.3055186148,0.49673289140000004,44.5567339284,71.9960199162,75.4034742833,HIGH_PRODUCTION,0,0,4.6526169523
2024-01-07 07:00:00,RIG_DEGRADATION,7,7,6,66.0623233312,63.2808694566,68.2858505659,0.4601395714,44.9376303438,69.7908068838,76.8145121232,HIGH_PRODUCTION,0,0,4.6503010653
2024-01-07 08:00:00,RIG_DEGRADATION,8,7,6,74.1374010218,76.7978712748,79.5144002457,0.611358108,47.1258194568,74.3763146835,83.756056942,HIGH_PRODUCTION,0,0,4.6479851783
2024-01-07 09:00:00,RIG_DEGRADATION,9,7,6,81.0716274372,82.4163197187,86.5015077394,0.47148804180000004,52.1071828187,73.3637105025,94.6359349965,HIGH_PRODUCTION,0,0,4.6456692913
2024-01-07 10:00:00,RIG_DEGRADATION,10,7,6,86.3924465065,86.4075904434,92.9945506572,0.5324560086,51.5665748289,76.7308654171,100.493721894,HIGH_PRODUCTION,0,0,4.6433534044
2024-01-07 11:00:00,RIG_DEGRADATION,11,7,6,89.7372532031,98.3673071287,95.0,0.5407239373,55.8164727358,78.0562416079,100.1159609825,HIGH_PRODUCTION,0,0,4.6410375174
2024-01-07 12:00:00,RIG_DEGRADATION,12,7,6,90.8781044784,94.1384789948,95.0,0.6230173483,57.1786327669,78.4388029994,98.5624336641,HIGH_PRODUCTION,0,0,4.6387216304
2024-01-07 13:00:00,RIG_DEGRADATION,13,7,6,89.7372532031,97.9914135491,95.0,0.6897022071000001,56.8095059189,76.7360847562,106.5727430521,HIGH_PRODUCTION,0,0,4.6364057434
2024-01-07 14:00:00,RIG_DEGRADATION,14,7,6,86.3924465065,85.45442587389999,86.6668042671,0.6506295545,52.9753885999,78.5177487609,90.7987152916,HIGH_PRODUCTION,0,0,4.6340898564
2024-01-07 15:00:00,RIG_DEGRADATION,15,7,6,81.0716274372,83.9443805357,84.529828988,0.5307994953,54.575684791,75.6102644708,84.7461538722,HIGH_PRODUCTION,0,0,4.6317739694
2024-01-07 16:00:00,RIG_DEGRADATION,16,7,6,74.1374010218,69.9532842283,77.2679870699,0.5495050384,44.8434433315,67.0246768308,81.5165275133,HIGH_PRODUCTION,0,0,4.6294580824
2024-01-07 17:00:00,RIG_DEGRADATION,17,7,6,66.0623233312,72.6968627071,74.9770626764,0.5471176827,47.2437871008,72.8452974728,81.4603479115,HIGH_PRODUCTION,0,0,4.6271421955
2024-01-07 18:00:00,RIG_DEGRADATION,18,7,6,57.3966975653,53.6378424429,62.2808593788,0.5099015746000001,48.0942704682,60.8655489795,66.6038199469,HIGH_PRODUCTION,0,0,4.6248263085
2024-01-07 19:00:00,RIG_DEGRADATION,19,7,6,48.7310717994,49.8840007982,57.911143307,0.4776464871,41.3252398113,68.2403302343,66.207559984,HIGH_PRODUCTION,0,0,4.6225104215
2024-01-07 20:00:00,RIG_DEGRADATION,20,7,6,40.6559941088,40.7552463599,50.8004077722,0.4567872932,44.8516362892,58.0465986503,54.2093637409,HIGH_PRODUCTION,0,0,4.6201945345
2024-01-07 21:00:00,RIG_DEGRADATION,21,7,6,38.2644650435,36.1194306528,47.0649534359,0.4219021962,41.769590021,60.1115987965,55.775808315,HIGH_PRODUCTION,0,0,4.6178786474999995
2024-01-07 22:00:00,RIG_DEGRADATION,22,7,6,38.2644650435,49.9285365144,54.3191089551,0.4860504894,42.2551521611,62.2155094476,58.650932821,STANDBY,0,0,4.6155627605
2024-01-07 23:00:00,RIG_DEGRADATION,23,7,6,38.2644650435,45.3446115883,50.6610312234,0.45369653590000003,41.00605549,65.3853815929,53.208693193,STANDBY,0,0,4.6132468736
2024-01-08 00:00:00,RIG_DEGRADATION,0,8,0,40.0,38.2410307947,42.9233624792,0.3823446652,42.0887702476,65.2480813556,47.65323345,STANDBY,0,0,4.6109309866
2024-01-08 01:00:00,RIG_DEGRADATION,1,8,0,40.0,43.3389333574,48.7250715517,0.5511354065,42.7837252751,62.0568081185,56.6338109542,STANDBY,0,0,4.6086150996
2024-01-08 02:00:00,RIG_DEGRADATION,2,8,0,40.0,45.1843558654,49.6526078236,0.39730433660000003,42.891422869,67.3393492385,53.1537287004,STANDBY,0,0,4.6062992126
2024-01-08 03:00:00,RIG_DEGRADATION,3,8,0,40.0,43.075974084,49.1916059994,0.4694893765,39.3342673689,62.755724742,54.2876289561,STANDBY,0,0,4.6039833256
2024-01-08 04:00:00,RIG_DEGRADATION,4,8,0,42.5,44.6790947142,55.0285231104,0.4061493101,43.2758208462,63.8287913987,58.9796427312,STANDBY,0,0,4.6016674386
2024-01-08 05:00:00,RIG_DEGRADATION,5,8,0,50.9413334214,58.3618669758,59.8262169776,0.46190430590000003,49.2627279756,61.8214197243,62.7085179498,STANDBY,0,0,4.5993515516
2024-01-08 06:00:00,RIG_DEGRADATION,6,8,0,60.0,61.6058394428,65.0387694761,0.4800147708,42.2581065693,65.5497901907,69.7810612212,HIGH_PRODUCTION,0,0,4.5970356647
2024-01-08 07:00:00,RIG_DEGRADATION,7,8,0,69.0586665786,78.8829818091,77.9268648203,0.5865709528,51.4764858092,74.1089399648,86.5037540178,HIGH_PRODUCTION,0,0,4.5947197777
2024-01-08 08:00:00,RIG_DEGRADATION,8,8,0,77.5,82.9260862161,83.1959962114,0.6629860869,49.3088503084,78.3885179886,89.2226910338,HIGH_PRODUCTION,0,0,4.5924038907
2024-01-08 09:00:00,RIG_DEGRADATION,9,8,0,84.7487373415,84.3099681347,85.9051696952,0.5926905302000001,48.9721884165,77.1856415387,89.5514676682,HIGH_PRODUCTION,0,0,4.5900880037
2024-01-08 10:00:00,RIG_DEGRADATION,10,8,0,90.3108891325,89.3923819245,87.2609807155,0.7109601782,54.1042271374,79.9028908863,90.8402903405,HIGH_PRODUCTION,0,0,4.5877721167
2024-01-08 11:00:00,RIG_DEGRADATION,11,8,0,93.8074039201,94.3942696621,93.6468589798,0.4738069642,53.0259041618,78.2452466273,94.0337345398,HIGH_PRODUCTION,0,0,4.5854562297
2024-01-08 12:00:00,RIG_DEGRADATION,12,8,0,95.0,92.9305576803,94.5042058198,0.6314294565,54.7471591831,75.9026210837,103.1474984892,HIGH_PRODUCTION,0,0,4.5831403428
2024-01-08 13:00:00,RIG_DEGRADATION,13,8,0,93.8074039201,89.7172532059,90.6726325366,0.6398717304,51.9186796431,78.7316186692,96.3646218078,HIGH_PRODUCTION,0,0,4.5808244558
2024-01-08 14:00:00,RIG_DEGRADATION,14,8,0,90.3108891325,94.5249661546,90.8445226629,0.5439994963,53.657242181,79.5508400972,94.0914188772,HIGH_PRODUCTION,0,0,4.5785085688
2024-01-08 15:00:00,RIG_DEGRADATION,15,8,0,84.7487373415,86.3675995532,90.0475390646,0.6430294679,53.9033325477,69.3453888184,94.5834500012,HIGH_PRODUCTION,0,0,4.5761926818
2024-01-08 16:00:00,RIG_DEGRADATION,16,8,0,77.5,85.4197319489,81.8216209048,0.5989494441000001,50.9750174812,77.3959751263,85.9781183181,HIGH_PRODUCTION,0,0,4.5738767948
2024-01-08 17:00:00,RIG_DEGRADATION,17,8,0,69.0586665786,68.3219866954,72.1042984349,0.5573483057,43.6496990853,66.963678045,80.7838630652,HIGH_PRODUCTION,0,0,4.5715609078
2024-01-08 18:00:00,RIG_DEGRADATION,18,8,0,60.0,62.6107444321,68.4807652056,0.49208125020000004,44.4152297088,69.895896745,76.5934084937,HIGH_PRODUCTION,0,0,4.5692450208
2024-01-08 19:00:00,RIG_DEGRADATION,19,8,0,50.9413334214,53.985593046700004,60.4882449026,0.5507924477,43.6937287591,62.623897683,67.9435226214,HIGH_PRODUCTION,0,0,4.5669291339
2024-01-08 20:00:00,RIG_DEGRADATION,20,8,0,42.5,38.4104412828,50.0376566864,0.4605253747,40.8136079163,58.8240941714,54.2103942145,HIGH_PRODUCTION,0,0,4.5646132469000005
2024-01-08 21:00:00,RIG_DEGRADATION,21,8,0,40.0,41.5758894014,49.7950954966,0.38946260920000003,39.8310105207,61.4874342157,58.5953445215,HIGH_PRODUCTION,0,0,4.5622973599000005
2024-01-08 22:00:00,RIG_DEGRADATION,22,8,0,40.0,39.4828896828,44.187269451,0.42535324420000004,40.12487513,61.2463468876,50.1188416783,STANDBY,0,0,4.5599814729
2024-01-08 23:00:00,RIG_DEGRADATION,23,8,0,40.0,49.4359239752,49.1694172053,0.5324219623,42.5075920447,60.1710893639,53.2555990485,STANDBY,0,0,4.5576655859
2024-01-09 00:00:00,RIG_DEGRADATION,0,9,1,38.2644650435,39.9385872467,42.7392007486,0.4469769187,41.8949301356,63.0549467215,40.1176626649,STANDBY,0,0,4.5553496989
2024-01-09 01:00:00,RIG_DEGRADATION,1,9,1,38.2644650435,41.7679355214,49.4177887169,0.49208948610000003,39.9400172053,61.0968009884,59.9472942163,STANDBY,0,0,4.5530338119
2024-01-09 02:00:00,RIG_DEGRADATION,2,9,1,38.2644650435,35.1083700109,44.4261216548,0.4921968068,40.5050362771,59.1579040676,51.9079765186,STANDBY,0,0,4.550717925
2024-01-09 03:00:00,RIG_DEGRADATION,3,9,1,38.2644650435,44.0012064875,50.7811017967,0.5133297327,41.8291019158,61.5389464389,57.4414097326,STANDBY,0,0,4.548402038
2024-01-09 04:00:00,RIG_DEGRADATION,4,9,1,40.6559941088,46.4609985498,54.8796538363,0.4875028455,41.835989437,64.3627717588,57.8211060962,STANDBY,0,0,4.546086151
2024-01-09 05:00:00,RIG_DEGRADATION,5,9,1,48.7310717994,39.6001649968,53.7200377454,0.5450576036,40.3348930131,66.8568215941,60.0889005624,STANDBY,0,0,4.543770264
2024-01-09 06:00:00,RIG_DEGRADATION,6,9,1,57.3966975653,61.8762892293,67.4213505742,0.5521851114,45.9781637478,63.9562614743,71.9981736564,HIGH_PRODUCTION,0,0,4.541454377
2024-01-09 07:00:00,RIG_DEGRADATION,7,9,1,66.0623233312,70.3046232326,73.1106432879,0.5895900141,49.5647012227,68.9331156744,78.3155735945,HIGH_PRODUCTION,0,0,4.53913849
2024-01-09 08:00:00,RIG_DEGRADATION,8,9,1,74.1374010218,78.3058878476,80.8674760365,0.5837587681,47.3516566,78.2421232503,81.4345502231,HIGH_PRODUCTION,0,0,4.5368226031
2024-01-09 09:00:00,RIG_DEGRADATION,9,9,1,81.0716274372,85.6140666353,84.6051502123,0.6014002802,50.9094253164,76.5855279973,90.0521995012,HIGH_PRODUCTION,0,0,4.5345067161
2024-01-09 10:00:00,RIG_DEGRADATION,10,9,1,86.3924465065,81.9098900686,85.8803873114,0.5980403153,47.5715774013,71.6194941053,93.1918538695,HIGH_PRODUCTION,0,0,4.5321908291
2024-01-09 11:00:00,RIG_DEGRADATION,11,9,1,89.7372532031,94.5935653182,95.0,0.6164106974,51.5110078865,82.9655824829,99.0317678416,HIGH_PRODUCTION,0,0,4.5298749421
2024-01-09 12:00:00,RIG_DEGRADATION,12,9,1,90.8781044784,93.9860256066,95.0,0.6120331422,53.0406096093,76.3131159875,100.0910395962,HIGH_PRODUCTION,0,0,4.5275590551
2024-01-09 13:00:00,RIG_DEGRADATION,13,9,1,89.7372532031,91.0476050503,94.0991675132,0.6119085205,53.4415641044,76.7901764259,98.2006460164,HIGH_PRODUCTION,0,0,4.5252431681
2024-01-09 14:00:00,RIG_DEGRADATION,14,9,1,86.3924465065,90.8760443863,94.619829895,0.6216511642,51.0939490714,78.4565140675,101.37750934,HIGH_PRODUCTION,0,0,4.5229272811
2024-01-09 15:00:00,RIG_DEGRADATION,15,9,1,81.0716274372,86.5356063357,85.5090284982,0.6046126488,52.858069962100004,77.0892235001,88.7299246815,HIGH_PRODUCTION,0,0,4.5206113942
2024-01-09 16:00:00,RIG_DEGRADATION,16,9,1,74.1374010218,85.8975853065,85.8637791642,0.5226094949,51.2829878601,71.1652768529,90.5948974653,HIGH_PRODUCTION,0,0,4.5182955072
2024-01-09 17:00:00,RIG_DEGRADATION,17,9,1,66.0623233312,65.0238982503,70.2619274893,0.5197403078,46.9534972664,72.3611331052,73.6832924644,HIGH_PRODUCTION,0,0,4.5159796201999995
2024-01-09 18:00:00,RIG_DEGRADATION,18,9,1,57.3966975653,63.399040078,67.0143089454,0.5606461317,44.9338180869,73.4934002076,68.9612991815,HIGH_PRODUCTION,0,0,4.5136637332
2024-01-09 19:00:00,RIG_DEGRADATION,19,9,1,48.7310717994,56.2224641823,61.5408232708,0.5821521097,45.3550427067,64.7357187748,61.848155046,HIGH_PRODUCTION,0,0,4.5113478462
2024-01-09 20:00:00,RIG_DEGRADATION,20,9,1,40.6559941088,54.4278351458,58.6157932441,0.5448898934,46.0671675305,60.5700519562,61.3542805261,HIGH_PRODUCTION,0,0,4.5090319592
2024-01-09 21:00:00,RIG_DEGRADATION,21,9,1,38.2644650435,31.0432146993,45.2038001183,0.4105628593,40.3391993721,61.3328548887,49.1782511991,HIGH_PRODUCTION,0,0,4.5067160723
2024-01-09 22:00:00,RIG_DEGRADATION,22,9,1,38.2644650435,46.2200383288,53.0443863503,0.5290356378000001,41.2250321282,66.5748251687,56.9630632351,STANDBY,0,0,4.5044001853
2024-01-09 23:00:00,RIG_DEGRADATION,23,9,1,38.2644650435,34.2604903798,39.4913528216,0.4675829835,43.1213838969,59.6686294447,43.010216264,STANDBY,0,0,4.5020842983
2024-01-10 00:00:00,RIG_DEGRADATION,0,10,2,36.8726740701,42.0579408987,46.2845049209,0.4146850774,40.3929121819,65.6773233663,47.7562769473,STANDBY,0,0,4.4997684113
2024-01-10 01:00:00,RIG_DEGRADATION,1,10,2,36.8726740701,38.2329267739,45.9410453588,0.4906650731,41.0013994432,61.6182083176,50.0913369668,STANDBY,0,0,4.4974525243
2024-01-10 02:00:00,RIG_DEGRADATION,2,10,2,36.8726740701,43.7063063702,50.2508356885,0.5027694155,43.4575442632,66.5280334908,53.2716035231,STANDBY,0,0,4.4951366373
2024-01-10 03:00:00,RIG_DEGRADATION,3,10,2,36.8726740701,47.9860952063,51.5798201294,0.4919163515,44.4363904138,71.1800844541,56.0411592074,STANDBY,0,0,4.4928207503
2024-01-10 04:00:00,RIG_DEGRADATION,4,10,2,39.1772161995,37.6397316985,46.0734434531,0.5174297571,42.1157161997,58.3129640969,57.771427626,STANDBY,0,0,4.4905048634
2024-01-10 05:00:00,RIG_DEGRADATION,5,10,2,46.9585795986,47.4719031542,56.6754669305,0.5506319666,44.4739837298,63.7915369631,60.6156208053,STANDBY,0,0,4.4881889764
2024-01-10 06:00:00,RIG_DEGRADATION,6,10,2,55.3090111052,60.7160139136,64.4865596683,0.5505727948,44.7240334578,69.7443333558,70.9748154733,HIGH_PRODUCTION,0,0,4.4858730894
2024-01-10 07:00:00,RIG_DEGRADATION,7,10,2,63.6594426117,62.7340605277,69.9333576758,0.5727466294,45.400918420400004,73.221098737,77.5788917434,HIGH_PRODUCTION,0,0,4.4835572024
2024-01-10 08:00:00,RIG_DEGRADATION,8,10,2,71.4408060109,71.56226377670001,77.7066639819,0.5253493588,47.6999733337,67.4106145743,84.6404255717,HIGH_PRODUCTION,0,0,4.4812413154
2024-01-10 09:00:00,RIG_DEGRADATION,9,10,2,78.1228142462,82.3058568793,86.340566856,0.6342655558,51.5627614767,69.8411112457,87.5102167882,HIGH_PRODUCTION,0,0,4.4789254284
2024-01-10 10:00:00,RIG_DEGRADATION,10,10,2,83.2500994991,77.1970910728,84.0254652417,0.627454096,44.5709908582,71.8651762262,89.8973512893,HIGH_PRODUCTION,0,0,4.4766095415
2024-01-10 11:00:00,RIG_DEGRADATION,11,10,2,86.4732457528,86.6662236943,89.3655909972,0.6057878876,56.0161366688,74.0324384625,89.5270289705,HIGH_PRODUCTION,0,0,4.4742936545
2024-01-10 12:00:00,RIG_DEGRADATION,12,10,2,87.5726009166,90.4563530341,91.6836575937,0.5443660249,54.3886173861,79.0746498136,94.9368038804,HIGH_PRODUCTION,0,0,4.4719777675
2024-01-10 13:00:00,RIG_DEGRADATION,13,10,2,86.4732457528,89.5563099647,94.0036966267,0.6688830640000001,52.1219369797,78.4731763912,104.3816046081,HIGH_PRODUCTION,0,0,4.4696618805
2024-01-10 14:00:00,RIG_DEGRADATION,14,10,2,83.2500994991,89.7335879573,90.3384914565,0.6591753967,50.7933806667,75.9543388682,92.2047163201,HIGH_PRODUCTION,0,0,4.4673459935
2024-01-10 15:00:00,RIG_DEGRADATION,15,10,2,78.1228142462,81.6116843738,81.1257904103,0.548742982,49.4544688491,70.6126786633,83.5619955669,HIGH_PRODUCTION,0,0,4.4650301065
2024-01-10 16:00:00,RIG_DEGRADATION,16,10,2,71.4408060109,76.3735589486,80.3137641875,0.5672851671,47.526532312,67.8606666616,86.1987536017,HIGH_PRODUCTION,0,0,4.4627142195000005
2024-01-10 17:00:00,RIG_DEGRADATION,17,10,2,63.6594426117,63.1676647306,69.7520198236,0.6304454781000001,46.2861089282,67.7496349336,73.4913715869,HIGH_PRODUCTION,0,0,4.4603983326
2024-01-10 18:00:00,RIG_DEGRADATION,18,10,2,55.3090111052,56.2627641412,62.8728606372,0.48049758000000004,40.9801565242,67.6451925282,69.4645424854,HIGH_PRODUCTION,0,0,4.4580824456
2024-01-10 19:00:00,RIG_DEGRADATION,19,10,2,46.9585795986,55.6062389021,62.017974868,0.46413597570000004,48.7473871381,65.1557426286,68.5953033753,HIGH_PRODUCTION,0,0,4.4557665586
2024-01-10 20:00:00,RIG_DEGRADATION,20,10,2,39.1772161995,37.9997667234,50.0601146551,0.44099207770000004,39.5754404299,59.9186662421,54.7098540451,HIGH_PRODUCTION,0,0,4.4534506716
2024-01-10 21:00:00,RIG_DEGRADATION,21,10,2,36.8726740701,33.9790985924,46.3093794868,0.48622059030000003,39.577188765,60.8195379765,50.6430825344,HIGH_PRODUCTION,0,0,4.4511347846
2024-01-10 22:00:00,RIG_DEGRADATION,22,10,2,36.8726740701,44.104525228,50.9901076822,0.3755100672,38.9255570237,62.9902780931,60.346198354,STANDBY,0,0,4.4488188976
2024-01-10 23:00:00,RIG_DEGRADATION,23,10,2,36.8726740701,38.872170211,47.8668590367,0.46948461420000004,41.6932361915,61.0444001954,56.0799618433,STANDBY,0,0,4.4465030107
2024-01-11 00:00:00,RIG_DEGRADATION,0,11,3,36.1002883513,36.6208437724,44.0701769879,0.4233033617,39.5048255804,66.5546150055,51.7990413736,STANDBY,0,0,4.4441871237
2024-01-11 01:00:00,RIG_DEGRADATION,1,11,3,36.1002883513,40.3230366786,46.3511045692,0.4949223466,38.2011873153,68.2744374522,49.8253151251,STANDBY,0,0,4.4418712367
2024-01-11 02:00:00,RIG_DEGRADATION,2,11,3,36.1002883513,44.4687623441,49.4141708855,0.4690009291,42.3587279923,68.1721349609,53.2994548637,STANDBY,0,0,4.4395553497
2024-01-11 03:00:00,RIG_DEGRADATION,3,11,3,36.1002883513,33.497336992,44.2344356584,0.5082708297,38.2630943496,60.6530618437,49.5984261657,STANDBY,0,0,4.4372394627
2024-01-11 04:00:00,RIG_DEGRADATION,4,11,3,38.3565563732,33.9892351519,48.38754608,0.48655465700000006,37.4266729439,58.4273550073,47.7316296501,STANDBY,0,0,4.4349235757
2024-01-11 05:00:00,RIG_DEGRADATION,5,11,3,45.9749206378,47.701991432,58.8518090577,0.4828389328,40.9031863752,66.1503671772,58.6877121638,STANDBY,0,0,4.4326076887
2024-01-11 06:00:00,RIG_DEGRADATION,6,11,3,54.1504325269,54.8626727889,64.496122168,0.5490023459,42.9517418189,67.0065667752,66.6810906831,HIGH_PRODUCTION,0,0,4.4302918018
2024-01-11 07:00:00,RIG_DEGRADATION,7,11,3,62.325944416,69.9837222429,74.8156883073,0.5196837921,46.7513389682,74.554369855,76.5860203029,HIGH_PRODUCTION,0,0,4.4279759148
2024-01-11 08:00:00,RIG_DEGRADATION,8,11,3,69.9443086806,76.9113060277,82.3893112293,0.5342615884,50.0269156301,77.3413933386,87.348367027,HIGH_PRODUCTION,0,0,4.4256600278
2024-01-11 09:00:00,RIG_DEGRADATION,9,11,3,76.4863463859,75.340558058,82.9589861924,0.61763805,44.9963006598,70.34468663,90.3883600746,HIGH_PRODUCTION,0,0,4.4233441408
2024-01-11 10:00:00,RIG_DEGRADATION,10,11,3,81.5062284735,82.3913837835,88.1430442401,0.5834246593,49.6788944896,75.9612251871,92.2859535397,HIGH_PRODUCTION,0,0,4.4210282538
2024-01-11 11:00:00,RIG_DEGRADATION,11,11,3,84.661858275,91.7545923361,92.3408584009,0.6664936335,54.1359585852,80.0632747422,96.0633833671,HIGH_PRODUCTION,0,0,4.4187123668
2024-01-11 12:00:00,RIG_DEGRADATION,12,11,3,85.7381848343,90.0968524893,90.4562361875,0.5431127668,50.3021606753,71.7250541336,97.0116070673,HIGH_PRODUCTION,0,0,4.4163964799
2024-01-11 13:00:00,RIG_DEGRADATION,13,11,3,84.661858275,82.3984661962,83.9294703843,0.5165299401,50.4136082948,68.4618420911,89.5928420847,HIGH_PRODUCTION,0,0,4.4140805928999995
2024-01-11 14:00:00,RIG_DEGRADATION,14,11,3,81.5062284735,89.7425361777,89.9436516069,0.6075712989000001,55.2463128054,80.4376457588,90.8032961988,HIGH_PRODUCTION,0,0,4.4117647059
2024-01-11 15:00:00,RIG_DEGRADATION,15,11,3,76.4863463859,79.1098424111,85.2104745209,0.5579745649,47.0955335996,73.6785700398,91.9960595198,HIGH_PRODUCTION,0,0,4.4094488189
2024-01-11 16:00:00,RIG_DEGRADATION,16,11,3,69.9443086806,78.7580130278,83.8017950957,0.574266752,48.0863467631,77.4928991372,88.717176164,HIGH_PRODUCTION,0,0,4.4071329319
2024-01-11 17:00:00,RIG_DEGRADATION,17,11,3,62.325944416,60.7718477284,67.0313260211,0.5471316715,47.3192978356,67.5711776148,63.2838446105,HIGH_PRODUCTION,0,0,4.4048170449
2024-01-11 18:00:00,RIG_DEGRADATION,18,11,3,54.1504325269,58.2246546976,67.0434932968,0.5729585845,47.1967059987,66.7852167612,69.9437052399,HIGH_PRODUCTION,0,0,4.4025011579
2024-01-11 19:00:00,RIG_DEGRADATION,19,11,3,45.9749206378,52.244888848,58.3819882947,0.4683530918,44.5868725449,67.6265332204,62.2139578713,HIGH_PRODUCTION,0,0,4.400185271
2024-01-11 20:00:00,RIG_DEGRADATION,20,11,3,38.3565563732,41.8259380681,51.2965599034,0.5127026065,39.8469357559,67.8804960611,57.9539643927,HIGH_PRODUCTION,0,0,4.397869384
2024-01-11 21:00:00,RIG_DEGRADATION,21,11,3,36.1002883513,31.9433330177,42.1768629928,0.39697945770000004,38.3997531702,59.4064458173,50.8247070938,HIGH_PRODUCTION,0,0,4.395553497
2024-01-11 22:00:00,RIG_DEGRADATION,22,11,3,36.1002883513,42.5495604364,51.4003654575,0.3786783051,39.7378592712,64.984337227,60.6545014419,STANDBY,0,0,4.39323761
2024-01-11 23:00:00,RIG_DEGRADATION,23,11,3,36.1002883513,45.5909821804,52.653843284,0.47014372330000004,42.0330118741,55.8217212738,52.4246849823,STANDBY,0,0,4.390921723
2024-01-12 00:00:00,RIG_DEGRADATION,0,12,4,36.1002883513,38.449049645,42.2639780363,0.5322931286,42.1464346672,60.615392136,46.7863589175,STANDBY,0,0,4.388605836
2024-01-12 01:00:00,RIG_DEGRADATION,1,12,4,36.1002883513,40.1370974266,45.682931150900004,0.44410079999999996,41.4658538601,63.4091056743,50.0260879124,STANDBY,0,0,4.3862899491
2024-01-12 02:00:00,RIG_DEGRADATION,2,12,4,36.1002883513,44.2502011568,51.1615448848,0.4964638505,41.0122468867,53.5682803803,53.2908661532,STANDBY,0,0,4.3839740621
2024-01-12 03:00:00,RIG_DEGRADATION,3,12,4,36.1002883513,42.7978945097,49.0062467071,0.45857704990000003,42.7358636763,61.9603265256,53.6706970327,STANDBY,0,0,4.3816581751
2024-01-12 04:00:00,RIG_DEGRADATION,4,12,4,38.3565563732,44.6529693813,52.5220855318,0.5281118195,40.8241352478,69.5298522432,57.7193576591,STANDBY,0,0,4.3793422881
2024-01-12 05:00:00,RIG_DEGRADATION,5,12,4,45.9749206378,43.6588141618,51.7787236064,0.4428752634,43.1989720236,62.6719615534,52.0992264316,STANDBY,0,0,4.3770264011
2024-01-12 06:00:00,RIG_DEGRADATION,6,12,4,54.1504325269,61.7847782641,66.1498278304,0.5100702872,45.3124150216,67.2475542106,66.6947625553,HIGH_PRODUCTION,0,0,4.3747105141
2024-01-12 07:00:00,RIG_DEGRADATION,7,12,4,62.325944416,73.2308390705,75.4840913302,0.575702613,45.3464974187,66.5023144416,81.6605271642,HIGH_PRODUCTION,0,0,4.3723946271
2024-01-12 08:00:00,RIG_DEGRADATION,8,12,4,69.9443086806,70.1232317738,74.8068072203,0.5394040213,48.3511556079,72.2702479122,84.30393167,HIGH_PRODUCTION,0,0,4.3700787402
2024-01-12 09:00:00,RIG_DEGRADATION,9,12,4,76.4863463859,83.9040869423,87.0657729825,0.5124329913,51.3492808062,74.7065136436,94.0717057928,HIGH_PRODUCTION,0,0,4.3677628532
2024-01-12 10:00:00,RIG_DEGRADATION,10,12,4,81.5062284735,93.0396270079,93.522767846,0.5838311014,56.970254333,74.7403001633,104.0209785816,HIGH_PRODUCTION,0,0,4.3654469662
2024-01-12 11:00:00,RIG_DEGRADATION,11,12,4,84.661858275,82.111036373,85.3079345639,0.5855941597000001,54.0984710405,72.0903456912,88.9025221448,HIGH_PRODUCTION,0,0,4.3631310792
2024-01-12 12:00:00,RIG_DEGRADATION,12,12,4,85.7381848343,85.5009071735,87.7409789451,0.6135812769,52.9443406438,74.5785868749,89.1979498122,HIGH_PRODUCTION,0,0,4.3608151922000005
2024-01-12 13:00:00,RIG_DEGRADATION,13,12,4,84.661858275,92.8977799748,90.9223209529,0.6889749941000001,51.663471313,74.1604736025,93.5388441009,HIGH_PRODUCTION,0,0,4.3584993052
2024-01-12 14:00:00,RIG_DEGRADATION,14,12,4,81.5062284735,87.9870963179,89.6597012796,0.6033287041000001,52.2686130106,75.4283708014,91.4489894382,HIGH_PRODUCTION,0,0,4.3561834182
2024-01-12 15:00:00,RIG_DEGRADATION,15,12,4,76.4863463859,76.8152258197,77.5230872652,0.545251224,46.0239206,67.9084354778,79.8079627027,HIGH_PRODUCTION,0,0,4.3538675313
2024-01-12 16:00:00,RIG_DEGRADATION,16,12,4,69.9443086806,78.9271205248,81.8683173363,0.6538257527,49.9329476381,78.1091075921,80.8401597866,HIGH_PRODUCTION,0,0,4.3515516443
2024-01-12 17:00:00,RIG_DEGRADATION,17,12,4,62.325944416,66.6514411822,75.3710229161,0.5210310485,43.8355415677,73.6489532882,82.6508212608,HIGH_PRODUCTION,0,0,4.3492357573
2024-01-12 18:00:00,RIG_DEGRADATION,18,12,4,54.1504325269,63.5688253823,64.1936943721,0.5782166771,48.3455198504,65.3365999476,63.095510149,HIGH_PRODUCTION,0,0,4.3469198703
2024-01-12 19:00:00,RIG_DEGRADATION,19,12,4,45.9749206378,44.5328807367,53.740644904,0.4452054446,42.1995290194,66.0453267422,56.4411192196,HIGH_PRODUCTION,0,0,4.3446039833
2024-01-12 20:00:00,RIG_DEGRADATION,20,12,4,38.3565563732,41.4475680283,49.8131841632,0.5632680089000001,40.9912492023,60.4105636521,57.0813009758,HIGH_PRODUCTION,0,0,4.3422880963
2024-01-12 21:00:00,RIG_DEGRADATION,21,12,4,36.1002883513,44.2397825844,52.1673923645,0.4900786253,43.9208164179,65.7390387159,60.9932947538,HIGH_PRODUCTION,0,0,4.3399722094
2024-01-12 22:00:00,RIG_DEGRADATION,22,12,4,36.1002883513,41.7575071493,45.8714619423,0.5414009236,41.294776604,62.5773849215,50.9812629653,STANDBY,0,0,4.3376563224
2024-01-12 23:00:00,RIG_DEGRADATION,23,12,4,36.1002883513,37.6044249428,46.7961095591,0.4630196837,39.7505039239,57.9272911769,52.5912157717,STANDBY,0,0,4.3353404354
2024-01-13 00:00:00,RIG_DEGRADATION,0,13,5,36.8726740701,38.3345945061,46.2609222902,0.45014922490000003,37.0874207292,66.6926960678,52.7573567953,STANDBY,0,0,4.3330245484
2024-01-13 01:00:00,RIG_DEGRADATION,1,13,5,36.8726740701,40.6940941188,45.2541708738,0.45859748370000003,42.1981875232,64.806201572,47.2986953524,STANDBY,0,0,4.3307086614
2024-01-13 02:00:00,RIG_DEGRADATION,2,13,5,36.8726740701,41.5033406636,48.5687591169,0.4142385163,40.873670778,63.1922183333,52.9578800944,STANDBY,0,0,4.3283927744
2024-01-13 03:00:00,RIG_DEGRADATION,3,13,5,36.8726740701,28.0248031653,41.3507181952,0.4028474072,38.8350765836,59.1337699034,45.1702957002,STANDBY,0,0,4.3260768874
2024-01-13 04:00:00,RIG_DEGRADATION,4,13,5,39.1772161995,47.9819413051,54.0812450862,0.5043802644000001,40.7498972824,59.7163097971,57.0719567063,STANDBY,0,0,4.3237610005
2024-01-13 05:00:00,RIG_DEGRADATION,5,13,5,46.9585795986,51.0747282415,58.4057213566,0.46138066800000005,41.2442428485,62.7664849075,60.4914545028,STANDBY,0,0,4.3214451135
2024-01-13 06:00:00,RIG_DEGRADATION,6,13,5,55.3090111052,59.1996869868,67.3780799221,0.5376409404,46.2274029749,66.2880947117,75.3155103723,HIGH_PRODUCTION,0,0,4.3191292265
2024-01-13 07:00:00,RIG_DEGRADATION,7,13,5,63.6594426117,64.1173620677,76.0812661793,0.5524786619000001,47.7829776445,68.2526235681,78.1651151168,HIGH_PRODUCTION,0,0,4.3168133395
2024-01-13 08:00:00,RIG_DEGRADATION,8,13,5,71.4408060109,70.6674265396,74.8977743631,0.5612452145,50.8072541641,72.717974883,77.7850175147,HIGH_PRODUCTION,0,0,4.3144974525
2024-01-13 09:00:00,RIG_DEGRADATION,9,13,5,78.1228142462,88.5743714717,88.2497244183,0.6504851259000001,50.5963467393,74.5240354997,93.135794387,HIGH_PRODUCTION,0,0,4.3121815655
2024-01-13 10:00:00,RIG_DEGRADATION,10,13,5,83.2500994991,89.1917491802,86.7897349491,0.6514167138,53.5815835026,75.4299080897,88.681250813,HIGH_PRODUCTION,0,0,4.3098656786
2024-01-13 11:00:00,RIG_DEGRADATION,11,13,5,86.4732457528,91.3682299039,95.0,0.6727096496,53.5239049754,72.1973853758,102.134941596,HIGH_PRODUCTION,0,0,4.3075497916
2024-01-13 12:00:00,RIG_DEGRADATION,12,13,5,87.5726009166,91.8747963515,90.8035733477,0.640922811,51.3877950055,76.3226947452,102.9427147352,HIGH_PRODUCTION,0,0,4.3052339046
2024-01-13 13:00:00,RIG_DEGRADATION,13,13,5,86.4732457528,91.8356032587,90.3026167208,0.6677837106,51.4895625926,80.6091759282,93.342904156,HIGH_PRODUCTION,0,0,4.3029180176
2024-01-13 14:00:00,RIG_DEGRADATION,14,13,5,83.2500994991,91.2014884964,95.0,0.6557301212000001,53.9608273813,72.5112590657,104.1111096579,HIGH_PRODUCTION,0,0,4.3006021306
2024-01-13 15:00:00,RIG_DEGRADATION,15,13,5,78.1228142462,88.4951799769,88.0904618553,0.5960930994,53.7433539073,74.8551070103,96.5626767758,HIGH_PRODUCTION,0,0,4.2982862436
2024-01-13 16:00:00,RIG_DEGRADATION,16,13,5,71.4408060109,67.1201717698,70.786550667,0.5433983646,46.0976284773,71.887407593,76.9414589365,HIGH_PRODUCTION,0,0,4.2959703566
2024-01-13 17:00:00,RIG_DEGRADATION,17,13,5,63.6594426117,71.3722969515,70.7031989138,0.5038771237,46.892362857,70.4162129794,79.2618105151,HIGH_PRODUCTION,0,0,4.2936544697
2024-01-13 18:00:00,RIG_DEGRADATION,18,13,5,55.3090111052,58.0084269603,68.4728459523,0.5624701732,41.8799613698,63.774600111,71.8519063225,HIGH_PRODUCTION,0,0,4.2913385827
2024-01-13 19:00:00,RIG_DEGRADATION,19,13,5,46.9585795986,46.966217034,58.967521965,0.5151495017000001,47.8487228731,63.1604987678,65.4895770227,HIGH_PRODUCTION,0,0,4.2890226957
2024-01-13 20:00:00,RIG_DEGRADATION,20,13,5,39.1772161995,39.4096197582,48.6384069461,0.4375848829,38.7893400806,64.5140342762,55.5226056467,HIGH_PRODUCTION,0,0,4.2867068087
2024-01-13 21:00:00,RIG_DEGRADATION,21,13,5,36.8726740701,49.2757702896,56.2043678058,0.481604317,40.3988221235,64.4323797462,63.6269194634,HIGH_PRODUCTION,0,0,4.2843909217
2024-01-13 22:00:00,RIG_DEGRADATION,22,13,5,36.8726740701,41.5390122894,49.2890362949,0.4081985802,41.9108475803,62.910112312,56.6392903494,STANDBY,0,0,4.2820750347
2024-01-13 23:00:00,RIG_DEGRADATION,23,13,5,36.8726740701,39.7983398448,43.9345609244,0.5542990955,39.5765861975,59.8515309633,49.2992935875,STANDBY,0,0,4.2797591478
2024-01-14 00:00:00,RIG_DEGRADATION,0,14,6,38.2644650435,35.2553248893,41.8691887299,0.513047465,38.580468855,57.4589436716,46.4382257152,STANDBY,0,0,4.2774432608
2024-01-14 01:00:00,RIG_DEGRADATION,1,14,6,38.2644650435,40.1293085148,48.0224457082,0.49912924810000003,38.4601573026,63.34259916,54.9199421613,STANDBY,0,0,4.2751273738
2024-01-14 02:00:00,RIG_DEGRADATION,2,14,6,38.2644650435,49.3156533968,52.8853946665,0.4641497129,43.4063782781,66.1889365739,59.0482308864,STANDBY,0,0,4.2728114868
2024-01-14 03:00:00,RIG_DEGRADATION,3,14,6,38.2644650435,37.5838531423,48.9632047199,0.4704289518,37.4647014947,57.9951531613,59.8719523923,STANDBY,0,0,4.2704955998
2024-01-14 04:00:00,RIG_DEGRADATION,4,14,6,40.6559941088,44.7386817411,54.3263915089,0.483812383,38.971780077700004,66.4009863251,59.5301411484,STANDBY,0,0,4.2681797128
2024-01-14 05:00:00,RIG_DEGRADATION,5,14,6,48.7310717994,51.1729126757,58.1343712604,0.5309543107,42.230966077,72.9358302828,59.0414605674,STANDBY,0,0,4.2658638258
2024-01-14 06:00:00,RIG_DEGRADATION,6,14,6,57.3966975653,63.0279362071,63.8525656685,0.5081026916,45.1101790741,69.3744212798,67.6036710904,HIGH_PRODUCTION,0,0,4.2635479389
2024-01-14 07:00:00,RIG_DEGRADATION,7,14,6,66.0623233312,68.6189135329,75.5221323982,0.47620092300000005,48.6435428388,73.4267670323,81.3209363856,HIGH_PRODUCTION,0,0,4.2612320519
2024-01-14 08:00:00,RIG_DEGRADATION,8,14,6,74.1374010218,75.5192386904,79.8775642693,0.5403722808,46.2586326338,70.7901448304,83.3506071935,HIGH_PRODUCTION,0,0,4.2589161649000005
2024-01-14 09:00:00,RIG_DEGRADATION,9,14,6,81.0716274372,87.4882979836,94.0405576905,0.5958587362000001,53.7785595243,74.9605134808,93.9022229452,HIGH_PRODUCTION,0,0,4.2566002779
2024-01-14 10:00:00,RIG_DEGRADATION,10,14,6,86.3924465065,88.7220244868,88.465115617,0.6457152939,54.1111600066,75.7380758331,91.3476756513,HIGH_PRODUCTION,0,0,4.2542843909
2024-01-14 11:00:00,RIG_DEGRADATION,11,14,6,89.7372532031,102.0133563778,95.0,0.6839303188,57.738080718,80.7279395233,102.0843221901,HIGH_PRODUCTION,0,0,4.2519685039
2024-01-14 12:00:00,RIG_DEGRADATION,12,14,6,90.8781044784,91.3209621928,95.0,0.5665403274,50.5931547405,79.7550031445,90.8026461342,HIGH_PRODUCTION,0,0,4.249652617
2024-01-14 13:00:00,RIG_DEGRADATION,13,14,6,89.7372532031,99.7247734359,94.4782425841,0.6225582287,53.0498657224,78.5272119067,102.8676348167,HIGH_PRODUCTION,0,0,4.24733673
2024-01-14 14:00:00,RIG_DEGRADATION,14,14,6,86.3924465065,90.6481230667,90.8755219136,0.5679207270000001,53.8958118695,74.1120698695,98.6470532939,HIGH_PRODUCTION,0,0,4.245020843
2024-01-14 15:00:00,RIG_DEGRADATION,15,14,6,81.0716274372,86.8744937838,89.2733665594,0.6701639288,56.3612564768,74.5368905264,94.6202065192,HIGH_PRODUCTION,0,0,4.242704956
2024-01-14 16:00:00,RIG_DEGRADATION,16,14,6,74.1374010218,80.8515172318,84.5118730131,0.7150644017000001,50.3001982396,74.9429936787,84.1974818439,HIGH_PRODUCTION,0,0,4.240389069
2024-01-14 17:00:00,RIG_DEGRADATION,17,14,6,66.0623233312,64.3273444747,71.8562379369,0.560882467,47.0208952655,66.5316487669,70.9150389034,HIGH_PRODUCTION,0,0,4.238073182
2024-01-14 18:00:00,RIG_DEGRADATION,18,14,6,57.3966975653,67.7263188933,68.5881714539,0.6399106566,44.971945691,69.6614921845,73.4622891974,HIGH_PRODUCTION,0,0,4.235757295
2024-01-14 19:00:00,RIG_DEGRADATION,19,14,6,48.7310717994,53.8079448644,58.9014150451,0.567248353,43.9238346814,62.9471880835,61.3021512242,HIGH_PRODUCTION,0,0,4.2334414081
2024-01-14 20:00:00,RIG_DEGRADATION,20,14,6,40.6559941088,47.1121218175,54.3219772202,0.5343707010000001,41.6236797164,66.4532232701,57.1477357842,HIGH_PRODUCTION,0,0,4.2311255211
2024-01-14 21:00:00,RIG_DEGRADATION,21,14,6,38.2644650435,49.5864884335,51.3563585981,0.40220356430000004,43.6897547148,63.1152600572,58.752779258,HIGH_PRODUCTION,0,0,4.2288096341
2024-01-14 22:00:00,RIG_DEGRADATION,22,14,6,38.2644650435,43.2746864593,46.7701764975,0.4753979394,42.5199920328,58.2733867943,55.4829587026,STANDBY,0,0,4.2264937471
2024-01-14 23:00:00,RIG_DEGRADATION,23,14,6,38.2644650435,42.9569414103,46.1640782642,0.4738955971,41.6624917484,64.77179794,56.0099003008,STANDBY,0,0,4.2241778601
2024-01-15 00:00:00,RIG_DEGRADATION,0,15,0,40.0,48.0017212094,50.1545372983,0.42337332980000003,41.0331502748,64.1289826436,61.7422617503,STANDBY,0,0,4.2218619731
2024-01-15 01:00:00,RIG_DEGRADATION,1,15,0,40.0,42.1091450728,45.8320867781,0.5196958585,38.6069180156,61.0209534334,51.8730823759,STANDBY,0,0,4.2195460862
2024-01-15 02:00:00,RIG_DEGRADATION,2,15,0,40.0,44.8675760913,51.2039668237,0.5067400197,43.2866261202,59.1971452803,53.412646842,STANDBY,0,0,4.2172301992
2024-01-15 03:00:00,RIG_DEGRADATION,3,15,0,40.0,34.4936795697,47.1408387574,0.40654593600000005,39.7554264886,57.1888708248,53.2553972216,STANDBY,0,0,4.2149143122
2024-01-15 04:00:00,RIG_DEGRADATION,4,15,0,42.5,43.3600055361,54.1103348039,0.42705575970000004,43.2043743196,61.3264755736,59.1682531258,STANDBY,0,0,4.2125984252
2024-01-15 05:00:00,RIG_DEGRADATION,5,15,0,50.9413334214,53.1374764499,56.9746592362,0.5106425528,42.8155912252,60.9521558419,64.397049558,STANDBY,0,0,4.2102825382
2024-01-15 06:00:00,RIG_DEGRADATION,6,15,0,60.0,66.4715342561,67.1986058792,0.6594633598,43.7006879769,69.3380322429,71.0441754741,HIGH_PRODUCTION,0,0,4.2079666512
2024-01-15 07:00:00,RIG_DEGRADATION,7,15,0,69.0586665786,71.3687333374,75.6201527631,0.5849940612,43.0573270601,68.7230452442,83.3310043397,HIGH_PRODUCTION,0,0,4.2056507642
2024-01-15 08:00:00,RIG_DEGRADATION,8,15,0,77.5,87.5820895653,85.4909522372,0.6767668412000001,48.8077857844,76.6443246425,91.2346977851,HIGH_PRODUCTION,0,0,4.2033348773
2024-01-15 09:00:00,RIG_DEGRADATION,9,15,0,84.7487373415,98.6685083078,91.7994354125,0.6138534830000001,53.0233907109,78.6692261393,96.4878349634,HIGH_PRODUCTION,0,0,4.2010189903
2024-01-15 10:00:00,RIG_DEGRADATION,10,15,0,90.3108891325,93.8202548689,93.984181731,0.6509407098000001,53.0871466927,78.0946275322,102.8122886885,HIGH_PRODUCTION,0,0,4.1987031033
2024-01-15 11:00:00,RIG_DEGRADATION,11,15,0,93.8074039201,98.3949533798,93.9892097941,0.7170558142,53.8536693587,71.2954281271,98.10365545,HIGH_PRODUCTION,0,0,4.1963872163
2024-01-15 12:00:00,RIG_DEGRADATION,12,15,0,95.0,97.5559669098,94.065408031,0.7518937679000001,54.890957226,78.0926588268,99.9847064721,HIGH_PRODUCTION,0,0,4.1940713293
2024-01-15 13:00:00,RIG_DEGRADATION,13,15,0,93.8074039201,90.9666036555,89.5963269848,0.6772853354,49.7008127001,79.0562334242,94.2758093029,HIGH_PRODUCTION,0,0,4.1917554423
2024-01-15 14:00:00,RIG_DEGRADATION,14,15,0,90.3108891325,97.6346335014,95.0,0.5946137837000001,56.262493377,79.5010935905,96.9634469049,HIGH_PRODUCTION,0,0,4.1894395553
2024-01-15 15:00:00,RIG_DEGRADATION,15,15,0,84.7487373415,103.1471870347,93.8054709611,0.7431139068,58.8056542413,81.0051120087,100.6674812257,HIGH_PRODUCTION,0,0,4.1871236684
2024-01-15 16:00:00,RIG_DEGRADATION,16,15,0,77.5,78.4931724125,77.1351631812,0.6192542365,50.000223406,75.7395859821,78.1166970265,HIGH_PRODUCTION,0,0,4.1848077814
2024-01-15 17:00:00,RIG_DEGRADATION,17,15,0,69.0586665786,72.4427592674,75.8897664492,0.5377215182,47.2812603511,72.5692363024,84.5279824133,HIGH_PRODUCTION,0,0,4.1824918944
2024-01-15 18:00:00,RIG_DEGRADATION,18,15,0,60.0,67.1377121279,71.5353440112,0.5677524194,46.6309958464,70.1917458622,77.185236467,HIGH_PRODUCTION,0,0,4.1801760074
2024-01-15 19:00:00,RIG_DEGRADATION,19,15,0,50.9413334214,52.8078283817,60.3094490512,0.5784941971,46.2538704027,60.7531658797,63.5522259923,HIGH_PRODUCTION,0,0,4.1778601204
2024-01-15 20:00:00,RIG_DEGRADATION,20,15,0,42.5,52.2705351314,53.8951178861,0.5962074985,45.0250355888,68.6070461334,60.6662677679,HIGH_PRODUCTION,0,0,4.1755442334
2024-01-15 21:00:00,RIG_DEGRADATION,21,15,0,40.0,41.8632041435,50.8290753632,0.4994816869,42.193644671,63.6020464789,55.7773327344,HIGH_PRODUCTION,0,0,4.1732283465
2024-01-15 22:00:00,RIG_DEGRADATION,22,15,0,40.0,40.5592032865,46.9052092718,0.5081986127,39.7198649465,57.6366772075,52.176148951,STANDBY,0,0,4.1709124595
2024-01-15 23:00:00,RIG_DEGRADATION,23,15,0,40.0,48.2657299997,46.5712148377,0.5919720023,41.8475628649,64.7361001983,49.5814065081,STANDBY,0,0,4.1685965725
2024-01-16 00:00:00,RIG_DEGRADATION,0,16,1,38.2644650435,54.7916809383,53.8727648997,0.5342569449,41.9705856769,69.8024995018,58.5113449129,STANDBY,0,0,4.1662806855
2024-01-16 01:00:00,RIG_DEGRADATION,1,16,1,38.2644650435,42.2954380027,48.1518155854,0.4649122412,38.3852781581,62.2275603662,55.2058384005,STANDBY,0,0,4.1639647985
2024-01-16 02:00:00,RIG_DEGRADATION,2,16,1,38.2644650435,49.5749389593,55.3665443682,0.4574796219,42.7201451234,64.390473365,63.9841904259,STANDBY,0,0,4.1616489115
2024-01-16 03:00:00,RIG_DEGRADATION,3,16,1,38.2644650435,47.3262035888,52.4134330545,0.5071093315,40.1446577939,65.1346605483,61.0233014995,STANDBY,0,0,4.1593330245
2024-01-16 04:00:00,RIG_DEGRADATION,4,16,1,40.6559941088,38.7112515622,50.6915252584,0.4825720768,36.3370283901,60.7193583458,52.2752127643,STANDBY,0,0,4.1570171376
2024-01-16 05:00:00,RIG_DEGRADATION,5,16,1,48.7310717994,58.5617841095,64.3837209312,0.5795264880000001,46.1223767131,65.3627161724,65.8546471715,STANDBY,0,0,4.1547012506
2024-01-16 06:00:00,RIG_DEGRADATION,6,16,1,57.3966975653,73.9268693194,73.3762040105,0.5678297656,47.4551247866,72.3313169199,81.5152293499,HIGH_PRODUCTION,0,0,4.1523853636
2024-01-16 07:00:00,RIG_DEGRADATION,7,16,1,66.0623233312,72.7851217758,72.3536229751,0.4991197558,49.1452517361,71.9932623022,79.7499507163,HIGH_PRODUCTION,0,0,4.1500694766
2024-01-16 08:00:00,RIG_DEGRADATION,8,16,1,74.1374010218,77.3490350573,80.2394190592,0.5412253735,49.5313064422,73.9153972774,90.5840617557,HIGH_PRODUCTION,0,0,4.1477535896
2024-01-16 09:00:00,RIG_DEGRADATION,9,16,1,81.0716274372,93.4517704166,93.6013809235,0.7401606894,50.6203081681,74.2657219731,101.5502891653,HIGH_PRODUCTION,0,0,4.1454377026
2024-01-16 10:00:00,RIG_DEGRADATION,10,16,1,86.3924465065,96.5359950276,95.0,0.7171413011000001,52.210948865,78.0337721297,103.6601075359,HIGH_PRODUCTION,0,0,4.1431218157
2024-01-16 11:00:00,RIG_DEGRADATION,11,16,1,89.7372532031,93.73919112,95.0,0.7196179455,54.0518254282,78.6747711952,96.9135918748,HIGH_PRODUCTION,0,0,4.1408059287
2024-01-16 12:00:00,RIG_DEGRADATION,12,16,1,90.8781044784,95.9005414696,94.9196381868,0.6082501585,49.5073138969,79.7016278355,97.5699325787,HIGH_PRODUCTION,0,0,4.1384900417
2024-01-16 13:00:00,RIG_DEGRADATION,13,16,1,89.7372532031,87.2628046513,89.1669201103,0.6169057653000001,50.4986013227,76.3124746973,95.6284851541,HIGH_PRODUCTION,0,0,4.1361741547
2024-01-16 14:00:00,RIG_DEGRADATION,14,16,1,86.3924465065,93.8568782312,94.5816030196,0.693754697,52.2796284082,77.0879965071,99.2627382605,HIGH_PRODUCTION,0,0,4.1338582677
2024-01-16 15:00:00,RIG_DEGRADATION,15,16,1,81.0716274372,83.3498754785,86.6966957905,0.5432184965,52.2503375152,77.5072601453,90.6512155397,HIGH_PRODUCTION,0,0,4.1315423807
2024-01-16 16:00:00,RIG_DEGRADATION,16,16,1,74.1374010218,72.0101351259,71.6795013438,0.4930360783,47.8463177857,67.0172979143,86.6886754476,HIGH_PRODUCTION,0,0,4.1292264937
2024-01-16 17:00:00,RIG_DEGRADATION,17,16,1,66.0623233312,77.9202970162,78.1098679192,0.5392465541,54.6562721283,73.1618285688,82.2937777172,HIGH_PRODUCTION,0,0,4.1269106068
2024-01-16 18:00:00,RIG_DEGRADATION,18,16,1,57.3966975653,61.0275343821,67.2451919195,0.518525636,46.3267802544,67.4978553886,71.2646915096,HIGH_PRODUCTION,0,0,4.1245947198
2024-01-16 19:00:00,RIG_DEGRADATION,19,16,1,48.7310717994,56.0352653711,62.7411404702,0.5896986703,43.0822544785,71.8936784156,67.3730576944,HIGH_PRODUCTION,0,0,4.1222788328
2024-01-16 20:00:00,RIG_DEGRADATION,20,16,1,40.6559941088,39.1526135212,47.2455553129,0.5069838586000001,39.522019658,64.1559871507,50.194225258,HIGH_PRODUCTION,0,0,4.1199629458
2024-01-16 21:00:00,RIG_DEGRADATION,21,16,1,38.2644650435,41.4177385907,50.097895729,0.5282708728000001,36.4626303211,56.6306510716,55.5960220396,HIGH_PRODUCTION,0,0,4.1176470588
2024-01-16 22:00:00,RIG_DEGRADATION,22,16,1,38.2644650435,45.3702928008,47.3106974414,0.4829961853,40.8845648495,61.4736649946,58.4071488389,STANDBY,0,0,4.1153311718
2024-01-16 23:00:00,RIG_DEGRADATION,23,16,1,38.2644650435,45.4717360171,48.7431089953,0.44236334590000004,39.2424284759,64.8043411106,51.5953147591,STANDBY,0,0,4.1130152849
2024-01-17 00:00:00,RIG_DEGRADATION,0,17,2,36.8726740701,38.3825315152,47.0243277338,0.48728637480000003,37.9152567986,61.5719752593,53.1323516364,STANDBY,0,0,4.1106993979
2024-01-17 01:00:00,RIG_DEGRADATION,1,17,2,36.8726740701,41.3711466143,50.7411623582,0.47308005740000003,39.5220222176,61.7247741941,56.4218684271,STANDBY,0,0,4.1083835109
2024-01-17 02:00:00,RIG_DEGRADATION,2,17,2,36.8726740701,47.3840532576,49.4404356909,0.49394508870000003,45.0508110652,66.1014296737,52.898429852,STANDBY,0,0,4.1060676239
2024-01-17 03:00:00,RIG_DEGRADATION,3,17,2,36.8726740701,46.2151858658,51.1937389481,0.5423216302,43.9122225008,59.5608170346,54.0618143141,STANDBY,0,0,4.1037517369
2024-01-17 04:00:00,RIG_DEGRADATION,4,17,2,39.1772161995,45.2397161313,54.6832704847,0.5122275579,39.7934538369,63.4142765914,64.410825169,STANDBY,0,0,4.1014358499
2024-01-17 05:00:00,RIG_DEGRADATION,5,17,2,46.9585795986,47.4806556512,55.3291733396,0.485928236,37.9053250357,61.8596859154,59.94968352,STANDBY,0,0,4.0991199629
2024-01-17 06:00:00,RIG_DEGRADATION,6,17,2,55.3090111052,59.7444345135,66.7739358947,0.5519608377,44.234819067,67.0672367822,71.0534088711,HIGH_PRODUCTION,0,0,4.096804076
2024-01-17 07:00:00,RIG_DEGRADATION,7,17,2,63.6594426117,68.5069614414,69.9587600286,0.5261129843,44.2026115795,77.1608041328,83.3356434448,HIGH_PRODUCTION,0,0,4.094488189
2024-01-17 08:00:00,RIG_DEGRADATION,8,17,2,71.4408060109,74.3818874013,81.5567517647,0.5553676067000001,47.6529286098,74.6705890966,85.0486915695,HIGH_PRODUCTION,0,0,4.092172302
2024-01-17 09:00:00,RIG_DEGRADATION,9,17,2,78.1228142462,78.1829410389,82.9726262579,0.5915229230000001,48.3332505959,68.2764781067,92.944103547,HIGH_PRODUCTION,0,0,4.089856415
2024-01-17 10:00:00,RIG_DEGRADATION,10,17,2,83.2500994991,89.9631319327,91.2715407986,0.5671628046,54.3574474133,79.4965667275,97.1179575132,HIGH_PRODUCTION,0,0,4.087540528
2024-01-17 11:00:00,RIG_DEGRADATION,11,17,2,86.4732457528,91.7272925296,91.4996550086,0.6718475404,54.5297767889,73.5903482259,97.9201165322,HIGH_PRODUCTION,0,0,4.085224641
2024-01-17 12:00:00,RIG_DEGRADATION,12,17,2,87.5726009166,100.3737091653,95.0,0.5944588851,54.538987283,79.0753258765,101.9383525706,HIGH_PRODUCTION,0,0,4.0829087541
2024-01-17 13:00:00,RIG_DEGRADATION,13,17,2,86.4732457528,90.6826065144,94.8555266945,0.5896076084,52.9701793432,79.4440723989,101.2878882129,HIGH_PRODUCTION,0,0,4.0805928671
2024-01-17 14:00:00,RIG_DEGRADATION,14,17,2,83.2500994991,86.8491649881,90.0137397791,0.6048079119,52.4063570974,79.4073600736,94.9954446322,HIGH_PRODUCTION,0,0,4.0782769801
2024-01-17 15:00:00,RIG_DEGRADATION,15,17,2,78.1228142462,72.7094783961,76.0464857359,0.6010323581,46.4686417382,72.5345101806,82.339683139,HIGH_PRODUCTION,0,0,4.0759610931
2024-01-17 16:00:00,RIG_DEGRADATION,16,17,2,71.4408060109,84.1564605339,84.2165873119,0.616221083,46.3754817632,69.8594768526,91.3200948961,HIGH_PRODUCTION,0,0,4.0736452061
2024-01-17 17:00:00,RIG_DEGRADATION,17,17,2,63.6594426117,60.8178584743,70.6919979419,0.42280088260000004,47.1004780576,67.9806498357,71.16222323,HIGH_PRODUCTION,0,0,4.0713293191
2024-01-17 18:00:00,RIG_DEGRADATION,18,17,2,55.3090111052,54.4733340602,62.5004459438,0.4979917439,45.009934357,63.3074725199,72.8059175065,HIGH_PRODUCTION,0,0,4.0690134321
2024-01-17 19:00:00,RIG_DEGRADATION,19,17,2,46.9585795986,56.1718513598,63.4573533731,0.6134547945000001,44.6427697127,60.4880572111,69.2397033364,HIGH_PRODUCTION,0,0,4.0666975452
2024-01-17 20:00:00,RIG_DEGRADATION,20,17,2,39.1772161995,45.9883732756,55.5351214577,0.5354338778000001,43.0368359815,60.9064303933,61.6841043065,HIGH_PRODUCTION,0,0,4.0643816582
2024-01-17 21:00:00,RIG_DEGRADATION,21,17,2,36.8726740701,42.9725105156,51.9655187783,0.4443504019,39.1865299778,62.4124411948,58.4316462046,HIGH_PRODUCTION,0,0,4.0620657712
2024-01-17 22:00:00,RIG_DEGRADATION,22,17,2,36.8726740701,40.4397577571,45.7313907937,0.46733323590000003,38.8172432874,65.3732125535,52.2854407513,STANDBY,0,0,4.0597498842
2024-01-17 23:00:00,RIG_DEGRADATION,23,17,2,36.8726740701,34.6332306551,43.7917777555,0.5186179294000001,36.1612328948,66.9338748573,49.1568129171,STANDBY,0,0,4.0574339972
2024-01-18 00:00:00,RIG_DEGRADATION,0,18,3,36.1002883513,43.7844807206,50.2499271632,0.48046734230000004,41.8389866742,64.6687440095,50.0517857945,STANDBY,0,0,4.0551181102
2024-01-18 01:00:00,RIG_DEGRADATION,1,18,3,36.1002883513,45.139005318,50.201351652,0.4607118155,41.7097181092,61.3146357687,50.5838371582,STANDBY,0,0,4.0528022233
2024-01-18 02:00:00,RIG_DEGRADATION,2,18,3,36.1002883513,36.5006957047,47.0626611359,0.44371098480000004,39.0287146705,56.8458534973,51.0709978288,STANDBY,0,0,4.0504863363
2024-01-18 03:00:00,RIG_DEGRADATION,3,18,3,36.1002883513,43.1933456145,53.1404433025,0.5180783626000001,40.9165686833,62.9610018564,54.6881904523,STANDBY,0,0,4.0481704493
2024-01-18 04:00:00,RIG_DEGRADATION,4,18,3,38.3565563732,50.3098927491,56.699650724,0.5432897767,40.1839520089,64.2176994286,65.2158039061,STANDBY,0,0,4.0458545623
2024-01-18 05:00:00,RIG_DEGRADATION,5,18,3,45.9749206378,43.2938274555,54.859205356,0.5653534987000001,39.2369577758,60.7553946682,62.0309827722,STANDBY,0,0,4.0435386753
2024-01-18 06:00:00,RIG_DEGRADATION,6,18,3,54.1504325269,59.1012289924,67.4891143464,0.5631537624,42.943714141,65.5009503517,74.4413633191,HIGH_PRODUCTION,0,0,4.0412227883
2024-01-18 07:00:00,RIG_DEGRADATION,7,18,3,62.325944416,63.9413409179,68.5200286116,0.5972124961,47.8042411608,74.2406936467,74.2570144726,HIGH_PRODUCTION,0,0,4.0389069013
2024-01-18 08:00:00,RIG_DEGRADATION,8,18,3,69.9443086806,70.6958462134,78.4175965676,0.5666824456,45.1360374624,70.6729670779,83.6902367123,HIGH_PRODUCTION,0,0,4.0365910144
2024-01-18 09:00:00,RIG_DEGRADATION,9,18,3,76.4863463859,82.9439289542,83.5251624346,0.5838261558,50.7858982242,77.0900112496,89.3196588362,HIGH_PRODUCTION,0,0,4.0342751274
2024-01-18 10:00:00,RIG_DEGRADATION,10,18,3,81.5062284735,88.5049428925,91.6521909017,0.5934543267,53.9598107616,77.5066059967,99.6146523533,HIGH_PRODUCTION,0,0,4.0319592404
2024-01-18 11:00:00,RIG_DEGRADATION,11,18,3,84.661858275,91.7751610371,93.3992066436,0.6392497500000001,52.1303936292,77.3924204167,96.270692795,HIGH_PRODUCTION,0,0,4.0296433534
2024-01-18 12:00:00,RIG_DEGRADATION,12,18,3,85.7381848343,94.6039514003,94.1098398778,0.6381663793,55.9459821089,80.4114095681,97.4727455995,HIGH_PRODUCTION,0,0,4.0273274664
2024-01-18 13:00:00,RIG_DEGRADATION,13,18,3,84.661858275,91.2819653331,93.3438960729,0.5909850018,51.8893975507,77.7424883491,96.1784176848,HIGH_PRODUCTION,0,0,4.0250115794
2024-01-18 14:00:00,RIG_DEGRADATION,14,18,3,81.5062284735,91.7718593072,92.0448407878,0.6123969167000001,55.6149069173,78.0746184229,94.9052357974,HIGH_PRODUCTION,0,0,4.0226956925
2024-01-18 15:00:00,RIG_DEGRADATION,15,18,3,76.4863463859,80.3386874399,81.1440106362,0.7122173602,50.428645098,73.9058711152,86.495140624,HIGH_PRODUCTION,0,0,4.0203798055
2024-01-18 16:00:00,RIG_DEGRADATION,16,18,3,69.9443086806,81.3202233647,81.6631044343,0.5770700375,51.1012507327,71.1035120522,90.2566898419,HIGH_PRODUCTION,0,0,4.0180639185
2024-01-18 17:00:00,RIG_DEGRADATION,17,18,3,62.325944416,64.5244907937,68.8980148126,0.5615053136,45.1851316616,70.0733867973,73.6376487437,HIGH_PRODUCTION,0,0,4.0157480315
2024-01-18 18:00:00,RIG_DEGRADATION,18,18,3,54.1504325269,52.2823325199,59.6838702246,0.3990112163,42.1378982942,67.8244228848,71.0510613514,HIGH_PRODUCTION,0,0,4.0134321445
2024-01-18 19:00:00,RIG_DEGRADATION,19,18,3,45.9749206378,55.2746882083,60.3953665816,0.5225874994,43.1682189203,68.6484447593,66.4314714016,HIGH_PRODUCTION,0,0,4.0111162575
2024-01-18 20:00:00,RIG_DEGRADATION,20,18,3,38.3565563732,44.7642455023,54.1574828254,0.5612996674,41.8437926133,65.9944397585,57.9603298942,HIGH_PRODUCTION,0,0,4.0088003705
2024-01-18 21:00:00,RIG_DEGRADATION,21,18,3,36.1002883513,35.684382084,43.8994305595,0.4669225383,37.9998060429,61.047639542,54.0650996618,HIGH_PRODUCTION,0,0,4.0064844836
2024-01-18 22:00:00,RIG_DEGRADATION,22,18,3,36.1002883513,50.6586780733,50.5652011422,0.4815250775,41.9659275275,66.2086076503,55.7777090643,STANDBY,0,0,4.0041685966
2024-01-18 23:00:00,RIG_DEGRADATION,23,18,3,36.1002883513,33.7066723476,39.5554946481,0.4276851826,35.9902667104,58.6286296303,46.9349821376,STANDBY,0,0,4.0018527096
2024-01-19 00:00:00,RIG_DEGRADATION,0,19,4,36.1002883513,47.8946933323,48.9488245123,0.5456956319,42.2643172005,63.6581464926,50.6194976016,STANDBY,0,0,3.9995368226
2024-01-19 01:00:00,RIG_DEGRADATION,1,19,4,36.1002883513,51.9434019555,51.5767649001,0.582938731,43.1306569144,69.8514404465,56.0126237376,STANDBY,0,0,3.9972209356
2024-01-19 02:00:00,RIG_DEGRADATION,2,19,4,36.1002883513,54.5916425209,53.6920805659,0.6644643028,46.3352098574,63.8625321672,59.6486848826,STANDBY,0,0,3.9949050486
2024-01-19 03:00:00,RIG_DEGRADATION,3,19,4,36.1002883513,46.7055709267,51.6833162501,0.3818021625,44.3054996266,66.3764373019,54.5344487722,STANDBY,0,0,3.9925891615999998
2024-01-19 04:00:00,RIG_DEGRADATION,4,19,4,38.3565563732,49.1684593113,54.4836998937,0.4895819115,43.7590229795,60.3474515324,58.2295029169,STANDBY,0,0,3.9902732747
2024-01-19 05:00:00,RIG_DEGRADATION,5,19,4,45.9749206378,59.3816537158,64.0562753334,0.5601151387000001,42.4134159339,67.7085475551,68.5169563894,STANDBY,0,0,3.9879573877
2024-01-19 06:00:00,RIG_DEGRADATION,6,19,4,54.1504325269,58.1000398643,61.9302826095,0.6000905964000001,43.454028804000004,73.4585659905,68.8236280497,HIGH_PRODUCTION,0,0,3.9856415007
2024-01-19 07:00:00,RIG_DEGRADATION,7,19,4,62.325944416,62.9294427971,68.6843784046,0.6348204879,44.8269904222,69.0303299093,66.3148530773,HIGH_PRODUCTION,0,0,3.9833256137
2024-01-19 08:00:00,RIG_DEGRADATION,8,19,4,69.9443086806,85.1147859681,84.2015903527,0.5992479655,53.3512499212,72.7347997068,85.2690903553,HIGH_PRODUCTION,0,0,3.9810097267
2024-01-19 09:00:00,RIG_DEGRADATION,9,19,4,76.4863463859,78.5623091092,81.1184521747,0.5967814796,51.9730494768,73.4543630296,89.9302882403,HIGH_PRODUCTION,0,0,3.9786938397
2024-01-19 10:00:00,RIG_DEGRADATION,10,19,4,81.5062284735,93.9944041091,89.7580440664,0.6342746745,53.8472832237,80.7650359774,96.9907608825,HIGH_PRODUCTION,0,0,3.9763779528
2024-01-19 11:00:00,RIG_DEGRADATION,11,19,4,84.661858275,95.5887230353,95.0,0.6872685966000001,51.0115593678,77.6552143396,98.1409755367,HIGH_PRODUCTION,0,0,3.9740620658
2024-01-19 12:00:00,RIG_DEGRADATION,12,19,4,85.7381848343,84.7019384647,90.2862094206,0.6796485052,53.6269004635,71.4628260932,97.4509725379,HIGH_PRODUCTION,0,0,3.9717461788
2024-01-19 13:00:00,RIG_DEGRADATION,13,19,4,84.661858275,98.9370231591,91.6607605396,0.7303781687,51.8278961957,81.9310707142,96.7851453142,HIGH_PRODUCTION,0,0,3.9694302918
2024-01-19 14:00:00,RIG_DEGRADATION,14,19,4,81.5062284735,84.1113952711,86.5175790104,0.6513992959,50.2230100807,74.9694326892,88.1550146578,HIGH_PRODUCTION,0,0,3.9671144048
2024-01-19 15:00:00,RIG_DEGRADATION,15,19,4,76.4863463859,80.0435462777,83.2061901302,0.5699084746,51.5999089562,74.8245535845,84.4656771313,HIGH_PRODUCTION,0,0,3.9647985178000003
2024-01-19 16:00:00,RIG_DEGRADATION,16,19,4,69.9443086806,69.7365682985,76.3553637381,0.6222723559000001,49.828882097,70.11248823,77.4764768237,HIGH_PRODUCTION,0,0,3.9624826308000003
2024-01-19 17:00:00,RIG_DEGRADATION,17,19,4,62.325944416,61.8039156094,73.3922033299,0.6835582398000001,45.7720154363,64.5196738874,76.8574460063,HIGH_PRODUCTION,0,0,3.9601667439
2024-01-19 18:00:00,RIG_DEGRADATION,18,19,4,54.1504325269,54.2165856135,60.6534670266,0.6116463053,42.9527278006,68.1906509493,67.8904335979,HIGH_PRODUCTION,0,0,3.9578508569
2024-01-19 19:00:00,RIG_DEGRADATION,19,19,4,45.9749206378,56.9311279434,63.2748331819,0.5091988558,42.2088144384,68.3675205168,65.7556188418,HIGH_PRODUCTION,0,0,3.9555349699
2024-01-19 20:00:00,RIG_DEGRADATION,20,19,4,38.3565563732,52.4343535352,56.3264925019,0.5892286779,41.770032488300004,65.0315140728,59.4121092609,HIGH_PRODUCTION,0,0,3.9532190829
2024-01-19 21:00:00,RIG_DEGRADATION,21,19,4,36.1002883513,32.2961118875,43.47635295,0.6116954142000001,36.9161736657,57.9281033591,49.3053353231,HIGH_PRODUCTION,0,0,3.9509031959
2024-01-19 22:00:00,RIG_DEGRADATION,22,19,4,36.1002883513,43.0184554477,47.1747642193,0.591757777,38.4390924694,61.8192293972,53.7574071241,STANDBY,0,0,3.9485873089
2024-01-19 23:00:00,RIG_DEGRADATION,23,19,4,36.1002883513,42.8847940917,50.5619515764,0.47407390600000004,41.0544209657,65.7335422347,54.2180299529,STANDBY,0,0,3.946271422
2024-01-20 00:00:00,RIG_DEGRADATION,0,20,5,36.8726740701,37.9366136926,46.2853177829,0.4764718311,37.3500677205,64.489798626,49.0570037937,STANDBY,0,0,3.943955535
2024-01-20 01:00:00,RIG_DEGRADATION,1,20,5,36.8726740701,45.6959884338,53.736632011,0.5466792944000001,39.6232019491,62.7077530503,54.9158719141,STANDBY,0,0,3.941639648
2024-01-20 02:00:00,RIG_DEGRADATION,2,20,5,36.8726740701,52.1245419963,57.0101139874,0.4964393105,39.8149153894,62.2828330183,68.6268615295,STANDBY,0,0,3.939323761
2024-01-20 03:00:00,RIG_DEGRADATION,3,20,5,36.8726740701,43.5147942677,51.7747775008,0.5116010685,42.2845328331,62.6814902489,53.2103986298,STANDBY,0,0,3.937007874
2024-01-20 04:00:00,RIG_DEGRADATION,4,20,5,39.1772161995,48.0893983968,55.7072824916,0.5285628582,41.7164002247,67.4003583668,57.4797177446,STANDBY,0,0,3.934691987
2024-01-20 05:00:00,RIG_DEGRADATION,5,20,5,46.9585795986,55.8909387952,59.769378925,0.5707340434,44.2569395719,62.9351326531,59.9685662422,STANDBY,0,0,3.9323761
2024-01-20 06:00:00,RIG_DEGRADATION,6,20,5,55.3090111052,52.114392102,59.2097525984,0.5090511918,43.3842345907,67.7524270889,67.6865690885,HIGH_PRODUCTION,0,0,3.9300602131
2024-01-20 07:00:00,RIG_DEGRADATION,7,20,5,63.6594426117,63.4946508192,68.2956946082,0.6906558421,44.6274813899,63.2168499791,76.5160623139,HIGH_PRODUCTION,0,0,3.9277443261
2024-01-20 08:00:00,RIG_DEGRADATION,8,20,5,71.4408060109,77.3531711823,82.6839915412,0.6017646644,47.2865434646,75.2895844844,88.9458839863,HIGH_PRODUCTION,0,0,3.9254284391
2024-01-20 09:00:00,RIG_DEGRADATION,9,20,5,78.1228142462,87.2227654404,84.6711348076,0.7223129774,55.3462354514,75.1352924025,87.6474201406,HIGH_PRODUCTION,0,0,3.9231125521
2024-01-20 10:00:00,RIG_DEGRADATION,10,20,5,83.2500994991,90.3712644401,91.6297476382,0.718499577,51.8441584984,75.2086747057,99.7907357468,HIGH_PRODUCTION,0,0,3.9207966651
2024-01-20 11:00:00,RIG_DEGRADATION,11,20,5,86.4732457528,97.9147062378,95.0,0.6828452899,53.2462279941,81.1793796434,100.7252412894,HIGH_PRODUCTION,0,0,3.9184807781
2024-01-20 12:00:00,RIG_DEGRADATION,12,20,5,87.5726009166,95.4987986076,94.2417976324,0.5706434566,59.6841680365,76.5787888727,100.5463713851,HIGH_PRODUCTION,0,0,3.9161648912
2024-01-20 13:00:00,RIG_DEGRADATION,13,20,5,86.4732457528,96.7490112367,95.0,0.6527830976,52.9156537426,79.7579633434,100.8020242984,HIGH_PRODUCTION,0,0,3.9138490042000003
2024-01-20 14:00:00,RIG_DEGRADATION,14,20,5,83.2500994991,89.0160721114,92.6048201468,0.6563733951,51.908590474,79.4395117694,91.6940414431,HIGH_PRODUCTION,0,0,3.9115331172000003
2024-01-20 15:00:00,RIG_DEGRADATION,15,20,5,78.1228142462,83.8120105378,86.2490150465,0.6873976856,49.2953016134,69.1608235256,91.4217062152,HIGH_PRODUCTION,0,0,3.9092172302
2024-01-20 16:00:00,RIG_DEGRADATION,16,20,5,71.4408060109,75.6933492805,80.2307110275,0.5921682555000001,51.2205351904,74.4520827043,84.3601194931,HIGH_PRODUCTION,0,0,3.9069013432
2024-01-20 17:00:00,RIG_DEGRADATION,17,20,5,63.6594426117,54.5604433684,62.2208995682,0.5255472107,42.50437447,65.7927528569,68.1686771531,HIGH_PRODUCTION,0,0,3.9045854562
2024-01-20 18:00:00,RIG_DEGRADATION,18,20,5,55.3090111052,65.2081143259,68.5702637242,0.5658559404,47.1245846352,71.1638699941,72.0364437966,HIGH_PRODUCTION,0,0,3.9022695692
2024-01-20 19:00:00,RIG_DEGRADATION,19,20,5,46.9585795986,53.6052401603,63.5060424708,0.562262092,45.1250770775,64.6885615986,69.7859427794,HIGH_PRODUCTION,0,0,3.8999536823
2024-01-20 20:00:00,RIG_DEGRADATION,20,20,5,39.1772161995,56.3269317646,63.8469274095,0.5806992377,45.0476069131,68.9889434008,71.8551350831,HIGH_PRODUCTION,0,0,3.8976377953
2024-01-20 21:00:00,RIG_DEGRADATION,21,20,5,36.8726740701,43.5016947347,51.9780131894,0.4946731004,38.7391814789,63.1045647061,47.9313663162,HIGH_PRODUCTION,0,0,3.8953219083
2024-01-20 22:00:00,RIG_DEGRADATION,22,20,5,36.8726740701,45.1522161634,50.5897028796,0.4996028716,43.1271519608,62.6039963908,60.6847541969,STANDBY,0,0,3.8930060213
2024-01-20 23:00:00,RIG_DEGRADATION,23,20,5,36.8726740701,45.2711338358,51.4878506193,0.49959968530000004,42.0994883542,63.5064692808,56.7291107384,STANDBY,0,0,3.8906901342999998
2024-01-21 00:00:00,RIG_DEGRADATION,0,21,6,38.2644650435,46.2154065044,46.4341450696,0.539741806,41.6286911525,60.2430165051,49.09103122,STANDBY,0,0,3.8883742473
2024-01-21 01:00:00,RIG_DEGRADATION,1,21,6,38.2644650435,45.5892644514,51.5678140068,0.5903968414,41.7490163397,61.0295998316,56.5892461054,STANDBY,0,0,3.8860583604
2024-01-21 02:00:00,RIG_DEGRADATION,2,21,6,38.2644650435,48.6625632235,50.7490354408,0.6385508088,39.1687054938,66.4033747817,54.3699916577,STANDBY,0,0,3.8837424734
2024-01-21 03:00:00,RIG_DEGRADATION,3,21,6,38.2644650435,43.488101075,47.128825868,0.5376550013,44.8352680845,62.7910737561,49.1809531836,STANDBY,0,0,3.8814265864
2024-01-21 04:00:00,RIG_DEGRADATION,4,21,6,40.6559941088,50.2275970699,53.5940725852,0.5485617686,45.461846284,66.4127136406,57.0977803074,STANDBY,0,0,3.8791106994
2024-01-21 05:00:00,RIG_DEGRADATION,5,21,6,48.7310717994,46.3518421976,58.8722560022,0.5558831471,44.0188316881,66.8895946728,66.1606563244,STANDBY,0,0,3.8767948124
2024-01-21 06:00:00,RIG_DEGRADATION,6,21,6,57.3966975653,66.8525508851,73.5341390007,0.6654985667000001,46.34797607,69.6541073769,79.4756212283,HIGH_PRODUCTION,0,0,3.8744789254
2024-01-21 07:00:00,RIG_DEGRADATION,7,21,6,66.0623233312,69.487857524,72.2040313354,0.4636749806,47.4294154379,73.1413125225,77.8111937892,HIGH_PRODUCTION,0,0,3.8721630384
2024-01-21 08:00:00,RIG_DEGRADATION,8,21,6,74.1374010218,84.2083165477,83.8631185329,0.5789885770000001,53.0463041255,75.958518312,90.932755437,HIGH_PRODUCTION,0,0,3.8698471515
2024-01-21 09:00:00,RIG_DEGRADATION,9,21,6,81.0716274372,88.9327989702,83.1082272928,0.7269168079,52.8202407276,80.204656917,94.166744231,HIGH_PRODUCTION,0,0,3.8675312645
2024-01-21 10:00:00,RIG_DEGRADATION,10,21,6,86.3924465065,89.1073950558,90.7113593094,0.6122732782,50.2385907738,74.8160083652,93.8062834563,HIGH_PRODUCTION,0,0,3.8652153775
2024-01-21 11:00:00,RIG_DEGRADATION,11,21,6,89.7372532031,84.161793492,89.8319792578,0.6358911733,48.6585592367,72.8990463726,101.3733019786,HIGH_PRODUCTION,0,0,3.8628994905000003
2024-01-21 12:00:00,RIG_DEGRADATION,12,21,6,90.8781044784,98.6399372259,93.9411030713,0.702078178,52.0097348859,79.5919556218,99.3342889412,HIGH_PRODUCTION,0,0,3.8605836035000003
2024-01-21 13:00:00,RIG_DEGRADATION,13,21,6,89.7372532031,95.2312568231,95.0,0.6752900442,51.9246401192,79.695828155,99.11779483,HIGH_PRODUCTION,0,0,3.8582677165
2024-01-21 14:00:00,RIG_DEGRADATION,14,21,6,86.3924465065,97.2399716095,91.5410657534,0.6647814007,52.8467502439,80.6856649781,92.6994511601,HIGH_PRODUCTION,0,0,3.8559518296
2024-01-21 15:00:00,RIG_DEGRADATION,15,21,6,81.0716274372,90.1236622398,87.7738393358,0.5815881502,52.470023683,74.0367879251,91.7748639338,HIGH_PRODUCTION,0,0,3.8536359426
2024-01-21 16:00:00,RIG_DEGRADATION,16,21,6,74.1374010218,83.8074309956,86.1163018918,0.6001118923000001,53.6132918941,75.5182907355,94.1314292589,HIGH_PRODUCTION,0,0,3.8513200556
2024-01-21 17:00:00,RIG_DEGRADATION,17,21,6,66.0623233312,63.0807466884,68.1799923663,0.6201621347,44.5949608047,68.3045617781,70.2086394065,HIGH_PRODUCTION,0,0,3.8490041686
2024-01-21 18:00:00,RIG_DEGRADATION,18,21,6,57.3966975653,63.0600833366,70.4132269317,0.5825992371000001,47.1855454115,68.3456985474,71.5110227637,HIGH_PRODUCTION,0,0,3.8466882816
2024-01-21 19:00:00,RIG_DEGRADATION,19,21,6,48.7310717994,51.3868993717,58.6747395535,0.6155060637,42.7529034817,66.1103273945,62.5061684679,HIGH_PRODUCTION,0,0,3.8443723946
2024-01-21 20:00:00,RIG_DEGRADATION,20,21,6,40.6559941088,48.416027847,54.5081437939,0.5727166848,41.2655514943,67.4412299313,63.9813313354,HIGH_PRODUCTION,0,0,3.8420565076
2024-01-21 21:00:00,RIG_DEGRADATION,21,21,6,38.2644650435,46.7501242251,53.3233098991,0.5108150382000001,42.6369477009,63.7619386044,58.2775940791,HIGH_PRODUCTION,0,0,3.8397406206999998
2024-01-21 22:00:00,RIG_DEGRADATION,22,21,6,38.2644650435,33.9896923939,45.0178590186,0.5212868432000001,37.9940234998,60.7516218733,52.3714499562,STANDBY,0,0,3.8374247337
2024-01-21 23:00:00,RIG_DEGRADATION,23,21,6,38.2644650435,40.6370676703,47.9095955855,0.5243637859,40.5480439149,57.1328983683,52.1818921417,STANDBY,0,0,3.8351088467
2024-01-22 00:00:00,RIG_DEGRADATION,0,22,0,40.0,41.5373914132,45.957558301,0.52140251,35.9484573942,58.2063013144,50.4635948833,STANDBY,0,0,3.8327929597
2024-01-22 01:00:00,RIG_DEGRADATION,1,22,0,40.0,51.0720092331,55.5895627775,0.4891734856,42.0196393784,64.2048552503,54.0487408069,STANDBY,0,0,3.8304770727
2024-01-22 02:00:00,RIG_DEGRADATION,2,22,0,40.0,49.6296132042,52.9974710481,0.44743149930000004,43.352269778,66.6509444626,58.7704279585,STANDBY,0,0,3.8281611857
2024-01-22 03:00:00,RIG_DEGRADATION,3,22,0,40.0,45.8367140457,53.3625433741,0.5224045428,43.365277367,64.1334175814,60.9950778117,STANDBY,0,0,3.8258452987
2024-01-22 04:00:00,RIG_DEGRADATION,4,22,0,42.5,39.3488241107,47.3357341794,0.4682530932,42.2809918525,63.9332748914,51.1279829489,STANDBY,0,0,3.8235294118
2024-01-22 05:00:00,RIG_DEGRADATION,5,22,0,50.9413334214,51.023794126,57.1429688902,0.5407218409,45.7179616543,70.0231165857,61.448195837,STANDBY,0,0,3.8212135248
2024-01-22 06:00:00,RIG_DEGRADATION,6,22,0,60.0,62.1059951382,67.3106629837,0.5749467084000001,46.6151196601,64.4153170023,77.6802436288,HIGH_PRODUCTION,0,0,3.8188976378
2024-01-22 07:00:00,RIG_DEGRADATION,7,22,0,69.0586665786,64.5049026302,69.721198049,0.6615795866,47.3352056872,70.7559947786,79.5850465864,HIGH_PRODUCTION,0,0,3.8165817508
2024-01-22 08:00:00,RIG_DEGRADATION,8,22,0,77.5,79.4690003632,83.6915757251,0.6306063158,48.8317904491,76.830712274,89.0479949718,HIGH_PRODUCTION,0,0,3.8142658638
2024-01-22 09:00:00,RIG_DEGRADATION,9,22,0,84.7487373415,88.7376503949,90.1140917008,0.6512299386,52.9746281168,79.560937034,99.0970561762,HIGH_PRODUCTION,0,0,3.8119499768000003
2024-01-22 10:00:00,RIG_DEGRADATION,10,22,0,90.3108891325,97.1373012705,94.0579867342,0.7265349842000001,56.5845741819,83.2481233545,99.6649776119,HIGH_PRODUCTION,0,0,3.8096340899000003
2024-01-22 11:00:00,RIG_DEGRADATION,11,22,0,93.8074039201,99.683492873,94.1686566073,0.7862324261,58.6834473506,84.0676661074,102.250004832,HIGH_PRODUCTION,0,0,3.8073182029
2024-01-22 12:00:00,RIG_DEGRADATION,12,22,0,95.0,105.5330676042,95.0,0.6482048285,54.5317675127,72.0937080168,105.0328293172,HIGH_PRODUCTION,0,0,3.8050023159
2024-01-22 13:00:00,RIG_DEGRADATION,13,22,0,93.8074039201,95.6359283452,91.8332932641,0.7142211535,53.290310581,77.1526542335,96.115647713,HIGH_PRODUCTION,0,0,3.8026864289
2024-01-22 14:00:00,RIG_DEGRADATION,14,22,0,90.3108891325,93.4836595787,89.911672981,0.7190816902,54.1458693598,82.8626605444,94.1286181832,HIGH_PRODUCTION,0,0,3.8003705419
2024-01-22 15:00:00,RIG_DEGRADATION,15,22,0,84.7487373415,101.8495958429,92.5254196639,0.7581988858,55.5221593215,84.2728907464,93.2367043161,HIGH_PRODUCTION,0,0,3.7980546549
2024-01-22 16:00:00,RIG_DEGRADATION,16,22,0,77.5,80.4328457888,81.6380373534,0.6690846631,47.1562366263,68.2027036323,85.9971881429,HIGH_PRODUCTION,0,0,3.7957387679
2024-01-22 17:00:00,RIG_DEGRADATION,17,22,0,69.0586665786,83.0411031473,83.2116850138,0.6483561236000001,52.4383772722,78.4233824127,85.8166915758,HIGH_PRODUCTION,0,0,3.793422881
2024-01-22 18:00:00,RIG_DEGRADATION,18,22,0,60.0,67.5860277651,72.4740099848,0.5432532224000001,45.4572697046,71.2884482649,77.298090031,HIGH_PRODUCTION,0,0,3.791106994
2024-01-22 19:00:00,RIG_DEGRADATION,19,22,0,50.9413334214,55.2498714441,62.030014778,0.6460504999000001,42.9473866654,66.0340975303,67.9512239146,HIGH_PRODUCTION,0,0,3.788791107
2024-01-22 20:00:00,RIG_DEGRADATION,20,22,0,42.5,51.7733815838,56.6146109185,0.6057287692000001,39.9179565624,67.3721542137,61.4182809707,HIGH_PRODUCTION,0,0,3.78647522
2024-01-22 21:00:00,RIG_DEGRADATION,21,22,0,40.0,53.3195656388,53.9783944795,0.4466393046,39.8022506994,69.587890876,60.4237501776,HIGH_PRODUCTION,0,0,3.784159333
2024-01-22 22:00:00,RIG_DEGRADATION,22,22,0,40.0,49.4903497184,54.2612727967,0.5830043175,43.5386305042,61.5988385267,61.1178138958,STANDBY,0,0,3.781843446
2024-01-22 23:00:00,RIG_DEGRADATION,23,22,0,40.0,37.0229685453,45.0121545771,0.5271381759,36.5788634737,66.8142894983,43.6506114005,STANDBY,0,0,3.7795275591
2024-01-23 00:00:00,RIG_DEGRADATION,0,23,1,38.2644650435,46.6314316494,50.5905378089,0.4501996917,41.2541959114,64.2185133001,54.4919049235,STANDBY,0,0,3.7772116721
2024-01-23 01:00:00,RIG_DEGRADATION,1,23,1,38.2644650435,46.7167856544,50.9975080988,0.5604346007000001,42.8784080102,63.1659036627,60.0027145777,STANDBY,0,0,3.7748957851
2024-01-23 02:00:00,RIG_DEGRADATION,2,23,1,38.2644650435,52.9428425437,55.0683296021,0.4966594655,44.4645631746,63.6933936146,65.9501101636,STANDBY,0,0,3.7725798981
2024-01-23 03:00:00,RIG_DEGRADATION,3,23,1,38.2644650435,52.6337490181,56.1715448369,0.5636861185,39.9239331236,63.8234124085,56.8716272517,STANDBY,0,0,3.7702640111
2024-01-23 04:00:00,RIG_DEGRADATION,4,23,1,40.6559941088,49.1699448577,53.2566293629,0.5648793139,43.5775656804,61.9846136,61.3665835846,STANDBY,0,0,3.7679481241
2024-01-23 05:00:00,RIG_DEGRADATION,5,23,1,48.7310717994,56.2283227459,60.777659003,0.5287796788,42.1775690087,63.0140434817,66.4686147367,STANDBY,0,0,3.7656322371
2024-01-23 06:00:00,RIG_DEGRADATION,6,23,1,57.3966975653,66.4317261998,69.9393046131,0.6065948148,48.8742969794,66.252349898,76.4509986737,HIGH_PRODUCTION,0,0,3.7633163502
2024-01-23 07:00:00,RIG_DEGRADATION,7,23,1,66.0623233312,82.7370937639,83.1162704169,0.6354361933,52.6385855134,79.8860802897,83.3973970267,HIGH_PRODUCTION,0,0,3.7610004632000003
2024-01-23 08:00:00,RIG_DEGRADATION,8,23,1,74.1374010218,86.580122266,85.5432334468,0.7087269364000001,50.9844590112,80.0399172711,91.0947417834,HIGH_PRODUCTION,0,0,3.7586845762000003
2024-01-23 09:00:00,RIG_DEGRADATION,9,23,1,81.0716274372,90.2186756755,92.8488816715,0.66266166,53.0947810853,72.7326478002,98.5455397324,HIGH_PRODUCTION,0,0,3.7563686892
2024-01-23 10:00:00,RIG_DEGRADATION,10,23,1,86.3924465065,85.4764592509,89.5864923092,0.6132876249,49.9176919689,77.5573812955,99.1278614681,HIGH_PRODUCTION,0,0,3.7540528022
2024-01-23 11:00:00,RIG_DEGRADATION,11,23,1,89.7372532031,97.4182981234,95.0,0.633067884,55.4702043216,83.0924816487,101.3401434225,HIGH_PRODUCTION,0,0,3.7517369152
2024-01-23 12:00:00,RIG_DEGRADATION,12,23,1,90.8781044784,100.6407455402,95.0,0.8033355052000001,55.9810174053,79.0316557876,98.609236879,HIGH_PRODUCTION,0,0,3.7494210283
2024-01-23 13:00:00,RIG_DEGRADATION,13,23,1,89.7372532031,94.0166963826,93.1741640411,0.6024126252,53.0746651952,83.6069449082,96.0906879141,HIGH_PRODUCTION,0,0,3.7471051413
2024-01-23 14:00:00,RIG_DEGRADATION,14,23,1,86.3924465065,97.4632639363,95.0,0.6861858212,57.8987652588,81.6817057823,102.1375855709,HIGH_PRODUCTION,0,0,3.7447892543
2024-01-23 15:00:00,RIG_DEGRADATION,15,23,1,81.0716274372,95.5148305306,91.6585494772,0.8028619954,50.3462454271,82.2649977252,102.3707802779,HIGH_PRODUCTION,0,0,3.7424733673
2024-01-23 16:00:00,RIG_DEGRADATION,16,23,1,74.1374010218,78.2950188354,78.7862645364,0.5972926373,48.9199595281,76.7563651987,83.8512909419,HIGH_PRODUCTION,0,0,3.7401574803
2024-01-23 17:00:00,RIG_DEGRADATION,17,23,1,66.0623233312,71.9276769672,76.0700758236,0.7213405836,46.7544796128,71.9135304687,80.4322517037,HIGH_PRODUCTION,0,0,3.7378415932999998
2024-01-23 18:00:00,RIG_DEGRADATION,18,23,1,57.3966975653,57.4043320304,62.7317760824,0.6854525494,42.6809347854,65.4838504403,67.4985887596,HIGH_PRODUCTION,0,0,3.7355257063
2024-01-23 19:00:00,RIG_DEGRADATION,19,23,1,48.7310717994,61.2285974127,65.357301918,0.5448200636,44.5722131844,71.2548043206,70.4713516364,HIGH_PRODUCTION,0,0,3.7332098194
2024-01-23 20:00:00,RIG_DEGRADATION,20,23,1,40.6559941088,48.6364899437,54.1748773961,0.5839837208,38.521581983,59.9371775504,58.6808469264,HIGH_PRODUCTION,0,0,3.7308939324
2024-01-23 21:00:00,RIG_DEGRADATION,21,23,1,38.2644650435,37.8795387722,46.3478921634,0.475402612,36.2086174552,59.6247823714,50.6501269439,HIGH_PRODUCTION,0,0,3.7285780454
2024-01-23 22:00:00,RIG_DEGRADATION,22,23,1,38.2644650435,45.9621814443,51.3964273383,0.5000695589,41.2751082671,66.1234794077,56.9304267188,STANDBY,0,0,3.7262621584
2024-01-23 23:00:00,RIG_DEGRADATION,23,23,1,38.2644650435,44.4640955551,49.5053272714,0.5801701485,40.8240787935,59.8651344667,53.7555652842,STANDBY,0,0,3.7239462714
2024-01-24 00:00:00,RIG_DEGRADATION,0,24,2,36.8726740701,34.0756863274,38.8939185312,0.50343058,38.2608050031,54.3808550237,48.8531240442,STANDBY,0,0,3.7216303844
2024-01-24 01:00:00,RIG_DEGRADATION,1,24,2,36.8726740701,42.7979321481,48.5529589749,0.507615343,36.6666351037,61.0668591145,53.3583071013,STANDBY,0,0,3.7193144975
2024-01-24 02:00:00,RIG_DEGRADATION,2,24,2,36.8726740701,40.6285757022,45.2983146411,0.5740916361,38.3496363126,64.006599857,53.6744195005,STANDBY,0,0,3.7169986105
2024-01-24 03:00:00,RIG_DEGRADATION,3,24,2,36.8726740701,41.1437386459,48.0569265656,0.532345174,40.1439156242,59.0572082223,53.7754422392,STANDBY,0,0,3.7146827235
2024-01-24 04:00:00,RIG_DEGRADATION,4,24,2,39.1772161995,42.8104518837,51.5804575893,0.4666166909,36.7046692248,64.2568425753,57.4621323942,STANDBY,0,0,3.7123668365
2024-01-24 05:00:00,RIG_DEGRADATION,5,24,2,46.9585795986,47.2654570444,53.7535424345,0.5342080341000001,40.0117327599,55.3434166569,56.1659817533,STANDBY,0,0,3.7100509495000003
2024-01-24 06:00:00,RIG_DEGRADATION,6,24,2,55.3090111052,68.4240253251,67.2335859561,0.6323811334,47.9511977483,72.9682181294,74.8740910816,HIGH_PRODUCTION,0,0,3.7077350625000003
2024-01-24 07:00:00,RIG_DEGRADATION,7,24,2,63.6594426117,71.9673894578,77.145525952,0.6196609039000001,48.049697864,68.0747228776,87.2270601191,HIGH_PRODUCTION,0,0,3.7054191755
2024-01-24 08:00:00,RIG_DEGRADATION,8,24,2,71.4408060109,80.9511394883,85.768259691,0.6798159405,51.4110915956,71.4180137728,89.2128606592,HIGH_PRODUCTION,0,0,3.7031032886
2024-01-24 09:00:00,RIG_DEGRADATION,9,24,2,78.1228142462,90.6856331971,86.2799206388,0.7080107677,53.1127651807,83.9894156265,90.6095317286,HIGH_PRODUCTION,0,0,3.7007874016
2024-01-24 10:00:00,RIG_DEGRADATION,10,24,2,83.2500994991,87.8720607134,91.0178172012,0.6635938795,49.8558122888,77.0101131121,91.3831482071,HIGH_PRODUCTION,0,0,3.6984715146
2024-01-24 11:00:00,RIG_DEGRADATION,11,24,2,86.4732457528,102.6185135399,95.0,0.7288772143000001,55.2384382461,77.0548878039,99.3098030075,HIGH_PRODUCTION,0,0,3.6961556276
2024-01-24 12:00:00,RIG_DEGRADATION,12,24,2,87.5726009166,93.6977695026,90.5203890439,0.7390311462,53.9995203755,80.5156852294,94.5803915381,HIGH_PRODUCTION,0,0,3.6938397406
2024-01-24 13:00:00,RIG_DEGRADATION,13,24,2,86.4732457528,100.1820757555,95.0,0.6696409720000001,51.2289445837,78.5130481375,98.3768627388,HIGH_PRODUCTION,0,0,3.6915238536
2024-01-24 14:00:00,RIG_DEGRADATION,14,24,2,83.2500994991,89.2022933794,90.0820110877,0.6952436061,52.9262875665,76.3548720635,92.2814267846,HIGH_PRODUCTION,0,0,3.6892079667
2024-01-24 15:00:00,RIG_DEGRADATION,15,24,2,78.1228142462,83.3498521917,86.3150324577,0.5825074100000001,51.1891859414,75.0174899966,95.5035859029,HIGH_PRODUCTION,0,0,3.6868920796999998
2024-01-24 16:00:00,RIG_DEGRADATION,16,24,2,71.4408060109,82.8933286319,82.1978746923,0.7379732199,53.7731998484,77.7189838731,84.8563203795,HIGH_PRODUCTION,0,0,3.6845761927
2024-01-24 17:00:00,RIG_DEGRADATION,17,24,2,63.6594426117,68.4225171604,73.6294200074,0.6269781477,42.678635303,69.8887560153,76.3832267706,HIGH_PRODUCTION,0,0,3.6822603057
2024-01-24 18:00:00,RIG_DEGRADATION,18,24,2,55.3090111052,64.3468876056,66.0052584472,0.6166934017,47.7954740784,66.1500052906,69.5841552755,HIGH_PRODUCTION,0,0,3.6799444187
2024-01-24 19:00:00,RIG_DEGRADATION,19,24,2,46.9585795986,55.5969226776,61.2256794331,0.5368208454,45.2845691133,64.7762716821,72.2026780525,HIGH_PRODUCTION,0,0,3.6776285317
2024-01-24 20:00:00,RIG_DEGRADATION,20,24,2,39.1772161995,47.2161551938,52.0010996982,0.48513900730000004,36.5132442228,63.5965820165,60.4259422154,HIGH_PRODUCTION,0,0,3.6753126447
2024-01-24 21:00:00,RIG_DEGRADATION,21,24,2,36.8726740701,46.1364774432,51.0113236992,0.6378978886000001,39.9255933278,62.2531700685,53.6083669012,HIGH_PRODUCTION,0,0,3.6729967578
2024-01-24 22:00:00,RIG_DEGRADATION,22,24,2,36.8726740701,40.1284120733,47.4141292432,0.4568027774,42.2458397444,61.3035726696,53.5022431715,STANDBY,0,0,3.6706808708
2024-01-24 23:00:00,RIG_DEGRADATION,23,24,2,36.8726740701,55.1268279628,59.8075073713,0.5701273557000001,43.3700679547,68.0560482941,62.3427043985,STANDBY,0,0,3.6683649838
2024-01-25 00:00:00,RIG_DEGRADATION,0,25,3,36.1002883513,42.808796081,46.1766191056,0.4984169317,41.1290813851,61.7125200509,51.9538372616,STANDBY,0,0,3.6660490968
2024-01-25 01:00:00,RIG_DEGRADATION,1,25,3,36.1002883513,37.9617753852,47.3651594864,0.4294383002,37.464389545,57.4204702032,54.5782326555,STANDBY,0,0,3.6637332098
2024-01-25 02:00:00,RIG_DEGRADATION,2,25,3,36.1002883513,46.7210990658,51.9540041397,0.5277014346000001,43.6829564774,66.2919644586,55.7978744468,STANDBY,0,0,3.6614173228
2024-01-25 03:00:00,RIG_DEGRADATION,3,25,3,36.1002883513,39.2731555034,45.8031561864,0.5463999390000001,40.4274237464,61.6833980085,52.010564055,STANDBY,0,0,3.6591014358000002
2024-01-25 04:00:00,RIG_DEGRADATION,4,25,3,38.3565563732,45.3671828855,54.9339132911,0.6028896533,39.6443036498,65.7794723378,54.9773294468,STANDBY,0,0,3.6567855489000003
2024-01-25 05:00:00,RIG_DEGRADATION,5,25,3,45.9749206378,56.6259415128,61.9013265977,0.5320905451,45.7378419582,66.6212964939,67.5373226325,STANDBY,0,0,3.6544696619
2024-01-25 06:00:00,RIG_DEGRADATION,6,25,3,54.1504325269,54.2381653949,62.4003396261,0.629988965,46.0083230009,65.0835474351,71.8280918734,HIGH_PRODUCTION,0,0,3.6521537749
2024-01-25 07:00:00,RIG_DEGRADATION,7,25,3,62.325944416,66.8134261545,73.3871948774,0.6159925108000001,47.2038345749,66.0878894084,73.5633254792,HIGH_PRODUCTION,0,0,3.6498378879
2024-01-25 08:00:00,RIG_DEGRADATION,8,25,3,69.9443086806,74.9266614671,76.8597121405,0.631992656,52.5654370476,73.8663462395,83.4137407212,HIGH_PRODUCTION,0,0,3.6475220009
2024-01-25 09:00:00,RIG_DEGRADATION,9,25,3,76.4863463859,81.1182150281,84.441858352,0.5927284302,49.113163765,73.355922789,87.4211191982,HIGH_PRODUCTION,0,0,3.6452061139
2024-01-25 10:00:00,RIG_DEGRADATION,10,25,3,81.5062284735,84.3636846451,90.0399158744,0.6604062229000001,52.8273985288,70.5596945916,93.4140654082,HIGH_PRODUCTION,0,0,3.642890227
2024-01-25 11:00:00,RIG_DEGRADATION,11,25,3,84.661858275,88.1267889973,86.3976314971,0.6916453498,52.118077168,73.2393965003,85.5975694755,HIGH_PRODUCTION,0,0,3.64057434
2024-01-25 12:00:00,RIG_DEGRADATION,12,25,3,85.7381848343,96.8867493403,94.9160692175,0.6750315102000001,51.0486998954,81.5688162514,103.7550814372,HIGH_PRODUCTION,0,0,3.638258453
2024-01-25 13:00:00,RIG_DEGRADATION,13,25,3,84.661858275,99.6130655264,95.0,0.6907713931,55.1049986099,84.4463443078,106.5987523525,HIGH_PRODUCTION,0,0,3.6359425659999998
2024-01-25 14:00:00,RIG_DEGRADATION,14,25,3,81.5062284735,96.8960807293,95.0,0.6837671228000001,54.9734795362,77.4297961224,98.2095832125,HIGH_PRODUCTION,0,0,3.633626679
2024-01-25 15:00:00,RIG_DEGRADATION,15,25,3,76.4863463859,82.8024557528,85.2031400495,0.6163705769000001,49.9500654859,74.2597222289,91.7497889487,HIGH_PRODUCTION,0,0,3.631310792
2024-01-25 16:00:00,RIG_DEGRADATION,16,25,3,69.9443086806,76.6480025136,80.5473990609,0.6355832467,46.8818711377,74.6151306504,79.6616122666,HIGH_PRODUCTION,0,0,3.628994905
2024-01-25 17:00:00,RIG_DEGRADATION,17,25,3,62.325944416,64.206465884,67.2769808484,0.6330214794,44.7250193288,72.6717663116,80.0209834328,HIGH_PRODUCTION,0,0,3.6266790181
2024-01-25 18:00:00,RIG_DEGRADATION,18,25,3,54.1504325269,57.6102199517,66.8029602431,0.5438792413,45.588450642,67.2951367256,70.149303316,HIGH_PRODUCTION,0,0,3.6243631311
2024-01-25 19:00:00,RIG_DEGRADATION,19,25,3,45.9749206378,56.0128033218,62.7417360201,0.6649995934,43.0713834655,67.0114234199,62.3357654108,HIGH_PRODUCTION,0,0,3.6220472441
2024-01-25 20:00:00,RIG_DEGRADATION,20,25,3,38.3565563732,41.4565562125,50.467852702,0.5661925303,38.8733855483,62.4995807651,55.0563719407,HIGH_PRODUCTION,0,0,3.6197313571
2024-01-25 21:00:00,RIG_DEGRADATION,21,25,3,36.1002883513,44.9202261959,48.829918902,0.6047226195000001,41.0077576077,62.6120950727,47.6610914829,HIGH_PRODUCTION,0,0,3.6174154701
2024-01-25 22:00:00,RIG_DEGRADATION,22,25,3,36.1002883513,44.9726098839,51.4097077882,0.6284289971,38.1964365722,60.0768811242,57.3427346963,STANDBY,0,0,3.6150995831
2024-01-25 23:00:00,RIG_DEGRADATION,23,25,3,36.1002883513,49.1601421725,51.2357432904,0.5243579261,42.2427954096,66.9244408321,53.2450687168,STANDBY,0,0,3.6127836962
2024-01-26 00:00:00,RIG_DEGRADATION,0,26,4,36.1002883513,46.4683235348,51.2441773542,0.49569748150000004,40.9597219932,59.4546829396,58.9057586188,STANDBY,0,0,3.6104678092
2024-01-26 01:00:00,RIG_DEGRADATION,1,26,4,36.1002883513,41.8545915217,48.6202615205,0.5436636655,40.4012368952,65.9760859804,53.1903049414,STANDBY,0,0,3.6081519222000003
2024-01-26 02:00:00,RIG_DEGRADATION,2,26,4,36.1002883513,51.7878483987,53.2338933094,0.6872219222,39.4759058257,66.2754313963,59.4599994961,STANDBY,0,0,3.6058360352000003
2024-01-26 03:00:00,RIG_DEGRADATION,3,26,4,36.1002883513,52.3680639867,55.880424753,0.48953859390000004,42.2523175761,66.3085991415,60.8423163704,STANDBY,0,0,3.6035201482
2024-01-26 04:00:00,RIG_DEGRADATION,4,26,4,38.3565563732,47.5931222084,56.3931207637,0.5554643462000001,42.0545308388,64.42911936,60.2402409998,STANDBY,0,0,3.6012042612
2024-01-26 05:00:00,RIG_DEGRADATION,5,26,4,45.9749206378,59.2861361428,65.1592179027,0.6512272653,45.1803569448,70.1410103125,69.5388608089,STANDBY,0,0,3.5988883742
2024-01-26 06:00:00,RIG_DEGRADATION,6,26,4,54.1504325269,71.5246257311,75.4160015565,0.5909652617,48.0224165224,72.9028254916,76.5728369672,HIGH_PRODUCTION,0,0,3.5965724873
2024-01-26 07:00:00,RIG_DEGRADATION,7,26,4,62.325944416,71.4354151836,72.9355126642,0.7733953702,46.9494179051,71.0066869019,83.3969283361,HIGH_PRODUCTION,0,0,3.5942566003
2024-01-26 08:00:00,RIG_DEGRADATION,8,26,4,69.9443086806,81.9495820975,79.6313270331,0.7482362688,49.7353871289,70.2873650711,81.3723472625,HIGH_PRODUCTION,0,0,3.5919407133
2024-01-26 09:00:00,RIG_DEGRADATION,9,26,4,76.4863463859,84.699690507,90.0726378666,0.7074996106,54.0431462238,77.6273637517,95.3638922421,HIGH_PRODUCTION,0,0,3.5896248263
2024-01-26 10:00:00,RIG_DEGRADATION,10,26,4,81.5062284735,93.2848839047,90.0314448625,0.7124051789,54.1349477961,80.0391909151,92.7236149262,HIGH_PRODUCTION,0,0,3.5873089393
2024-01-26 11:00:00,RIG_DEGRADATION,11,26,4,84.661858275,82.9347131368,85.6930566047,0.6387755667,48.2092869884,71.83237164,93.0677223426,HIGH_PRODUCTION,0,0,3.5849930522999998
2024-01-26 12:00:00,RIG_DEGRADATION,12,26,4,85.7381848343,94.3117765782,95.0,0.6364357397,53.6949136361,73.6089885645,97.6943097555,HIGH_PRODUCTION,0,0,3.5826771654
2024-01-26 13:00:00,RIG_DEGRADATION,13,26,4,84.661858275,87.9179841826,87.935400649,0.6581044236,55.16662135,74.0636286167,90.122591771,HIGH_PRODUCTION,0,0,3.5803612784
2024-01-26 14:00:00,RIG_DEGRADATION,14,26,4,81.5062284735,92.7424489884,88.2212276806,0.7390417703000001,55.3010614116,76.181844656,91.9976287441,HIGH_PRODUCTION,0,0,3.5780453914
2024-01-26 15:00:00,RIG_DEGRADATION,15,26,4,76.4863463859,81.2999461258,84.7905010746,0.7038712266,49.6867227202,73.1342356421,86.3830043729,HIGH_PRODUCTION,0,0,3.5757295044
2024-01-26 16:00:00,RIG_DEGRADATION,16,26,4,69.9443086806,75.4420750382,79.8820650455,0.5432453460000001,47.1039483517,66.2590636768,77.4635745176,HIGH_PRODUCTION,0,0,3.5734136174
2024-01-26 17:00:00,RIG_DEGRADATION,17,26,4,62.325944416,76.9696079526,75.3246797394,0.6523044243,47.8794185471,72.1687920932,80.8882569653,HIGH_PRODUCTION,0,0,3.5710977304
2024-01-26 18:00:00,RIG_DEGRADATION,18,26,4,54.1504325269,60.5324938928,66.1058956815,0.6520773961,44.878751261,63.2384060183,70.0281677727,HIGH_PRODUCTION,0,0,3.5687818434
2024-01-26 19:00:00,RIG_DEGRADATION,19,26,4,45.9749206378,53.1566454678,62.516268095,0.6623643804,43.2682458393,65.3158356453,66.1182600625,HIGH_PRODUCTION,0,0,3.5664659565
2024-01-26 20:00:00,RIG_DEGRADATION,20,26,4,38.3565563732,39.0965073572,51.467819825,0.59737499,40.550785098,61.4418467224,60.8279349496,HIGH_PRODUCTION,0,0,3.5641500695
2024-01-26 21:00:00,RIG_DEGRADATION,21,26,4,36.1002883513,41.2019667787,50.6269074342,0.5751779489000001,38.118852671,64.2733485138,60.8626662346,HIGH_PRODUCTION,0,0,3.5618341825
2024-01-26 22:00:00,RIG_DEGRADATION,22,26,4,36.1002883513,33.8095908556,43.4886582679,0.45559774470000003,40.4014339545,56.1764996764,44.46297112,STANDBY,0,0,3.5595182955
2024-01-26 23:00:00,RIG_DEGRADATION,23,26,4,36.1002883513,39.681507275,46.2967546337,0.5546393227,38.8096046509,61.7620245098,49.1995835075,STANDBY,0,0,3.5572024085000002
2024-01-27 00:00:00,RIG_DEGRADATION,0,27,5,36.8726740701,46.3148253116,47.3028024758,0.594530478,42.0883207069,61.0058087176,54.7077093224,STANDBY,0,0,3.5548865215000003
2024-01-27 01:00:00,RIG_DEGRADATION,1,27,5,36.8726740701,49.1314291359,51.0381161876,0.5866198273000001,44.2226061517,64.3146865091,52.9868858823,STANDBY,0,0,3.5525706346
2024-01-27 02:00:00,RIG_DEGRADATION,2,27,5,36.8726740701,43.9382090296,48.8049651948,0.5865979818,40.3546442259,62.8846477033,50.5981615878,STANDBY,0,0,3.5502547476
2024-01-27 03:00:00,RIG_DEGRADATION,3,27,5,36.8726740701,44.8090951678,50.8835381631,0.5665833149,42.4181283421,64.515177709,53.4620439154,STANDBY,0,0,3.5479388606
2024-01-27 04:00:00,RIG_DEGRADATION,4,27,5,39.1772161995,51.5457269752,58.2309242283,0.5778652289,41.770523316,67.542688957,65.0013994072,STANDBY,0,0,3.5456229736
2024-01-27 05:00:00,RIG_DEGRADATION,5,27,5,46.9585795986,55.9582519055,61.5762798374,0.5643592815,43.6114738575,64.3783002334,63.9351403021,STANDBY,0,0,3.5433070866
2024-01-27 06:00:00,RIG_DEGRADATION,6,27,5,55.3090111052,61.0592864254,68.9783510597,0.5562445463,47.451898446,71.3665489472,73.8486702122,HIGH_PRODUCTION,0,0,3.5409911996
2024-01-27 07:00:00,RIG_DEGRADATION,7,27,5,63.6594426117,73.6644012244,77.8305381309,0.6317397316000001,47.5693809959,67.2436656545,81.1226683548,HIGH_PRODUCTION,0,0,3.5386753126
2024-01-27 08:00:00,RIG_DEGRADATION,8,27,5,71.4408060109,86.5113706737,85.8147112965,0.7094331884,53.2776564403,75.5407555197,90.3744267006,HIGH_PRODUCTION,0,0,3.5363594257
2024-01-27 09:00:00,RIG_DEGRADATION,9,27,5,78.1228142462,76.560836522,81.1908725921,0.6935117657000001,47.4707337962,69.7331452582,90.8187896477,HIGH_PRODUCTION,0,0,3.5340435386999998
2024-01-27 10:00:00,RIG_DEGRADATION,10,27,5,83.2500994991,92.9553818526,92.2499798453,0.7163100546000001,51.3550184708,80.6167485206,98.7572034731,HIGH_PRODUCTION,0,0,3.5317276517
2024-01-27 11:00:00,RIG_DEGRADATION,11,27,5,86.4732457528,90.0017164804,94.7537435486,0.6644130088,53.1827150165,74.8827003044,102.5621251263,HIGH_PRODUCTION,0,0,3.5294117647
2024-01-27 12:00:00,RIG_DEGRADATION,12,27,5,87.5726009166,94.6880476719,93.9907398465,0.6349737341,51.3319027482,79.4566483159,95.9655189626,HIGH_PRODUCTION,0,0,3.5270958777
2024-01-27 13:00:00,RIG_DEGRADATION,13,27,5,86.4732457528,101.2537381015,95.0,0.7392615923,55.1345181857,77.544408422,98.9930238958,HIGH_PRODUCTION,0,0,3.5247799907
2024-01-27 14:00:00,RIG_DEGRADATION,14,27,5,83.2500994991,95.5151717915,95.0,0.6707962906,52.6375096565,81.7626669902,102.1389938982,HIGH_PRODUCTION,0,0,3.5224641038
2024-01-27 15:00:00,RIG_DEGRADATION,15,27,5,78.1228142462,91.0722813194,90.6738790314,0.6833536494,51.192882474,78.066108526,98.3605224306,HIGH_PRODUCTION,0,0,3.5201482168
2024-01-27 16:00:00,RIG_DEGRADATION,16,27,5,71.4408060109,83.4593629414,80.4320169074,0.7430537499000001,51.839066408,67.9236071249,79.6252212818,HIGH_PRODUCTION,0,0,3.5178323298
2024-01-27 17:00:00,RIG_DEGRADATION,17,27,5,63.6594426117,77.2076165608,75.4948589617,0.7254401521,50.3644103068,69.7511926359,86.3439876161,HIGH_PRODUCTION,0,0,3.5155164428
2024-01-27 18:00:00,RIG_DEGRADATION,18,27,5,55.3090111052,63.4829432141,70.224987076,0.55774953,45.0350721827,64.2322200521,75.0563526893,HIGH_PRODUCTION,0,0,3.5132005558
2024-01-27 19:00:00,RIG_DEGRADATION,19,27,5,46.9585795986,66.7489385476,66.8354857043,0.6263196406,47.8286726313,69.6792020863,75.2881354216,HIGH_PRODUCTION,0,0,3.5108846688
2024-01-27 20:00:00,RIG_DEGRADATION,20,27,5,39.1772161995,45.1354668161,53.219574659,0.5563058059,43.3968694967,62.800801474,57.656722856100004,HIGH_PRODUCTION,0,0,3.5085687818
2024-01-27 21:00:00,RIG_DEGRADATION,21,27,5,36.8726740701,40.1560857213,47.9046950556,0.42768835800000005,42.3584575506,66.2569534108,47.0519848178,HIGH_PRODUCTION,0,0,3.5062528949000002
2024-01-27 22:00:00,RIG_DEGRADATION,22,27,5,36.8726740701,49.9250514883,55.2442478932,0.4403530319,41.027034706,65.2629220375,58.1712803228,STANDBY,0,0,3.5039370079000003
2024-01-27 23:00:00,RIG_DEGRADATION,23,27,5,36.8726740701,41.28928392,45.8826195475,0.5263109642,36.9994643481,63.3229992072,41.0869124916,STANDBY,0,0,3.5016211209
2024-01-28 00:00:00,RIG_DEGRADATION,0,28,6,38.2644650435,36.1354283519,46.5934666097,0.5391307944,40.2384459933,60.9505383856,48.5984445649,STANDBY,0,0,3.4993052339
2024-01-28 01:00:00,RIG_DEGRADATION,1,28,6,38.2644650435,46.3365069501,51.7262646588,0.6260848494,41.1396903731,58.9961470339,51.6916472136,STANDBY,0,0,3.4969893469
2024-01-28 02:00:00,RIG_DEGRADATION,2,28,6,38.2644650435,51.2506083126,53.0539007945,0.6144016643,42.8979189185,66.3986558796,55.3841840078,STANDBY,0,0,3.4946734599
2024-01-28 03:00:00,RIG_DEGRADATION,3,28,6,38.2644650435,54.5637960335,57.126479854,0.5666803658,43.8035699323,67.0876834469,63.3357021783,STANDBY,0,0,3.492357573
2024-01-28 04:00:00,RIG_DEGRADATION,4,28,6,40.6559941088,48.0036227309,57.2664616652,0.5927919761,41.0550481269,66.8631268708,56.4714928061,STANDBY,0,0,3.490041686
2024-01-28 05:00:00,RIG_DEGRADATION,5,28,6,48.7310717994,58.0155644964,61.9575794043,0.6089779121000001,48.2384811298,67.9643130203,66.7526479687,STANDBY,0,0,3.487725799
2024-01-28 06:00:00,RIG_DEGRADATION,6,28,6,57.3966975653,68.0197784244,71.0614380568,0.6293782919,47.5597053927,73.754899569,70.3402704113,HIGH_PRODUCTION,0,0,3.485409912
2024-01-28 07:00:00,RIG_DEGRADATION,7,28,6,66.0623233312,78.784887788,80.8197447662,0.6698289636,50.4407355052,73.0891697062,83.7260527842,HIGH_PRODUCTION,0,0,3.483094025
2024-01-28 08:00:00,RIG_DEGRADATION,8,28,6,74.1374010218,90.0558075203,87.0328288452,0.6645193411,52.6083465206,77.0894131064,91.3054809568,HIGH_PRODUCTION,0,0,3.480778138
2024-01-28 09:00:00,RIG_DEGRADATION,9,28,6,81.0716274372,84.4336271551,88.3066739853,0.6024450151,52.9433551674,75.1376397906,92.9619360884,HIGH_PRODUCTION,0,0,3.478462251
2024-01-28 10:00:00,RIG_DEGRADATION,10,28,6,86.3924465065,91.0928833559,93.0971302172,0.6667576185,50.7600601205,81.8090783764,98.7741016496,HIGH_PRODUCTION,0,0,3.4761463641
2024-01-28 11:00:00,RIG_DEGRADATION,11,28,6,89.7372532031,102.1150130069,95.0,0.7377637089,54.3235714814,78.5740479791,98.9450477178,HIGH_PRODUCTION,0,0,3.4738304771
2024-01-28 12:00:00,RIG_DEGRADATION,12,28,6,90.8781044784,95.6537295082,95.0,0.8021671372,53.9799121708,80.0432300363,97.013915295,HIGH_PRODUCTION,0,0,3.4715145901
2024-01-28 13:00:00,RIG_DEGRADATION,13,28,6,89.7372532031,101.1333197798,95.0,0.7027244578,57.4546980301,85.6887081761,98.4636586324,HIGH_PRODUCTION,0,0,3.4691987031
2024-01-28 14:00:00,RIG_DEGRADATION,14,28,6,86.3924465065,98.9334112671,95.0,0.7479757307,54.9608353307,80.4672292435,101.3224824796,HIGH_PRODUCTION,0,0,3.4668828161
2024-01-28 15:00:00,RIG_DEGRADATION,15,28,6,81.0716274372,90.1938204693,89.9319874005,0.7583771281,50.8504888619,77.9267003427,97.696391741,HIGH_PRODUCTION,0,0,3.4645669291
2024-01-28 16:00:00,RIG_DEGRADATION,16,28,6,74.1374010218,76.817124074,81.5994913271,0.7031140666,52.0610924171,78.5475763775,87.013716029,HIGH_PRODUCTION,0,0,3.4622510421
2024-01-28 17:00:00,RIG_DEGRADATION,17,28,6,66.0623233312,81.2374383693,79.4990946797,0.7247252806000001,48.8331886219,75.2609160615,82.943034902,HIGH_PRODUCTION,0,0,3.4599351552
2024-01-28 18:00:00,RIG_DEGRADATION,18,28,6,57.3966975653,73.2460923515,71.3232726826,0.6166771943,48.5238998638,82.7906942789,71.9902498462,HIGH_PRODUCTION,0,0,3.4576192682
2024-01-28 19:00:00,RIG_DEGRADATION,19,28,6,48.7310717994,62.1027914966,66.3299186156,0.6132831725,45.0104531657,63.6027162553,65.3141236068,HIGH_PRODUCTION,0,0,3.4553033812000002
2024-01-28 20:00:00,RIG_DEGRADATION,20,28,6,40.6559941088,40.0106903773,46.6571475581,0.4498348693,39.9843742935,62.4713990467,52.7414327706,HIGH_PRODUCTION,0,0,3.4529874942
2024-01-28 21:00:00,RIG_DEGRADATION,21,28,6,38.2644650435,46.6887253464,52.0943265342,0.5272006056,39.4840742936,63.586290311,53.7360008489,HIGH_PRODUCTION,0,0,3.4506716072
2024-01-28 22:00:00,RIG_DEGRADATION,22,28,6,38.2644650435,47.4617961066,51.0023795797,0.5639300228,42.6982240334,67.3381395166,53.9891066831,STANDBY,0,0,3.4483557202
2024-01-28 23:00:00,RIG_DEGRADATION,23,28,6,38.2644650435,49.2192518039,50.3884631357,0.6180296724000001,43.4633046008,61.7037882398,54.9470484496,STANDBY,0,0,3.4460398333
2024-01-29 00:00:00,RIG_DEGRADATION,0,29,0,40.0,52.4060347106,57.1277048984,0.5426521744,44.1414076889,61.3430169562,61.3607349475,STANDBY,0,0,3.4437239463
2024-01-29 01:00:00,RIG_DEGRADATION,1,29,0,40.0,45.6187393604,52.199782534,0.6072772748,40.9582369774,66.1682369231,59.1765375022,STANDBY,0,0,3.4414080593
2024-01-29 02:00:00,RIG_DEGRADATION,2,29,0,40.0,44.4181267602,48.059353104,0.5128024254,43.702226502,63.2360648535,50.3145909888,STANDBY,0,0,3.4390921723
2024-01-29 03:00:00,RIG_DEGRADATION,3,29,0,40.0,46.4733432165,52.4850657767,0.618091076,42.010089396,66.4210664218,53.8750985019,STANDBY,0,0,3.4367762853
2024-01-29 04:00:00,RIG_DEGRADATION,4,29,0,42.5,44.7184245951,53.6054009484,0.5662509543,43.3257875871,62.618255727,58.7060362787,STANDBY,0,0,3.4344603983
2024-01-29 05:00:00,RIG_DEGRADATION,5,29,0,50.9413334214,63.1637830235,66.13546223,0.6087419242000001,46.2307256312,70.1863397486,74.806817496,STANDBY,0,0,3.4321445113
2024-01-29 06:00:00,RIG_DEGRADATION,6,29,0,60.0,79.1408870204,74.7260549987,0.6181139193,50.8362270046,74.8446674186,77.8746882286,HIGH_PRODUCTION,0,0,3.4298286244
2024-01-29 07:00:00,RIG_DEGRADATION,7,29,0,69.0586665786,72.6649958218,75.4743287762,0.7614121689000001,48.9912775731,68.1391498118,75.6068759293,HIGH_PRODUCTION,0,0,3.4275127374
2024-01-29 08:00:00,RIG_DEGRADATION,8,29,0,77.5,79.8342956536,80.5748371283,0.6395486519,48.6031367368,66.6128917188,85.0543769991,HIGH_PRODUCTION,0,0,3.4251968504
2024-01-29 09:00:00,RIG_DEGRADATION,9,29,0,84.7487373415,98.4977877552,95.0,0.7252264188,56.960121922,78.3843950302,101.5708109998,HIGH_PRODUCTION,0,0,3.4228809634
2024-01-29 10:00:00,RIG_DEGRADATION,10,29,0,90.3108891325,91.1762619537,90.6788984344,0.7360498724,53.2162444591,80.5638719503,96.7461819714,HIGH_PRODUCTION,0,0,3.4205650764
2024-01-29 11:00:00,RIG_DEGRADATION,11,29,0,93.8074039201,105.4405579291,95.0,0.5844794064000001,57.3906389805,77.1467249731,97.7142987519,HIGH_PRODUCTION,0,0,3.4182491894
2024-01-29 12:00:00,RIG_DEGRADATION,12,29,0,95.0,101.7040906908,95.0,0.7414200918,55.0452774456,78.4678568109,94.2911680204,HIGH_PRODUCTION,0,0,3.4159333025
2024-01-29 13:00:00,RIG_DEGRADATION,13,29,0,93.8074039201,112.8191539124,95.0,0.7565674705000001,56.395850066,86.6648277308,102.4310112479,HIGH_PRODUCTION,0,0,3.4136174155
2024-01-29 14:00:00,RIG_DEGRADATION,14,29,0,90.3108891325,98.1885885236,95.0,0.6733152877,49.1092408177,80.8334425925,100.1454237529,HIGH_PRODUCTION,0,0,3.4113015285
2024-01-29 15:00:00,RIG_DEGRADATION,15,29,0,84.7487373415,91.8405697698,89.7232906377,0.6713602832000001,52.9907753121,76.9004529179,94.3851982596,HIGH_PRODUCTION,0,0,3.4089856415
2024-01-29 16:00:00,RIG_DEGRADATION,16,29,0,77.5,87.205745183,85.3500271926,0.6726818026,53.6944151048,75.0430616397,88.5168826581,HIGH_PRODUCTION,0,0,3.4066697545
2024-01-29 17:00:00,RIG_DEGRADATION,17,29,0,69.0586665786,85.1559697688,84.4804155952,0.6715978239,53.0487466142,73.2373571063,92.3294839418,HIGH_PRODUCTION,0,0,3.4043538675000002
2024-01-29 18:00:00,RIG_DEGRADATION,18,29,0,60.0,68.1283905178,71.3131028689,0.6911394482000001,48.6943073863,70.809117981,74.8457554077,HIGH_PRODUCTION,0,0,3.4020379805
2024-01-29 19:00:00,RIG_DEGRADATION,19,29,0,50.9413334214,57.587042487,61.6659763323,0.6177091476000001,40.1232488874,76.4552466124,68.0680965743,HIGH_PRODUCTION,0,0,3.3997220936
2024-01-29 20:00:00,RIG_DEGRADATION,20,29,0,42.5,61.2199703994,62.2291685105,0.5533484723000001,45.8485309159,66.1176087371,67.1349356245,HIGH_PRODUCTION,0,0,3.3974062066
2024-01-29 21:00:00,RIG_DEGRADATION,21,29,0,40.0,51.2996601537,53.7286740064,0.6351384347,40.0294859248,66.2989009784,59.262707924,HIGH_PRODUCTION,0,0,3.3950903196
2024-01-29 22:00:00,RIG_DEGRADATION,22,29,0,40.0,57.2328185938,57.5654842467,0.5049646327,46.2266403664,66.7593754737,61.2901791089,STANDBY,0,0,3.3927744326
2024-01-29 23:00:00,RIG_DEGRADATION,23,29,0,40.0,46.2308722474,55.3633399516,0.5302526303,41.1807247702,65.6730059389,58.372498004,STANDBY,0,0,3.3904585456
2024-01-30 00:00:00,RIG_DEGRADATION,0,30,1,38.2644650435,54.8165932311,53.1888881452,0.5803606698,47.2889419664,70.3805514665,55.4566374727,STANDBY,0,0,3.3881426586
2024-01-30 01:00:00,RIG_DEGRADATION,1,30,1,38.2644650435,49.3542452218,51.2679482835,0.6123474674,42.8830147535,67.2386556489,56.2961765595,STANDBY,0,0,3.3858267717
2024-01-30 02:00:00,RIG_DEGRADATION,2,30,1,38.2644650435,46.8402174916,47.8312877541,0.5157611338,44.0084218515,67.5210181043,55.6184260974,STANDBY,0,0,3.3835108847
2024-01-30 03:00:00,RIG_DEGRADATION,3,30,1,38.2644650435,56.7622874671,58.7184332715,0.5804791166000001,44.6385155356,69.7812519495,63.8325267675,STANDBY,0,0,3.3811949977
2024-01-30 04:00:00,RIG_DEGRADATION,4,30,1,40.6559941088,54.777817071,56.4877882307,0.5607804303,44.3811489193,68.3903522231,63.4602873969,STANDBY,0,0,3.3788791107
2024-01-30 05:00:00,RIG_DEGRADATION,5,30,1,48.7310717994,60.5463369804,61.5237154183,0.7154635737,46.9938743978,68.374919929,67.6815638375,STANDBY,0,0,3.3765632237
2024-01-30 06:00:00,RIG_DEGRADATION,6,30,1,57.3966975653,68.6558942812,67.7795368577,0.7145928765,47.1709307091,74.1283382909,73.2848531935,HIGH_PRODUCTION,0,0,3.3742473367
2024-01-30 07:00:00,RIG_DEGRADATION,7,30,1,66.0623233312,74.4999043597,78.3467245244,0.6927385901,48.9668312305,71.9484518069,78.4045748586,HIGH_PRODUCTION,0,0,3.3719314497
2024-01-30 08:00:00,RIG_DEGRADATION,8,30,1,74.1374010218,79.4863283272,80.5650209255,0.6777540034,51.2527312668,75.9958835258,86.4189454129,HIGH_PRODUCTION,0,0,3.3696155628
2024-01-30 09:00:00,RIG_DEGRADATION,9,30,1,81.0716274372,86.9344844451,84.7761525906,0.7219232675,54.9076080241,74.183909999,87.8084867797,HIGH_PRODUCTION,0,0,3.3672996758
2024-01-30 10:00:00,RIG_DEGRADATION,10,30,1,86.3924465065,100.0374864592,95.0,0.7452717797,53.112754728,82.5559997593,98.1819922601,HIGH_PRODUCTION,0,0,3.3649837888
2024-01-30 11:00:00,RIG_DEGRADATION,11,30,1,89.7372532031,98.9722668534,95.0,0.7244244777000001,52.5204420141,80.542950191,98.4824990828,HIGH_PRODUCTION,0,0,3.3626679018
2024-01-30 12:00:00,RIG_DEGRADATION,12,30,1,90.8781044784,97.8464473997,95.0,0.7474803948000001,55.32645899,75.3618973638,101.7633738801,HIGH_PRODUCTION,0,0,3.3603520148
2024-01-30 13:00:00,RIG_DEGRADATION,13,30,1,89.7372532031,95.5849501899,95.0,0.7944166415,53.5628001524,80.7412716503,96.7011162794,HIGH_PRODUCTION,0,0,3.3580361278
2024-01-30 14:00:00,RIG_DEGRADATION,14,30,1,86.3924465065,98.5333058653,95.0,0.703705671,56.0085932341,80.0241182471,94.4703432114,HIGH_PRODUCTION,0,0,3.3557202409
2024-01-30 15:00:00,RIG_DEGRADATION,15,30,1,81.0716274372,93.6165636352,91.3124558111,0.7111366901,53.8097513651,77.0329040555,91.8552861352,HIGH_PRODUCTION,0,0,3.3534043539000002
2024-01-30 16:00:00,RIG_DEGRADATION,16,30,1,74.1374010218,90.6278719668,88.0773026905,0.7345734061,51.3205171921,78.0956790046,88.1460661243,HIGH_PRODUCTION,0,0,3.3510884669
2024-01-30 17:00:00,RIG_DEGRADATION,17,30,1,66.0623233312,79.4182571615,79.7461166877,0.7255470189000001,51.6825280281,73.2709760228,80.2198449483,HIGH_PRODUCTION,0,0,3.3487725799
2024-01-30 18:00:00,RIG_DEGRADATION,18,30,1,57.3966975653,71.8032436164,72.6469147442,0.596700141,49.2295829878,72.1902823314,79.7412356119,HIGH_PRODUCTION,0,0,3.3464566929
2024-01-30 19:00:00,RIG_DEGRADATION,19,30,1,48.7310717994,52.3605607176,59.3667430028,0.5750749007,40.877958442,61.4057128505,62.7346383969,HIGH_PRODUCTION,0,0,3.3441408059
2024-01-30 20:00:00,RIG_DEGRADATION,20,30,1,40.6559941088,56.9506408833,59.458970011,0.5389872891,43.7635772071,67.5260867128,61.3486872599,HIGH_PRODUCTION,0,0,3.3418249189
2024-01-30 21:00:00,RIG_DEGRADATION,21,30,1,38.2644650435,49.6940262134,54.4479827773,0.5343296276,44.4402822816,61.5474142917,62.1495973137,HIGH_PRODUCTION,0,0,3.339509032
2024-01-30 22:00:00,RIG_DEGRADATION,22,30,1,38.2644650435,54.7449763468,53.8004681636,0.5517967602,44.4620899384,62.6426670656,64.5709156132,STANDBY,0,0,3.337193145
2024-01-30 23:00:00,RIG_DEGRADATION,23,30,1,38.2644650435,48.734914499,50.5737539207,0.5854522301,41.1924340759,63.7696358769,56.8120117521,STANDBY,0,0,3.334877258
2024-01-31 00:00:00,RIG_DEGRADATION,0,31,2,36.8726740701,36.7386726439,44.6053234265,0.5337822631,42.3635389235,58.1128060957,46.3217195723,STANDBY,0,0,3.332561371
2024-01-31 01:00:00,RIG_DEGRADATION,1,31,2,36.8726740701,50.9727920484,54.3336320504,0.6353544661,45.9682754572,64.6903370417,59.125173561,STANDBY,0,0,3.330245484
2024-01-31 02:00:00,RIG_DEGRADATION,2,31,2,36.8726740701,51.6796011309,56.8684587921,0.5515969070000001,44.7171592625,64.0677710115,56.9588977878,STANDBY,0,0,3.327929597
2024-01-31 03:00:00,RIG_DEGRADATION,3,31,2,36.8726740701,54.474848039,59.604423957,0.6077737362,45.5264880987,65.6684007617,63.4581769168,STANDBY,0,0,3.3256137101
2024-01-31 04:00:00,RIG_DEGRADATION,4,31,2,39.1772161995,51.1431637044,59.9125302327,0.6655843663000001,39.8605188021,66.8074687769,63.340678885,STANDBY,0,0,3.3232978231
2024-01-31 05:00:00,RIG_DEGRADATION,5,31,2,46.9585795986,54.7495764,62.9961912924,0.5990723321,40.2608140264,66.1890438929,66.0181729323,STANDBY,0,0,3.3209819361
2024-01-31 06:00:00,RIG_DEGRADATION,6,31,2,55.3090111052,62.5298536871,70.2211305407,0.5539023669,44.3242119579,65.6271819864,73.9516435288,HIGH_PRODUCTION,0,0,3.3186660491
2024-01-31 07:00:00,RIG_DEGRADATION,7,31,2,63.6594426117,73.4739941365,77.7492002277,0.6655989789,48.381507394,75.8195154634,86.4732079802,HIGH_PRODUCTION,0,0,3.3163501621
2024-01-31 08:00:00,RIG_DEGRADATION,8,31,2,71.4408060109,85.3759918905,88.6583497522,0.7889637537,46.9108960589,74.7801129864,92.8693601634,HIGH_PRODUCTION,0,0,3.3140342751
2024-01-31 09:00:00,RIG_DEGRADATION,9,31,2,78.1228142462,92.5552359111,91.4484265653,0.6410406522000001,55.2313517453,76.9643872922,97.1058422734,HIGH_PRODUCTION,0,0,3.3117183881
2024-01-31 10:00:00,RIG_DEGRADATION,10,31,2,83.2500994991,88.7641716354,92.9780271322,0.7067719325,55.8342785421,73.6657868609,103.5733506265,HIGH_PRODUCTION,0,0,3.3094025012
2024-01-31 11:00:00,RIG_DEGRADATION,11,31,2,86.4732457528,95.6845699294,95.0,0.7116880565,52.9425598568,79.1494189391,104.51281328580001,HIGH_PRODUCTION,0,0,3.3070866142
2024-01-31 12:00:00,RIG_DEGRADATION,12,31,2,87.5726009166,103.7408813123,95.0,0.7837514363,57.1312219541,80.9553171705,99.9727582603,HIGH_PRODUCTION,0,0,3.3047707272
2024-01-31 13:00:00,RIG_DEGRADATION,13,31,2,86.4732457528,98.1805036294,95.0,0.6722543798,56.6712793559,79.8529324699,103.0816490369,HIGH_PRODUCTION,0,0,3.3024548402000002
2024-01-31 14:00:00,RIG_DEGRADATION,14,31,2,83.2500994991,91.2636044104,94.9085875251,0.7306258912,54.1360086369,77.3109388691,101.7177615868,HIGH_PRODUCTION,0,0,3.3001389532
2024-01-31 15:00:00,RIG_DEGRADATION,15,31,2,78.1228142462,82.5275508961,84.4216491493,0.6206393576,51.8305949946,76.4196241098,89.9728593915,HIGH_PRODUCTION,0,0,3.2978230662
2024-01-31 16:00:00,RIG_DEGRADATION,16,31,2,71.4408060109,76.0089433674,81.6874288061,0.7319157794000001,51.3541921147,71.0217363073,87.0245543428,HIGH_PRODUCTION,0,0,3.2955071792
2024-01-31 17:00:00,RIG_DEGRADATION,17,31,2,63.6594426117,67.7435677637,72.5287517387,0.6341766419,49.4125063465,70.8335184551,75.4569005321,HIGH_PRODUCTION,0,0,3.2931912923
2024-01-31 18:00:00,RIG_DEGRADATION,18,31,2,55.3090111052,62.7828674674,65.7447626535,0.6658612242,45.4188447822,73.0574360147,70.9638757038,HIGH_PRODUCTION,0,0,3.2908754053
2024-01-31 19:00:00,RIG_DEGRADATION,19,31,2,46.9585795986,58.7467511331,61.5455556511,0.6349035967000001,45.4474478183,69.9405589006,66.1980045943,HIGH_PRODUCTION,0,0,3.2885595183
2024-01-31 20:00:00,RIG_DEGRADATION,20,31,2,39.1772161995,44.3445152443,53.2042316014,0.5295851799,44.5032687367,67.2919709161,58.410098454,HIGH_PRODUCTION,0,0,3.2862436313
2024-01-31 21:00:00,RIG_DEGRADATION,21,31,2,36.8726740701,47.3669481126,53.9769910865,0.5610577369,40.8568657653,66.3222846825,51.9465050351,HIGH_PRODUCTION,0,0,3.2839277443
2024-01-31 22:00:00,RIG_DEGRADATION,22,31,2,36.8726740701,48.1863067195,51.0081813919,0.5080848084,43.0889650867,67.8904225918,54.5268393971,STANDBY,0,0,3.2816118573
2024-01-31 23:00:00,RIG_DEGRADATION,23,31,2,36.8726740701,52.5074718525,51.4025763441,0.5921872666,40.6937408936,67.0731419188,56.2600607101,STANDBY,0,0,3.2792959704
2024-02-01 00:00:00,RIG_DEGRADATION,0,1,3,36.1002883513,52.599386204300004,53.9924681237,0.5393557988000001,41.2980232164,67.4518962917,63.1061533642,STANDBY,0,0,3.2769800834
2024-02-01 01:00:00,RIG_DEGRADATION,1,1,3,36.1002883513,48.1820949514,51.5688650704,0.6008305697,40.3095029659,65.5296512209,59.8762187642,STANDBY,0,0,3.2746641964
2024-02-01 02:00:00,RIG_DEGRADATION,2,1,3,36.1002883513,49.5353768369,55.5189070134,0.6076369110000001,41.7232087844,66.8666340394,58.4207365571,STANDBY,0,0,3.2723483094
2024-02-01 03:00:00,RIG_DEGRADATION,3,1,3,36.1002883513,45.0617787157,49.9713908603,0.4942574658,39.863870795,66.2531457104,57.9882130877,STANDBY,0,0,3.2700324224
2024-02-01 04:00:00,RIG_DEGRADATION,4,1,3,38.3565563732,50.6532307806,56.216895022,0.6601025143,43.6215469235,67.9514863466,67.9905251279,STANDBY,0,0,3.2677165354
2024-02-01 05:00:00,RIG_DEGRADATION,5,1,3,45.9749206378,54.192167705,61.9563055969,0.6239608680000001,44.7521140011,69.6559589357,68.4375289434,STANDBY,0,0,3.2654006484
2024-02-01 06:00:00,RIG_DEGRADATION,6,1,3,54.1504325269,60.6593624785,69.698670274,0.6441100211,43.5485972076,64.8691518245,78.7214137241,HIGH_PRODUCTION,0,0,3.2630847615
2024-02-01 07:00:00,RIG_DEGRADATION,7,1,3,62.325944416,71.5542357906,75.9320019578,0.6373465375,49.4124708673,69.0317209683,80.017138959,HIGH_PRODUCTION,0,0,3.2607688745
2024-02-01 08:00:00,RIG_DEGRADATION,8,1,3,69.9443086806,88.9827066987,85.8828255873,0.667054386,49.1653211226,77.4057778048,83.9652778312,HIGH_PRODUCTION,0,0,3.2584529875
2024-02-01 09:00:00,RIG_DEGRADATION,9,1,3,76.4863463859,90.5272115539,86.0718366191,0.6256185088,50.3972915266,78.071751697,91.1192837614,HIGH_PRODUCTION,0,0,3.2561371005
2024-02-01 10:00:00,RIG_DEGRADATION,10,1,3,81.5062284735,92.9084263719,89.8806070224,0.7305657421,52.6850466944,73.1858411407,98.0508506937,HIGH_PRODUCTION,0,0,3.2538212135
2024-02-01 11:00:00,RIG_DEGRADATION,11,1,3,84.661858275,83.5309601403,84.7812594442,0.740336357,49.1160546085,69.9322047696,87.4220071609,HIGH_PRODUCTION,0,0,3.2515053265000002
2024-02-01 12:00:00,RIG_DEGRADATION,12,1,3,85.7381848343,90.7174920129,93.0331689701,0.7823137486,53.3712467338,77.2306892414,96.9828711709,HIGH_PRODUCTION,0,0,3.2491894396
2024-02-01 13:00:00,RIG_DEGRADATION,13,1,3,84.661858275,89.3530125964,90.0094441123,0.653624143,54.8753422118,81.2743922111,92.6109325719,HIGH_PRODUCTION,0,0,3.2468735526
2024-02-01 14:00:00,RIG_DEGRADATION,14,1,3,81.5062284735,87.4154646947,89.125757991,0.6891676928,53.6510609956,72.6198139556,94.8494729268,HIGH_PRODUCTION,0,0,3.2445576656
2024-02-01 15:00:00,RIG_DEGRADATION,15,1,3,76.4863463859,86.7531169356,89.5545881404,0.7366386928,50.8054242818,78.613775697,98.370383783,HIGH_PRODUCTION,0,0,3.2422417786
2024-02-01 16:00:00,RIG_DEGRADATION,16,1,3,69.9443086806,77.6933134364,79.5939965022,0.6807494774,48.7571389078,78.1524693367,85.8786022469,HIGH_PRODUCTION,0,0,3.2399258916
2024-02-01 17:00:00,RIG_DEGRADATION,17,1,3,62.325944416,79.8197401295,82.1541410199,0.7239107722,50.4915810829,78.1796591706,87.7245189055,HIGH_PRODUCTION,0,0,3.2376100046
2024-02-01 18:00:00,RIG_DEGRADATION,18,1,3,54.1504325269,63.5857130267,68.4515730762,0.6886408804,45.8016988734,71.33791613,73.3888455568,HIGH_PRODUCTION,0,0,3.2352941176
2024-02-01 19:00:00,RIG_DEGRADATION,19,1,3,45.9749206378,56.0108042635,62.2157616528,0.6208664538,42.654457075,69.2373421536,65.4665000525,HIGH_PRODUCTION,0,0,3.2329782307
2024-02-01 20:00:00,RIG_DEGRADATION,20,1,3,38.3565563732,52.9120581675,59.9535167257,0.6298259154,44.5400392561,62.5010543524,65.0331747597,HIGH_PRODUCTION,0,0,3.2306623437
2024-02-01 21:00:00,RIG_DEGRADATION,21,1,3,36.1002883513,46.3449514619,50.2403489647,0.48899788250000004,41.6330428825,63.3733685983,54.1371064318,HIGH_PRODUCTION,0,0,3.2283464567
2024-02-01 22:00:00,RIG_DEGRADATION,22,1,3,36.1002883513,52.4436855723,56.2227201726,0.5480431019,40.9205737354,65.5576542897,63.0968071464,STANDBY,0,0,3.2260305697
2024-02-01 23:00:00,RIG_DEGRADATION,23,1,3,36.1002883513,44.4429631398,48.8336340351,0.5611572004000001,44.0713771288,60.4280992742,55.0814878935,STANDBY,0,0,3.2237146827
2024-02-02 00:00:00,RIG_DEGRADATION,0,2,4,36.1002883513,50.6998261611,52.5598062392,0.6896981817000001,43.0729111295,63.6051050636,56.5164948654,STANDBY,0,0,3.2213987957
2024-02-02 01:00:00,RIG_DEGRADATION,1,2,4,36.1002883513,45.7564181308,46.0305093282,0.6211240956,36.3999383967,62.9201836571,51.8997090782,STANDBY,0,0,3.2190829088
2024-02-02 02:00:00,RIG_DEGRADATION,2,2,4,36.1002883513,41.5165152684,47.8366296918,0.5818290949,41.7829551315,65.0547145278,51.6614525387,STANDBY,0,0,3.2167670218
2024-02-02 03:00:00,RIG_DEGRADATION,3,2,4,36.1002883513,42.2227050782,51.7170904226,0.6071324419,40.543494657,62.830329966,53.2939127291,STANDBY,0,0,3.2144511348
2024-02-02 04:00:00,RIG_DEGRADATION,4,2,4,38.3565563732,49.4725259362,55.5920250492,0.5815187198,41.8618774985,62.122717196400004,60.1737829527,STANDBY,0,0,3.2121352478
2024-02-02 05:00:00,RIG_DEGRADATION,5,2,4,45.9749206378,63.7266383586,67.8404477892,0.6637977306,42.9424165742,70.3623767725,72.6130184291,STANDBY,0,0,3.2098193608
2024-02-02 06:00:00,RIG_DEGRADATION,6,2,4,54.1504325269,62.4411181091,68.7915324314,0.5630969451,48.2539841423,66.7743133753,75.5292850619,HIGH_PRODUCTION,0,0,3.2075034738
2024-02-02 07:00:00,RIG_DEGRADATION,7,2,4,62.325944416,67.7852476095,73.1771475863,0.6647168645,46.4724177358,72.2045928017,83.8631439648,HIGH_PRODUCTION,0,0,3.2051875868
2024-02-02 08:00:00,RIG_DEGRADATION,8,2,4,69.9443086806,76.1146273554,80.6868660815,0.6844447638000001,44.3491923659,74.8363345982,90.4532610192,HIGH_PRODUCTION,0,0,3.2028716999
2024-02-02 09:00:00,RIG_DEGRADATION,9,2,4,76.4863463859,80.7678733507,85.1899391427,0.6196744807,48.1333824835,74.2972873203,89.9047431121,HIGH_PRODUCTION,0,0,3.2005558129000002
2024-02-02 10:00:00,RIG_DEGRADATION,10,2,4,81.5062284735,90.6229121616,89.4465596811,0.6987395847,52.7539907981,79.3231451616,93.1683028627,HIGH_PRODUCTION,0,0,3.1982399259
2024-02-02 11:00:00,RIG_DEGRADATION,11,2,4,84.661858275,92.8742834495,92.407015434,0.7384868581,53.3795041026,79.5375353663,101.2951498781,HIGH_PRODUCTION,0,0,3.1959240389
2024-02-02 12:00:00,RIG_DEGRADATION,12,2,4,85.7381848343,91.5188733978,91.0240288383,0.7293910523,51.5089091812,77.637584499,94.9737443365,HIGH_PRODUCTION,0,0,3.1936081519
2024-02-02 13:00:00,RIG_DEGRADATION,13,2,4,84.661858275,94.6302008591,95.0,0.7009474379,54.728985862,78.3882926892,96.9957567597,HIGH_PRODUCTION,0,0,3.1912922649
2024-02-02 14:00:00,RIG_DEGRADATION,14,2,4,81.5062284735,88.7638198597,92.0438394867,0.8104715458,49.8083698114,78.8731492769,93.3969853488,HIGH_PRODUCTION,0,0,3.188976378
2024-02-02 15:00:00,RIG_DEGRADATION,15,2,4,76.4863463859,87.3997066086,89.224643121,0.7150149560000001,51.6857381908,73.1412761827,98.5089240098,HIGH_PRODUCTION,0,0,3.186660491
2024-02-02 16:00:00,RIG_DEGRADATION,16,2,4,69.9443086806,83.3634429722,85.4631515813,0.7690281358000001,51.163030539,75.7318808058,85.2345641109,HIGH_PRODUCTION,0,0,3.184344604
2024-02-02 17:00:00,RIG_DEGRADATION,17,2,4,62.325944416,70.6776659277,75.0341422249,0.6801154112000001,45.8135845678,73.8343881366,80.8883297332,HIGH_PRODUCTION,0,0,3.182028717
2024-02-02 18:00:00,RIG_DEGRADATION,18,2,4,54.1504325269,69.4429795085,71.7641248013,0.6463929666,49.3820630981,71.9717952992,76.4451724374,HIGH_PRODUCTION,0,0,3.17971283
2024-02-02 19:00:00,RIG_DEGRADATION,19,2,4,45.9749206378,59.5174794853,63.7985088514,0.6842485774,47.2759782152,70.0063936365,69.1504685059,HIGH_PRODUCTION,0,0,3.177396943
2024-02-02 20:00:00,RIG_DEGRADATION,20,2,4,38.3565563732,48.8727172534,58.388617069,0.6636158807,42.3737408838,64.0781127472,67.5896347904,HIGH_PRODUCTION,0,0,3.175081056
2024-02-02 21:00:00,RIG_DEGRADATION,21,2,4,36.1002883513,46.1878423399,51.3480529165,0.6325683382,42.0023948184,64.6615787132,55.8810353237,HIGH_PRODUCTION,0,0,3.1727651691
2024-02-02 22:00:00,RIG_DEGRADATION,22,2,4,36.1002883513,50.9141266568,55.072350404,0.6366230483,44.4285032049,61.283204820899996,59.8491778947,STANDBY,0,0,3.1704492821
2024-02-02 23:00:00,RIG_DEGRADATION,23,2,4,36.1002883513,41.08431534,42.8704895756,0.5470971398,41.1662519624,64.8122684162,41.031522471,STANDBY,0,0,3.1681333951
2024-02-03 00:00:00,RIG_DEGRADATION,0,3,5,36.8726740701,50.2899315505,56.3811038657,0.6231621698,42.4534429343,65.9604936359,60.0353306864,STANDBY,0,0,3.1658175081
2024-02-03 01:00:00,RIG_DEGRADATION,1,3,5,36.8726740701,55.2158915152,58.5430381173,0.5858275417000001,45.5486683831,65.0656416105,63.1385390418,STANDBY,0,0,3.1635016211
2024-02-03 02:00:00,RIG_DEGRADATION,2,3,5,36.8726740701,41.7480485908,46.7138990704,0.6097222661,43.8243169563,60.8363709363,54.0652126261,STANDBY,0,0,3.1611857341
2024-02-03 03:00:00,RIG_DEGRADATION,3,3,5,36.8726740701,37.8086287491,43.7646857729,0.6241912423,39.0130121585,60.1654579369,48.3468502737,STANDBY,0,0,3.1588698472
2024-02-03 04:00:00,RIG_DEGRADATION,4,3,5,39.1772161995,39.3952273528,49.6091234892,0.5946399509,39.0517317024,58.8069226587,54.3896548363,STANDBY,0,0,3.1565539602
2024-02-03 05:00:00,RIG_DEGRADATION,5,3,5,46.9585795986,52.4134129001,60.9148758736,0.5771138625000001,45.6073019642,66.1616006193,62.2811645132,STANDBY,0,0,3.1542380732
2024-02-03 06:00:00,RIG_DEGRADATION,6,3,5,55.3090111052,68.4899898261,70.2502926181,0.6368028142000001,45.8357469503,75.7643620542,78.1544332787,HIGH_PRODUCTION,0,0,3.1519221862
2024-02-03 07:00:00,RIG_DEGRADATION,7,3,5,63.6594426117,73.1469280912,77.8995133831,0.6692000173,46.1241922928,73.3980675124,80.3261457814,HIGH_PRODUCTION,0,0,3.1496062992000002
2024-02-03 08:00:00,RIG_DEGRADATION,8,3,5,71.4408060109,81.9896059175,85.2169560628,0.7262291947,50.241075386,75.2139406744,91.6361951019,HIGH_PRODUCTION,0,0,3.1472904122
2024-02-03 09:00:00,RIG_DEGRADATION,9,3,5,78.1228142462,85.7397361543,86.9936939974,0.6809376032000001,53.387574715,74.2222975338,93.3658334169,HIGH_PRODUCTION,0,0,3.1449745252
2024-02-03 10:00:00,RIG_DEGRADATION,10,3,5,83.2500994991,86.4655630864,86.203751865,0.6623470375,54.9861825235,72.5453285812,85.4570101715,HIGH_PRODUCTION,0,0,3.1426586383
2024-02-03 11:00:00,RIG_DEGRADATION,11,3,5,86.4732457528,95.5942025793,95.0,0.7323139883,54.1874954862,80.0244187967,99.0272606422,HIGH_PRODUCTION,0,0,3.1403427513
2024-02-03 12:00:00,RIG_DEGRADATION,12,3,5,87.5726009166,97.2685613459,95.0,0.7619355559000001,54.8145218835,82.4105431873,104.1324704993,HIGH_PRODUCTION,0,0,3.1380268643
2024-02-03 13:00:00,RIG_DEGRADATION,13,3,5,86.4732457528,104.6915510909,95.0,0.7390121408,56.6364349344,84.6957340899,100.4794379453,HIGH_PRODUCTION,0,0,3.1357109773
2024-02-03 14:00:00,RIG_DEGRADATION,14,3,5,83.2500994991,97.9243195455,95.0,0.7040529487,54.3161522211,72.802050713,98.7379123483,HIGH_PRODUCTION,0,0,3.1333950903
2024-02-03 15:00:00,RIG_DEGRADATION,15,3,5,78.1228142462,83.1862128555,84.1248087841,0.7748478390000001,50.9041668906,70.1373754932,89.400646022,HIGH_PRODUCTION,0,0,3.1310792033
2024-02-03 16:00:00,RIG_DEGRADATION,16,3,5,71.4408060109,80.2133042421,80.6193666488,0.6979526687000001,51.3407140838,70.6706662447,82.1104621285,HIGH_PRODUCTION,0,0,3.1287633164
2024-02-03 17:00:00,RIG_DEGRADATION,17,3,5,63.6594426117,70.3539642219,73.7897123088,0.7036881276,49.3715086003,70.3368343671,78.9507928874,HIGH_PRODUCTION,0,0,3.1264474294
2024-02-03 18:00:00,RIG_DEGRADATION,18,3,5,55.3090111052,60.5915507734,67.7361109706,0.6248907852000001,49.3922542356,66.9530536008,70.2608743916,HIGH_PRODUCTION,0,0,3.1241315424
2024-02-03 19:00:00,RIG_DEGRADATION,19,3,5,46.9585795986,62.201905943,64.2061136821,0.6268967375,47.5095453314,71.4392964432,72.7972720864,HIGH_PRODUCTION,0,0,3.1218156554
2024-02-03 20:00:00,RIG_DEGRADATION,20,3,5,39.1772161995,45.1025847584,51.7373077923,0.5359313796,41.9276995475,64.558705189,57.4318229691,HIGH_PRODUCTION,0,0,3.1194997684
2024-02-03 21:00:00,RIG_DEGRADATION,21,3,5,36.8726740701,55.368619379,57.2948190421,0.6838772844000001,43.6008280616,67.1910669039,61.8745450992,HIGH_PRODUCTION,0,0,3.1171838814
2024-02-03 22:00:00,RIG_DEGRADATION,22,3,5,36.8726740701,45.1508775755,52.8212142414,0.5970664487,38.1544738424,59.4794564505,60.2501137467,STANDBY,0,0,3.1148679944
2024-02-03 23:00:00,RIG_DEGRADATION,23,3,5,36.8726740701,44.4826891546,46.8734898618,0.6235227195,36.5737260094,62.4813943423,47.687892065,STANDBY,0,0,3.1125521075
2024-02-04 00:00:00,RIG_DEGRADATION,0,4,6,38.2644650435,45.3677566362,47.9793868259,0.6023318883000001,39.9105471509,61.0566512734,52.9458422151,STANDBY,0,0,3.1102362205
2024-02-04 01:00:00,RIG_DEGRADATION,1,4,6,38.2644650435,45.2346552767,48.1055820921,0.6345912908,45.4282167024,58.6723414676,57.0408619432,STANDBY,0,0,3.1079203335
2024-02-04 02:00:00,RIG_DEGRADATION,2,4,6,38.2644650435,40.4364106915,48.6297543905,0.4928668424,40.5841827296,63.9317397774,54.4599413066,STANDBY,0,0,3.1056044465
2024-02-04 03:00:00,RIG_DEGRADATION,3,4,6,38.2644650435,49.7266308761,56.8994932605,0.6351416365,40.6057533184,59.9996928641,61.8367408475,STANDBY,0,0,3.1032885595
2024-02-04 04:00:00,RIG_DEGRADATION,4,4,6,40.6559941088,58.6633821669,60.4845924072,0.666723509,45.2673563138,68.4415782284,65.3683847229,STANDBY,0,0,3.1009726725
2024-02-04 05:00:00,RIG_DEGRADATION,5,4,6,48.7310717994,68.1328818617,67.4708784927,0.616473057,45.6042230245,73.6893659916,67.6825809547,STANDBY,0,0,3.0986567855000002
2024-02-04 06:00:00,RIG_DEGRADATION,6,4,6,57.3966975653,63.8696808523,67.9959033543,0.6340265436,47.9462159279,68.1198394693,68.7802045053,HIGH_PRODUCTION,0,0,3.0963408986
2024-02-04 07:00:00,RIG_DEGRADATION,7,4,6,66.0623233312,73.7732759025,78.2086485116,0.6541163440000001,54.0263316448,72.9731559106,80.7203644394,HIGH_PRODUCTION,0,0,3.0940250116
2024-02-04 08:00:00,RIG_DEGRADATION,8,4,6,74.1374010218,91.5872660148,89.9047599014,0.7639538662,52.5398499781,74.6314211693,94.9873272514,HIGH_PRODUCTION,0,0,3.0917091246
2024-02-04 09:00:00,RIG_DEGRADATION,9,4,6,81.0716274372,92.1107668767,89.4965928985,0.6920871846000001,52.7351963204,78.4484786452,92.5213320079,HIGH_PRODUCTION,0,0,3.0893932376
2024-02-04 10:00:00,RIG_DEGRADATION,10,4,6,86.3924465065,94.2674358951,93.8766858407,0.8109304333,53.2644088741,80.2827235433,97.8650259398,HIGH_PRODUCTION,0,0,3.0870773506
2024-02-04 11:00:00,RIG_DEGRADATION,11,4,6,89.7372532031,101.8862248263,95.0,0.7539310447,57.1183658959,77.0173729038,105.8236052597,HIGH_PRODUCTION,0,0,3.0847614636
2024-02-04 12:00:00,RIG_DEGRADATION,12,4,6,90.8781044784,107.6392973035,95.0,0.821511992,54.8713751124,83.9114310646,104.2095074004,HIGH_PRODUCTION,0,0,3.0824455767
2024-02-04 13:00:00,RIG_DEGRADATION,13,4,6,89.7372532031,105.534395553,95.0,0.7162202999,55.9729705346,78.2827004379,96.9794100953,HIGH_PRODUCTION,0,0,3.0801296897
2024-02-04 14:00:00,RIG_DEGRADATION,14,4,6,86.3924465065,102.6078016461,95.0,0.8189975358,54.1433580577,83.2530981114,103.2261063538,HIGH_PRODUCTION,0,0,3.0778138027
2024-02-04 15:00:00,RIG_DEGRADATION,15,4,6,81.0716274372,92.4587566009,90.1949821453,0.7326142905,52.5937796031,76.3011461722,98.1192684174,HIGH_PRODUCTION,0,0,3.0754979157
2024-02-04 16:00:00,RIG_DEGRADATION,16,4,6,74.1374010218,88.7498838189,88.2820933326,0.761465383,55.2350283905,73.4882958877,96.6549437626,HIGH_PRODUCTION,0,0,3.0731820287
2024-02-04 17:00:00,RIG_DEGRADATION,17,4,6,66.0623233312,73.7648293555,80.9084099923,0.6362216198,46.5591884506,72.802100864,85.879413918,HIGH_PRODUCTION,0,0,3.0708661417
2024-02-04 18:00:00,RIG_DEGRADATION,18,4,6,57.3966975653,76.2330605483,75.6911671626,0.673434874,51.6341135107,73.8161111665,82.2141374991,HIGH_PRODUCTION,0,0,3.0685502547
2024-02-04 19:00:00,RIG_DEGRADATION,19,4,6,48.7310717994,52.3741430047,59.7180065439,0.5732731576,42.3443685994,58.079303546,63.6152517937,HIGH_PRODUCTION,0,0,3.0662343678
2024-02-04 20:00:00,RIG_DEGRADATION,20,4,6,40.6559941088,54.7609288386,59.4050800674,0.611420592,42.8148168783,67.4009430144,60.7285503705,HIGH_PRODUCTION,0,0,3.0639184808
2024-02-04 21:00:00,RIG_DEGRADATION,21,4,6,38.2644650435,40.8204045807,48.8038063809,0.5784599343,39.568561294,63.5177022297,59.3112289851,HIGH_PRODUCTION,0,0,3.0616025938
2024-02-04 22:00:00,RIG_DEGRADATION,22,4,6,38.2644650435,46.4224677631,53.4630847245,0.5923165674,45.1781871837,62.0824226122,60.5368059596,STANDBY,0,0,3.0592867068
2024-02-04 23:00:00,RIG_DEGRADATION,23,4,6,38.2644650435,46.7015425705,50.8932689931,0.5768080781,42.491016531,63.9093194594,58.9722964629,STANDBY,0,0,3.0569708198
2024-02-05 00:00:00,RIG_DEGRADATION,0,5,0,40.0,49.288446005,50.725055581,0.5873038624,39.5745195389,64.728268392,61.5108685997,STANDBY,0,0,3.0546549328
2024-02-05 01:00:00,RIG_DEGRADATION,1,5,0,40.0,39.5101715274,48.0624305836,0.5848357121000001,41.5207441274,58.7428348418,53.8387848895,STANDBY,0,0,3.0523390459
2024-02-05 02:00:00,RIG_DEGRADATION,2,5,0,40.0,51.5108283449,57.3417230359,0.6224829381,42.206266343,61.2733958223,58.8643594962,STANDBY,0,0,3.0500231589
2024-02-05 03:00:00,RIG_DEGRADATION,3,5,0,40.0,49.0445038471,52.7432162614,0.5546351742,42.7315209311,64.8706126119,55.4808045346,STANDBY,0,0,3.0477072719
2024-02-05 04:00:00,RIG_DEGRADATION,4,5,0,42.5,52.37843081,55.3873518452,0.6529867065,40.6711453144,64.5855817939,59.6555920182,STANDBY,0,0,3.0453913849
2024-02-05 05:00:00,RIG_DEGRADATION,5,5,0,50.9413334214,54.1900268137,60.5173381382,0.6160738086,40.8277503659,65.0569155402,63.759812946,STANDBY,0,0,3.0430754979
2024-02-05 06:00:00,RIG_DEGRADATION,6,5,0,60.0,64.5474231589,66.2429725561,0.6859654747,46.5658735403,69.5015481992,69.2884989168,HIGH_PRODUCTION,0,0,3.0407596109
2024-02-05 07:00:00,RIG_DEGRADATION,7,5,0,69.0586665786,75.2522469368,73.8228549546,0.6830800998000001,47.7759231654,71.9562639274,77.7593983337,HIGH_PRODUCTION,0,0,3.0384437239
2024-02-05 08:00:00,RIG_DEGRADATION,8,5,0,77.5,87.9514916316,83.8554334483,0.7675677223,51.5913981857,74.2779170726,92.8179139654,HIGH_PRODUCTION,0,0,3.036127837
2024-02-05 09:00:00,RIG_DEGRADATION,9,5,0,84.7487373415,100.05172865,94.0595589913,0.7899277386,55.1472083122,76.9250865664,98.1258585825,HIGH_PRODUCTION,0,0,3.03381195
2024-02-05 10:00:00,RIG_DEGRADATION,10,5,0,90.3108891325,105.0045919829,95.0,0.8443887963000001,54.5117451244,80.4511644155,101.7139170115,HIGH_PRODUCTION,0,0,3.031496063
2024-02-05 11:00:00,RIG_DEGRADATION,11,5,0,93.8074039201,102.8668167,95.0,0.7277610837,60.0425716815,78.0338380877,100.8983316405,HIGH_PRODUCTION,0,0,3.029180176
2024-02-05 12:00:00,RIG_DEGRADATION,12,5,0,95.0,110.8595169063,95.0,0.7897074898,60.9567242698,82.7959340314,99.0462744462,HIGH_PRODUCTION,0,0,3.026864289
2024-02-05 13:00:00,RIG_DEGRADATION,13,5,0,93.8074039201,108.3156087255,95.0,0.7949847827000001,59.3235715582,79.6479487504,96.5562061869,HIGH_PRODUCTION,0,0,3.024548402
2024-02-05 14:00:00,RIG_DEGRADATION,14,5,0,90.3108891325,105.5340712622,95.0,0.8258648206,58.2623333443,82.7916088227,100.059658338,HIGH_PRODUCTION,0,0,3.0222325151
2024-02-05 15:00:00,RIG_DEGRADATION,15,5,0,84.7487373415,95.721274111,95.0,0.852700419,55.0065512252,78.5386312092,99.7557318681,HIGH_PRODUCTION,0,0,3.0199166281
2024-02-05 16:00:00,RIG_DEGRADATION,16,5,0,77.5,89.8231312749,90.4553839382,0.6671235605,51.894441505,77.2369057948,96.0271880347,HIGH_PRODUCTION,0,0,3.0176007411
2024-02-05 17:00:00,RIG_DEGRADATION,17,5,0,69.0586665786,80.9069123615,79.6843539225,0.7554779556,49.7431098437,68.1609886102,86.4122706844,HIGH_PRODUCTION,0,0,3.0152848541
2024-02-05 18:00:00,RIG_DEGRADATION,18,5,0,60.0,66.1236823551,67.0797928857,0.5872212916,47.1580410673,72.8663925785,67.1355007663,HIGH_PRODUCTION,0,0,3.0129689671
2024-02-05 19:00:00,RIG_DEGRADATION,19,5,0,50.9413334214,64.8670123955,66.1069521616,0.5950973798,46.3767127463,64.0893543233,70.6519895864,HIGH_PRODUCTION,0,0,3.0106530801
2024-02-05 20:00:00,RIG_DEGRADATION,20,5,0,42.5,59.7938610161,64.2705206486,0.6563799165,42.4546561615,65.3644476432,66.0069257064,HIGH_PRODUCTION,0,0,3.0083371931
2024-02-05 21:00:00,RIG_DEGRADATION,21,5,0,40.0,53.965209416,56.250767372,0.6368937547,43.8438716726,68.4972706258,60.3864495707,HIGH_PRODUCTION,0,0,3.0060213062
2024-02-05 22:00:00,RIG_DEGRADATION,22,5,0,40.0,52.0931709863,52.9140206067,0.5922176339,41.0744811937,64.1064543842,62.6565920323,STANDBY,0,0,3.0037054192
2024-02-05 23:00:00,RIG_DEGRADATION,23,5,0,40.0,50.2168475429,53.7202816053,0.6962268368,42.7169367928,66.7127937964,63.5306071522,STANDBY,0,0,3.0013895322
2024-02-06 00:00:00,RIG_DEGRADATION,0,6,1,38.2644650435,48.0460559574,49.3252180768,0.6269687883,41.8179260139,65.9632893085,57.9714921899,STANDBY,0,0,2.9990736452
2024-02-06 01:00:00,RIG_DEGRADATION,1,6,1,38.2644650435,46.6943558432,49.5933307872,0.6166717164000001,40.5282788077,63.6134297488,52.6832089225,STANDBY,0,0,2.9967577582000002
2024-02-06 02:00:00,RIG_DEGRADATION,2,6,1,38.2644650435,52.3999071876,52.9042087935,0.6776086884,41.753247725,65.5073976795,56.7840669992,STANDBY,0,0,2.9944418712000003
2024-02-06 03:00:00,RIG_DEGRADATION,3,6,1,38.2644650435,55.501453843,57.5303644989,0.6079033168,43.3831410495,65.8552900524,66.3293058636,STANDBY,0,0,2.9921259843
2024-02-06 04:00:00,RIG_DEGRADATION,4,6,1,40.6559941088,49.5910371311,55.803357164,0.6558612878,43.8922821264,61.9316146383,61.911478706,STANDBY,0,0,2.9898100973
2024-02-06 05:00:00,RIG_DEGRADATION,5,6,1,48.7310717994,62.2577065614,64.0065702745,0.6960426213,47.0019375891,69.7582007732,67.3504530976,STANDBY,0,0,2.9874942103
2024-02-06 06:00:00,RIG_DEGRADATION,6,6,1,57.3966975653,66.4316029645,70.2808999229,0.6235378619,47.2451997306,69.9581186334,79.5595159307,HIGH_PRODUCTION,0,0,2.9851783233
2024-02-06 07:00:00,RIG_DEGRADATION,7,6,1,66.0623233312,76.374816154,77.6654208302,0.7363343007,45.6311094669,76.1930865265,82.6073213076,HIGH_PRODUCTION,0,0,2.9828624363
2024-02-06 08:00:00,RIG_DEGRADATION,8,6,1,74.1374010218,80.1057127181,86.7198242119,0.7013951586,53.020682246,75.3244952207,92.6899520966,HIGH_PRODUCTION,0,0,2.9805465493
2024-02-06 09:00:00,RIG_DEGRADATION,9,6,1,81.0716274372,94.1247800752,92.9702850265,0.7473412439,52.3187056073,76.735407075,93.2548717491,HIGH_PRODUCTION,0,0,2.9782306623
2024-02-06 10:00:00,RIG_DEGRADATION,10,6,1,86.3924465065,98.5995155569,95.0,0.7980417116,56.7700006149,80.2093012617,100.9678538057,HIGH_PRODUCTION,0,0,2.9759147754
2024-02-06 11:00:00,RIG_DEGRADATION,11,6,1,89.7372532031,99.453339205,95.0,0.8578800040000001,54.986188718,83.3762782192,97.3044839147,HIGH_PRODUCTION,0,0,2.9735988884
2024-02-06 12:00:00,RIG_DEGRADATION,12,6,1,90.8781044784,97.4785494073,95.0,0.7556711075,53.7100538995,78.2899875713,100.9633018496,HIGH_PRODUCTION,0,0,2.9712830014
2024-02-06 13:00:00,RIG_DEGRADATION,13,6,1,89.7372532031,108.101909684,95.0,0.8364155044,56.717873727,84.3598797835,100.3922395096,HIGH_PRODUCTION,0,0,2.9689671144
2024-02-06 14:00:00,RIG_DEGRADATION,14,6,1,86.3924465065,98.2033175881,95.0,0.7169793289,52.121912466,76.7871483108,98.6331546429,HIGH_PRODUCTION,0,0,2.9666512274
2024-02-06 15:00:00,RIG_DEGRADATION,15,6,1,81.0716274372,102.3580409379,94.9609894915,0.7867012715,52.758304856,85.3420184577,101.3643256704,HIGH_PRODUCTION,0,0,2.9643353404
2024-02-06 16:00:00,RIG_DEGRADATION,16,6,1,74.1374010218,87.5379548876,89.4542596372,0.7125668504,50.2645241301,78.6750767796,96.0794594232,HIGH_PRODUCTION,0,0,2.9620194535
2024-02-06 17:00:00,RIG_DEGRADATION,17,6,1,66.0623233312,79.0059988092,82.2054384908,0.7053257876,49.5380408787,74.4937659608,87.2398782073,HIGH_PRODUCTION,0,0,2.9597035665
2024-02-06 18:00:00,RIG_DEGRADATION,18,6,1,57.3966975653,72.3010812737,76.975620396,0.7494333430000001,46.40371539,71.3454390979,80.6549814199,HIGH_PRODUCTION,0,0,2.9573876795
2024-02-06 19:00:00,RIG_DEGRADATION,19,6,1,48.7310717994,65.3217181289,68.0904661251,0.6554441159000001,49.8239031246,66.2483527,71.9494550144,HIGH_PRODUCTION,0,0,2.9550717925
2024-02-06 20:00:00,RIG_DEGRADATION,20,6,1,40.6559941088,57.4835916792,61.5273314314,0.6157745164,41.6157432534,68.5118497358,68.9248934629,HIGH_PRODUCTION,0,0,2.9527559055
2024-02-06 21:00:00,RIG_DEGRADATION,21,6,1,38.2644650435,57.5183559997,59.6704330792,0.7434260277,47.2930985581,66.0297940656,63.4685370205,HIGH_PRODUCTION,0,0,2.9504400185
2024-02-06 22:00:00,RIG_DEGRADATION,22,6,1,38.2644650435,50.9540454284,50.2986437478,0.6569831143,42.4093505141,64.5649254858,59.1659816215,STANDBY,0,0,2.9481241315
2024-02-06 23:00:00,RIG_DEGRADATION,23,6,1,38.2644650435,50.6701434203,49.4130919619,0.6352130328000001,44.6411326034,65.5178765904,52.0206041716,STANDBY,0,0,2.9458082446000002
2024-02-07 00:00:00,RIG_DEGRADATION,0,7,2,36.8726740701,41.9188927037,49.7051283489,0.5958962615,40.0501769197,63.3785504702,60.3541964621,STANDBY,0,0,2.9434923576000003
2024-02-07 01:00:00,RIG_DEGRADATION,1,7,2,36.8726740701,45.4799101548,48.6661486308,0.5738980177,42.9820336764,62.9586157698,50.3948957041,STANDBY,0,0,2.9411764706
2024-02-07 02:00:00,RIG_DEGRADATION,2,7,2,36.8726740701,47.3955391551,49.9839679734,0.6061933556,40.5267348506,64.2886086669,55.0947853157,STANDBY,0,0,2.9388605836
2024-02-07 03:00:00,RIG_DEGRADATION,3,7,2,36.8726740701,47.0051612016,51.9353778165,0.6689711339000001,42.4375857585,62.6463128823,52.1142868918,STANDBY,0,0,2.9365446966
2024-02-07 04:00:00,RIG_DEGRADATION,4,7,2,39.1772161995,41.4602543602,50.4826319679,0.5809247744,36.8355971807,59.9057965952,56.1858452102,STANDBY,0,0,2.9342288096
2024-02-07 05:00:00,RIG_DEGRADATION,5,7,2,46.9585795986,61.4079912022,65.4207113484,0.6907553971,46.8221769609,66.0002975067,68.0577339729,STANDBY,0,0,2.9319129226
2024-02-07 06:00:00,RIG_DEGRADATION,6,7,2,55.3090111052,64.3525674571,67.4634108735,0.5890622003,48.0614135046,69.79266246,68.404772614,HIGH_PRODUCTION,0,0,2.9295970357
2024-02-07 07:00:00,RIG_DEGRADATION,7,7,2,63.6594426117,80.631951352,82.6705336808,0.7692660123,51.4030778485,70.3434443915,87.0958421805,HIGH_PRODUCTION,0,0,2.9272811487
2024-02-07 08:00:00,RIG_DEGRADATION,8,7,2,71.4408060109,83.5171348835,81.866273565,0.7003696782000001,51.3617133518,79.1382631476,81.3820514679,HIGH_PRODUCTION,0,0,2.9249652617
2024-02-07 09:00:00,RIG_DEGRADATION,9,7,2,78.1228142462,91.9961257662,95.0,0.7798029289,53.7008650703,81.5115430704,101.1040763862,HIGH_PRODUCTION,0,0,2.9226493747
2024-02-07 10:00:00,RIG_DEGRADATION,10,7,2,83.2500994991,95.0717815722,94.9755588622,0.7741010824,53.7515568582,78.1951035259,97.2716248215,HIGH_PRODUCTION,0,0,2.9203334877
2024-02-07 11:00:00,RIG_DEGRADATION,11,7,2,86.4732457528,91.4914203246,91.4781497757,0.728100513,49.8570998219,75.2949309703,94.4307248339,HIGH_PRODUCTION,0,0,2.9180176007
2024-02-07 12:00:00,RIG_DEGRADATION,12,7,2,87.5726009166,100.818184775,95.0,0.8841307022,57.0746078902,77.3306042441,100.9023360962,HIGH_PRODUCTION,0,0,2.9157017138
2024-02-07 13:00:00,RIG_DEGRADATION,13,7,2,86.4732457528,103.2317204015,95.0,0.8017720283,58.4453348673,79.9663024818,100.7819632042,HIGH_PRODUCTION,0,0,2.9133858268
2024-02-07 14:00:00,RIG_DEGRADATION,14,7,2,83.2500994991,88.3453670689,89.894382498,0.8365266061000001,55.6448888736,75.9751177443,98.9938438319,HIGH_PRODUCTION,0,0,2.9110699398
2024-02-07 15:00:00,RIG_DEGRADATION,15,7,2,78.1228142462,88.434057191,92.2721786035,0.7903565806,50.4547002512,74.1477346155,101.5851775516,HIGH_PRODUCTION,0,0,2.9087540528
2024-02-07 16:00:00,RIG_DEGRADATION,16,7,2,71.4408060109,73.9557475558,79.3488530889,0.7007972206,49.5750303518,74.3086139155,86.5610371847,HIGH_PRODUCTION,0,0,2.9064381658
2024-02-07 17:00:00,RIG_DEGRADATION,17,7,2,63.6594426117,72.0546562172,73.9408768878,0.5961759343,48.5361222269,70.8876178357,78.3455199731,HIGH_PRODUCTION,0,0,2.9041222788
2024-02-07 18:00:00,RIG_DEGRADATION,18,7,2,55.3090111052,59.9260918982,67.5767935772,0.7108908730000001,44.966157688,69.7106158093,73.0253754094,HIGH_PRODUCTION,0,0,2.9018063918
2024-02-07 19:00:00,RIG_DEGRADATION,19,7,2,46.9585795986,56.7062935004,60.5992093513,0.5725168625,45.6422951445,65.6791226497,66.692234905,HIGH_PRODUCTION,0,0,2.8994905049
2024-02-07 20:00:00,RIG_DEGRADATION,20,7,2,39.1772161995,56.7257504544,61.5231485838,0.5811604314000001,47.300277706,66.1846857809,70.2621416515,HIGH_PRODUCTION,0,0,2.8971746179
2024-02-07 21:00:00,RIG_DEGRADATION,21,7,2,36.8726740701,52.0625423874,51.8109339719,0.7043564993,40.6744679278,64.7700249895,53.7342211816,HIGH_PRODUCTION,0,0,2.8948587309000002
2024-02-07 22:00:00,RIG_DEGRADATION,22,7,2,36.8726740701,49.6481265027,48.8157111696,0.5175412319,43.3912697159,65.7073245807,49.7595903364,STANDBY,0,0,2.8925428439000003
2024-02-07 23:00:00,RIG_DEGRADATION,23,7,2,36.8726740701,46.6574664979,48.0279369623,0.5662757041,42.580451067,68.4273145418,52.8936264037,STANDBY,0,0,2.8902269569
2024-02-08 00:00:00,RIG_DEGRADATION,0,8,3,36.1002883513,42.8375168782,49.0245019725,0.6552028595,40.789107976,63.5805117106,52.5652789618,STANDBY,0,0,2.8879110699
2024-02-08 01:00:00,RIG_DEGRADATION,1,8,3,36.1002883513,48.2338501193,49.9044711604,0.5860883491000001,41.5836246961,66.5857912295,53.3266420506,STANDBY,0,0,2.885595183
2024-02-08 02:00:00,RIG_DEGRADATION,2,8,3,36.1002883513,45.0517583089,48.8727864065,0.5711884695,40.3008624904,69.7106139108,57.0304524709,STANDBY,0,0,2.883279296
2024-02-08 03:00:00,RIG_DEGRADATION,3,8,3,36.1002883513,42.9541486451,50.9675864342,0.5332534495,40.6899288371,63.000398119,60.0563682492,STANDBY,0,0,2.880963409
2024-02-08 04:00:00,RIG_DEGRADATION,4,8,3,38.3565563732,44.6138471399,49.492531214,0.6023072754000001,40.2262789992,59.2082930806,56.928814539,STANDBY,0,0,2.878647522
2024-02-08 05:00:00,RIG_DEGRADATION,5,8,3,45.9749206378,59.2053154885,63.8088686184,0.621080709,44.7393617777,63.2799379254,66.4332582043,STANDBY,0,0,2.876331635
2024-02-08 06:00:00,RIG_DEGRADATION,6,8,3,54.1504325269,65.8410760069,68.2029255791,0.6624023999,44.8519491717,70.6614467101,74.8008088747,HIGH_PRODUCTION,0,0,2.874015748
2024-02-08 07:00:00,RIG_DEGRADATION,7,8,3,62.325944416,79.5872409546,83.1526767438,0.7438919782000001,52.7407514025,69.2898329538,85.7517648369,HIGH_PRODUCTION,0,0,2.871699861
2024-02-08 08:00:00,RIG_DEGRADATION,8,8,3,69.9443086806,81.8508768666,82.9448907454,0.721014983,48.9131682766,73.3945133985,84.8190063078,HIGH_PRODUCTION,0,0,2.8693839741
2024-02-08 09:00:00,RIG_DEGRADATION,9,8,3,76.4863463859,95.6229154033,91.2607136533,0.8047241694,53.0197832548,74.7975770372,98.4072185892,HIGH_PRODUCTION,0,0,2.8670680871
2024-02-08 10:00:00,RIG_DEGRADATION,10,8,3,81.5062284735,92.8482917069,87.8302673644,0.7135418308,52.1232564467,76.8169492739,91.8808717404,HIGH_PRODUCTION,0,0,2.8647522001
2024-02-08 11:00:00,RIG_DEGRADATION,11,8,3,84.661858275,99.5208022264,95.0,0.7739083880000001,51.5338040194,80.7053650261,100.7136315029,HIGH_PRODUCTION,0,0,2.8624363131
2024-02-08 12:00:00,RIG_DEGRADATION,12,8,3,85.7381848343,101.1671219684,95.0,0.8584834262000001,55.8730663187,80.0309289016,105.1557670337,HIGH_PRODUCTION,0,0,2.8601204261
2024-02-08 13:00:00,RIG_DEGRADATION,13,8,3,84.661858275,102.2244330861,95.0,0.8542264224,58.6219317243,81.7342674332,105.6319182651,HIGH_PRODUCTION,0,0,2.8578045391
2024-02-08 14:00:00,RIG_DEGRADATION,14,8,3,81.5062284735,107.1728295106,95.0,0.8158415901,57.6626605699,85.9129871336,102.1445317565,HIGH_PRODUCTION,0,0,2.8554886522
2024-02-08 15:00:00,RIG_DEGRADATION,15,8,3,76.4863463859,98.6611180192,95.0,0.7104873016000001,50.4981066857,79.6521502878,101.339510654,HIGH_PRODUCTION,0,0,2.8531727652
2024-02-08 16:00:00,RIG_DEGRADATION,16,8,3,69.9443086806,70.9470767588,76.517421367,0.6876373572000001,45.2059939144,73.0132839787,82.8010002917,HIGH_PRODUCTION,0,0,2.8508568782
2024-02-08 17:00:00,RIG_DEGRADATION,17,8,3,62.325944416,73.1376686685,79.1961333403,0.6875032353,46.504183888200004,75.2993792728,86.3475927867,HIGH_PRODUCTION,0,0,2.8485409912
2024-02-08 18:00:00,RIG_DEGRADATION,18,8,3,54.1504325269,66.0603729141,69.6493242807,0.7046347321,48.0639830308,71.9566848488,75.6223098193,HIGH_PRODUCTION,0,0,2.8462251042
2024-02-08 19:00:00,RIG_DEGRADATION,19,8,3,45.9749206378,59.4718255105,62.9089300475,0.7914060315,45.500997258,67.3456443439,68.9882991685,HIGH_PRODUCTION,0,0,2.8439092172000002
2024-02-08 20:00:00,RIG_DEGRADATION,20,8,3,38.3565563732,50.5158316416,57.4140591573,0.6082604545,45.3822068529,71.1377465174,63.1044721567,HIGH_PRODUCTION,0,0,2.8415933302000003
2024-02-08 21:00:00,RIG_DEGRADATION,21,8,3,36.1002883513,51.2012654661,53.0612241817,0.6376746668000001,39.6577755004,66.2432672187,56.8387368775,HIGH_PRODUCTION,0,0,2.8392774433
2024-02-08 22:00:00,RIG_DEGRADATION,22,8,3,36.1002883513,57.7219203611,57.6308870531,0.5562152419,42.9761659033,65.3073288914,66.3662536108,STANDBY,0,0,2.8369615563
2024-02-08 23:00:00,RIG_DEGRADATION,23,8,3,36.1002883513,41.7267389545,46.6187675471,0.5562978230000001,41.9018576047,60.3701520602,51.1028514959,STANDBY,0,0,2.8346456693
2024-02-09 00:00:00,RIG_DEGRADATION,0,9,4,36.1002883513,51.1647770358,57.1006538467,0.6695239082000001,42.6298492977,66.6966119734,63.0536806357,STANDBY,0,0,2.8323297823
2024-02-09 01:00:00,RIG_DEGRADATION,1,9,4,36.1002883513,44.8980679003,47.5724224392,0.5588569695,45.2546097398,61.934793905,52.6290360625,STANDBY,0,0,2.8300138953
2024-02-09 02:00:00,RIG_DEGRADATION,2,9,4,36.1002883513,49.5208456104,52.7615377381,0.53004054,42.5630686697,64.0498125303,58.3224624574,STANDBY,0,0,2.8276980083
2024-02-09 03:00:00,RIG_DEGRADATION,3,9,4,36.1002883513,55.7288890015,56.5192010249,0.7460751178,40.1124288011,64.5880132075,58.981180391,STANDBY,0,0,2.8253821214
2024-02-09 04:00:00,RIG_DEGRADATION,4,9,4,38.3565563732,47.7468930145,54.938505802,0.6307895671,40.4846078677,65.2339773467,55.7113192717,STANDBY,0,0,2.8230662344
2024-02-09 05:00:00,RIG_DEGRADATION,5,9,4,45.9749206378,55.5736055555,56.9190725776,0.6376593846,43.4075103423,64.8791792146,61.788352785,STANDBY,0,0,2.8207503474
2024-02-09 06:00:00,RIG_DEGRADATION,6,9,4,54.1504325269,73.0317078017,74.7154194073,0.6674599383,46.3743421946,73.3803440474,81.275115126,HIGH_PRODUCTION,0,0,2.8184344604
2024-02-09 07:00:00,RIG_DEGRADATION,7,9,4,62.325944416,91.9399742132,93.231831081,0.7525769868000001,51.507256673,78.5144911943,100.6199749811,HIGH_PRODUCTION,0,0,2.8161185734
2024-02-09 08:00:00,RIG_DEGRADATION,8,9,4,69.9443086806,80.7352294267,84.9730988264,0.7305157736,50.8060663785,78.3862002866,87.6311861363,HIGH_PRODUCTION,0,0,2.8138026864
2024-02-09 09:00:00,RIG_DEGRADATION,9,9,4,76.4863463859,88.8337041986,89.8276817038,0.7818894472,55.0475160647,71.3298414617,93.3642961161,HIGH_PRODUCTION,0,0,2.8114867994
2024-02-09 10:00:00,RIG_DEGRADATION,10,9,4,81.5062284735,88.8202702605,89.449854046,0.7163227631,52.885173022000004,75.8395023357,91.6824706931,HIGH_PRODUCTION,0,0,2.8091709125
2024-02-09 11:00:00,RIG_DEGRADATION,11,9,4,84.661858275,105.428428258,95.0,0.7606974277,53.6710887912,78.2227949232,99.8156511959,HIGH_PRODUCTION,0,0,2.8068550255
2024-02-09 12:00:00,RIG_DEGRADATION,12,9,4,85.7381848343,100.5586045004,95.0,0.7360002218,57.1294834094,79.0884021681,99.0537048753,HIGH_PRODUCTION,0,0,2.8045391385
2024-02-09 13:00:00,RIG_DEGRADATION,13,9,4,84.661858275,97.467731964,95.0,0.7840966698,57.2793720737,77.4656387141,98.8849410096,HIGH_PRODUCTION,0,0,2.8022232515
2024-02-09 14:00:00,RIG_DEGRADATION,14,9,4,81.5062284735,99.8296020842,95.0,0.8206222114,55.9773962234,82.5563803177,101.2797710301,HIGH_PRODUCTION,0,0,2.7999073645
2024-02-09 15:00:00,RIG_DEGRADATION,15,9,4,76.4863463859,90.7776378388,86.704641534,0.8025549623,54.0068194016,79.1340187267,89.7243018391,HIGH_PRODUCTION,0,0,2.7975914775
2024-02-09 16:00:00,RIG_DEGRADATION,16,9,4,69.9443086806,86.3651904143,82.306425715,0.7606090072,51.0686673592,76.4477053931,83.7431913855,HIGH_PRODUCTION,0,0,2.7952755906
2024-02-09 17:00:00,RIG_DEGRADATION,17,9,4,62.325944416,74.9574949617,75.4676985877,0.690507835,49.0596747082,74.9226717622,78.5011873807,HIGH_PRODUCTION,0,0,2.7929597036000002
2024-02-09 18:00:00,RIG_DEGRADATION,18,9,4,54.1504325269,67.1094097044,68.0185799346,0.6974067783,49.9977998052,72.654851858,77.2622247992,HIGH_PRODUCTION,0,0,2.7906438166000003
2024-02-09 19:00:00,RIG_DEGRADATION,19,9,4,45.9749206378,54.6234005995,61.7714449659,0.6478653496,46.1063907658,68.1344528927,63.8483910732,HIGH_PRODUCTION,0,0,2.7883279296
2024-02-09 20:00:00,RIG_DEGRADATION,20,9,4,38.3565563732,49.7298711179,55.2490274217,0.6766715129,40.5422295665,66.1894900346,60.5102724129,HIGH_PRODUCTION,0,0,2.7860120426
2024-02-09 21:00:00,RIG_DEGRADATION,21,9,4,36.1002883513,49.8785987594,60.0385964221,0.6370018862,39.6930691824,63.4065607238,64.2195549634,HIGH_PRODUCTION,0,0,2.7836961556
2024-02-09 22:00:00,RIG_DEGRADATION,22,9,4,36.1002883513,47.6912289241,50.318695404,0.6911253972,42.3331587832,65.4353770721,60.3346966391,STANDBY,0,0,2.7813802686
2024-02-09 23:00:00,RIG_DEGRADATION,23,9,4,36.1002883513,54.7007531637,54.2326113778,0.7355935306,45.3548743737,72.2074905202,59.2709355368,STANDBY,0,0,2.7790643817
2024-02-10 00:00:00,RIG_DEGRADATION,0,10,5,36.8726740701,48.9466848019,52.9151748086,0.6584973774,40.0654988179,67.2881937466,49.7274141695,STANDBY,0,0,2.7767484947
2024-02-10 01:00:00,RIG_DEGRADATION,1,10,5,36.8726740701,47.9183289322,54.0631921979,0.5449757499,44.0774094837,61.8725185666,59.7666157827,STANDBY,0,0,2.7744326077
2024-02-10 02:00:00,RIG_DEGRADATION,2,10,5,36.8726740701,49.3748344233,53.4644302945,0.6034171786,43.1615198317,60.4681609595,60.2833451557,STANDBY,0,0,2.7721167207
2024-02-10 03:00:00,RIG_DEGRADATION,3,10,5,36.8726740701,47.6537343332,54.1953415115,0.6077838116000001,45.6022520645,61.848614737,61.2069120488,STANDBY,0,0,2.7698008337
2024-02-10 04:00:00,RIG_DEGRADATION,4,10,5,39.1772161995,56.6971286491,60.9912394859,0.6703091308,43.5510374755,62.5799496226,66.7208939142,STANDBY,0,0,2.7674849467
2024-02-10 05:00:00,RIG_DEGRADATION,5,10,5,46.9585795986,61.7731286466,65.6445025095,0.6517532128,45.5294263496,65.4730945615,69.0888488062,STANDBY,0,0,2.7651690597
2024-02-10 06:00:00,RIG_DEGRADATION,6,10,5,55.3090111052,68.5736933903,72.6864776027,0.6530304730000001,49.8899767017,70.5310543362,77.3102038909,HIGH_PRODUCTION,0,0,2.7628531728
2024-02-10 07:00:00,RIG_DEGRADATION,7,10,5,63.6594426117,83.6275170465,79.5217938721,0.7282756303,50.3709746142,74.8183589302,85.0701147732,HIGH_PRODUCTION,0,0,2.7605372858
2024-02-10 08:00:00,RIG_DEGRADATION,8,10,5,71.4408060109,84.3557600585,85.0214571291,0.7018995073000001,52.5565730528,78.6054450587,88.7009774828,HIGH_PRODUCTION,0,0,2.7582213988
2024-02-10 09:00:00,RIG_DEGRADATION,9,10,5,78.1228142462,91.0793070196,91.8466335078,0.6632993804,50.3654613022,78.200143437,97.8711212037,HIGH_PRODUCTION,0,0,2.7559055118
2024-02-10 10:00:00,RIG_DEGRADATION,10,10,5,83.2500994991,93.6976109499,89.6571185303,0.8255697583,56.3548172551,78.7641880652,92.7241968395,HIGH_PRODUCTION,0,0,2.7535896248
2024-02-10 11:00:00,RIG_DEGRADATION,11,10,5,86.4732457528,93.6455490877,92.098222598,0.7784806332,56.1946217167,77.2559655899,95.6858348521,HIGH_PRODUCTION,0,0,2.7512737378
2024-02-10 12:00:00,RIG_DEGRADATION,12,10,5,87.5726009166,103.6131290564,95.0,0.8450653066,56.4417173931,86.160041738,102.7972372038,HIGH_PRODUCTION,0,0,2.7489578509
2024-02-10 13:00:00,RIG_DEGRADATION,13,10,5,86.4732457528,93.2764871314,90.031065718,0.6813870641,54.4856511904,79.0293766607,98.9650314433,HIGH_PRODUCTION,0,0,2.7466419639
2024-02-10 14:00:00,RIG_DEGRADATION,14,10,5,83.2500994991,96.4985039975,92.5949237345,0.7247997893,53.2514427635,81.3561995025,94.238442414,HIGH_PRODUCTION,0,0,2.7443260769
2024-02-10 15:00:00,RIG_DEGRADATION,15,10,5,78.1228142462,96.8539026628,95.0,0.727619337,55.6653987747,79.6549097755,101.0663075284,HIGH_PRODUCTION,0,0,2.7420101899000002
2024-02-10 16:00:00,RIG_DEGRADATION,16,10,5,71.4408060109,82.08560275,85.6158122447,0.558824745,50.6177682738,79.4436775912,92.1537309477,HIGH_PRODUCTION,0,0,2.7396943029000003
2024-02-10 17:00:00,RIG_DEGRADATION,17,10,5,63.6594426117,76.5114289295,80.9858546815,0.7429457735,49.9232483245,65.7839661446,85.5863612908,HIGH_PRODUCTION,0,0,2.7373784159
2024-02-10 18:00:00,RIG_DEGRADATION,18,10,5,55.3090111052,67.1846245652,71.0124878501,0.6232462181,49.9649821681,69.8443275883,77.1710433425,HIGH_PRODUCTION,0,0,2.7350625289
2024-02-10 19:00:00,RIG_DEGRADATION,19,10,5,46.9585795986,62.1138065967,66.8327988406,0.6159745968,45.8061885482,74.4456227341,65.991921296,HIGH_PRODUCTION,0,0,2.732746642
2024-02-10 20:00:00,RIG_DEGRADATION,20,10,5,39.1772161995,54.5863937657,58.8390835162,0.6797373942,46.6739675508,61.6478440494,63.0021553081,HIGH_PRODUCTION,0,0,2.730430755
2024-02-10 21:00:00,RIG_DEGRADATION,21,10,5,36.8726740701,60.4968773324,59.5841381413,0.6523127848,46.2359749536,70.4522604211,70.64741495,HIGH_PRODUCTION,0,0,2.728114868
2024-02-10 22:00:00,RIG_DEGRADATION,22,10,5,36.8726740701,52.3878369687,59.1511017079,0.6065993173,45.5867623328,64.2332692781,66.2513054123,STANDBY,0,0,2.725798981
2024-02-10 23:00:00,RIG_DEGRADATION,23,10,5,36.8726740701,48.2121816208,53.2616071306,0.6990083087000001,40.4523497619,66.2904996931,56.7894483193,STANDBY,0,0,2.723483094
2024-02-11 00:00:00,RIG_DEGRADATION,0,11,6,38.2644650435,50.1288502846,48.5574712586,0.6288544203,43.3894308174,66.8584957841,58.8211773177,STANDBY,0,0,2.721167207
2024-02-11 01:00:00,RIG_DEGRADATION,1,11,6,38.2644650435,53.7935315917,55.9233168946,0.6349836858,43.7645010107,67.2010396796,61.9746190497,STANDBY,0,0,2.7188513201
2024-02-11 02:00:00,RIG_DEGRADATION,2,11,6,38.2644650435,48.6480170243,53.2089141032,0.6209856366000001,39.8373403762,66.4520716073,61.0696680501,STANDBY,0,0,2.7165354331
2024-02-11 03:00:00,RIG_DEGRADATION,3,11,6,38.2644650435,52.0434381706,58.1445790959,0.6167968837000001,44.6185006826,62.8256733357,59.687660767,STANDBY,0,0,2.7142195461
2024-02-11 04:00:00,RIG_DEGRADATION,4,11,6,40.6559941088,53.750066814,53.3778690616,0.6276139132,46.5487346873,65.6762204899,60.3620732242,STANDBY,0,0,2.7119036591
2024-02-11 05:00:00,RIG_DEGRADATION,5,11,6,48.7310717994,54.6677206201,61.9731780464,0.6395693807,41.3268648985,67.9993453049,68.8024600249,STANDBY,0,0,2.7095877721
2024-02-11 06:00:00,RIG_DEGRADATION,6,11,6,57.3966975653,70.3927792472,70.5464506713,0.6368262378,46.5705696303,75.8478379184,76.8576437654,HIGH_PRODUCTION,0,0,2.7072718851
2024-02-11 07:00:00,RIG_DEGRADATION,7,11,6,66.0623233312,82.3733772877,80.5388396864,0.6511141503,47.782189303,75.7722567613,85.8406530166,HIGH_PRODUCTION,0,0,2.7049559981
2024-02-11 08:00:00,RIG_DEGRADATION,8,11,6,74.1374010218,86.1087710228,89.3042867937,0.8783051278,47.3296970673,78.6191197538,90.2789567473,HIGH_PRODUCTION,0,0,2.7026401112
2024-02-11 09:00:00,RIG_DEGRADATION,9,11,6,81.0716274372,92.5011504802,92.2946436777,0.7947663633000001,52.8881084677,71.321445629,99.796633831,HIGH_PRODUCTION,0,0,2.7003242242
2024-02-11 10:00:00,RIG_DEGRADATION,10,11,6,86.3924465065,103.1100062136,95.0,0.8340045285000001,56.5871284533,79.4405458965,101.1535112833,HIGH_PRODUCTION,0,0,2.6980083372
2024-02-11 11:00:00,RIG_DEGRADATION,11,11,6,89.7372532031,104.2234644091,95.0,0.8853027997,56.1282574757,79.8521667421,99.2434431698,HIGH_PRODUCTION,0,0,2.6956924502
2024-02-11 12:00:00,RIG_DEGRADATION,12,11,6,90.8781044784,104.892856809,95.0,0.7500529399,54.3971977031,79.5109336015,97.9927210072,HIGH_PRODUCTION,0,0,2.6933765632
2024-02-11 13:00:00,RIG_DEGRADATION,13,11,6,89.7372532031,100.7598775121,95.0,0.7467090135000001,53.1703024425,80.4397715988,100.5544351088,HIGH_PRODUCTION,0,0,2.6910606762000002
2024-02-11 14:00:00,RIG_DEGRADATION,14,11,6,86.3924465065,111.4264132609,95.0,0.797277189,56.2992820981,86.5883607106,104.0319331426,HIGH_PRODUCTION,0,0,2.6887447893000003
2024-02-11 15:00:00,RIG_DEGRADATION,15,11,6,81.0716274372,85.9055213524,84.5737201761,0.781343686,51.257970286,78.0786269727,90.205380876,HIGH_PRODUCTION,0,0,2.6864289023
2024-02-11 16:00:00,RIG_DEGRADATION,16,11,6,74.1374010218,87.6929319576,86.1636145905,0.7616855785000001,50.7870389392,78.8847480295,97.1686483914,HIGH_PRODUCTION,0,0,2.6841130153
2024-02-11 17:00:00,RIG_DEGRADATION,17,11,6,66.0623233312,79.0943239151,81.5528549944,0.7765704939,49.7596419194,75.1162789679,81.4510282084,HIGH_PRODUCTION,0,0,2.6817971283
2024-02-11 18:00:00,RIG_DEGRADATION,18,11,6,57.3966975653,70.5711560881,73.9542161338,0.7492623582,52.9849404695,69.8307230713,76.6647068522,HIGH_PRODUCTION,0,0,2.6794812413
2024-02-11 19:00:00,RIG_DEGRADATION,19,11,6,48.7310717994,65.1481413763,67.1299786943,0.7217536124,47.715247959,68.4973688663,75.9280424949,HIGH_PRODUCTION,0,0,2.6771653543
2024-02-11 20:00:00,RIG_DEGRADATION,20,11,6,40.6559941088,47.8285064961,51.2422300107,0.6020161246,43.1431547725,61.1867507249,52.9391925044,HIGH_PRODUCTION,0,0,2.6748494673
2024-02-11 21:00:00,RIG_DEGRADATION,21,11,6,38.2644650435,59.6838024225,66.3591734286,0.6975141086000001,45.3104455052,68.1265361899,72.5433871482,HIGH_PRODUCTION,0,0,2.6725335804
2024-02-11 22:00:00,RIG_DEGRADATION,22,11,6,38.2644650435,41.8485155758,47.7562281436,0.6608556849,42.8121240074,59.773991566,54.4687661275,STANDBY,0,0,2.6702176934
2024-02-11 23:00:00,RIG_DEGRADATION,23,11,6,38.2644650435,53.4682720535,51.9657597915,0.5953506902,42.1268026555,64.7472029248,56.0971297983,STANDBY,0,0,2.6679018064
2024-02-12 00:00:00,RIG_DEGRADATION,0,12,0,40.0,61.2888137037,58.3684271193,0.6933995531,43.9910750457,66.4278180178,61.8436852368,STANDBY,0,0,2.6655859194
2024-02-12 01:00:00,RIG_DEGRADATION,1,12,0,40.0,58.4801665879,57.8052056231,0.5288497669000001,46.2585404476,68.2426931627,62.2341743008,STANDBY,0,0,2.6632700324
2024-02-12 02:00:00,RIG_DEGRADATION,2,12,0,40.0,45.7778885059,51.7938571363,0.6149740762,41.3614707434,69.087005386,57.2138813986,STANDBY,0,0,2.6609541454
2024-02-12 03:00:00,RIG_DEGRADATION,3,12,0,40.0,57.9332188875,58.5115606199,0.6551887565,44.3960484056,68.6266827892,57.8918879428,STANDBY,0,0,2.6586382585
2024-02-12 04:00:00,RIG_DEGRADATION,4,12,0,42.5,57.3931818316,60.305515053,0.6883184385000001,46.7815057599,63.8649535836,66.6204225397,STANDBY,0,0,2.6563223715
2024-02-12 05:00:00,RIG_DEGRADATION,5,12,0,50.9413334214,65.704385862,68.3449294335,0.6686202539,49.634927485,64.7904619594,71.8068467336,STANDBY,0,0,2.6540064845
2024-02-12 06:00:00,RIG_DEGRADATION,6,12,0,60.0,71.2283912174,73.4875870204,0.6921356476,46.277737041500004,68.7112385353,75.6936768649,HIGH_PRODUCTION,0,0,2.6516905975
2024-02-12 07:00:00,RIG_DEGRADATION,7,12,0,69.0586665786,84.048498195,80.3425344353,0.852892246,47.5833852371,76.3503937902,82.9093226909,HIGH_PRODUCTION,0,0,2.6493747105
2024-02-12 08:00:00,RIG_DEGRADATION,8,12,0,77.5,91.9073545232,87.7829281262,0.7412906724,51.2575649363,76.9248910505,97.8189232623,HIGH_PRODUCTION,0,0,2.6470588235
2024-02-12 09:00:00,RIG_DEGRADATION,9,12,0,84.7487373415,88.5577122318,88.8287665316,0.7323956345,50.9345044153,76.2237269902,94.8926844705,HIGH_PRODUCTION,0,0,2.6447429365
2024-02-12 10:00:00,RIG_DEGRADATION,10,12,0,90.3108891325,102.5523108763,93.8547212585,0.8083226973000001,55.3020602581,75.5136004612,100.105812088,HIGH_PRODUCTION,0,0,2.6424270496
2024-02-12 11:00:00,RIG_DEGRADATION,11,12,0,93.8074039201,110.4903344119,95.0,0.8536728173,55.1467554028,85.341423116,106.0043938356,HIGH_PRODUCTION,0,0,2.6401111626000002
2024-02-12 12:00:00,RIG_DEGRADATION,12,12,0,95.0,105.8947143038,95.0,0.8092243797,57.7424492758,82.9968265246,99.7109212528,HIGH_PRODUCTION,0,0,2.6377952756000003
2024-02-12 13:00:00,RIG_DEGRADATION,13,12,0,93.8074039201,106.2457856714,95.0,0.783745958,57.8467044121,83.0174132595,96.8935339379,HIGH_PRODUCTION,0,0,2.6354793886
2024-02-12 14:00:00,RIG_DEGRADATION,14,12,0,90.3108891325,107.4940091605,95.0,0.8029559545,55.1470796234,81.364292394,102.6975761298,HIGH_PRODUCTION,0,0,2.6331635016
2024-02-12 15:00:00,RIG_DEGRADATION,15,12,0,84.7487373415,106.9615684181,95.0,0.8078694015000001,56.885585159,80.2777487,99.692404509,HIGH_PRODUCTION,0,0,2.6308476146
2024-02-12 16:00:00,RIG_DEGRADATION,16,12,0,77.5,89.9144387759,85.2313361323,0.6819919541,55.3248375938,78.4314053208,85.9465099843,HIGH_PRODUCTION,0,0,2.6285317277
2024-02-12 17:00:00,RIG_DEGRADATION,17,12,0,69.0586665786,80.231030563,76.9207257362,0.7349624704000001,49.6551477569,77.0820392404,79.7852045459,HIGH_PRODUCTION,0,0,2.6262158407
2024-02-12 18:00:00,RIG_DEGRADATION,18,12,0,60.0,76.7303570588,73.0016989474,0.6961171162,52.3041284559,74.9963177905,79.3646716067,HIGH_PRODUCTION,0,0,2.6238999537
2024-02-12 19:00:00,RIG_DEGRADATION,19,12,0,50.9413334214,58.2929702078,62.4867620064,0.5899866542000001,46.3823278765,69.1699813318,65.9742257672,HIGH_PRODUCTION,0,0,2.6215840667
2024-02-12 20:00:00,RIG_DEGRADATION,20,12,0,42.5,55.6110306083,55.3988480202,0.6435403638,43.6998227315,68.8506052562,64.1787059008,HIGH_PRODUCTION,0,0,2.6192681797
2024-02-12 21:00:00,RIG_DEGRADATION,21,12,0,40.0,64.8994760833,61.0242196352,0.76502948,47.6160694292,66.6479738788,68.8160289374,HIGH_PRODUCTION,0,0,2.6169522927
2024-02-12 22:00:00,RIG_DEGRADATION,22,12,0,40.0,43.8761768293,47.1587989154,0.6569572250000001,38.0629817451,61.115185036,50.3658264998,STANDBY,0,0,2.6146364056999998
2024-02-12 23:00:00,RIG_DEGRADATION,23,12,0,40.0,51.0236267024,53.951943165,0.6566477902,41.0341208537,61.3122890216,57.598856496,STANDBY,0,0,2.6123205188
2024-02-13 00:00:00,RIG_DEGRADATION,0,13,1,38.2644650435,46.3798186096,48.12978639,0.6988487414,40.4898775477,61.4574589884,52.246293146,STANDBY,0,0,2.6100046318
2024-02-13 01:00:00,RIG_DEGRADATION,1,13,1,38.2644650435,48.2212135793,51.7122442596,0.6141011237,43.0615695655,63.1552135812,56.4923669241,STANDBY,0,0,2.6076887448
2024-02-13 02:00:00,RIG_DEGRADATION,2,13,1,38.2644650435,62.1698011184,60.4443078992,0.6549134039,46.992363652,68.1195929716,58.8753851983,STANDBY,0,0,2.6053728578
2024-02-13 03:00:00,RIG_DEGRADATION,3,13,1,38.2644650435,49.5981941897,56.2977605258,0.7562352611000001,41.9687580262,66.0800484506,56.7983730753,STANDBY,0,0,2.6030569708
2024-02-13 04:00:00,RIG_DEGRADATION,4,13,1,40.6559941088,54.2329070527,61.1360588522,0.6858541248000001,44.8896349961,67.8934547371,66.4052082565,STANDBY,0,0,2.6007410838
2024-02-13 05:00:00,RIG_DEGRADATION,5,13,1,48.7310717994,63.9463789523,64.1361385576,0.6730135896,44.3285964052,70.2475961672,68.3716978183,STANDBY,0,0,2.5984251969
2024-02-13 06:00:00,RIG_DEGRADATION,6,13,1,57.3966975653,72.9405970837,75.0082891773,0.7270994473,50.9672126203,71.4199996774,82.3310719312,HIGH_PRODUCTION,0,0,2.5961093099
2024-02-13 07:00:00,RIG_DEGRADATION,7,13,1,66.0623233312,79.697100167,81.3573894413,0.7033262752,49.5673350055,75.7903932392,85.6486476007,HIGH_PRODUCTION,0,0,2.5937934229
2024-02-13 08:00:00,RIG_DEGRADATION,8,13,1,74.1374010218,94.4170776859,90.0086562364,0.6952837848,53.7321396146,76.2516294161,91.9725964817,HIGH_PRODUCTION,0,0,2.5914775359
2024-02-13 09:00:00,RIG_DEGRADATION,9,13,1,81.0716274372,87.3604705488,88.3263857032,0.746373073,53.0498728407,74.8101447957,93.8473110904,HIGH_PRODUCTION,0,0,2.5891616489000002
2024-02-13 10:00:00,RIG_DEGRADATION,10,13,1,86.3924465065,96.73761728,95.0,0.8502343145,52.6961663099,81.2439880923,106.170281805,HIGH_PRODUCTION,0,0,2.5868457619000003
2024-02-13 11:00:00,RIG_DEGRADATION,11,13,1,89.7372532031,95.4944384478,95.0,0.7976285251,53.5370626193,78.8941390195,102.5293574688,HIGH_PRODUCTION,0,0,2.5845298749
2024-02-13 12:00:00,RIG_DEGRADATION,12,13,1,90.8781044784,102.3875592348,95.0,0.7623893942000001,53.2364681924,79.4580993239,98.6206001368,HIGH_PRODUCTION,0,0,2.582213988
2024-02-13 13:00:00,RIG_DEGRADATION,13,13,1,89.7372532031,101.7544661653,95.0,0.8116516381000001,57.3702047776,83.0642641074,99.3050623487,HIGH_PRODUCTION,0,0,2.579898101
2024-02-13 14:00:00,RIG_DEGRADATION,14,13,1,86.3924465065,100.91574170210001,95.0,0.7671327418,52.9642970678,81.3204677551,104.8849398692,HIGH_PRODUCTION,0,0,2.577582214
2024-02-13 15:00:00,RIG_DEGRADATION,15,13,1,81.0716274372,96.995848168,92.2863522743,0.7763080425000001,56.1238193661,78.6341948655,97.9527212545,HIGH_PRODUCTION,0,0,2.575266327
2024-02-13 16:00:00,RIG_DEGRADATION,16,13,1,74.1374010218,87.1009650731,89.9597865865,0.8114501053000001,53.1000615143,76.7197218699,94.7005296416,HIGH_PRODUCTION,0,0,2.57295044
2024-02-13 17:00:00,RIG_DEGRADATION,17,13,1,66.0623233312,77.838595465,80.7956611505,0.7546476448,50.4378920827,75.4800190759,88.4509261516,HIGH_PRODUCTION,0,0,2.570634553
2024-02-13 18:00:00,RIG_DEGRADATION,18,13,1,57.3966975653,71.6151663041,74.0853542343,0.6982393774,48.27586747,72.8862024572,75.5905534917,HIGH_PRODUCTION,0,0,2.568318666
2024-02-13 19:00:00,RIG_DEGRADATION,19,13,1,48.7310717994,69.8288098217,69.2882792625,0.7561049609,47.2445253255,69.780637126,71.5657536237,HIGH_PRODUCTION,0,0,2.5660027791
2024-02-13 20:00:00,RIG_DEGRADATION,20,13,1,40.6559941088,52.6055161553,57.6134233857,0.6554667473,41.2636872219,59.4191501661,60.8845930749,HIGH_PRODUCTION,0,0,2.5636868921
2024-02-13 21:00:00,RIG_DEGRADATION,21,13,1,38.2644650435,53.6016062998,59.4981153013,0.7000816036,43.1596681451,64.9550172614,61.0483733547,HIGH_PRODUCTION,0,0,2.5613710051
2024-02-13 22:00:00,RIG_DEGRADATION,22,13,1,38.2644650435,56.5387860926,58.1153815057,0.6884128348,45.8476338867,66.9923557465,59.2161869626,STANDBY,0,0,2.5590551181
2024-02-13 23:00:00,RIG_DEGRADATION,23,13,1,38.2644650435,51.3141623916,50.4460453099,0.6392950639,43.4020951087,60.8613975481,59.0932382231,STANDBY,0,0,2.5567392311
2024-02-14 00:00:00,RIG_DEGRADATION,0,14,2,36.8726740701,42.9075967707,50.414638109,0.5942640174,38.9877377417,61.1758019371,54.3455565164,STANDBY,0,0,2.5544233441
2024-02-14 01:00:00,RIG_DEGRADATION,1,14,2,36.8726740701,50.2695761072,51.9071210615,0.5732960462000001,41.1012982782,67.0262062485,53.2821413816,STANDBY,0,0,2.5521074572
2024-02-14 02:00:00,RIG_DEGRADATION,2,14,2,36.8726740701,51.3493399982,50.7160338293,0.6139240691,40.8256268436,63.9990444352,64.3544753947,STANDBY,0,0,2.5497915702
2024-02-14 03:00:00,RIG_DEGRADATION,3,14,2,36.8726740701,48.3556598091,52.8027731745,0.7415166079000001,44.0712424469,67.6724345693,55.685409008,STANDBY,0,0,2.5474756832
2024-02-14 04:00:00,RIG_DEGRADATION,4,14,2,39.1772161995,50.946510904,55.0498055957,0.5661561608,42.8364719654,72.1898320289,56.7041324573,STANDBY,0,0,2.5451597962
2024-02-14 05:00:00,RIG_DEGRADATION,5,14,2,46.9585795986,70.2821729047,67.3993582281,0.7343545506,48.3281646435,71.0378289844,71.0061753348,STANDBY,0,0,2.5428439092
2024-02-14 06:00:00,RIG_DEGRADATION,6,14,2,55.3090111052,69.9610547826,70.6570056573,0.7106066211000001,48.1820463941,70.6186384387,76.3455640795,HIGH_PRODUCTION,0,0,2.5405280222
2024-02-14 07:00:00,RIG_DEGRADATION,7,14,2,63.6594426117,72.5098089191,75.8450993323,0.6530422509,45.0736922951,76.8902810681,76.3689796449,HIGH_PRODUCTION,0,0,2.5382121352
2024-02-14 08:00:00,RIG_DEGRADATION,8,14,2,71.4408060109,91.8890740238,85.1249725806,0.8384042482,54.3830222223,80.8936842881,90.307606794,HIGH_PRODUCTION,0,0,2.5358962483000003
2024-02-14 09:00:00,RIG_DEGRADATION,9,14,2,78.1228142462,91.5025062485,91.1041278507,0.7550917458,49.1668234186,75.0080017024,90.0718553228,HIGH_PRODUCTION,0,0,2.5335803613
2024-02-14 10:00:00,RIG_DEGRADATION,10,14,2,83.2500994991,95.353015238,93.0300560467,0.7008444506,55.4260451015,77.1134751507,99.3135631938,HIGH_PRODUCTION,0,0,2.5312644743
2024-02-14 11:00:00,RIG_DEGRADATION,11,14,2,86.4732457528,106.1598733896,95.0,0.9287592535,57.3372321924,82.4021954883,103.1155398649,HIGH_PRODUCTION,0,0,2.5289485873
2024-02-14 12:00:00,RIG_DEGRADATION,12,14,2,87.5726009166,95.2102732168,95.0,0.8608957446000001,53.3448896823,76.0082447983,96.8166941947,HIGH_PRODUCTION,0,0,2.5266327003
2024-02-14 13:00:00,RIG_DEGRADATION,13,14,2,86.4732457528,98.8711808284,93.8872399961,0.735317482,52.5253661653,78.3978287267,101.5895085057,HIGH_PRODUCTION,0,0,2.5243168133
2024-02-14 14:00:00,RIG_DEGRADATION,14,14,2,83.2500994991,101.7654257643,95.0,0.7734703082000001,54.3588978306,81.9741209987,99.6977196325,HIGH_PRODUCTION,0,0,2.5220009264
2024-02-14 15:00:00,RIG_DEGRADATION,15,14,2,78.1228142462,89.4807566056,92.435977285,0.7530939365,52.826810291,81.2642021734,94.9410555746,HIGH_PRODUCTION,0,0,2.5196850394
2024-02-14 16:00:00,RIG_DEGRADATION,16,14,2,71.4408060109,90.5758212122,86.7507819279,0.7148094773,52.7284734462,77.5856673101,90.3460324104,HIGH_PRODUCTION,0,0,2.5173691524
2024-02-14 17:00:00,RIG_DEGRADATION,17,14,2,63.6594426117,70.7025532301,75.9238045375,0.7463237511,49.2836092834,77.0781912687,80.3992145971,HIGH_PRODUCTION,0,0,2.5150532654
2024-02-14 18:00:00,RIG_DEGRADATION,18,14,2,55.3090111052,82.5225919918,80.6736023424,0.6612026399,49.8233772638,73.9134840361,84.6497648937,HIGH_PRODUCTION,0,0,2.5127373783999998
2024-02-14 19:00:00,RIG_DEGRADATION,19,14,2,46.9585795986,65.1599557915,67.1395608063,0.6473660236000001,43.0113631154,70.1762945077,74.1303544784,HIGH_PRODUCTION,0,0,2.5104214914
2024-02-14 20:00:00,RIG_DEGRADATION,20,14,2,39.1772161995,41.1793546149,49.2950736394,0.5338563337000001,40.4846112597,61.7184865942,55.8258732803,HIGH_PRODUCTION,0,0,2.5081056044
2024-02-14 21:00:00,RIG_DEGRADATION,21,14,2,36.8726740701,57.9076130087,60.7994770934,0.6435070883,46.706625372,64.2709896275,70.5300737263,HIGH_PRODUCTION,0,0,2.5057897175
2024-02-14 22:00:00,RIG_DEGRADATION,22,14,2,36.8726740701,60.0347618301,59.6880171005,0.6977716074,50.5347750618,68.2526280444,64.643582662,STANDBY,0,0,2.5034738305
2024-02-14 23:00:00,RIG_DEGRADATION,23,14,2,36.8726740701,53.0349899288,51.8494134335,0.595273664,47.1574717104,68.3974198525,50.850671983,STANDBY,0,0,2.5011579435
2024-02-15 00:00:00,RIG_DEGRADATION,0,15,3,36.1002883513,59.5905566986,55.8934735476,0.6815799523,48.4116570252,68.9278307869,67.0890725008,STANDBY,0,0,2.4988420565
2024-02-15 01:00:00,RIG_DEGRADATION,1,15,3,36.1002883513,54.3780873642,57.0313167739,0.5893046829,40.8959935411,70.6137997422,62.1191985468,STANDBY,0,0,2.4965261695
2024-02-15 02:00:00,RIG_DEGRADATION,2,15,3,36.1002883513,49.3531066608,52.485038319,0.6894987772000001,39.0343455133,66.6093447124,59.0429518328,STANDBY,0,0,2.4942102825
2024-02-15 03:00:00,RIG_DEGRADATION,3,15,3,36.1002883513,47.9028757587,50.1713382326,0.6520619479,43.6186899472,66.5321455002,55.7062569694,STANDBY,0,0,2.4918943956
2024-02-15 04:00:00,RIG_DEGRADATION,4,15,3,38.3565563732,61.9417187716,63.7780525826,0.6799346842,47.5980507294,70.2797933146,71.6539322817,STANDBY,0,0,2.4895785086
2024-02-15 05:00:00,RIG_DEGRADATION,5,15,3,45.9749206378,61.3648066244,64.1198867016,0.7270264611,43.5086812558,67.8716355349,71.2439862637,STANDBY,0,0,2.4872626216000002
2024-02-15 06:00:00,RIG_DEGRADATION,6,15,3,54.1504325269,65.4077224089,67.8430910042,0.7231369647,47.294175856,67.5208056786,69.1139535777,HIGH_PRODUCTION,0,0,2.4849467346000003
2024-02-15 07:00:00,RIG_DEGRADATION,7,15,3,62.325944416,77.9619608795,79.3707811208,0.7254741512,48.4155799252,71.8556556862,89.5396098005,HIGH_PRODUCTION,0,0,2.4826308476
2024-02-15 08:00:00,RIG_DEGRADATION,8,15,3,69.9443086806,84.7082580239,88.1315488157,0.7917866455,54.4694641143,78.4731009334,93.8852998361,HIGH_PRODUCTION,0,0,2.4803149606
2024-02-15 09:00:00,RIG_DEGRADATION,9,15,3,76.4863463859,95.7450104182,93.5515023519,0.8522542573,53.5907235267,82.5585575593,99.7946972022,HIGH_PRODUCTION,0,0,2.4779990736
2024-02-15 10:00:00,RIG_DEGRADATION,10,15,3,81.5062284735,98.2498907893,95.0,0.8012074162,52.8670352668,79.7510388114,101.9723270253,HIGH_PRODUCTION,0,0,2.4756831867
2024-02-15 11:00:00,RIG_DEGRADATION,11,15,3,84.661858275,94.9670865826,92.1665734649,0.83124257,53.9188011228,79.345674483,93.4351329085,HIGH_PRODUCTION,0,0,2.4733672997
2024-02-15 12:00:00,RIG_DEGRADATION,12,15,3,85.7381848343,94.6870010365,94.086117407,0.7057057082,55.1541223487,71.9179501843,102.2132459042,HIGH_PRODUCTION,0,0,2.4710514127
2024-02-15 13:00:00,RIG_DEGRADATION,13,15,3,84.661858275,100.2985344436,95.0,0.7574614984,56.7563057434,81.0355201604,104.9668946678,HIGH_PRODUCTION,0,0,2.4687355257
2024-02-15 14:00:00,RIG_DEGRADATION,14,15,3,81.5062284735,92.3175998833,94.1070985721,0.6866225815,52.48519889,77.7775309191,101.4408958168,HIGH_PRODUCTION,0,0,2.4664196387
2024-02-15 15:00:00,RIG_DEGRADATION,15,15,3,76.4863463859,90.5723265307,91.7539687677,0.7946557916,50.8605139445,79.4814025143,95.915889234,HIGH_PRODUCTION,0,0,2.4641037517
2024-02-15 16:00:00,RIG_DEGRADATION,16,15,3,69.9443086806,92.6081930889,89.060637526,0.7769454095,54.3628329046,82.5712723742,94.7608937468,HIGH_PRODUCTION,0,0,2.4617878648
2024-02-15 17:00:00,RIG_DEGRADATION,17,15,3,62.325944416,83.3324648109,81.2733864193,0.7639913275,51.7100281669,75.9127274025,91.7586904577,HIGH_PRODUCTION,0,0,2.4594719778
2024-02-15 18:00:00,RIG_DEGRADATION,18,15,3,54.1504325269,79.1642969468,77.9116804986,0.7710613561,49.9218605165,71.9675194204,81.0991323168,HIGH_PRODUCTION,0,0,2.4571560908
2024-02-15 19:00:00,RIG_DEGRADATION,19,15,3,45.9749206378,63.1726214493,65.9961945245,0.5917372031,46.2494075334,59.9260496254,69.3421462071,HIGH_PRODUCTION,0,0,2.4548402038
2024-02-15 20:00:00,RIG_DEGRADATION,20,15,3,38.3565563732,50.5717427641,60.717981284,0.6824636299,42.0654578684,67.7954354833,64.7368679417,HIGH_PRODUCTION,0,0,2.4525243168
2024-02-15 21:00:00,RIG_DEGRADATION,21,15,3,36.1002883513,53.8661703525,57.7616384551,0.6824031019,45.1305497575,61.8113237772,65.1891626262,HIGH_PRODUCTION,0,0,2.4502084298
2024-02-15 22:00:00,RIG_DEGRADATION,22,15,3,36.1002883513,47.8375338865,56.3912652306,0.6934366217,38.6961630571,66.378013159,61.2696849094,STANDBY,0,0,2.4478925428
2024-02-15 23:00:00,RIG_DEGRADATION,23,15,3,36.1002883513,52.7129546115,52.3619346701,0.6536573682,44.7389319751,68.4251027865,56.3250460205,STANDBY,0,0,2.4455766559
2024-02-16 00:00:00,RIG_DEGRADATION,0,16,4,36.1002883513,57.3478110766,57.412730868,0.6952370705,43.6245329147,65.3075505296,62.6588192865,STANDBY,0,0,2.4432607689
2024-02-16 01:00:00,RIG_DEGRADATION,1,16,4,36.1002883513,52.8515765827,56.0788684835,0.6664136223,45.1729630906,66.6887909698,60.9939490432,STANDBY,0,0,2.4409448819
2024-02-16 02:00:00,RIG_DEGRADATION,2,16,4,36.1002883513,51.1846622141,50.7967027148,0.6157734348,45.5141830465,64.6087172757,53.7652031643,STANDBY,0,0,2.4386289949
2024-02-16 03:00:00,RIG_DEGRADATION,3,16,4,36.1002883513,52.5880198607,55.5068071765,0.4888293969,45.4698694536,63.8023204791,62.2076046028,STANDBY,0,0,2.4363131079
2024-02-16 04:00:00,RIG_DEGRADATION,4,16,4,38.3565563732,52.6198593303,55.5748090561,0.6446109927,42.6559271403,63.4723681281,63.8078940493,STANDBY,0,0,2.4339972209000003
2024-02-16 05:00:00,RIG_DEGRADATION,5,16,4,45.9749206378,56.7252552093,62.4221354763,0.6846962716,47.9096640085,60.9807274791,69.0326449192,STANDBY,0,0,2.431681334
2024-02-16 06:00:00,RIG_DEGRADATION,6,16,4,54.1504325269,70.0622545754,73.0143135445,0.726415323,46.3906506688,71.8303765726,81.2355069563,HIGH_PRODUCTION,0,0,2.429365447
2024-02-16 07:00:00,RIG_DEGRADATION,7,16,4,62.325944416,62.6539732545,68.4377081978,0.6503232355,45.8580198244,69.2435895161,72.2416250529,HIGH_PRODUCTION,0,0,2.42704956
2024-02-16 08:00:00,RIG_DEGRADATION,8,16,4,69.9443086806,90.2703387876,87.1304912323,0.8298007359,52.9296864228,76.8389981999,85.9287063052,HIGH_PRODUCTION,0,0,2.424733673
2024-02-16 09:00:00,RIG_DEGRADATION,9,16,4,76.4863463859,93.7175385727,91.2547044535,0.8540285980000001,51.4571889739,74.6803174512,95.5552497358,HIGH_PRODUCTION,0,0,2.422417786
2024-02-16 10:00:00,RIG_DEGRADATION,10,16,4,81.5062284735,93.5288955392,93.4503332132,0.7600975032,53.8064108355,79.7202166102,100.3455571134,HIGH_PRODUCTION,0,0,2.420101899
2024-02-16 11:00:00,RIG_DEGRADATION,11,16,4,84.661858275,100.8749841223,95.0,0.8889840257,56.006874755,79.125250853,100.888929673,HIGH_PRODUCTION,0,0,2.417786012
2024-02-16 12:00:00,RIG_DEGRADATION,12,16,4,85.7381848343,105.7756440814,95.0,0.8143692932000001,56.3460655662,80.8084652379,99.6490045406,HIGH_PRODUCTION,0,0,2.4154701251
2024-02-16 13:00:00,RIG_DEGRADATION,13,16,4,84.661858275,101.6004080287,95.0,0.7349349619000001,53.4338857979,85.578989218,100.6666229288,HIGH_PRODUCTION,0,0,2.4131542381
2024-02-16 14:00:00,RIG_DEGRADATION,14,16,4,81.5062284735,103.3169599166,95.0,0.8262351617,54.978853793,80.9891478735,99.2091408958,HIGH_PRODUCTION,0,0,2.4108383510999998
2024-02-16 15:00:00,RIG_DEGRADATION,15,16,4,76.4863463859,93.9763036408,93.1281907528,0.7476616667,57.936107781,79.8607744905,97.5202502682,HIGH_PRODUCTION,0,0,2.4085224641
2024-02-16 16:00:00,RIG_DEGRADATION,16,16,4,69.9443086806,87.5159632231,85.2300450132,0.7165833048,50.1130500611,76.8574759804,86.8092665793,HIGH_PRODUCTION,0,0,2.4062065771
2024-02-16 17:00:00,RIG_DEGRADATION,17,16,4,62.325944416,79.2565643513,78.8390564892,0.7360637398000001,48.3888589823,74.6111475184,84.0535058042,HIGH_PRODUCTION,0,0,2.4038906901
2024-02-16 18:00:00,RIG_DEGRADATION,18,16,4,54.1504325269,66.8449829876,69.1534764468,0.7015504794,44.7899513139,73.248958089,73.810576186,HIGH_PRODUCTION,0,0,2.4015748031
2024-02-16 19:00:00,RIG_DEGRADATION,19,16,4,45.9749206378,61.7555081929,67.1143906866,0.7278277257,44.53718498,70.2575467897,73.4542898128,HIGH_PRODUCTION,0,0,2.3992589162
2024-02-16 20:00:00,RIG_DEGRADATION,20,16,4,38.3565563732,55.884058356,58.6073941428,0.7389652822,44.267868697,68.6763298504,67.8823972526,HIGH_PRODUCTION,0,0,2.3969430292
2024-02-16 21:00:00,RIG_DEGRADATION,21,16,4,36.1002883513,43.9754393838,49.527747944,0.6492817187000001,39.6695595955,70.7271476783,56.8386187603,HIGH_PRODUCTION,0,0,2.3946271422
2024-02-16 22:00:00,RIG_DEGRADATION,22,16,4,36.1002883513,53.1756393049,56.0229277497,0.5248892985,41.8466448605,67.1116695427,58.6824185624,STANDBY,0,0,2.3923112552
2024-02-16 23:00:00,RIG_DEGRADATION,23,16,4,36.1002883513,54.1963772387,53.3917057598,0.6932003171000001,43.095849635,64.1814856921,64.4482532072,STANDBY,0,0,2.3899953682
2024-02-17 00:00:00,RIG_DEGRADATION,0,17,5,36.8726740701,47.2182214938,50.0496330794,0.5956231679,47.4789208617,65.5162774737,58.4949195953,STANDBY,0,0,2.3876794812
2024-02-17 01:00:00,RIG_DEGRADATION,1,17,5,36.8726740701,55.3431124402,58.630215601,0.6983319837,45.129007962,66.5185357309,62.7906784444,STANDBY,0,0,2.3853635943000002
2024-02-17 02:00:00,RIG_DEGRADATION,2,17,5,36.8726740701,48.3506766133,50.0912372229,0.6487273894000001,39.5902194926,64.7054615219,56.4954164488,STANDBY,0,0,2.3830477073000003
2024-02-17 03:00:00,RIG_DEGRADATION,3,17,5,36.8726740701,53.5334963664,56.6867816227,0.6684632967,43.2691156222,63.3687912913,58.351971127,STANDBY,0,0,2.3807318203
2024-02-17 04:00:00,RIG_DEGRADATION,4,17,5,39.1772161995,62.1259229626,61.2652713034,0.6647378838,44.8821491792,71.5384729219,65.6065808768,STANDBY,0,0,2.3784159333
2024-02-17 05:00:00,RIG_DEGRADATION,5,17,5,46.9585795986,60.0769263787,67.3307843195,0.6966972561,46.2004702778,68.0844952458,71.9669337675,STANDBY,0,0,2.3761000463
2024-02-17 06:00:00,RIG_DEGRADATION,6,17,5,55.3090111052,77.3034894934,73.0805938439,0.8025701335000001,50.4866345862,70.0419261208,77.6479272646,HIGH_PRODUCTION,0,0,2.3737841593
2024-02-17 07:00:00,RIG_DEGRADATION,7,17,5,63.6594426117,84.3505351184,81.8723461664,0.8526477051,53.1964739805,76.5301899089,86.832710188,HIGH_PRODUCTION,0,0,2.3714682723
2024-02-17 08:00:00,RIG_DEGRADATION,8,17,5,71.4408060109,85.6598376955,87.2276930022,0.7514847241,48.143625491,79.9185359382,91.8264098031,HIGH_PRODUCTION,0,0,2.3691523854
2024-02-17 09:00:00,RIG_DEGRADATION,9,17,5,78.1228142462,88.835291833,87.7652429332,0.7702296873000001,51.5514257297,78.0695228007,96.4924192881,HIGH_PRODUCTION,0,0,2.3668364984
2024-02-17 10:00:00,RIG_DEGRADATION,10,17,5,83.2500994991,103.5493293233,95.0,0.7889857118,57.0203946402,81.0584662633,101.8750228602,HIGH_PRODUCTION,0,0,2.3645206114
2024-02-17 11:00:00,RIG_DEGRADATION,11,17,5,86.4732457528,110.1300839505,95.0,0.8319099631,57.9303265072,80.9230834358,93.4243088793,HIGH_PRODUCTION,0,0,2.3622047244
2024-02-17 12:00:00,RIG_DEGRADATION,12,17,5,87.5726009166,92.2700041048,94.3844387134,0.7969309898,54.2802024312,77.9839756871,97.9438476646,HIGH_PRODUCTION,0,0,2.3598888373999998
2024-02-17 13:00:00,RIG_DEGRADATION,13,17,5,86.4732457528,100.9151145281,95.0,0.8127230986,56.9297012752,76.387274957,98.2031562504,HIGH_PRODUCTION,0,0,2.3575729504
2024-02-17 14:00:00,RIG_DEGRADATION,14,17,5,83.2500994991,94.5814288346,95.0,0.7557535439,55.562389143,85.1359648764,97.8364573002,HIGH_PRODUCTION,0,0,2.3552570635
2024-02-17 15:00:00,RIG_DEGRADATION,15,17,5,78.1228142462,85.9486676455,87.0985057071,0.6946120884,49.5618366125,75.273688117,91.0539033684,HIGH_PRODUCTION,0,0,2.3529411765
2024-02-17 16:00:00,RIG_DEGRADATION,16,17,5,71.4408060109,86.4110590191,84.5456930609,0.730573817,52.6076548194,77.8051644087,89.3053251809,HIGH_PRODUCTION,0,0,2.3506252895
2024-02-17 17:00:00,RIG_DEGRADATION,17,17,5,63.6594426117,78.5074884282,80.0742291384,0.7433318278000001,54.9620538215,76.3863609118,76.6342618559,HIGH_PRODUCTION,0,0,2.3483094025
2024-02-17 18:00:00,RIG_DEGRADATION,18,17,5,55.3090111052,64.6898608394,66.7294688232,0.7813101857,47.3728223,71.8268715007,69.1182781366,HIGH_PRODUCTION,0,0,2.3459935155
2024-02-17 19:00:00,RIG_DEGRADATION,19,17,5,46.9585795986,65.8713784335,67.9804936299,0.6816872028000001,48.7107766279,75.9960586524,71.2133474426,HIGH_PRODUCTION,0,0,2.3436776285
2024-02-17 20:00:00,RIG_DEGRADATION,20,17,5,39.1772161995,57.0330660119,58.3472795225,0.6871585677000001,43.6667686047,64.3763620267,63.8300491013,HIGH_PRODUCTION,0,0,2.3413617415
2024-02-17 21:00:00,RIG_DEGRADATION,21,17,5,36.8726740701,43.4887506316,49.6805521412,0.5426541217,44.8484664263,61.4758699261,56.2670905421,HIGH_PRODUCTION,0,0,2.3390458546
2024-02-17 22:00:00,RIG_DEGRADATION,22,17,5,36.8726740701,57.8232628143,56.3811546901,0.5732472402000001,45.1541088179,74.7755272854,60.1865008929,STANDBY,0,0,2.3367299676
2024-02-17 23:00:00,RIG_DEGRADATION,23,17,5,36.8726740701,57.2106605456,58.5892975772,0.5565525803,43.7095662533,69.8696337506,62.5630870945,STANDBY,0,0,2.3344140806
2024-02-18 00:00:00,RIG_DEGRADATION,0,18,6,38.2644650435,48.588560299,54.0567803222,0.7585310547,41.4458651372,63.3407715982,61.9937279667,STANDBY,0,0,2.3320981936000003
2024-02-18 01:00:00,RIG_DEGRADATION,1,18,6,38.2644650435,48.2077563029,53.6107073864,0.6712851989,40.2851728563,58.020516554,62.7850388285,STANDBY,0,0,2.3297823066
2024-02-18 02:00:00,RIG_DEGRADATION,2,18,6,38.2644650435,56.7114019849,59.6986878048,0.6305177622,44.0303203402,66.1642567792,66.9396126813,STANDBY,0,0,2.3274664196
2024-02-18 03:00:00,RIG_DEGRADATION,3,18,6,38.2644650435,56.676873991,59.6111458785,0.6537617964,43.3107550358,68.404807115,67.613497234,STANDBY,0,0,2.3251505327
2024-02-18 04:00:00,RIG_DEGRADATION,4,18,6,40.6559941088,58.7473175525,59.9028716919,0.6694094593000001,42.8054924654,67.2027565192,66.0193776561,STANDBY,0,0,2.3228346457
2024-02-18 05:00:00,RIG_DEGRADATION,5,18,6,48.7310717994,64.0132014978,65.7777054032,0.7797394966000001,45.6003223803,70.2719217625,70.4666866853,STANDBY,0,0,2.3205187587
2024-02-18 06:00:00,RIG_DEGRADATION,6,18,6,57.3966975653,72.703899442,73.8371381365,0.742895941,48.3504798987,70.0526277895,78.9537424297,HIGH_PRODUCTION,0,0,2.3182028717
2024-02-18 07:00:00,RIG_DEGRADATION,7,18,6,66.0623233312,76.8622844054,79.1589676345,0.7575678681,47.7505743263,70.196922921,88.5143312368,HIGH_PRODUCTION,0,0,2.3158869847
2024-02-18 08:00:00,RIG_DEGRADATION,8,18,6,74.1374010218,72.4727340919,79.4490408799,0.8005647926,47.2795281918,72.2915948438,80.3179626951,HIGH_PRODUCTION,0,0,2.3135710977
2024-02-18 09:00:00,RIG_DEGRADATION,9,18,6,81.0716274372,96.9499303397,94.0606315554,0.8414133301000001,54.5938716251,81.6956069219,98.7621289251,HIGH_PRODUCTION,0,0,2.3112552107
2024-02-18 10:00:00,RIG_DEGRADATION,10,18,6,86.3924465065,113.4850202078,95.0,0.9014493604,58.2634109258,86.062140467,98.4393015686,HIGH_PRODUCTION,0,0,2.3089393237999998
2024-02-18 11:00:00,RIG_DEGRADATION,11,18,6,89.7372532031,103.5769253065,95.0,0.6997311349,59.697252895,79.7770188155,101.1815769443,HIGH_PRODUCTION,0,0,2.3066234368
2024-02-18 12:00:00,RIG_DEGRADATION,12,18,6,90.8781044784,108.272724658,95.0,0.7822523689,58.3320534866,86.6670852336,99.0956558668,HIGH_PRODUCTION,0,0,2.3043075498
2024-02-18 13:00:00,RIG_DEGRADATION,13,18,6,89.7372532031,102.5418665241,95.0,0.9499233341000001,55.9133305868,82.3690023279,97.9955524773,HIGH_PRODUCTION,0,0,2.3019916628
2024-02-18 14:00:00,RIG_DEGRADATION,14,18,6,86.3924465065,102.3314002476,95.0,0.7776774905,55.1745682484,76.8121585305,99.1024126345,HIGH_PRODUCTION,0,0,2.2996757758
2024-02-18 15:00:00,RIG_DEGRADATION,15,18,6,81.0716274372,102.6095705553,95.0,0.8475872182,55.3146717366,75.3503556325,98.613108553,HIGH_PRODUCTION,0,0,2.2973598888
2024-02-18 16:00:00,RIG_DEGRADATION,16,18,6,74.1374010218,87.5839524696,87.1882893183,0.7416501280000001,52.5894377963,74.8835557552,87.6299993623,HIGH_PRODUCTION,0,0,2.2950440019
2024-02-18 17:00:00,RIG_DEGRADATION,17,18,6,66.0623233312,81.7925631632,80.471912702,0.7856725407,51.5962164208,72.1144222458,84.840610517,HIGH_PRODUCTION,0,0,2.2927281149
2024-02-18 18:00:00,RIG_DEGRADATION,18,18,6,57.3966975653,70.3785551058,71.1632217714,0.8334106222000001,46.0485408715,67.361495023,75.6890747088,HIGH_PRODUCTION,0,0,2.2904122279
2024-02-18 19:00:00,RIG_DEGRADATION,19,18,6,48.7310717994,70.1566415629,65.6823569019,0.7420078414,46.5621060427,68.5388311514,71.4376597237,HIGH_PRODUCTION,0,0,2.2880963409
2024-02-18 20:00:00,RIG_DEGRADATION,20,18,6,40.6559941088,56.0283556083,60.0614022773,0.8304817135,43.4731081348,66.2310154133,59.746040501,HIGH_PRODUCTION,0,0,2.2857804539
2024-02-18 21:00:00,RIG_DEGRADATION,21,18,6,38.2644650435,52.4595267157,53.1050033544,0.7275700583,43.4034021927,60.238806725,62.0224789977,HIGH_PRODUCTION,0,0,2.2834645669
2024-02-18 22:00:00,RIG_DEGRADATION,22,18,6,38.2644650435,56.8579291663,58.5005441253,0.6160896053,43.0870095198,64.9687672712,64.958625866,STANDBY,0,0,2.2811486799000003
2024-02-18 23:00:00,RIG_DEGRADATION,23,18,6,38.2644650435,54.7887232784,53.9930591801,0.5826671554,43.9678184211,67.235928309,60.2510832233,STANDBY,0,0,2.278832793
2024-02-19 00:00:00,RIG_DEGRADATION,0,19,0,40.0,47.5812190611,51.8911201291,0.5271132351,41.6092559947,64.1855219718,61.3334120507,STANDBY,0,0,2.276516906
2024-02-19 01:00:00,RIG_DEGRADATION,1,19,0,40.0,62.4614162235,61.9424768357,0.6855661317,46.9129113537,68.6717318575,67.8169741135,STANDBY,0,0,2.274201019
2024-02-19 02:00:00,RIG_DEGRADATION,2,19,0,40.0,49.680352583,51.9737433995,0.6376859058000001,42.9523526438,66.2503790339,50.2889487052,STANDBY,0,0,2.271885132
2024-02-19 03:00:00,RIG_DEGRADATION,3,19,0,40.0,52.6463051206,55.1558330463,0.6662378431,44.2355262741,66.6475986286,59.6432985526,STANDBY,0,0,2.269569245
2024-02-19 04:00:00,RIG_DEGRADATION,4,19,0,42.5,68.5423976662,65.6436387426,0.7103395826000001,49.2147043731,70.6652836167,71.5738406899,STANDBY,0,0,2.267253358
2024-02-19 05:00:00,RIG_DEGRADATION,5,19,0,50.9413334214,69.5028769322,67.3455294584,0.7978200480000001,47.7649560076,75.2295334682,69.0863077041,STANDBY,0,0,2.2649374711
2024-02-19 06:00:00,RIG_DEGRADATION,6,19,0,60.0,79.2077753541,75.2420712543,0.6725806108,48.469393103,74.5636983375,82.9005415426,HIGH_PRODUCTION,0,0,2.2626215841
2024-02-19 07:00:00,RIG_DEGRADATION,7,19,0,69.0586665786,82.700963636,80.550761986,0.8051818896,51.1605824038,73.5843447892,82.7201813326,HIGH_PRODUCTION,0,0,2.2603056971
2024-02-19 08:00:00,RIG_DEGRADATION,8,19,0,77.5,100.9082521517,93.6079230391,0.8410365682000001,53.9830381336,80.0298369239,101.1384578591,HIGH_PRODUCTION,0,0,2.2579898100999998
2024-02-19 09:00:00,RIG_DEGRADATION,9,19,0,84.7487373415,103.3884252334,95.0,0.8891113361,55.0143715826,79.5623271966,96.7758430389,HIGH_PRODUCTION,0,0,2.2556739231
2024-02-19 10:00:00,RIG_DEGRADATION,10,19,0,90.3108891325,98.9968819903,95.0,0.8454980158000001,57.9892680113,81.3468876947,105.5631040485,HIGH_PRODUCTION,0,0,2.2533580361
2024-02-19 11:00:00,RIG_DEGRADATION,11,19,0,93.8074039201,108.0970818704,95.0,0.9299983105,54.1555100261,81.2761318718,103.8978352127,HIGH_PRODUCTION,0,0,2.2510421491
2024-02-19 12:00:00,RIG_DEGRADATION,12,19,0,95.0,117.2860307631,95.0,0.8220237680000001,61.3291537896,86.735390598,100.2651913306,HIGH_PRODUCTION,0,0,2.2487262622
2024-02-19 13:00:00,RIG_DEGRADATION,13,19,0,93.8074039201,113.2442745174,95.0,0.8942479033,56.1427077017,84.465891609,101.4651574216,HIGH_PRODUCTION,0,0,2.2464103752
2024-02-19 14:00:00,RIG_DEGRADATION,14,19,0,90.3108891325,114.6198481882,95.0,0.8969030972,59.0604011385,85.9308065271,101.8282755514,HIGH_PRODUCTION,0,0,2.2440944882
2024-02-19 15:00:00,RIG_DEGRADATION,15,19,0,84.7487373415,96.5504474791,95.0,0.7814510533,55.9504065746,81.1284496623,96.1039418439,HIGH_PRODUCTION,0,0,2.2417786012
2024-02-19 16:00:00,RIG_DEGRADATION,16,19,0,77.5,98.5487164678,92.0826238842,0.8087356951,50.4515392704,75.332580465,98.5464387786,HIGH_PRODUCTION,0,0,2.2394627142
2024-02-19 17:00:00,RIG_DEGRADATION,17,19,0,69.0586665786,84.0418659903,82.5122462284,0.7691634027,49.6357956105,71.7214626777,83.9711734647,HIGH_PRODUCTION,0,0,2.2371468272
2024-02-19 18:00:00,RIG_DEGRADATION,18,19,0,60.0,68.4154337468,70.5312378204,0.7739315306,45.7888103723,71.6142362455,75.6881091698,HIGH_PRODUCTION,0,0,2.2348309403
2024-02-19 19:00:00,RIG_DEGRADATION,19,19,0,50.9413334214,64.9143534076,69.7903568501,0.7126522434,44.9861145214,70.3003604492,73.4186302201,HIGH_PRODUCTION,0,0,2.2325150533
2024-02-19 20:00:00,RIG_DEGRADATION,20,19,0,42.5,48.3305857181,57.9381211405,0.6811876178,41.7875919421,63.722485315,64.1384391604,HIGH_PRODUCTION,0,0,2.2301991663
2024-02-19 21:00:00,RIG_DEGRADATION,21,19,0,40.0,51.7712602572,51.0544946815,0.5899941649,40.4725697207,63.8391242509,58.1986591033,HIGH_PRODUCTION,0,0,2.2278832793
2024-02-19 22:00:00,RIG_DEGRADATION,22,19,0,40.0,57.0740658691,59.6124298164,0.8144115089,44.8661007454,71.2029530778,59.9154356051,STANDBY,0,0,2.2255673923
2024-02-19 23:00:00,RIG_DEGRADATION,23,19,0,40.0,50.9035531355,53.6157266895,0.6702581252,44.0182041005,61.3497558355,60.9755418282,STANDBY,0,0,2.2232515053
2024-02-20 00:00:00,RIG_DEGRADATION,0,20,1,38.2644650435,57.7879048008,59.7795581922,0.6409261005,43.1285085499,66.6603566879,58.8243637955,STANDBY,0,0,2.2209356183
2024-02-20 01:00:00,RIG_DEGRADATION,1,20,1,38.2644650435,56.4648088659,55.561065338,0.6896452178,42.5935823467,76.3319835156,63.0270319649,STANDBY,0,0,2.2186197314
2024-02-20 02:00:00,RIG_DEGRADATION,2,20,1,38.2644650435,55.7288808137,58.9284377524,0.6709877940000001,43.7912914076,67.0990544558,62.3516392886,STANDBY,0,0,2.2163038444
2024-02-20 03:00:00,RIG_DEGRADATION,3,20,1,38.2644650435,44.0950136931,51.5053176572,0.6298968113,40.8992743872,63.7445210675,59.0471262547,STANDBY,0,0,2.2139879574
2024-02-20 04:00:00,RIG_DEGRADATION,4,20,1,40.6559941088,52.8502529723,55.4194498212,0.7018213447,43.7837058819,66.7224600267,55.4423774195,STANDBY,0,0,2.2116720704
2024-02-20 05:00:00,RIG_DEGRADATION,5,20,1,48.7310717994,58.7235548401,62.6603260921,0.6251093898,46.3783474613,59.8597862802,66.8349502769,STANDBY,0,0,2.2093561834
2024-02-20 06:00:00,RIG_DEGRADATION,6,20,1,57.3966975653,74.5495586303,75.79408288650001,0.7091754958,46.9255518317,73.1480484062,80.8802820645,HIGH_PRODUCTION,0,0,2.2070402964
2024-02-20 07:00:00,RIG_DEGRADATION,7,20,1,66.0623233312,67.1741549353,73.8573648227,0.7380804815,44.5891378319,67.793469284,73.0646623006,HIGH_PRODUCTION,0,0,2.2047244094
2024-02-20 08:00:00,RIG_DEGRADATION,8,20,1,74.1374010218,91.8145742504,89.5421502211,0.8860842461,55.400155654,75.8313402022,94.745068823,HIGH_PRODUCTION,0,0,2.2024085225
2024-02-20 09:00:00,RIG_DEGRADATION,9,20,1,81.0716274372,98.4249046038,95.0,0.7156000616,51.5893165214,75.8331201172,98.5887006365,HIGH_PRODUCTION,0,0,2.2000926355
2024-02-20 10:00:00,RIG_DEGRADATION,10,20,1,86.3924465065,99.8914498239,95.0,0.8085342090000001,52.8901497804,76.302269347,104.6862445026,HIGH_PRODUCTION,0,0,2.1977767485
2024-02-20 11:00:00,RIG_DEGRADATION,11,20,1,89.7372532031,107.5020626498,95.0,0.8918751008,57.7400680971,88.0490080399,101.9429594781,HIGH_PRODUCTION,0,0,2.1954608615
2024-02-20 12:00:00,RIG_DEGRADATION,12,20,1,90.8781044784,105.5736023742,95.0,0.8941986145,53.9016265663,85.1138077609,105.8680015465,HIGH_PRODUCTION,0,0,2.1931449745
2024-02-20 13:00:00,RIG_DEGRADATION,13,20,1,89.7372532031,106.775679655,95.0,0.880009938,57.4766783156,87.1757805647,97.1959653161,HIGH_PRODUCTION,0,0,2.1908290875
2024-02-20 14:00:00,RIG_DEGRADATION,14,20,1,86.3924465065,105.1245425192,95.0,0.8018357836000001,57.50981381,82.0979595621,102.90773993,HIGH_PRODUCTION,0,0,2.1885132006
2024-02-20 15:00:00,RIG_DEGRADATION,15,20,1,81.0716274372,99.4360258561,93.1502071573,0.8085077571,56.0420329165,77.7428583859,98.1247091894,HIGH_PRODUCTION,0,0,2.1861973136
2024-02-20 16:00:00,RIG_DEGRADATION,16,20,1,74.1374010218,94.1202400659,92.6683224176,0.7731262715,53.8627594086,72.0978136892,96.5747922938,HIGH_PRODUCTION,0,0,2.1838814266
2024-02-20 17:00:00,RIG_DEGRADATION,17,20,1,66.0623233312,88.6441638847,86.8714007424,0.7679285318,49.8331921062,72.8191379454,92.6001673512,HIGH_PRODUCTION,0,0,2.1815655396
2024-02-20 18:00:00,RIG_DEGRADATION,18,20,1,57.3966975653,70.6190624729,74.7732221663,0.758581528,44.9456789321,74.2776430837,81.7386730534,HIGH_PRODUCTION,0,0,2.1792496526
2024-02-20 19:00:00,RIG_DEGRADATION,19,20,1,48.7310717994,69.5936806445,70.2223474873,0.8005227031000001,51.4670181804,68.3607284617,76.1576801501,HIGH_PRODUCTION,0,0,2.1769337656
2024-02-20 20:00:00,RIG_DEGRADATION,20,20,1,40.6559941088,53.6526325604,59.1662943055,0.6584286452,44.558253098,64.2042397118,63.8744610063,HIGH_PRODUCTION,0,0,2.1746178786
2024-02-20 21:00:00,RIG_DEGRADATION,21,20,1,38.2644650435,52.0608198692,57.403879328,0.5758851076,43.9274633285,64.4704076303,59.9759325912,HIGH_PRODUCTION,0,0,2.1723019917
2024-02-20 22:00:00,RIG_DEGRADATION,22,20,1,38.2644650435,49.7131557714,53.4866101457,0.7420124911,41.8398653451,65.5180563454,60.4348523323,STANDBY,0,0,2.1699861047
2024-02-20 23:00:00,RIG_DEGRADATION,23,20,1,38.2644650435,49.1079872936,51.5585536182,0.6316765149,42.3633223093,63.8467772375,57.7378492458,STANDBY,0,0,2.1676702177
2024-02-21 00:00:00,RIG_DEGRADATION,0,21,2,36.8726740701,51.6411812403,51.1921760976,0.6475013727000001,37.6747413145,63.0506274723,56.2902865097,STANDBY,0,0,2.1653543307
2024-02-21 01:00:00,RIG_DEGRADATION,1,21,2,36.8726740701,55.3168316192,54.9564324818,0.7269221920000001,44.5554435334,62.9906367824,53.8909318437,STANDBY,0,0,2.1630384437
2024-02-21 02:00:00,RIG_DEGRADATION,2,21,2,36.8726740701,50.5646197383,55.7633435599,0.5901106223,40.5171718877,64.8928446218,58.806250363,STANDBY,0,0,2.1607225567
2024-02-21 03:00:00,RIG_DEGRADATION,3,21,2,36.8726740701,61.1727755255,62.4721548911,0.6947889587,43.9649587806,69.5087281164,65.3009293101,STANDBY,0,0,2.1584066698
2024-02-21 04:00:00,RIG_DEGRADATION,4,21,2,39.1772161995,59.8181173275,62.6441030442,0.7566806922,43.7428721814,65.5038687935,72.839562909,STANDBY,0,0,2.1560907827999998
2024-02-21 05:00:00,RIG_DEGRADATION,5,21,2,46.9585795986,65.932912777,66.1499583277,0.6917220258,47.1722271347,67.372303052,69.2961583105,STANDBY,0,0,2.1537748958
2024-02-21 06:00:00,RIG_DEGRADATION,6,21,2,55.3090111052,67.4130088273,68.3638548955,0.7357215907,47.6733338472,73.5716205341,78.5387323681,HIGH_PRODUCTION,0,0,2.1514590088
2024-02-21 07:00:00,RIG_DEGRADATION,7,21,2,63.6594426117,79.032272775,82.9009030655,0.7318957220000001,51.2652291256,72.1785577507,91.6704741571,HIGH_PRODUCTION,0,0,2.1491431218
2024-02-21 08:00:00,RIG_DEGRADATION,8,21,2,71.4408060109,88.651852218,85.462894572,0.7279934994,54.6583951236,77.2672754532,88.25939569,HIGH_PRODUCTION,0,0,2.1468272348
2024-02-21 09:00:00,RIG_DEGRADATION,9,21,2,78.1228142462,94.9195825624,92.8889880455,0.7049626517,57.7589972058,78.1593156207,92.630999005,HIGH_PRODUCTION,0,0,2.1445113478
2024-02-21 10:00:00,RIG_DEGRADATION,10,21,2,83.2500994991,95.9513011109,95.0,0.8289422061,51.8272851896,74.9534499448,95.8376652781,HIGH_PRODUCTION,0,0,2.1421954609
2024-02-21 11:00:00,RIG_DEGRADATION,11,21,2,86.4732457528,100.4423471765,95.0,0.9403324098,54.869038134,78.9530569201,102.7723010749,HIGH_PRODUCTION,0,0,2.1398795739
2024-02-21 12:00:00,RIG_DEGRADATION,12,21,2,87.5726009166,102.8809165731,95.0,0.8685888509,52.9399489368,80.4499726349,98.2842569584,HIGH_PRODUCTION,0,0,2.1375636869
2024-02-21 13:00:00,RIG_DEGRADATION,13,21,2,86.4732457528,104.7762956626,95.0,0.8283158761,58.5698779676,77.7385642328,96.4090161508,HIGH_PRODUCTION,0,0,2.1352477999
2024-02-21 14:00:00,RIG_DEGRADATION,14,21,2,83.2500994991,95.7611317157,95.0,0.9027864564,53.7191830415,78.6219168008,101.3936086079,HIGH_PRODUCTION,0,0,2.1329319129
2024-02-21 15:00:00,RIG_DEGRADATION,15,21,2,78.1228142462,94.7521867589,94.8813626534,0.8211893379,56.5076715146,81.0980721446,97.1209252411,HIGH_PRODUCTION,0,0,2.1306160259
2024-02-21 16:00:00,RIG_DEGRADATION,16,21,2,71.4408060109,86.1795484683,87.0003370171,0.7349205569,54.0531811511,77.9756481781,94.3197373639,HIGH_PRODUCTION,0,0,2.128300139
2024-02-21 17:00:00,RIG_DEGRADATION,17,21,2,63.6594426117,87.5382033188,85.7658276773,0.7781473606,52.6353956415,72.1210190444,89.6944944367,HIGH_PRODUCTION,0,0,2.125984252
2024-02-21 18:00:00,RIG_DEGRADATION,18,21,2,55.3090111052,64.847709323,64.4882964395,0.7160569068,44.1886434011,69.9120545263,70.8872263941,HIGH_PRODUCTION,0,0,2.123668365
2024-02-21 19:00:00,RIG_DEGRADATION,19,21,2,46.9585795986,55.2695602549,60.1891228718,0.7490923367,42.6236033142,65.4388933807,61.5836063384,HIGH_PRODUCTION,0,0,2.121352478
2024-02-21 20:00:00,RIG_DEGRADATION,20,21,2,39.1772161995,56.1762011886,55.3758203426,0.7174956102000001,45.7224040186,64.7231337045,62.5077259075,HIGH_PRODUCTION,0,0,2.119036591
2024-02-21 21:00:00,RIG_DEGRADATION,21,21,2,36.8726740701,57.1359256306,60.7659937661,0.6585519310000001,45.0037299401,69.3451793781,66.6937260998,HIGH_PRODUCTION,0,0,2.116720704
2024-02-21 22:00:00,RIG_DEGRADATION,22,21,2,36.8726740701,44.6489887544,51.6214354023,0.6129524276,44.2013709166,64.0192332769,55.5839583703,STANDBY,0,0,2.114404817
2024-02-21 23:00:00,RIG_DEGRADATION,23,21,2,36.8726740701,56.3431932974,54.4703319139,0.7138913947000001,43.3557810622,66.4649614596,53.9722939667,STANDBY,0,0,2.1120889301
2024-02-22 00:00:00,RIG_DEGRADATION,0,22,3,36.1002883513,59.546026541,55.0200087879,0.7387727567,45.0964887745,64.3595567013,57.1871905865,STANDBY,0,0,2.1097730431
2024-02-22 01:00:00,RIG_DEGRADATION,1,22,3,36.1002883513,46.8107386743,50.6743980872,0.6834184005,42.3878576147,63.5913448358,56.0363426931,STANDBY,0,0,2.1074571561
2024-02-22 02:00:00,RIG_DEGRADATION,2,22,3,36.1002883513,58.4506083871,57.9738276119,0.7507094670000001,47.999581171,67.2327370732,64.3116905275,STANDBY,0,0,2.1051412691
2024-02-22 03:00:00,RIG_DEGRADATION,3,22,3,36.1002883513,44.7458159449,49.6293475789,0.5867750943,41.1209503465,60.7796083828,53.6700104751,STANDBY,0,0,2.1028253821
2024-02-22 04:00:00,RIG_DEGRADATION,4,22,3,38.3565563732,54.1377123195,57.4323052794,0.7069553378,43.5189469894,68.4454923105,65.9603754987,STANDBY,0,0,2.1005094951
2024-02-22 05:00:00,RIG_DEGRADATION,5,22,3,45.9749206378,62.8756495583,66.6219857341,0.7153693691,43.0129199253,67.4703940416,75.3414877466,STANDBY,0,0,2.0981936082
2024-02-22 06:00:00,RIG_DEGRADATION,6,22,3,54.1504325269,68.3026948551,75.6715537032,0.7311089619000001,50.5295931774,75.4432392362,78.6387151932,HIGH_PRODUCTION,0,0,2.0958777212
2024-02-22 07:00:00,RIG_DEGRADATION,7,22,3,62.325944416,79.8760824157,80.1204099861,0.6839889418,51.5740750272,74.5096175206,93.5413406964,HIGH_PRODUCTION,0,0,2.0935618342
2024-02-22 08:00:00,RIG_DEGRADATION,8,22,3,69.9443086806,90.82576328,90.9312923879,0.7653522947,51.7711706441,78.2524117598,96.1920898631,HIGH_PRODUCTION,0,0,2.0912459472
2024-02-22 09:00:00,RIG_DEGRADATION,9,22,3,76.4863463859,96.9876720661,92.5470395748,0.8479323388000001,52.5786231356,84.1329672233,92.7769497196,HIGH_PRODUCTION,0,0,2.0889300602
2024-02-22 10:00:00,RIG_DEGRADATION,10,22,3,81.5062284735,99.7047550569,95.0,0.7699361959000001,54.2464782412,84.4546452275,99.8460161196,HIGH_PRODUCTION,0,0,2.0866141732
2024-02-22 11:00:00,RIG_DEGRADATION,11,22,3,84.661858275,96.0363050644,95.0,0.9149632079000001,50.2648854249,77.1748470791,99.0769350173,HIGH_PRODUCTION,0,0,2.0842982862
2024-02-22 12:00:00,RIG_DEGRADATION,12,22,3,85.7381848343,92.8243033875,93.9453622343,0.8332477021,58.4269845878,79.215104179,100.3314719685,HIGH_PRODUCTION,0,0,2.0819823993
2024-02-22 13:00:00,RIG_DEGRADATION,13,22,3,84.661858275,100.697375394,95.0,0.8991882840000001,52.8066369491,81.3989888083,97.1033517212,HIGH_PRODUCTION,0,0,2.0796665123
2024-02-22 14:00:00,RIG_DEGRADATION,14,22,3,81.5062284735,99.3519845103,95.0,0.7916885546,55.6841079394,81.2593460088,100.0801305207,HIGH_PRODUCTION,0,0,2.0773506253
2024-02-22 15:00:00,RIG_DEGRADATION,15,22,3,76.4863463859,94.6949157868,94.7715687688,0.7553452612,54.7271761471,79.7752116777,98.7739549781,HIGH_PRODUCTION,0,0,2.0750347383
2024-02-22 16:00:00,RIG_DEGRADATION,16,22,3,69.9443086806,90.37353959000001,91.5790494067,0.8978396864,52.9210817371,77.8673739367,97.1401467724,HIGH_PRODUCTION,0,0,2.0727188513
2024-02-22 17:00:00,RIG_DEGRADATION,17,22,3,62.325944416,77.699683055,81.6552094407,0.7293858185000001,47.8441128391,74.0024950323,88.0460951308,HIGH_PRODUCTION,0,0,2.0704029643
2024-02-22 18:00:00,RIG_DEGRADATION,18,22,3,54.1504325269,64.1492192868,67.9582273402,0.6961736282000001,48.2368111522,74.2530389921,76.0139474713,HIGH_PRODUCTION,0,0,2.0680870774
2024-02-22 19:00:00,RIG_DEGRADATION,19,22,3,45.9749206378,67.7392118341,71.0006334976,0.6315640982,45.6899174224,67.4433488913,78.734259088,HIGH_PRODUCTION,0,0,2.0657711904
2024-02-22 20:00:00,RIG_DEGRADATION,20,22,3,38.3565563732,51.8258710634,54.6854326863,0.5878831402,40.8064957527,63.9717332467,59.2908839826,HIGH_PRODUCTION,0,0,2.0634553034
2024-02-22 21:00:00,RIG_DEGRADATION,21,22,3,36.1002883513,52.5997347992,57.0831123745,0.6838875519000001,44.3484977914,65.9531353876,59.5974288497,HIGH_PRODUCTION,0,0,2.0611394164
2024-02-22 22:00:00,RIG_DEGRADATION,22,22,3,36.1002883513,51.2654483703,50.5286303724,0.6638448114000001,44.1443924709,68.508733278,54.4145677055,STANDBY,0,0,2.0588235294
2024-02-22 23:00:00,RIG_DEGRADATION,23,22,3,36.1002883513,44.9842500532,48.9976132091,0.6292278935,39.9824779582,64.1269686692,50.0537396269,STANDBY,0,0,2.0565076424
2024-02-23 00:00:00,RIG_DEGRADATION,0,23,4,36.1002883513,54.0267313806,54.7755286527,0.7173598962000001,41.0596694283,68.3444316253,58.1784531867,STANDBY,0,0,2.0541917554
2024-02-23 01:00:00,RIG_DEGRADATION,1,23,4,36.1002883513,56.6068942808,60.4868951786,0.7426272012,46.8159149801,69.5022083963,66.4767911526,STANDBY,0,0,2.0518758685
2024-02-23 02:00:00,RIG_DEGRADATION,2,23,4,36.1002883513,54.3347173256,55.2205170513,0.7385673851,43.222620211,66.8449828239,66.1045617313,STANDBY,0,0,2.0495599815
2024-02-23 03:00:00,RIG_DEGRADATION,3,23,4,36.1002883513,58.0104743267,59.6000392555,0.7020329119000001,45.8725768258,63.6895986448,65.5836326433,STANDBY,0,0,2.0472440945
2024-02-23 04:00:00,RIG_DEGRADATION,4,23,4,38.3565563732,47.2137705307,55.6984716974,0.6219331424,41.4782499968,59.9656499285,63.5958692778,STANDBY,0,0,2.0449282075
2024-02-23 05:00:00,RIG_DEGRADATION,5,23,4,45.9749206378,66.8986340197,69.52544923,0.7316996992,46.2824936284,67.9875475851,69.8227231602,STANDBY,0,0,2.0426123205
2024-02-23 06:00:00,RIG_DEGRADATION,6,23,4,54.1504325269,73.6146708396,78.0792616629,0.7820634320000001,52.6121686865,71.5543839638,82.9686876647,HIGH_PRODUCTION,0,0,2.0402964335
2024-02-23 07:00:00,RIG_DEGRADATION,7,23,4,62.325944416,77.1397143477,77.4184842076,0.7802038237000001,48.332235658,76.3098147472,81.8895702558,HIGH_PRODUCTION,0,0,2.0379805465
2024-02-23 08:00:00,RIG_DEGRADATION,8,23,4,69.9443086806,89.7342429266,87.919065714,0.7924528252,52.5587194188,77.9810356629,92.0550773627,HIGH_PRODUCTION,0,0,2.0356646596
2024-02-23 09:00:00,RIG_DEGRADATION,9,23,4,76.4863463859,98.9991248105,95.0,0.8040933454,52.4839228038,78.2861919068,98.2091298835,HIGH_PRODUCTION,0,0,2.0333487726
2024-02-23 10:00:00,RIG_DEGRADATION,10,23,4,81.5062284735,100.9251324875,95.0,0.7937004788,57.0477347394,80.5931998404,92.8251491066,HIGH_PRODUCTION,0,0,2.0310328856
2024-02-23 11:00:00,RIG_DEGRADATION,11,23,4,84.661858275,99.8735876434,95.0,0.8689015374,56.2208869899,76.2910795785,97.829209045,HIGH_PRODUCTION,0,0,2.0287169986
2024-02-23 12:00:00,RIG_DEGRADATION,12,23,4,85.7381848343,98.5887174259,95.0,0.8943511711000001,54.5230868865,82.3014246112,99.5328373579,HIGH_PRODUCTION,0,0,2.0264011116
2024-02-23 13:00:00,RIG_DEGRADATION,13,23,4,84.661858275,105.3787146073,95.0,0.7919311738,55.4783953312,82.6850262337,100.5585570567,HIGH_PRODUCTION,0,0,2.0240852246
2024-02-23 14:00:00,RIG_DEGRADATION,14,23,4,81.5062284735,96.096747593,95.0,0.8663226536,56.0009436379,76.9825151354,97.2333577788,HIGH_PRODUCTION,0,0,2.0217693377
2024-02-23 15:00:00,RIG_DEGRADATION,15,23,4,76.4863463859,100.1722767452,95.0,0.803775667,54.6887340979,80.1369866788,98.3568932993,HIGH_PRODUCTION,0,0,2.0194534507
2024-02-23 16:00:00,RIG_DEGRADATION,16,23,4,69.9443086806,83.3576404975,86.1007149963,0.8748237555,52.9985933562,71.2988164829,89.2164542129,HIGH_PRODUCTION,0,0,2.0171375637
2024-02-23 17:00:00,RIG_DEGRADATION,17,23,4,62.325944416,73.3828599697,74.4102730141,0.7377813345,47.7207507558,75.5751773417,79.9577604148,HIGH_PRODUCTION,0,0,2.0148216767
2024-02-23 18:00:00,RIG_DEGRADATION,18,23,4,54.1504325269,69.7671619502,71.9614712454,0.788122626,48.527906967,68.2693697035,80.1358233888,HIGH_PRODUCTION,0,0,2.0125057897
2024-02-23 19:00:00,RIG_DEGRADATION,19,23,4,45.9749206378,63.7444569918,65.4909184911,0.6813039723000001,45.4027106458,67.7360472732,68.6698580539,HIGH_PRODUCTION,0,0,2.0101899027
2024-02-23 20:00:00,RIG_DEGRADATION,20,23,4,38.3565563732,54.4160958806,58.6933263737,0.725087433,41.5009341127,71.3769513454,70.8740006176,HIGH_PRODUCTION,0,0,2.0078740157
2024-02-23 21:00:00,RIG_DEGRADATION,21,23,4,36.1002883513,45.7518515757,49.5935316022,0.6312906867,39.779576681500004,59.2753741027,58.8743959175,HIGH_PRODUCTION,0,0,2.0055581288
2024-02-23 22:00:00,RIG_DEGRADATION,22,23,4,36.1002883513,47.9656027749,50.9053211529,0.6971022079,41.6876323949,64.4142404826,52.6358765726,STANDBY,0,0,2.0032422418
2024-02-23 23:00:00,RIG_DEGRADATION,23,23,4,36.1002883513,53.3753529745,54.4315359903,0.7054238187,42.7784551998,65.8219607663,55.577880461,STANDBY,0,0,2.0009263548
2024-02-24 00:00:00,RIG_DEGRADATION,0,24,5,36.8726740701,54.8556737942,58.1670437696,0.7450576898,43.8578357434,69.0507304647,58.5781225421,STANDBY,0,0,1.9986104678
2024-02-24 01:00:00,RIG_DEGRADATION,1,24,5,36.8726740701,56.8726999132,54.9307409119,0.735336729,46.5706029082,66.1271820502,58.1229429624,STANDBY,0,0,1.9962945807999999
2024-02-24 02:00:00,RIG_DEGRADATION,2,24,5,36.8726740701,47.123465744,52.4375087002,0.6894327434,38.545546927,61.1512316191,60.2322349346,STANDBY,0,0,1.9939786938
2024-02-24 03:00:00,RIG_DEGRADATION,3,24,5,36.8726740701,56.3659220533,56.689857305,0.6762741444,45.2765941806,68.735897891,61.54024803,STANDBY,0,0,1.9916628069
2024-02-24 04:00:00,RIG_DEGRADATION,4,24,5,39.1772161995,51.4410799479,54.9223351815,0.6257627742,42.1052710644,67.2603222848,60.0320585723,STANDBY,0,0,1.9893469199
2024-02-24 05:00:00,RIG_DEGRADATION,5,24,5,46.9585795986,66.6461914707,68.8784722691,0.6939010719,47.7260893458,72.5735199754,72.4461803592,STANDBY,0,0,1.9870310329
2024-02-24 06:00:00,RIG_DEGRADATION,6,24,5,55.3090111052,73.1253633887,73.8957954138,0.7366899704000001,49.3984117827,69.5514006392,84.6259153417,HIGH_PRODUCTION,0,0,1.9847151459
2024-02-24 07:00:00,RIG_DEGRADATION,7,24,5,63.6594426117,80.9324976813,81.6594848279,0.7538661913,52.1750966075,74.180525961,86.7282537338,HIGH_PRODUCTION,0,0,1.9823992589000001
2024-02-24 08:00:00,RIG_DEGRADATION,8,24,5,71.4408060109,91.8589875866,88.5766688722,0.8913248096,53.0834181277,78.3665275737,93.0417698114,HIGH_PRODUCTION,0,0,1.9800833719000002
2024-02-24 09:00:00,RIG_DEGRADATION,9,24,5,78.1228142462,86.7899629712,86.4239366669,0.8343645873000001,52.3042080833,73.0942747767,92.7229061625,HIGH_PRODUCTION,0,0,1.9777674849
2024-02-24 10:00:00,RIG_DEGRADATION,10,24,5,83.2500994991,92.7004023555,89.4826541469,0.7011001795,51.3174734287,80.0908414583,91.763091266,HIGH_PRODUCTION,0,0,1.975451598
2024-02-24 11:00:00,RIG_DEGRADATION,11,24,5,86.4732457528,106.879119717,95.0,0.8776226261000001,56.5539574582,77.2256449146,97.5356791649,HIGH_PRODUCTION,0,0,1.973135711
2024-02-24 12:00:00,RIG_DEGRADATION,12,24,5,87.5726009166,105.3580041337,95.0,0.8729022942,54.1053244094,82.3336948171,97.8621457252,HIGH_PRODUCTION,0,0,1.970819824
2024-02-24 13:00:00,RIG_DEGRADATION,13,24,5,86.4732457528,99.7533274538,95.0,0.9030243327,56.4032381484,78.7351355861,98.9211928693,HIGH_PRODUCTION,0,0,1.968503937
2024-02-24 14:00:00,RIG_DEGRADATION,14,24,5,83.2500994991,94.8453354778,92.7668609065,0.8036102487,52.4713154317,78.2202511151,99.2376117741,HIGH_PRODUCTION,0,0,1.96618805
2024-02-24 15:00:00,RIG_DEGRADATION,15,24,5,78.1228142462,91.121339618,88.4775296164,0.8758565323,51.3598327887,79.1885556857,97.1652862996,HIGH_PRODUCTION,0,0,1.963872163
2024-02-24 16:00:00,RIG_DEGRADATION,16,24,5,71.4408060109,92.2300388293,88.7689074039,0.8391193198,54.6550426813,77.2276939142,97.7540864207,HIGH_PRODUCTION,0,0,1.9615562761
2024-02-24 17:00:00,RIG_DEGRADATION,17,24,5,63.6594426117,80.1944909475,79.940116267,0.7895310999,48.7566437787,75.7577192663,84.6504927534,HIGH_PRODUCTION,0,0,1.9592403891
2024-02-24 18:00:00,RIG_DEGRADATION,18,24,5,55.3090111052,63.4113235219,67.9185177116,0.7431001231000001,47.860396759,71.0003572728,75.4214225345,HIGH_PRODUCTION,0,0,1.9569245021000001
2024-02-24 19:00:00,RIG_DEGRADATION,19,24,5,46.9585795986,62.9393806206,66.7404087022,0.7086501374,45.7137900575,68.9813994318,69.5405422522,HIGH_PRODUCTION,0,0,1.9546086151000002
2024-02-24 20:00:00,RIG_DEGRADATION,20,24,5,39.1772161995,54.9512317467,56.5162192397,0.7406709814,43.3563882706,59.5360023107,62.8818418814,HIGH_PRODUCTION,0,0,1.9522927281
2024-02-24 21:00:00,RIG_DEGRADATION,21,24,5,36.8726740701,54.3120697843,57.5091521197,0.7955059513,45.744050762,68.4175430761,62.9430444057,HIGH_PRODUCTION,0,0,1.9499768411
2024-02-24 22:00:00,RIG_DEGRADATION,22,24,5,36.8726740701,55.409547809,56.524108666000004,0.6625260471000001,41.4023837842,67.3965601379,58.288065377,STANDBY,0,0,1.9476609541
2024-02-24 23:00:00,RIG_DEGRADATION,23,24,5,36.8726740701,48.0250794216,50.2345789599,0.6266399597,39.5146095987,60.9264966247,49.8619794588,STANDBY,0,0,1.9453450671999999
2024-02-25 00:00:00,RIG_DEGRADATION,0,25,6,38.2644650435,57.4275221608,57.7402804663,0.7244392834000001,44.8743900055,65.3483068086,63.9291148349,STANDBY,0,0,1.9430291802
2024-02-25 01:00:00,RIG_DEGRADATION,1,25,6,38.2644650435,47.8922378425,53.6805643972,0.8034546781,40.1041100607,61.1289477155,55.7388728709,STANDBY,0,0,1.9407132932
2024-02-25 02:00:00,RIG_DEGRADATION,2,25,6,38.2644650435,56.1413652548,59.3726688329,0.7140697997000001,44.5488822003,65.2371224898,69.0537116135,STANDBY,0,0,1.9383974062
2024-02-25 03:00:00,RIG_DEGRADATION,3,25,6,38.2644650435,51.432216431,55.5624172076,0.8273665016,42.2129288482,66.5443623893,60.8432061877,STANDBY,0,0,1.9360815192
2024-02-25 04:00:00,RIG_DEGRADATION,4,25,6,40.6559941088,63.0880186627,61.4483575549,0.6712474637,45.0580647786,67.2949688082,67.2422509021,STANDBY,0,0,1.9337656322
2024-02-25 05:00:00,RIG_DEGRADATION,5,25,6,48.7310717994,66.8524324141,67.4593614062,0.7765230807,48.5344214078,73.3260809694,70.6170582436,STANDBY,0,0,1.9314497453000001
2024-02-25 06:00:00,RIG_DEGRADATION,6,25,6,57.3966975653,84.9150871257,81.0352551606,0.786843269,48.2405196814,79.4447679414,92.8959346706,HIGH_PRODUCTION,0,0,1.9291338583000002
2024-02-25 07:00:00,RIG_DEGRADATION,7,25,6,66.0623233312,77.7833047863,79.8068078079,0.8086166076,49.6527419022,69.5863224645,84.3265054812,HIGH_PRODUCTION,0,0,1.9268179713
2024-02-25 08:00:00,RIG_DEGRADATION,8,25,6,74.1374010218,95.8905527162,92.0823505417,0.8202476157,60.4064145231,76.2352886928,97.9031307706,HIGH_PRODUCTION,0,0,1.9245020843
2024-02-25 09:00:00,RIG_DEGRADATION,9,25,6,81.0716274372,95.5582930764,92.9162125921,0.7449217275000001,53.6877821506,73.391996774,99.436487116,HIGH_PRODUCTION,0,0,1.9221861973
2024-02-25 10:00:00,RIG_DEGRADATION,10,25,6,86.3924465065,104.0824462555,95.0,0.9297860498,55.6450827739,77.101509843,98.835222157,HIGH_PRODUCTION,0,0,1.9198703102999999
2024-02-25 11:00:00,RIG_DEGRADATION,11,25,6,89.7372532031,108.7357752337,95.0,0.9021714197,56.3857863312,79.2524290689,97.9541698776,HIGH_PRODUCTION,0,0,1.9175544233
2024-02-25 12:00:00,RIG_DEGRADATION,12,25,6,90.8781044784,106.8804560293,95.0,0.8782463620000001,56.8513209374,81.3331312885,99.0863560194,HIGH_PRODUCTION,0,0,1.9152385364
2024-02-25 13:00:00,RIG_DEGRADATION,13,25,6,89.7372532031,103.2083489588,95.0,0.9749857859000001,57.1201652914,80.9293199859,101.8336152252,HIGH_PRODUCTION,0,0,1.9129226494
2024-02-25 14:00:00,RIG_DEGRADATION,14,25,6,86.3924465065,94.8322615656,90.655751059,0.8580125651,53.9334202785,81.222704413,98.8948874345,HIGH_PRODUCTION,0,0,1.9106067624
2024-02-25 15:00:00,RIG_DEGRADATION,15,25,6,81.0716274372,107.507906176,95.0,0.8845560862,55.133802444,78.8178961135,96.3434124865,HIGH_PRODUCTION,0,0,1.9082908754
2024-02-25 16:00:00,RIG_DEGRADATION,16,25,6,74.1374010218,92.7786124175,86.7677369862,0.8407569326000001,51.2852359655,75.3789479894,92.8471773236,HIGH_PRODUCTION,0,0,1.9059749884000001
2024-02-25 17:00:00,RIG_DEGRADATION,17,25,6,66.0623233312,77.4094071432,78.569783114,0.7433040252,52.9337422223,70.9512344861,80.118876107,HIGH_PRODUCTION,0,0,1.9036591014000002
2024-02-25 18:00:00,RIG_DEGRADATION,18,25,6,57.3966975653,69.4569784734,68.9253968453,0.7371328609000001,48.6662992309,75.7811026177,78.1198008089,HIGH_PRODUCTION,0,0,1.9013432145
2024-02-25 19:00:00,RIG_DEGRADATION,19,25,6,48.7310717994,60.0221846945,65.2056931213,0.7973257201,46.5147596315,68.4048442075,72.5423085733,HIGH_PRODUCTION,0,0,1.8990273275
2024-02-25 20:00:00,RIG_DEGRADATION,20,25,6,40.6559941088,62.6084228977,63.9569670001,0.7008126119,45.3164967124,67.457413708,71.330445875,HIGH_PRODUCTION,0,0,1.8967114405
2024-02-25 21:00:00,RIG_DEGRADATION,21,25,6,38.2644650435,45.3985562688,52.7532623793,0.7043176803,38.0889888184,61.4154371507,59.9250188232,HIGH_PRODUCTION,0,0,1.8943955534999999
2024-02-25 22:00:00,RIG_DEGRADATION,22,25,6,38.2644650435,53.93587257,56.1971102881,0.7337233356,46.3067196979,68.4022479409,63.84377945,STANDBY,0,0,1.8920796665
2024-02-25 23:00:00,RIG_DEGRADATION,23,25,6,38.2644650435,56.8080600645,59.8035167683,0.6813790933,45.109308043,70.1708775036,69.7083032384,STANDBY,0,0,1.8897637795
2024-02-26 00:00:00,RIG_DEGRADATION,0,26,0,40.0,63.752448257,61.5004430728,0.7323240232,44.1206375127,67.7531315315,66.3897350495,STANDBY,0,0,1.8874478925
2024-02-26 01:00:00,RIG_DEGRADATION,1,26,0,40.0,50.331601041,51.7702178749,0.6882421418,38.0955903303,70.1146234625,55.1214747363,STANDBY,0,0,1.8851320056
2024-02-26 02:00:00,RIG_DEGRADATION,2,26,0,40.0,57.225444314,57.7677824865,0.7418558091,44.4576099124,69.0558676478,62.6343158288,STANDBY,0,0,1.8828161186
2024-02-26 03:00:00,RIG_DEGRADATION,3,26,0,40.0,61.6159770176,60.0440825559,0.6573224537,47.7676946423,71.0507777843,66.6479769456,STANDBY,0,0,1.8805002316000001
2024-02-26 04:00:00,RIG_DEGRADATION,4,26,0,42.5,63.4284828959,63.8540713676,0.7862353333000001,44.9312276501,73.3361426143,64.8503190745,STANDBY,0,0,1.8781843446000002
2024-02-26 05:00:00,RIG_DEGRADATION,5,26,0,50.9413334214,59.9115979665,63.6750977576,0.7780135635000001,47.9528640858,69.9370171742,67.0908103364,STANDBY,0,0,1.8758684576
2024-02-26 06:00:00,RIG_DEGRADATION,6,26,0,60.0,73.6154081096,74.7622055947,0.7133395514,49.0583629316,68.1791056626,76.7791785177,HIGH_PRODUCTION,0,0,1.8735525706
2024-02-26 07:00:00,RIG_DEGRADATION,7,26,0,69.0586665786,82.0896611527,79.4098979234,0.8186082058,50.36665534,74.0788226438,86.9220734646,HIGH_PRODUCTION,0,0,1.8712366836
2024-02-26 08:00:00,RIG_DEGRADATION,8,26,0,77.5,89.1290727591,87.6279778113,0.9078517340000001,52.6221570068,77.6909031458,94.7431424292,HIGH_PRODUCTION,0,0,1.8689207966999999
2024-02-26 09:00:00,RIG_DEGRADATION,9,26,0,84.7487373415,104.0752519609,95.0,0.8487822570000001,57.5692691099,83.8523217767,101.6490332081,HIGH_PRODUCTION,0,0,1.8666049097
2024-02-26 10:00:00,RIG_DEGRADATION,10,26,0,90.3108891325,111.11308915,95.0,0.8660912468,59.7671730114,84.4841850094,99.54919744,HIGH_PRODUCTION,0,0,1.8642890227
2024-02-26 11:00:00,RIG_DEGRADATION,11,26,0,93.8074039201,108.7251198083,95.0,0.9597016674000001,55.6069454214,81.8686542244,100.0777110214,HIGH_PRODUCTION,0,0,1.8619731357
2024-02-26 12:00:00,RIG_DEGRADATION,12,26,0,95.0,106.2982255318,95.0,0.8131556702,54.2042305848,81.5328133798,94.8227111527,HIGH_PRODUCTION,0,0,1.8596572487
2024-02-26 13:00:00,RIG_DEGRADATION,13,26,0,93.8074039201,112.062895101,95.0,0.8989744566000001,56.4742970582,85.6187729361,98.0918075255,HIGH_PRODUCTION,0,0,1.8573413617
2024-02-26 14:00:00,RIG_DEGRADATION,14,26,0,90.3108891325,103.3678348771,95.0,0.8470575640000001,55.9795134928,84.3686356546,102.5892585701,HIGH_PRODUCTION,0,0,1.8550254748000001
2024-02-26 15:00:00,RIG_DEGRADATION,15,26,0,84.7487373415,101.3618629596,95.0,0.8963062736,57.6725934426,81.4453707531,101.1549568271,HIGH_PRODUCTION,0,0,1.8527095878000002
2024-02-26 16:00:00,RIG_DEGRADATION,16,26,0,77.5,99.5742501039,93.0996954502,0.8804561191,54.5736575265,77.6476639713,97.5525213142,HIGH_PRODUCTION,0,0,1.8503937008
2024-02-26 17:00:00,RIG_DEGRADATION,17,26,0,69.0586665786,86.3995495801,84.3375046138,0.7307590746,51.2616363721,81.1199253761,90.2026734926,HIGH_PRODUCTION,0,0,1.8480778138
2024-02-26 18:00:00,RIG_DEGRADATION,18,26,0,60.0,76.1650874829,76.9432286998,0.7504275503000001,48.1549968188,72.3998290114,84.9777967776,HIGH_PRODUCTION,0,0,1.8457619268
2024-02-26 19:00:00,RIG_DEGRADATION,19,26,0,50.9413334214,68.3897162962,69.9106733674,0.7948590280000001,49.1152804163,68.8037896246,74.4308459581,HIGH_PRODUCTION,0,0,1.8434460397999999
2024-02-26 20:00:00,RIG_DEGRADATION,20,26,0,42.5,62.7664229738,61.4514151022,0.6951427724,44.9829162943,65.2660089189,63.0189154482,HIGH_PRODUCTION,0,0,1.8411301528
2024-02-26 21:00:00,RIG_DEGRADATION,21,26,0,40.0,51.3083381703,57.8044888807,0.7140545274,45.4938571029,66.1845851053,62.5301145575,HIGH_PRODUCTION,0,0,1.8388142659
2024-02-26 22:00:00,RIG_DEGRADATION,22,26,0,40.0,60.0708703943,60.599787556,0.7503025935000001,44.7180212189,73.9209404602,72.75725102,STANDBY,0,0,1.8364983789
2024-02-26 23:00:00,RIG_DEGRADATION,23,26,0,40.0,61.6205370125,57.2413398005,0.8304430769000001,44.2664212533,68.6198391799,60.7897952681,STANDBY,0,0,1.8341824919
2024-02-27 00:00:00,RIG_DEGRADATION,0,27,1,38.2644650435,54.0882415491,52.8693694398,0.717391965,41.3898863296,68.0099165998,56.6472750177,STANDBY,0,0,1.8318666049
2024-02-27 01:00:00,RIG_DEGRADATION,1,27,1,38.2644650435,55.0745242172,52.0934300139,0.7161994543,46.8630029858,70.22465963,58.6031150893,STANDBY,0,0,1.8295507179000001
2024-02-27 02:00:00,RIG_DEGRADATION,2,27,1,38.2644650435,53.0769951566,52.9923463581,0.783297101,41.7338284775,65.9937566215,60.3840344134,STANDBY,0,0,1.8272348309000002
2024-02-27 03:00:00,RIG_DEGRADATION,3,27,1,38.2644650435,59.1546601631,61.0871167213,0.748131756,45.4685961961,65.6085124921,66.4193154088,STANDBY,0,0,1.8249189440000002
2024-02-27 04:00:00,RIG_DEGRADATION,4,27,1,40.6559941088,61.4675055979,61.1930650022,0.8409236864,48.212141926,63.9137624472,60.06153285,STANDBY,0,0,1.822603057
2024-02-27 05:00:00,RIG_DEGRADATION,5,27,1,48.7310717994,69.4232192616,66.0983139757,0.8260893316,45.9552747436,69.6675882826,66.345857286,STANDBY,0,0,1.82028717
2024-02-27 06:00:00,RIG_DEGRADATION,6,27,1,57.3966975653,73.4806045209,74.3378392019,0.7486820471000001,49.4708575069,72.5441655874,82.7310166525,HIGH_PRODUCTION,0,0,1.817971283
2024-02-27 07:00:00,RIG_DEGRADATION,7,27,1,66.0623233312,85.126228368,81.6242375498,0.7774460837,50.8914231613,79.0537968797,85.3428293475,HIGH_PRODUCTION,0,0,1.815655396
2024-02-27 08:00:00,RIG_DEGRADATION,8,27,1,74.1374010218,89.2903200618,91.2017356695,0.8409572391,52.838016154499996,78.0642878069,97.1904321991,HIGH_PRODUCTION,0,0,1.813339509
2024-02-27 09:00:00,RIG_DEGRADATION,9,27,1,81.0716274372,97.7133021035,94.2433571364,0.8979821826000001,56.1841450679,79.9720237523,98.8137170403,HIGH_PRODUCTION,0,0,1.811023622
2024-02-27 10:00:00,RIG_DEGRADATION,10,27,1,86.3924465065,110.7606467421,95.0,0.9251330594,60.2076953738,84.3009399156,94.3455208989,HIGH_PRODUCTION,0,0,1.8087077351
2024-02-27 11:00:00,RIG_DEGRADATION,11,27,1,89.7372532031,109.6599620306,95.0,0.8204618067,60.0970487415,81.6555657043,98.7586946208,HIGH_PRODUCTION,0,0,1.8063918481
2024-02-27 12:00:00,RIG_DEGRADATION,12,27,1,90.8781044784,112.2733243614,95.0,0.9530482667,59.0497321454,77.5791512757,100.4666913486,HIGH_PRODUCTION,0,0,1.8040759611000001
2024-02-27 13:00:00,RIG_DEGRADATION,13,27,1,89.7372532031,109.6038126545,95.0,0.8712725278000001,58.2874634777,86.3157264553,98.7251005814,HIGH_PRODUCTION,0,0,1.8017600741000002
2024-02-27 14:00:00,RIG_DEGRADATION,14,27,1,86.3924465065,98.9703981263,95.0,0.7550519425000001,56.2660992082,83.7195727524,104.3456992095,HIGH_PRODUCTION,0,0,1.7994441871
2024-02-27 15:00:00,RIG_DEGRADATION,15,27,1,81.0716274372,99.888992805,94.4141619856,0.8904211674,53.0029872399,81.2741379265,99.9218351226,HIGH_PRODUCTION,0,0,1.7971283001
2024-02-27 16:00:00,RIG_DEGRADATION,16,27,1,74.1374010218,99.4322011721,92.1209348573,0.8785385417,52.6806701031,84.5878333486,101.6405687247,HIGH_PRODUCTION,0,0,1.7948124132
2024-02-27 17:00:00,RIG_DEGRADATION,17,27,1,66.0623233312,85.1575933614,81.0591437563,0.8143505846,53.4338823857,79.3764496394,84.3096894914,HIGH_PRODUCTION,0,0,1.7924965261999999
2024-02-27 18:00:00,RIG_DEGRADATION,18,27,1,57.3966975653,68.4925007484,70.2715913483,0.8169819307,44.290406597,69.9318548604,76.9824582872,HIGH_PRODUCTION,0,0,1.7901806392
2024-02-27 19:00:00,RIG_DEGRADATION,19,27,1,48.7310717994,67.3368457074,68.1543559907,0.7509991723,46.8780126904,66.3721258614,70.5360633717,HIGH_PRODUCTION,0,0,1.7878647522
2024-02-27 20:00:00,RIG_DEGRADATION,20,27,1,40.6559941088,52.1011963338,58.7772892701,0.6597430320000001,40.4801623079,66.9065539869,66.0179912728,HIGH_PRODUCTION,0,0,1.7855488652
2024-02-27 21:00:00,RIG_DEGRADATION,21,27,1,38.2644650435,58.6998602747,59.4243266686,0.7149996196,44.4097974723,66.2810104251,62.6921427479,HIGH_PRODUCTION,0,0,1.7832329782
2024-02-27 22:00:00,RIG_DEGRADATION,22,27,1,38.2644650435,51.7578863923,51.869480233,0.6620847093000001,42.836329853,69.7414790537,54.5621505198,STANDBY,0,0,1.7809170912
2024-02-27 23:00:00,RIG_DEGRADATION,23,27,1,38.2644650435,59.6055622357,56.4784477117,0.6905133937,44.9718817062,67.3290081934,67.7116251708,STANDBY,0,0,1.7786012043000001
2024-02-28 00:00:00,RIG_DEGRADATION,0,28,2,36.8726740701,58.0330038612,54.7374741469,0.7395036552,46.2512675573,70.1897169802,58.6338874038,STANDBY,0,0,1.7762853173000002
2024-02-28 01:00:00,RIG_DEGRADATION,1,28,2,36.8726740701,53.1175529301,56.2756026432,0.7455352051,40.0504651634,63.046095166,59.6718981859,STANDBY,0,0,1.7739694303
2024-02-28 02:00:00,RIG_DEGRADATION,2,28,2,36.8726740701,53.2080113646,56.9747446385,0.6661462917000001,44.8868040581,56.9549788292,60.7861694452,STANDBY,0,0,1.7716535433
2024-02-28 03:00:00,RIG_DEGRADATION,3,28,2,36.8726740701,52.7975901425,55.3718702491,0.7190466476,42.2789551324,62.5342037419,57.1288464108,STANDBY,0,0,1.7693376563
2024-02-28 04:00:00,RIG_DEGRADATION,4,28,2,39.1772161995,54.9201572863,57.2193615351,0.68229071,41.2779605009,64.1067634109,60.6277422321,STANDBY,0,0,1.7670217692999999
2024-02-28 05:00:00,RIG_DEGRADATION,5,28,2,46.9585795986,61.5579242837,64.5926522113,0.7040685431,45.0690377832,72.3118908175,65.4298471412,STANDBY,0,0,1.7647058824
2024-02-28 06:00:00,RIG_DEGRADATION,6,28,2,55.3090111052,75.8921127041,75.5704889832,0.7603279543,49.252926996,73.2196502678,80.7343267606,HIGH_PRODUCTION,0,0,1.7623899954
2024-02-28 07:00:00,RIG_DEGRADATION,7,28,2,63.6594426117,77.3952374472,75.4238310736,0.6814588133,53.0326276206,68.0185601961,77.1437878748,HIGH_PRODUCTION,0,0,1.7600741084
2024-02-28 08:00:00,RIG_DEGRADATION,8,28,2,71.4408060109,89.23620954,87.8121566934,0.8412863151000001,46.4426681706,75.730048447,90.1771353986,HIGH_PRODUCTION,0,0,1.7577582214
2024-02-28 09:00:00,RIG_DEGRADATION,9,28,2,78.1228142462,100.0378196572,92.8424049849,0.8067288534,52.6190806898,80.390875162,100.8296743867,HIGH_PRODUCTION,0,0,1.7554423344
2024-02-28 10:00:00,RIG_DEGRADATION,10,28,2,83.2500994991,101.3941556924,95.0,0.9003350241,54.9355269754,81.301511075,98.1532253528,HIGH_PRODUCTION,0,0,1.7531264474000001
2024-02-28 11:00:00,RIG_DEGRADATION,11,28,2,86.4732457528,104.0253536159,95.0,0.7863478338000001,58.413707293,76.3792800108,101.9694104705,HIGH_PRODUCTION,0,0,1.7508105604000002
2024-02-28 12:00:00,RIG_DEGRADATION,12,28,2,87.5726009166,102.7038197114,95.0,0.8460725183000001,56.1582113401,74.6105896476,100.283023629,HIGH_PRODUCTION,0,0,1.7484946735
2024-02-28 13:00:00,RIG_DEGRADATION,13,28,2,86.4732457528,105.7539233088,95.0,0.8822146221,58.0967072168,86.7093596286,102.2594791745,HIGH_PRODUCTION,0,0,1.7461787865
2024-02-28 14:00:00,RIG_DEGRADATION,14,28,2,83.2500994991,96.4958663607,93.2105869491,0.7977831097,53.4671093368,81.4190352904,99.0508782017,HIGH_PRODUCTION,0,0,1.7438628995
2024-02-28 15:00:00,RIG_DEGRADATION,15,28,2,78.1228142462,99.2936805107,95.0,0.8235356945000001,57.2777664805,83.6931450044,95.3083089859,HIGH_PRODUCTION,0,0,1.7415470124999999
2024-02-28 16:00:00,RIG_DEGRADATION,16,28,2,71.4408060109,83.2787229531,83.7179208552,0.8566026664,49.5935183877,73.095923507,84.9625982741,HIGH_PRODUCTION,0,0,1.7392311255
2024-02-28 17:00:00,RIG_DEGRADATION,17,28,2,63.6594426117,79.5417098644,83.3118487977,0.7513564887,47.0937829592,77.8347303387,88.7215502461,HIGH_PRODUCTION,0,0,1.7369152385
2024-02-28 18:00:00,RIG_DEGRADATION,18,28,2,55.3090111052,74.2628360935,72.7787630421,0.7824316345000001,47.1579391641,73.9433518782,85.1880339106,HIGH_PRODUCTION,0,0,1.7345993516
2024-02-28 19:00:00,RIG_DEGRADATION,19,28,2,46.9585795986,63.1252563137,65.8514204261,0.7605744443,46.4649603153,69.8499889044,67.3032867248,HIGH_PRODUCTION,0,0,1.7322834646
2024-02-28 20:00:00,RIG_DEGRADATION,20,28,2,39.1772161995,56.641968429,57.6600740926,0.6676710929,45.1581502092,59.7457800243,68.8112238308,HIGH_PRODUCTION,0,0,1.7299675776
2024-02-28 21:00:00,RIG_DEGRADATION,21,28,2,36.8726740701,53.1361357553,58.8400792528,0.7185217142,44.4646609361,68.81442012790001,67.0748740389,HIGH_PRODUCTION,0,0,1.7276516906000001
2024-02-28 22:00:00,RIG_DEGRADATION,22,28,2,36.8726740701,48.358105787,54.9955252966,0.7043922477,37.4379536827,66.5891615756,61.2456322872,STANDBY,0,0,1.7253358036000002
2024-02-28 23:00:00,RIG_DEGRADATION,23,28,2,36.8726740701,53.0365525314,55.746274949,0.7602499236,44.8786912857,66.3432334337,61.274299316,STANDBY,0,0,1.7230199166
2024-02-29 00:00:00,RIG_DEGRADATION,0,29,3,36.1002883513,59.1636444165,60.7681085894,0.7999427392,44.0066171472,67.7034289195,64.6425027615,STANDBY,0,0,1.7207040296
2024-02-29 01:00:00,RIG_DEGRADATION,1,29,3,36.1002883513,63.8242472838,60.6664053542,0.7731276767,46.8780020348,70.9280264355,65.4230442375,STANDBY,0,0,1.7183881427
2024-02-29 02:00:00,RIG_DEGRADATION,2,29,3,36.1002883513,59.7508458255,57.0862806771,0.6912252225000001,41.519740594,63.9850788078,67.7244132286,STANDBY,0,0,1.7160722556999999
2024-02-29 03:00:00,RIG_DEGRADATION,3,29,3,36.1002883513,64.3174315888,61.310755104,0.8178498343,43.3760033011,73.5591296122,71.5466409945,STANDBY,0,0,1.7137563687
2024-02-29 04:00:00,RIG_DEGRADATION,4,29,3,38.3565563732,48.4585820906,50.2772411805,0.7202081406,41.5048433578,64.3409714443,55.6504127452,STANDBY,0,0,1.7114404817
2024-02-29 05:00:00,RIG_DEGRADATION,5,29,3,45.9749206378,59.6383454996,58.8774476273,0.7639051923,46.1795837672,61.1089747081,59.1527993458,STANDBY,0,0,1.7091245947
2024-02-29 06:00:00,RIG_DEGRADATION,6,29,3,54.1504325269,71.7900730005,74.6598629669,0.7546896618000001,48.0999492797,75.5183619419,80.4454441358,HIGH_PRODUCTION,0,0,1.7068087077
2024-02-29 07:00:00,RIG_DEGRADATION,7,29,3,62.325944416,84.5980828031,80.9023921587,0.8426328057,50.2570910989,75.2142759724,88.34001196,HIGH_PRODUCTION,0,0,1.7044928208
2024-02-29 08:00:00,RIG_DEGRADATION,8,29,3,69.9443086806,91.1330884103,86.0328216993,0.9129786167,49.1068141251,82.515340087,93.5092950311,HIGH_PRODUCTION,0,0,1.7021769338000001
2024-02-29 09:00:00,RIG_DEGRADATION,9,29,3,76.4863463859,87.6427570346,92.1653559521,0.8274624949,52.0453732743,73.0722888411,100.9464520205,HIGH_PRODUCTION,0,0,1.6998610468000002
2024-02-29 10:00:00,RIG_DEGRADATION,10,29,3,81.5062284735,97.5380392982,95.0,0.9330632601000001,53.6984600125,81.397328085,97.0114872555,HIGH_PRODUCTION,0,0,1.6975451598
2024-02-29 11:00:00,RIG_DEGRADATION,11,29,3,84.661858275,103.6210954289,95.0,0.9160110819,56.0342260384,83.6521069689,98.4123835089,HIGH_PRODUCTION,0,0,1.6952292728
2024-02-29 12:00:00,RIG_DEGRADATION,12,29,3,85.7381848343,107.5068920544,95.0,0.9630262183,57.3008612501,84.5595858198,104.6217137732,HIGH_PRODUCTION,0,0,1.6929133858
2024-02-29 13:00:00,RIG_DEGRADATION,13,29,3,84.661858275,103.9504019721,95.0,0.9055816406,50.8074407461,82.3850457632,97.1873066049,HIGH_PRODUCTION,0,0,1.6905974987999999
2024-02-29 14:00:00,RIG_DEGRADATION,14,29,3,81.5062284735,95.9541163462,95.0,0.8558156065,51.7829516282,79.0494301479,95.7721027247,HIGH_PRODUCTION,0,0,1.6882816119
2024-02-29 15:00:00,RIG_DEGRADATION,15,29,3,76.4863463859,92.5359367353,90.1222544179,0.7462017868,52.514064544,77.0293759338,88.3139238129,HIGH_PRODUCTION,0,0,1.6859657249
2024-02-29 16:00:00,RIG_DEGRADATION,16,29,3,69.9443086806,86.7824890576,87.2039158689,0.8327575044000001,53.873751946,77.7560379477,94.8832377939,HIGH_PRODUCTION,0,0,1.6836498379
2024-02-29 17:00:00,RIG_DEGRADATION,17,29,3,62.325944416,80.4174974587,80.1825100491,0.6830350058,49.3341518085,79.0963490264,89.0922737749,HIGH_PRODUCTION,0,0,1.6813339509
2024-02-29 18:00:00,RIG_DEGRADATION,18,29,3,54.1504325269,67.4840293736,72.4785643884,0.7663796989,48.5871716728,69.4923664908,78.5093935051,HIGH_PRODUCTION,0,0,1.6790180639
2024-02-29 19:00:00,RIG_DEGRADATION,19,29,3,45.9749206378,68.4464861723,71.7159930935,0.808106066,46.3073718521,67.6680235797,77.7911890284,HIGH_PRODUCTION,0,0,1.6767021769000001
2024-02-29 20:00:00,RIG_DEGRADATION,20,29,3,38.3565563732,62.1567167668,61.6449143742,0.8088626225000001,45.8815408023,64.2536266373,66.053046724,HIGH_PRODUCTION,0,0,1.6743862899000002
2024-02-29 21:00:00,RIG_DEGRADATION,21,29,3,36.1002883513,56.9478970654,58.2576619058,0.6992254172,45.6523175687,67.9071636453,59.7604123872,HIGH_PRODUCTION,0,0,1.6720704030000002
2024-02-29 22:00:00,RIG_DEGRADATION,22,29,3,36.1002883513,61.1991644631,55.7864863346,0.7141909657000001,46.7276951251,68.90309464,64.6787658701,STANDBY,0,0,1.669754516
2024-02-29 23:00:00,RIG_DEGRADATION,23,29,3,36.1002883513,56.0450360373,55.4955452249,0.8150464393,43.5308634955,69.7284034921,54.9164329166,STANDBY,0,0,1.667438629
2024-03-01 00:00:00,RIG_DEGRADATION,0,1,4,36.1002883513,61.9593222951,61.1931528525,0.7624166058,45.153119637,66.2776335053,71.5272757172,STANDBY,0,0,1.6651227419999999
2024-03-01 01:00:00,RIG_DEGRADATION,1,1,4,36.1002883513,54.189035329,56.8139047933,0.7543026315,43.5405246276,66.0720628416,62.9189680598,STANDBY,0,0,1.662806855
2024-03-01 02:00:00,RIG_DEGRADATION,2,1,4,36.1002883513,63.0185610781,64.5514917629,0.8194517050000001,46.5216770066,72.2202411025,70.2001423496,STANDBY,0,0,1.660490968
2024-03-01 03:00:00,RIG_DEGRADATION,3,1,4,36.1002883513,50.9023786271,56.3986159398,0.7560483755,40.0842871769,66.8301601103,59.4641204715,STANDBY,0,0,1.6581750811
2024-03-01 04:00:00,RIG_DEGRADATION,4,1,4,38.3565563732,53.2033617182,57.0751925803,0.6952895173,43.067701196,64.5882016966,60.9167919574,STANDBY,0,0,1.6558591941
2024-03-01 05:00:00,RIG_DEGRADATION,5,1,4,45.9749206378,59.836224972,63.5667415273,0.7221968368,40.7158700908,68.3533163199,63.9372837041,STANDBY,0,0,1.6535433071
2024-03-01 06:00:00,RIG_DEGRADATION,6,1,4,54.1504325269,71.4911741841,71.0626393983,0.7448323748,46.2743062953,66.9477656886,71.8659844796,HIGH_PRODUCTION,0,0,1.6512274201000001
2024-03-01 07:00:00,RIG_DEGRADATION,7,1,4,62.325944416,89.2963695954,84.0080745624,0.9629345591,50.4636148546,77.2922516249,89.1752647278,HIGH_PRODUCTION,0,0,1.6489115331000002
2024-03-01 08:00:00,RIG_DEGRADATION,8,1,4,69.9443086806,82.5859324107,86.0904538114,0.844918483,52.9559035643,74.725100613,91.1676558318,HIGH_PRODUCTION,0,0,1.6465956461
2024-03-01 09:00:00,RIG_DEGRADATION,9,1,4,76.4863463859,96.4353253946,92.0155455168,0.9072951764,52.7975228719,79.7464149308,101.6499316355,HIGH_PRODUCTION,0,0,1.6442797591
2024-03-01 10:00:00,RIG_DEGRADATION,10,1,4,81.5062284735,102.3302099478,95.0,0.8542441018,55.7447546114,80.319870343,101.2975264415,HIGH_PRODUCTION,0,0,1.6419638722
2024-03-01 11:00:00,RIG_DEGRADATION,11,1,4,84.661858275,102.0417824562,95.0,0.8683084324,56.9391503151,81.170145641,99.3113332688,HIGH_PRODUCTION,0,0,1.6396479851999999
2024-03-01 12:00:00,RIG_DEGRADATION,12,1,4,85.7381848343,103.3065514479,95.0,0.9600989957,56.2149397601,84.2776564312,97.8521348468,HIGH_PRODUCTION,0,0,1.6373320982
2024-03-01 13:00:00,RIG_DEGRADATION,13,1,4,84.661858275,103.99754095750001,95.0,0.8420152014000001,56.931801831,82.9174394395,97.685019688,HIGH_PRODUCTION,0,0,1.6350162112
2024-03-01 14:00:00,RIG_DEGRADATION,14,1,4,81.5062284735,108.9016275899,95.0,0.8627867932000001,56.8587282943,84.2602784721,99.667368073,HIGH_PRODUCTION,0,0,1.6327003242
2024-03-01 15:00:00,RIG_DEGRADATION,15,1,4,76.4863463859,94.3512532108,90.9389768224,0.8596900069000001,53.9459077184,82.1547855752,96.6053565215,HIGH_PRODUCTION,0,0,1.6303844372
2024-03-01 16:00:00,RIG_DEGRADATION,16,1,4,69.9443086806,78.991966799,80.4173168643,0.7611366194,51.6852438634,71.5665382933,84.1935001505,HIGH_PRODUCTION,0,0,1.6280685503
2024-03-01 17:00:00,RIG_DEGRADATION,17,1,4,62.325944416,83.5813163748,81.3655227524,0.7850286736000001,54.7707340335,76.2837240951,90.809735318,HIGH_PRODUCTION,0,0,1.6257526633000001
2024-03-01 18:00:00,RIG_DEGRADATION,18,1,4,54.1504325269,66.307144459,71.7756518226,0.7840382978,42.3921440993,68.2309571101,76.5881248746,HIGH_PRODUCTION,0,0,1.6234367763000002
2024-03-01 19:00:00,RIG_DEGRADATION,19,1,4,45.9749206378,59.2498746375,66.8662392526,0.7255339745,44.8932805814,66.2494014515,76.8925226864,HIGH_PRODUCTION,0,0,1.6211208893
2024-03-01 20:00:00,RIG_DEGRADATION,20,1,4,38.3565563732,49.3156624775,52.0346778996,0.7562239813,38.5970318227,69.6775366574,56.4005860804,HIGH_PRODUCTION,0,0,1.6188050023
2024-03-01 21:00:00,RIG_DEGRADATION,21,1,4,36.1002883513,54.8153924618,51.0618608282,0.7030848461,46.2199168351,73.8165109485,62.0436237309,HIGH_PRODUCTION,0,0,1.6164891153
2024-03-01 22:00:00,RIG_DEGRADATION,22,1,4,36.1002883513,52.7268959921,59.741681756,0.8147209070000001,39.7425959796,65.9928865666,62.2832405817,STANDBY,0,0,1.6141732282999999
2024-03-01 23:00:00,RIG_DEGRADATION,23,1,4,36.1002883513,52.6904574036,54.4599100068,0.8767065318,39.4164196084,66.0936779773,58.8757798203,STANDBY,0,0,1.6118573414
2024-03-02 00:00:00,RIG_DEGRADATION,0,2,5,36.8726740701,56.5126152303,56.8865537758,0.7834742978,50.9837111368,65.7639369489,64.2646378971,STANDBY,0,0,1.6095414544
2024-03-02 01:00:00,RIG_DEGRADATION,1,2,5,36.8726740701,60.1233651936,60.1870781968,0.8276948815,44.8849857671,66.8812407495,63.7447078957,STANDBY,0,0,1.6072255674
2024-03-02 02:00:00,RIG_DEGRADATION,2,2,5,36.8726740701,55.620807235,53.7366589963,0.6406892255000001,44.6856227921,65.4451182433,58.335674968,STANDBY,0,0,1.6049096804
2024-03-02 03:00:00,RIG_DEGRADATION,3,2,5,36.8726740701,57.4893573026,58.6094232358,0.6929989229,49.5017260011,63.9240584505,60.3140563048,STANDBY,0,0,1.6025937934
2024-03-02 04:00:00,RIG_DEGRADATION,4,2,5,39.1772161995,54.0404665201,60.03313285,0.7981107896,46.2506346505,63.4870388815,59.8418193627,STANDBY,0,0,1.6002779064000001
2024-03-02 05:00:00,RIG_DEGRADATION,5,2,5,46.9585795986,64.8165537824,67.6489432828,0.7752143777,47.9842311563,67.4039807089,71.265246371,STANDBY,0,0,1.5979620195000002
2024-03-02 06:00:00,RIG_DEGRADATION,6,2,5,55.3090111052,68.0756937388,71.0795512512,0.7643900155000001,48.6588693926,71.7001926994,80.1623556115,HIGH_PRODUCTION,0,0,1.5956461325
2024-03-02 07:00:00,RIG_DEGRADATION,7,2,5,63.6594426117,94.4219729366,86.9011402972,0.8604686650000001,52.3435020978,79.4640560046,93.1045802885,HIGH_PRODUCTION,0,0,1.5933302455
2024-03-02 08:00:00,RIG_DEGRADATION,8,2,5,71.4408060109,92.7104585366,91.3729527005,0.8052690371000001,51.6616979964,78.9378529553,91.1083737125,HIGH_PRODUCTION,0,0,1.5910143585
2024-03-02 09:00:00,RIG_DEGRADATION,9,2,5,78.1228142462,94.6367854829,93.5068418344,0.8731332889000001,50.1000167339,77.6832977472,97.7015780633,HIGH_PRODUCTION,0,0,1.5886984714999999
2024-03-02 10:00:00,RIG_DEGRADATION,10,2,5,83.2500994991,102.7564478332,95.0,0.9934442385000001,56.8885557037,78.4655849419,101.807938198,HIGH_PRODUCTION,0,0,1.5863825845
2024-03-02 11:00:00,RIG_DEGRADATION,11,2,5,86.4732457528,102.8300798495,95.0,0.9367035763,56.6500877605,81.0880956567,101.3515695381,HIGH_PRODUCTION,0,0,1.5840666975
2024-03-02 12:00:00,RIG_DEGRADATION,12,2,5,87.5726009166,110.7232044213,95.0,1.0011612805,59.5770524433,80.6210771494,97.5969493353,HIGH_PRODUCTION,0,0,1.5817508106
2024-03-02 13:00:00,RIG_DEGRADATION,13,2,5,86.4732457528,101.1999496532,95.0,0.9050710334000001,55.44036122,81.0561609847,97.7409342422,HIGH_PRODUCTION,0,0,1.5794349236
2024-03-02 14:00:00,RIG_DEGRADATION,14,2,5,83.2500994991,96.9111082262,94.0377065704,0.7876343667,52.6628382885,84.4356273629,97.3883473568,HIGH_PRODUCTION,0,0,1.5771190366
2024-03-02 15:00:00,RIG_DEGRADATION,15,2,5,78.1228142462,98.3065040087,94.0559817857,0.7944344973,54.9457799613,86.5270852951,98.4513453667,HIGH_PRODUCTION,0,0,1.5748031496000001
2024-03-02 16:00:00,RIG_DEGRADATION,16,2,5,71.4408060109,91.9490749402,89.5852749216,0.7227977119,53.6836094664,75.0438814757,89.2791245925,HIGH_PRODUCTION,0,0,1.5724872626000002
2024-03-02 17:00:00,RIG_DEGRADATION,17,2,5,63.6594426117,87.7274308587,82.5772954717,0.9423733154,49.3201781345,77.2712795657,87.4607111511,HIGH_PRODUCTION,0,0,1.5701713756
2024-03-02 18:00:00,RIG_DEGRADATION,18,2,5,55.3090111052,73.5951239992,70.970823293,0.7793017358000001,50.1510407261,73.1388003969,79.7966443634,HIGH_PRODUCTION,0,0,1.5678554887
2024-03-02 19:00:00,RIG_DEGRADATION,19,2,5,46.9585795986,66.4709066271,65.026704671,0.8320731495,46.5538200922,71.5992109666,67.3177452422,HIGH_PRODUCTION,0,0,1.5655396017
2024-03-02 20:00:00,RIG_DEGRADATION,20,2,5,39.1772161995,70.6068497797,67.3476640374,0.7598066536,48.2555503434,69.7253047852,70.7889543988,HIGH_PRODUCTION,0,0,1.5632237146999999
2024-03-02 21:00:00,RIG_DEGRADATION,21,2,5,36.8726740701,48.5538619687,52.0365030321,0.7378174495,43.8552350523,72.4526155754,54.3868714186,HIGH_PRODUCTION,0,0,1.5609078277
2024-03-02 22:00:00,RIG_DEGRADATION,22,2,5,36.8726740701,60.7573543473,60.9250141076,0.7590515008000001,44.7252236138,63.7777588289,64.4422965878,STANDBY,0,0,1.5585919407
2024-03-02 23:00:00,RIG_DEGRADATION,23,2,5,36.8726740701,53.9641554501,53.8419133745,0.7387150339,42.5281111148,64.3742282106,59.6315643403,STANDBY,0,0,1.5562760537
2024-03-03 00:00:00,RIG_DEGRADATION,0,3,6,38.2644650435,56.5731248434,53.8984077748,0.7050231846,51.1946607256,67.5765079937,52.8782379885,STANDBY,0,0,1.5539601667
2024-03-03 01:00:00,RIG_DEGRADATION,1,3,6,38.2644650435,60.7883518606,61.3035835481,0.671562105,47.5381302101,68.9391274777,64.2834147658,STANDBY,0,0,1.5516442798
2024-03-03 02:00:00,RIG_DEGRADATION,2,3,6,38.2644650435,41.4228433016,45.0621290533,0.715694994,39.2733956095,61.2449391622,46.7756448222,STANDBY,0,0,1.5493283928000001
2024-03-03 03:00:00,RIG_DEGRADATION,3,3,6,38.2644650435,60.5316602054,61.0593561371,0.7508536863,45.0414304261,60.8657200528,63.270918799,STANDBY,0,0,1.5470125058000002
2024-03-03 04:00:00,RIG_DEGRADATION,4,3,6,40.6559941088,66.0616422754,67.6300386321,0.7496550144,46.8400551896,65.6009357656,69.8865175639,STANDBY,0,0,1.5446966188
2024-03-03 05:00:00,RIG_DEGRADATION,5,3,6,48.7310717994,64.9991595054,69.6823737609,0.7099612759,44.6614471628,72.6567081653,75.707232712,STANDBY,0,0,1.5423807318
2024-03-03 06:00:00,RIG_DEGRADATION,6,3,6,57.3966975653,78.9624969231,75.073128334,0.7839892905,47.3620681589,80.5731497075,78.0336703441,HIGH_PRODUCTION,0,0,1.5400648448
2024-03-03 07:00:00,RIG_DEGRADATION,7,3,6,66.0623233312,89.8331690114,89.5250475891,0.9184630760000001,51.7759374254,71.351348435,97.6354230725,HIGH_PRODUCTION,0,0,1.5377489578999999
2024-03-03 08:00:00,RIG_DEGRADATION,8,3,6,74.1374010218,104.2444031712,95.0,0.8583893795,58.5410891384,79.7953204837,103.233719831,HIGH_PRODUCTION,0,0,1.5354330709
2024-03-03 09:00:00,RIG_DEGRADATION,9,3,6,81.0716274372,93.6383502011,91.7491396126,0.9531744032,53.395201314,75.8338898092,95.3850558738,HIGH_PRODUCTION,0,0,1.5331171839
2024-03-03 10:00:00,RIG_DEGRADATION,10,3,6,86.3924465065,111.2065174686,95.0,0.7648719771,57.1172058586,82.7605037748,107.0522511669,HIGH_PRODUCTION,0,0,1.5308012969
2024-03-03 11:00:00,RIG_DEGRADATION,11,3,6,89.7372532031,104.8400648669,95.0,0.8376284451,56.0040445457,78.9697001529,96.1562788031,HIGH_PRODUCTION,0,0,1.5284854099
2024-03-03 12:00:00,RIG_DEGRADATION,12,3,6,90.8781044784,118.1135361653,95.0,0.9811392137,57.4575532251,93.1510338159,91.896849217,HIGH_PRODUCTION,0,0,1.5261695229
2024-03-03 13:00:00,RIG_DEGRADATION,13,3,6,89.7372532031,105.3276930985,95.0,0.8930143809000001,56.1658642072,78.9026411426,100.2099850018,HIGH_PRODUCTION,0,0,1.5238536359000001
2024-03-03 14:00:00,RIG_DEGRADATION,14,3,6,86.3924465065,101.4046997657,95.0,0.8200506762,53.8878879492,80.0662853242,98.4626071202,HIGH_PRODUCTION,0,0,1.5215377490000002
2024-03-03 15:00:00,RIG_DEGRADATION,15,3,6,81.0716274372,104.2619087784,95.0,0.9276110036,55.129704698,81.6631637238,100.5314565295,HIGH_PRODUCTION,0,0,1.519221862
2024-03-03 16:00:00,RIG_DEGRADATION,16,3,6,74.1374010218,95.5678576121,89.9005167246,0.8870592413,53.7199328544,80.4365620185,97.2876810811,HIGH_PRODUCTION,0,0,1.516905975
2024-03-03 17:00:00,RIG_DEGRADATION,17,3,6,66.0623233312,86.2366626445,84.8984273172,0.8409805023,51.540692258199996,76.8105348461,93.3298668488,HIGH_PRODUCTION,0,0,1.514590088
2024-03-03 18:00:00,RIG_DEGRADATION,18,3,6,57.3966975653,70.666209652,72.8382221278,0.7240516862,43.9795659187,71.8445753326,75.0977450921,HIGH_PRODUCTION,0,0,1.5122742009999999
2024-03-03 19:00:00,RIG_DEGRADATION,19,3,6,48.7310717994,60.1857573686,64.8358712692,0.7442317426,45.8345062507,68.7075664836,67.1027292939,HIGH_PRODUCTION,0,0,1.509958314
2024-03-03 20:00:00,RIG_DEGRADATION,20,3,6,40.6559941088,59.8215406836,60.2295190107,0.6789731966,43.9444006402,66.9406204439,67.5865133592,HIGH_PRODUCTION,0,0,1.507642427
2024-03-03 21:00:00,RIG_DEGRADATION,21,3,6,38.2644650435,64.2763473277,61.558848256,0.7391000323,45.3367408781,68.7736071241,63.7068861182,HIGH_PRODUCTION,0,0,1.5053265401
2024-03-03 22:00:00,RIG_DEGRADATION,22,3,6,38.2644650435,51.9736910266,52.2195212987,0.7477471805,44.9243094914,66.2464005791,61.5356258338,STANDBY,0,0,1.5030106531
2024-03-03 23:00:00,RIG_DEGRADATION,23,3,6,38.2644650435,50.3595351982,55.649155507,0.833595379,39.6889730056,65.8024357256,67.0792562015,STANDBY,0,0,1.5006947661
2024-03-04 00:00:00,RIG_DEGRADATION,0,4,0,40.0,59.9059244683,56.7546165258,0.7628181887000001,45.0280659028,67.2634490915,67.304633428,STANDBY,0,0,1.4983788791000001
2024-03-04 01:00:00,RIG_DEGRADATION,1,4,0,40.0,60.866753202,60.2693113825,0.7845350468000001,47.3772612034,65.7614989266,68.2668236294,STANDBY,0,0,1.4960629921000002
2024-03-04 02:00:00,RIG_DEGRADATION,2,4,0,40.0,54.7503887888,58.6057005987,0.6731755087,44.4726405785,64.2208979985,61.0057274078,STANDBY,0,0,1.4937471051
2024-03-04 03:00:00,RIG_DEGRADATION,3,4,0,40.0,69.9835690415,66.4187487546,0.8007873581,47.7921232194,70.1661708472,72.0704106571,STANDBY,0,0,1.4914312182
2024-03-04 04:00:00,RIG_DEGRADATION,4,4,0,42.5,54.3968400634,55.9668343669,0.8133572453,44.9022759209,61.3245577888,55.8533478284,STANDBY,0,0,1.4891153312
2024-03-04 05:00:00,RIG_DEGRADATION,5,4,0,50.9413334214,66.9586090884,70.907845578,0.7311145576,46.8654709207,73.8542724414,70.1120963922,STANDBY,0,0,1.4867994442
2024-03-04 06:00:00,RIG_DEGRADATION,6,4,0,60.0,71.3056862043,74.4154326557,0.7777930048,45.6023962599,71.1974150858,80.2656779752,HIGH_PRODUCTION,0,0,1.4844835572
2024-03-04 07:00:00,RIG_DEGRADATION,7,4,0,69.0586665786,86.7804605887,82.215939385,0.9223751406,52.7420871071,76.6578238924,84.0932844104,HIGH_PRODUCTION,0,0,1.4821676702
2024-03-04 08:00:00,RIG_DEGRADATION,8,4,0,77.5,88.2757660254,86.2053918372,0.7742673229,55.0905935147,82.4085721583,91.5730838898,HIGH_PRODUCTION,0,0,1.4798517832
2024-03-04 09:00:00,RIG_DEGRADATION,9,4,0,84.7487373415,110.5610513501,95.0,0.938366766,53.0118680869,86.0635044361,96.5975737298,HIGH_PRODUCTION,0,0,1.4775358962
2024-03-04 10:00:00,RIG_DEGRADATION,10,4,0,90.3108891325,105.9924033711,95.0,0.894708279,55.4686227637,82.8182032747,100.2097399789,HIGH_PRODUCTION,0,0,1.4752200093
2024-03-04 11:00:00,RIG_DEGRADATION,11,4,0,93.8074039201,116.8041412178,95.0,0.8926318482000001,58.8109873838,82.7944314835,98.8832433016,HIGH_PRODUCTION,0,0,1.4729041223000001
2024-03-04 12:00:00,RIG_DEGRADATION,12,4,0,95.0,109.3902954676,95.0,0.9185830594000001,54.5885967853,84.024521106,98.8120409808,HIGH_PRODUCTION,0,0,1.4705882353
2024-03-04 13:00:00,RIG_DEGRADATION,13,4,0,93.8074039201,106.7600686339,95.0,0.9254621409,55.6211697504,80.9075392777,100.1521476797,HIGH_PRODUCTION,0,0,1.4682723483
2024-03-04 14:00:00,RIG_DEGRADATION,14,4,0,90.3108891325,116.4919616996,95.0,0.9243379060000001,63.2894248683,87.5411164766,95.5637027437,HIGH_PRODUCTION,0,0,1.4659564613
2024-03-04 15:00:00,RIG_DEGRADATION,15,4,0,84.7487373415,112.8829838268,95.0,0.997121534,55.0559519137,80.4237039216,100.165519286,HIGH_PRODUCTION,0,0,1.4636405743
2024-03-04 16:00:00,RIG_DEGRADATION,16,4,0,77.5,88.9836676703,88.4913549422,0.8029466865,51.5482663394,76.988199758,89.7016192406,HIGH_PRODUCTION,0,0,1.4613246874
2024-03-04 17:00:00,RIG_DEGRADATION,17,4,0,69.0586665786,93.1475316312,85.0916201611,0.804595096,53.699941962,74.9457937209,90.664938164,HIGH_PRODUCTION,0,0,1.4590088004
2024-03-04 18:00:00,RIG_DEGRADATION,18,4,0,60.0,80.1210612855,75.454638616,0.8531062912,48.5610267623,73.3678298822,77.6131234649,HIGH_PRODUCTION,0,0,1.4566929134
2024-03-04 19:00:00,RIG_DEGRADATION,19,4,0,50.9413334214,68.3397269168,67.4740981731,0.8057323514,48.1939805005,66.9561479935,72.850547246,HIGH_PRODUCTION,0,0,1.4543770264
2024-03-04 20:00:00,RIG_DEGRADATION,20,4,0,42.5,60.7174614556,60.9102243161,0.7524713906,44.9317236663,65.6978327078,65.183057788,HIGH_PRODUCTION,0,0,1.4520611394
2024-03-04 21:00:00,RIG_DEGRADATION,21,4,0,40.0,66.2759352558,60.1087893486,0.7877914187,46.7181652258,70.8861407127,61.7696916833,HIGH_PRODUCTION,0,0,1.4497452524
2024-03-04 22:00:00,RIG_DEGRADATION,22,4,0,40.0,59.7798356867,59.6884350503,0.8382827128,45.8027844764,68.6493626934,64.0069529043,STANDBY,0,0,1.4474293654000001
2024-03-04 23:00:00,RIG_DEGRADATION,23,4,0,40.0,58.6882168419,57.6397721866,0.7712410544,46.3629488883,67.4770510921,66.6204979706,STANDBY,0,0,1.4451134785
2024-03-05 00:00:00,RIG_DEGRADATION,0,5,1,38.2644650435,56.7553302098,57.0453478628,0.7952083739,43.4883420634,63.7481230095,56.5548087128,STANDBY,0,0,1.4427975915
2024-03-05 01:00:00,RIG_DEGRADATION,1,5,1,38.2644650435,60.6104051782,59.1725556775,0.6934837646,43.9345379825,70.386073267,61.3547895418,STANDBY,0,0,1.4404817045
2024-03-05 02:00:00,RIG_DEGRADATION,2,5,1,38.2644650435,57.7652883756,54.8911616385,0.9015054959000001,46.4798201232,63.121272771,63.4897815283,STANDBY,0,0,1.4381658175
2024-03-05 03:00:00,RIG_DEGRADATION,3,5,1,38.2644650435,57.1196580037,59.13092586,0.6687002189,40.3208927464,66.5844663428,63.649323449,STANDBY,0,0,1.4358499305
2024-03-05 04:00:00,RIG_DEGRADATION,4,5,1,40.6559941088,63.9948599482,63.6436008831,0.8107037265,49.8767132773,69.224508337,73.7675143759,STANDBY,0,0,1.4335340435
2024-03-05 05:00:00,RIG_DEGRADATION,5,5,1,48.7310717994,75.5741154947,72.1460056496,0.7735639246,48.9981509625,74.4446562638,81.3427527006,STANDBY,0,0,1.4312181566
2024-03-05 06:00:00,RIG_DEGRADATION,6,5,1,57.3966975653,69.1944381065,75.2497672516,0.8312574891000001,45.7126596448,71.317693466,80.0279765586,HIGH_PRODUCTION,0,0,1.4289022696
2024-03-05 07:00:00,RIG_DEGRADATION,7,5,1,66.0623233312,80.8087151744,80.8047450444,0.7740595924,47.1220706838,70.0136333216,84.119927602,HIGH_PRODUCTION,0,0,1.4265863826
2024-03-05 08:00:00,RIG_DEGRADATION,8,5,1,74.1374010218,97.9849227849,90.3132583847,0.8269003571,55.3962442376,78.8014178181,92.0210601996,HIGH_PRODUCTION,0,0,1.4242704956
2024-03-05 09:00:00,RIG_DEGRADATION,9,5,1,81.0716274372,110.1854484838,95.0,0.8798597759000001,52.8860386324,81.3531136508,102.1669560108,HIGH_PRODUCTION,0,0,1.4219546086000001
2024-03-05 10:00:00,RIG_DEGRADATION,10,5,1,86.3924465065,108.4241450334,95.0,0.9513167051,55.6185633626,82.231370446,99.4099247328,HIGH_PRODUCTION,0,0,1.4196387216000002
2024-03-05 11:00:00,RIG_DEGRADATION,11,5,1,89.7372532031,116.1732412207,95.0,0.9560256393000001,59.0072295917,84.5781494525,99.4900017098,HIGH_PRODUCTION,0,0,1.4173228346
2024-03-05 12:00:00,RIG_DEGRADATION,12,5,1,90.8781044784,109.2636900421,95.0,0.9488175275,55.6424685005,84.1781892119,102.6751119142,HIGH_PRODUCTION,0,0,1.4150069477
2024-03-05 13:00:00,RIG_DEGRADATION,13,5,1,89.7372532031,108.7218287025,95.0,0.8626569909,53.9209088663,85.6897954773,102.307708573,HIGH_PRODUCTION,0,0,1.4126910607
2024-03-05 14:00:00,RIG_DEGRADATION,14,5,1,86.3924465065,109.9751632294,95.0,0.9450456291,58.5130796557,79.9600498238,106.5698270924,HIGH_PRODUCTION,0,0,1.4103751737
2024-03-05 15:00:00,RIG_DEGRADATION,15,5,1,81.0716274372,91.1618580941,87.3590112665,0.9140053209000001,50.2485141977,81.1937479471,91.8422965988,HIGH_PRODUCTION,0,0,1.4080592867
2024-03-05 16:00:00,RIG_DEGRADATION,16,5,1,74.1374010218,95.6036537908,92.1466838648,0.7723537706,52.447688939,79.3371361095,99.3715101876,HIGH_PRODUCTION,0,0,1.4057433997
2024-03-05 17:00:00,RIG_DEGRADATION,17,5,1,66.0623233312,83.0348106085,84.5306921865,0.8269202523,54.6768077983,73.3493319066,86.364726117,HIGH_PRODUCTION,0,0,1.4034275127
2024-03-05 18:00:00,RIG_DEGRADATION,18,5,1,57.3966975653,73.1928940019,73.3148799796,0.8471666505000001,48.2154410521,73.5206318299,75.7683944543,HIGH_PRODUCTION,0,0,1.4011116258
2024-03-05 19:00:00,RIG_DEGRADATION,19,5,1,48.7310717994,71.4580912489,71.3906615926,0.8600913083,43.979033581,69.5173898438,79.5551222115,HIGH_PRODUCTION,0,0,1.3987957388
2024-03-05 20:00:00,RIG_DEGRADATION,20,5,1,40.6559941088,61.2795687086,62.481970982,0.9335342655000001,43.8824250119,67.2403737124,66.6828303462,HIGH_PRODUCTION,0,0,1.3964798518000001
2024-03-05 21:00:00,RIG_DEGRADATION,21,5,1,38.2644650435,59.1283675723,60.2413892839,0.7804304341,48.0039968355,62.4995257611,66.6618228465,HIGH_PRODUCTION,0,0,1.3941639648
2024-03-05 22:00:00,RIG_DEGRADATION,22,5,1,38.2644650435,52.7173295659,53.9572242665,0.7147778849,44.3602744464,68.061980279,56.8286800994,STANDBY,0,0,1.3918480778
2024-03-05 23:00:00,RIG_DEGRADATION,23,5,1,38.2644650435,60.8832047417,60.3198169558,0.7623380432,42.957348563,65.556881498,66.9528046909,STANDBY,0,0,1.3895321908
2024-03-06 00:00:00,RIG_DEGRADATION,0,6,2,36.8726740701,49.4371384855,49.841230212,0.6919291498,46.474501114,70.6558943157,57.4165915591,STANDBY,0,0,1.3872163038
2024-03-06 01:00:00,RIG_DEGRADATION,1,6,2,36.8726740701,50.6701952009,53.8199963333,0.7774427757,42.995128482,66.6452789238,58.7226607268,STANDBY,0,0,1.3849004168999999
2024-03-06 02:00:00,RIG_DEGRADATION,2,6,2,36.8726740701,65.4820372869,65.6984589703,0.7819046618000001,46.0093594113,65.1622345484,70.3371107414,STANDBY,0,0,1.3825845299
2024-03-06 03:00:00,RIG_DEGRADATION,3,6,2,36.8726740701,55.3422818354,56.9748237352,0.7400552951,41.8716226296,67.0618664912,63.2588638052,STANDBY,0,0,1.3802686429
2024-03-06 04:00:00,RIG_DEGRADATION,4,6,2,39.1772161995,61.569980488,59.5265006343,0.8044108462,44.5624315245,68.6964839846,62.3332733737,STANDBY,0,0,1.3779527559
2024-03-06 05:00:00,RIG_DEGRADATION,5,6,2,46.9585795986,65.3784041596,70.3208294889,0.770540623,45.2644604515,67.5973536296,76.3387799009,STANDBY,0,0,1.3756368689
2024-03-06 06:00:00,RIG_DEGRADATION,6,6,2,55.3090111052,76.707616276,71.3012818343,0.8028159465,51.9847955824,74.0937802328,80.4029841649,HIGH_PRODUCTION,0,0,1.3733209819
2024-03-06 07:00:00,RIG_DEGRADATION,7,6,2,63.6594426117,79.2613195719,84.7825007568,0.8587488017,52.1152836394,73.1157609273,87.7004944928,HIGH_PRODUCTION,0,0,1.3710050950000001
2024-03-06 08:00:00,RIG_DEGRADATION,8,6,2,71.4408060109,93.2003756321,91.2502178409,0.8942101046,53.6900889592,78.8950702403,101.6161375153,HIGH_PRODUCTION,0,0,1.3686892080000002
2024-03-06 09:00:00,RIG_DEGRADATION,9,6,2,78.1228142462,104.3718001834,95.0,0.9135397381,56.1346534594,91.0454398252,97.0017995039,HIGH_PRODUCTION,0,0,1.366373321
2024-03-06 10:00:00,RIG_DEGRADATION,10,6,2,83.2500994991,111.3072283931,95.0,0.9818936701000001,56.4388779342,88.7945697697,98.6582453633,HIGH_PRODUCTION,0,0,1.364057434
2024-03-06 11:00:00,RIG_DEGRADATION,11,6,2,86.4732457528,112.4845080012,95.0,0.8855108942000001,56.3363406171,83.0206895521,95.7191398726,HIGH_PRODUCTION,0,0,1.361741547
2024-03-06 12:00:00,RIG_DEGRADATION,12,6,2,87.5726009166,107.4481746004,95.0,0.9568531204,53.9998219012,82.4659068425,95.4263300611,HIGH_PRODUCTION,0,0,1.3594256599999999
2024-03-06 13:00:00,RIG_DEGRADATION,13,6,2,86.4732457528,114.5795028527,95.0,1.0615870795,62.3749338252,83.1724575647,98.988074333,HIGH_PRODUCTION,0,0,1.357109773
2024-03-06 14:00:00,RIG_DEGRADATION,14,6,2,83.2500994991,104.9769735092,95.0,0.9047011538,56.4545045022,76.5121696542,99.3464458272,HIGH_PRODUCTION,0,0,1.3547938861
2024-03-06 15:00:00,RIG_DEGRADATION,15,6,2,78.1228142462,104.5472607724,95.0,0.8931982046,53.0828893245,79.3123962884,105.0328557958,HIGH_PRODUCTION,0,0,1.3524779991
2024-03-06 16:00:00,RIG_DEGRADATION,16,6,2,71.4408060109,87.379109299,86.7418870201,0.9003719209000001,49.4341062895,74.8207770523,90.3793858826,HIGH_PRODUCTION,0,0,1.3501621121
2024-03-06 17:00:00,RIG_DEGRADATION,17,6,2,63.6594426117,90.4465193634,86.7782729376,0.8514275118,50.9786340085,78.24583511,93.3887933674,HIGH_PRODUCTION,0,0,1.3478462251
2024-03-06 18:00:00,RIG_DEGRADATION,18,6,2,55.3090111052,75.0217879067,77.9440378608,0.7614662298,50.7674900789,71.2370767793,84.7404211118,HIGH_PRODUCTION,0,0,1.3455303381000001
2024-03-06 19:00:00,RIG_DEGRADATION,19,6,2,46.9585795986,63.7736821759,64.6307751151,0.6482132413,45.9050624687,68.8930869746,69.6441063324,HIGH_PRODUCTION,0,0,1.3432144511000002
2024-03-06 20:00:00,RIG_DEGRADATION,20,6,2,39.1772161995,59.6084478867,56.9988568368,0.7056776176,45.6226415505,66.3703057879,62.9380464814,HIGH_PRODUCTION,0,0,1.3408985642
2024-03-06 21:00:00,RIG_DEGRADATION,21,6,2,36.8726740701,52.4579285137,53.1376939963,0.7241781518,42.852438035,64.4007024471,55.0927143927,HIGH_PRODUCTION,0,0,1.3385826772
2024-03-06 22:00:00,RIG_DEGRADATION,22,6,2,36.8726740701,56.2499447795,57.1652032901,0.7149217939,47.7380185516,61.4285164809,65.2031334924,STANDBY,0,0,1.3362667902
2024-03-06 23:00:00,RIG_DEGRADATION,23,6,2,36.8726740701,54.9766016183,56.8330760692,0.8163824595,44.2332537909,65.887502232,62.9079470863,STANDBY,0,0,1.3339509032
2024-03-07 00:00:00,RIG_DEGRADATION,0,7,3,36.1002883513,53.18159233,54.2153428021,0.7571681216,47.1990338187,66.1407106274,50.625023291,STANDBY,0,0,1.3316350162
2024-03-07 01:00:00,RIG_DEGRADATION,1,7,3,36.1002883513,54.2572992305,52.3873558332,0.7153776248,43.3143219854,65.8796832579,54.1509508779,STANDBY,0,0,1.3293191292
2024-03-07 02:00:00,RIG_DEGRADATION,2,7,3,36.1002883513,50.4022771248,52.2246249489,0.720411812,44.7680107384,62.3505600178,58.1149712183,STANDBY,0,0,1.3270032422
2024-03-07 03:00:00,RIG_DEGRADATION,3,7,3,36.1002883513,60.206226014,60.781995488,0.7945134639,43.3826818332,72.0190197618,65.3616389176,STANDBY,0,0,1.3246873553
2024-03-07 04:00:00,RIG_DEGRADATION,4,7,3,38.3565563732,57.9215434127,56.4299254382,0.6982313767,44.2108041551,66.023392009,63.5523237584,STANDBY,0,0,1.3223714683
2024-03-07 05:00:00,RIG_DEGRADATION,5,7,3,45.9749206378,66.9575046593,68.4485123794,0.7851193183,45.150328966000004,71.7408340134,74.3998190055,STANDBY,0,0,1.3200555813000001
2024-03-07 06:00:00,RIG_DEGRADATION,6,7,3,54.1504325269,80.8670676688,76.9145230389,0.7581133799,52.4632801268,75.8623663872,82.4506671434,HIGH_PRODUCTION,0,0,1.3177396943
2024-03-07 07:00:00,RIG_DEGRADATION,7,7,3,62.325944416,82.9632819459,83.0355468056,0.9704095739,52.2333138997,75.9245465109,95.0664880357,HIGH_PRODUCTION,0,0,1.3154238073
2024-03-07 08:00:00,RIG_DEGRADATION,8,7,3,69.9443086806,91.1769117947,88.003200003,0.8928770147,54.0703923237,76.8484340674,90.6959633813,HIGH_PRODUCTION,0,0,1.3131079203
2024-03-07 09:00:00,RIG_DEGRADATION,9,7,3,76.4863463859,100.8002567176,95.0,0.8893512018,55.5757143059,78.032086011,97.0892927206,HIGH_PRODUCTION,0,0,1.3107920333
2024-03-07 10:00:00,RIG_DEGRADATION,10,7,3,81.5062284735,107.4224808082,95.0,0.9167466872000001,57.2537834505,82.0191800076,101.6033229443,HIGH_PRODUCTION,0,0,1.3084761463999999
2024-03-07 11:00:00,RIG_DEGRADATION,11,7,3,84.661858275,100.105626958,95.0,0.9221073386,52.5576392391,81.801286723,96.8561011727,HIGH_PRODUCTION,0,0,1.3061602594
2024-03-07 12:00:00,RIG_DEGRADATION,12,7,3,85.7381848343,102.6917802631,95.0,0.9799167048,54.5855294031,83.6149839167,103.6935469613,HIGH_PRODUCTION,0,0,1.3038443724
2024-03-07 13:00:00,RIG_DEGRADATION,13,7,3,84.661858275,98.1722366036,95.0,0.8335855408,53.3007687994,80.1736731811,104.4207232385,HIGH_PRODUCTION,0,0,1.3015284854
2024-03-07 14:00:00,RIG_DEGRADATION,14,7,3,81.5062284735,96.2440873009,94.4872756167,0.9558402246000001,52.1979017563,76.7601227852,103.6617956025,HIGH_PRODUCTION,0,0,1.2992125984
2024-03-07 15:00:00,RIG_DEGRADATION,15,7,3,76.4863463859,99.5049063393,95.0,0.9283368953000001,53.4290525381,82.8798238776,102.8515150232,HIGH_PRODUCTION,0,0,1.2968967114
2024-03-07 16:00:00,RIG_DEGRADATION,16,7,3,69.9443086806,95.5540501312,92.595251257,0.8522416024,52.9810962382,81.6268858118,96.1735627023,HIGH_PRODUCTION,0,0,1.2945808245000001
2024-03-07 17:00:00,RIG_DEGRADATION,17,7,3,62.325944416,89.2702964683,86.6944205398,0.8812075638,53.2317577077,80.496232177,91.9868895617,HIGH_PRODUCTION,0,0,1.2922649375
2024-03-07 18:00:00,RIG_DEGRADATION,18,7,3,54.1504325269,78.7768721845,75.1483538879,0.8071155883000001,47.1939131687,73.9440399364,78.4046212322,HIGH_PRODUCTION,0,0,1.2899490505
2024-03-07 19:00:00,RIG_DEGRADATION,19,7,3,45.9749206378,71.2271392228,72.0499681494,0.8005825233,46.7293303592,74.7655733749,77.9483033275,HIGH_PRODUCTION,0,0,1.2876331635
2024-03-07 20:00:00,RIG_DEGRADATION,20,7,3,38.3565563732,66.0306069306,63.0189192141,0.7936660699,46.028181183,69.7146929801,70.4276030783,HIGH_PRODUCTION,0,0,1.2853172765
2024-03-07 21:00:00,RIG_DEGRADATION,21,7,3,36.1002883513,71.0314510563,66.6640843695,0.9029602295,45.9589723319,77.2923134285,71.6613066781,HIGH_PRODUCTION,0,0,1.2830013895
2024-03-07 22:00:00,RIG_DEGRADATION,22,7,3,36.1002883513,57.7818893204,58.1293233393,0.7680569404,44.3766394654,67.2094248209,66.7589412906,STANDBY,0,0,1.2806855025
2024-03-07 23:00:00,RIG_DEGRADATION,23,7,3,36.1002883513,58.9927880327,60.3552198327,0.7881821369,46.1081005184,72.6617632693,61.9052379592,STANDBY,0,0,1.2783696156
2024-03-08 00:00:00,RIG_DEGRADATION,0,8,4,36.1002883513,52.1225818268,53.3202733807,0.8131307733,44.9934025399,65.5716268148,56.0173558393,STANDBY,0,0,1.2760537286
2024-03-08 01:00:00,RIG_DEGRADATION,1,8,4,36.1002883513,48.2726189715,51.8769443796,0.7318107218000001,42.129049018,62.7075990725,62.7016489458,STANDBY,0,0,1.2737378416
2024-03-08 02:00:00,RIG_DEGRADATION,2,8,4,36.1002883513,57.7013036427,55.965340055,0.8947239770000001,43.3187971121,67.3505168706,64.0606773872,STANDBY,0,0,1.2714219546
2024-03-08 03:00:00,RIG_DEGRADATION,3,8,4,36.1002883513,63.5134530161,60.3243574361,0.7975834526000001,46.0836183642,69.6168776742,64.8938105472,STANDBY,0,0,1.2691060676
2024-03-08 04:00:00,RIG_DEGRADATION,4,8,4,38.3565563732,57.9270773856,60.2386529323,0.7959391295,44.8588879378,67.2039386785,63.3741847748,STANDBY,0,0,1.2667901806
2024-03-08 05:00:00,RIG_DEGRADATION,5,8,4,45.9749206378,73.1595461202,72.297370508,0.7901081349,46.2613415859,71.276205628,75.1387651903,STANDBY,0,0,1.2644742937
2024-03-08 06:00:00,RIG_DEGRADATION,6,8,4,54.1504325269,80.2796816594,78.2399857806,0.8185325105,51.1253508593,74.4421702171,82.9000328209,HIGH_PRODUCTION,0,0,1.2621584067
2024-03-08 07:00:00,RIG_DEGRADATION,7,8,4,62.325944416,81.0789409029,79.641827206,0.8879190243,48.947006427,70.8133316949,83.7796335613,HIGH_PRODUCTION,0,0,1.2598425197
2024-03-08 08:00:00,RIG_DEGRADATION,8,8,4,69.9443086806,87.3592031075,88.9662123448,0.9169622665,48.9790608619,79.0314046496,91.0317646813,HIGH_PRODUCTION,0,0,1.2575266327
2024-03-08 09:00:00,RIG_DEGRADATION,9,8,4,76.4863463859,103.1035890196,95.0,0.7960424672,51.0906810829,74.7335742122,100.2728075869,HIGH_PRODUCTION,0,0,1.2552107457
2024-03-08 10:00:00,RIG_DEGRADATION,10,8,4,81.5062284735,102.3772758527,95.0,0.8946258053,55.5162530585,80.5730433216,101.4267614665,HIGH_PRODUCTION,0,0,1.2528948587
2024-03-08 11:00:00,RIG_DEGRADATION,11,8,4,84.661858275,109.3099259221,95.0,0.8858261043000001,57.1645164645,88.8370106863,97.6142134574,HIGH_PRODUCTION,0,0,1.2505789717
2024-03-08 12:00:00,RIG_DEGRADATION,12,8,4,85.7381848343,102.7876507489,95.0,0.8909241115000001,51.8419322415,81.3504012581,100.8402910271,HIGH_PRODUCTION,0,0,1.2482630848
2024-03-08 13:00:00,RIG_DEGRADATION,13,8,4,84.661858275,117.9000407543,95.0,0.941051759,59.6755884404,85.5001196585,104.4852672133,HIGH_PRODUCTION,0,0,1.2459471978
2024-03-08 14:00:00,RIG_DEGRADATION,14,8,4,81.5062284735,102.6333680046,95.0,0.8423397705000001,54.6224866006,76.4071446507,98.458901306,HIGH_PRODUCTION,0,0,1.2436313108000001
2024-03-08 15:00:00,RIG_DEGRADATION,15,8,4,76.4863463859,100.6701485657,94.4959559146,0.91556837,56.00794562,82.9285275695,98.2658697524,HIGH_PRODUCTION,0,0,1.2413154238
2024-03-08 16:00:00,RIG_DEGRADATION,16,8,4,69.9443086806,98.4468223697,92.7675238427,0.8713902202,53.9162479341,80.5082182682,94.1535689132,HIGH_PRODUCTION,0,0,1.2389995368
2024-03-08 17:00:00,RIG_DEGRADATION,17,8,4,62.325944416,80.4523656768,80.7931055831,0.8528122052,47.0937223808,73.4233933642,87.3352498738,HIGH_PRODUCTION,0,0,1.2366836498
2024-03-08 18:00:00,RIG_DEGRADATION,18,8,4,54.1504325269,75.5774297399,76.9307885469,0.7972258947,50.7078731954,66.9527801704,81.2981765941,HIGH_PRODUCTION,0,0,1.2343677629
2024-03-08 19:00:00,RIG_DEGRADATION,19,8,4,45.9749206378,62.0482786527,63.1540009906,0.8915390077,43.4957770477,69.5863246996,64.305659502,HIGH_PRODUCTION,0,0,1.2320518759
2024-03-08 20:00:00,RIG_DEGRADATION,20,8,4,38.3565563732,57.1055016249,55.1398802043,0.7646313797000001,45.6389105174,67.3088750882,56.3206774752,HIGH_PRODUCTION,0,0,1.2297359889
2024-03-08 21:00:00,RIG_DEGRADATION,21,8,4,36.1002883513,54.5265408893,53.8164651237,0.7856286339,42.1325798092,69.2226304926,56.2458431442,HIGH_PRODUCTION,0,0,1.2274201019
2024-03-08 22:00:00,RIG_DEGRADATION,22,8,4,36.1002883513,61.8293630822,59.2366036912,0.8024058310000001,45.4487989535,73.220369769,69.0891385817,STANDBY,0,0,1.2251042149
2024-03-08 23:00:00,RIG_DEGRADATION,23,8,4,36.1002883513,59.4896824505,56.1522837079,0.7815339542,45.9628534081,69.6761777945,62.7900065473,STANDBY,0,0,1.2227883279
2024-03-09 00:00:00,RIG_DEGRADATION,0,9,5,36.8726740701,54.241900422,54.3127086711,0.7862520342,44.7751701036,59.4653119467,56.7337696836,STANDBY,0,0,1.2204724409
2024-03-09 01:00:00,RIG_DEGRADATION,1,9,5,36.8726740701,52.2256284006,51.4573748294,0.7794595928,43.5113276597,68.1714907466,54.8680805868,STANDBY,0,0,1.2181565540000001
2024-03-09 02:00:00,RIG_DEGRADATION,2,9,5,36.8726740701,65.3585351257,62.1423632074,0.7313510566,48.4231685326,69.5776641688,67.4173135442,STANDBY,0,0,1.215840667
2024-03-09 03:00:00,RIG_DEGRADATION,3,9,5,36.8726740701,62.3231689189,63.2527995734,0.7913376166,44.8957586774,64.7323751819,64.3410127608,STANDBY,0,0,1.21352478
2024-03-09 04:00:00,RIG_DEGRADATION,4,9,5,39.1772161995,63.4620597685,63.9819254156,0.8742378349000001,48.2906169287,73.0796692597,79.5518399299,STANDBY,0,0,1.211208893
2024-03-09 05:00:00,RIG_DEGRADATION,5,9,5,46.9585795986,65.8667589457,68.3706832832,0.8940576578,44.2631020593,69.9000179558,73.66869204220001,STANDBY,0,0,1.208893006
2024-03-09 06:00:00,RIG_DEGRADATION,6,9,5,55.3090111052,79.5270816232,81.0176306195,0.8081610778,51.282703077,72.7494375356,89.3433175769,HIGH_PRODUCTION,0,0,1.206577119
2024-03-09 07:00:00,RIG_DEGRADATION,7,9,5,63.6594426117,86.4692538848,83.5356303158,0.9313022299,50.0677440381,75.2564400538,83.3393923454,HIGH_PRODUCTION,0,0,1.2042612321
2024-03-09 08:00:00,RIG_DEGRADATION,8,9,5,71.4408060109,86.0060610844,82.8499784369,0.8949056457000001,51.6132905813,72.5828742676,89.6879104585,HIGH_PRODUCTION,0,0,1.2019453451
2024-03-09 09:00:00,RIG_DEGRADATION,9,9,5,78.1228142462,95.7507421361,90.1238995337,0.8601008518000001,54.8300168853,72.1420308014,96.2193661534,HIGH_PRODUCTION,0,0,1.1996294581
2024-03-09 10:00:00,RIG_DEGRADATION,10,9,5,83.2500994991,104.931368735,95.0,0.9322807733,54.6173437207,80.2381580045,97.5306102355,HIGH_PRODUCTION,0,0,1.1973135711
2024-03-09 11:00:00,RIG_DEGRADATION,11,9,5,86.4732457528,103.8285656266,95.0,0.8570672042,60.6514612118,83.6176533507,100.2216516869,HIGH_PRODUCTION,0,0,1.1949976841
2024-03-09 12:00:00,RIG_DEGRADATION,12,9,5,87.5726009166,109.0300612025,95.0,0.9245578142,54.9173588196,86.5048391555,99.5768318816,HIGH_PRODUCTION,0,0,1.1926817971
2024-03-09 13:00:00,RIG_DEGRADATION,13,9,5,86.4732457528,106.4286435894,95.0,0.9819059499,59.5707135512,82.3920079391,101.3114115999,HIGH_PRODUCTION,0,0,1.1903659101
2024-03-09 14:00:00,RIG_DEGRADATION,14,9,5,83.2500994991,102.9667776579,95.0,0.8783977481,56.7144937074,81.0250077328,99.0508817047,HIGH_PRODUCTION,0,0,1.1880500232
2024-03-09 15:00:00,RIG_DEGRADATION,15,9,5,78.1228142462,97.3101490449,94.3373926053,0.7782381533,52.0498068178,75.4089656533,100.7089417849,HIGH_PRODUCTION,0,0,1.1857341362
2024-03-09 16:00:00,RIG_DEGRADATION,16,9,5,71.4408060109,98.5772500491,94.126381141,0.8396706545,51.1678716609,80.2221702472,96.9446782409,HIGH_PRODUCTION,0,0,1.1834182492
2024-03-09 17:00:00,RIG_DEGRADATION,17,9,5,63.6594426117,76.3788238497,80.3854275797,0.8164117976,47.6879385257,71.8322581322,87.8680146469,HIGH_PRODUCTION,0,0,1.1811023622
2024-03-09 18:00:00,RIG_DEGRADATION,18,9,5,55.3090111052,74.3956518137,77.3606161093,0.8916718135,50.044856697,68.7689105974,77.1905451956,HIGH_PRODUCTION,0,0,1.1787864752
2024-03-09 19:00:00,RIG_DEGRADATION,19,9,5,46.9585795986,64.6501488215,61.268421103,0.7888469228,46.2042078898,71.7726102572,67.3490707465,HIGH_PRODUCTION,0,0,1.1764705882
2024-03-09 20:00:00,RIG_DEGRADATION,20,9,5,39.1772161995,59.8348312271,60.7358292706,0.7752920692,43.5072344799,63.2750966628,62.8993767151,HIGH_PRODUCTION,0,0,1.1741547013
2024-03-09 21:00:00,RIG_DEGRADATION,21,9,5,36.8726740701,68.6152188259,67.2432820788,0.8176326134,46.641935449,72.0417821414,75.4084468084,HIGH_PRODUCTION,0,0,1.1718388143
2024-03-09 22:00:00,RIG_DEGRADATION,22,9,5,36.8726740701,54.6133938082,54.7747306302,0.8318841792,42.1343936157,69.9222319634,58.3201398534,STANDBY,0,0,1.1695229273
2024-03-09 23:00:00,RIG_DEGRADATION,23,9,5,36.8726740701,57.9235220075,59.6432044217,0.8397157757,43.1674290689,64.2662447899,66.6447271218,STANDBY,0,0,1.1672070403
2024-03-10 00:00:00,RIG_DEGRADATION,0,10,6,38.2644650435,51.5349277551,53.6469239166,0.6928476926,40.2475167674,63.5868035159,60.1616004396,STANDBY,0,0,1.1648911533
2024-03-10 01:00:00,RIG_DEGRADATION,1,10,6,38.2644650435,57.1737309367,57.5129807958,0.8365467003,45.2540644422,68.5626037826,61.9058351094,STANDBY,0,0,1.1625752663
2024-03-10 02:00:00,RIG_DEGRADATION,2,10,6,38.2644650435,60.6607220771,60.0583291254,0.6998254265,44.8260272165,66.0956553625,57.8113101925,STANDBY,0,0,1.1602593793
2024-03-10 03:00:00,RIG_DEGRADATION,3,10,6,38.2644650435,51.325285967,52.660837534,0.7279854834,43.6912587892,67.5038579769,58.9137886188,STANDBY,0,0,1.1579434924
2024-03-10 04:00:00,RIG_DEGRADATION,4,10,6,40.6559941088,68.7175360399,69.7155860344,0.7575342652,50.0401076262,72.8720920539,72.3414881237,STANDBY,0,0,1.1556276054
2024-03-10 05:00:00,RIG_DEGRADATION,5,10,6,48.7310717994,65.4931339161,70.6155888347,0.8105708959,46.2743554955,68.3212750815,73.1858269241,STANDBY,0,0,1.1533117184
2024-03-10 06:00:00,RIG_DEGRADATION,6,10,6,57.3966975653,81.0751253627,81.7371928325,0.778882226,48.4373162897,77.0313503653,85.4029751677,HIGH_PRODUCTION,0,0,1.1509958314
2024-03-10 07:00:00,RIG_DEGRADATION,7,10,6,66.0623233312,84.5694566893,82.6726382681,0.8580312617,50.0364191003,76.7333800142,89.4317679696,HIGH_PRODUCTION,0,0,1.1486799444
2024-03-10 08:00:00,RIG_DEGRADATION,8,10,6,74.1374010218,96.8321299343,91.5226020841,0.9573154789,54.3456509826,77.0589676215,96.4759125149,HIGH_PRODUCTION,0,0,1.1463640574
2024-03-10 09:00:00,RIG_DEGRADATION,9,10,6,81.0716274372,98.8419401766,95.0,0.8996969006000001,54.4918053483,81.9463013521,100.5817231583,HIGH_PRODUCTION,0,0,1.1440481704
2024-03-10 10:00:00,RIG_DEGRADATION,10,10,6,86.3924465065,113.1929866537,95.0,0.9840036550000001,59.0271175398,83.9383436516,102.9479049366,HIGH_PRODUCTION,0,0,1.1417322835000001
2024-03-10 11:00:00,RIG_DEGRADATION,11,10,6,89.7372532031,120.3511942424,95.0,0.9421978585,58.806399138,87.7267580289,100.6046170842,HIGH_PRODUCTION,0,0,1.1394163965
2024-03-10 12:00:00,RIG_DEGRADATION,12,10,6,90.8781044784,106.7900366323,95.0,0.8748778426,57.0855673076,80.7302220264,104.6834547567,HIGH_PRODUCTION,0,0,1.1371005095
2024-03-10 13:00:00,RIG_DEGRADATION,13,10,6,89.7372532031,101.7662817309,95.0,0.9196386803000001,55.9447957819,84.3666057912,102.9027589872,HIGH_PRODUCTION,0,0,1.1347846225
2024-03-10 14:00:00,RIG_DEGRADATION,14,10,6,86.3924465065,111.1020957299,95.0,0.9685614501,58.9803751382,83.7687161276,95.4362589003,HIGH_PRODUCTION,0,0,1.1324687355
2024-03-10 15:00:00,RIG_DEGRADATION,15,10,6,81.0716274372,104.7786953815,95.0,0.9899913300000001,56.4504498999,81.5368753891,96.2622085251,HIGH_PRODUCTION,0,0,1.1301528485
2024-03-10 16:00:00,RIG_DEGRADATION,16,10,6,74.1374010218,95.1731740227,88.5069605935,0.8906622482000001,51.8172737102,85.3346519164,91.6678765257,HIGH_PRODUCTION,0,0,1.1278369616
2024-03-10 17:00:00,RIG_DEGRADATION,17,10,6,66.0623233312,84.1866288718,83.5231358336,0.9235766901,50.3714430013,76.1594845978,91.5639170025,HIGH_PRODUCTION,0,0,1.1255210746
2024-03-10 18:00:00,RIG_DEGRADATION,18,10,6,57.3966975653,73.2905431323,73.8947120508,0.7591037429,51.137136,74.0712389591,79.9169105662,HIGH_PRODUCTION,0,0,1.1232051876
2024-03-10 19:00:00,RIG_DEGRADATION,19,10,6,48.7310717994,82.1264248725,78.7762212806,0.8286337904000001,48.7776229475,74.2717628466,86.7919018417,HIGH_PRODUCTION,0,0,1.1208893006
2024-03-10 20:00:00,RIG_DEGRADATION,20,10,6,40.6559941088,62.2213375309,59.568244629,0.8176287389,46.4017958301,68.1276128235,62.2754836802,HIGH_PRODUCTION,0,0,1.1185734136
2024-03-10 21:00:00,RIG_DEGRADATION,21,10,6,38.2644650435,54.9935490059,56.9568172632,0.7460587732,42.6566917906,61.793730192,60.283507903,HIGH_PRODUCTION,0,0,1.1162575266
2024-03-10 22:00:00,RIG_DEGRADATION,22,10,6,38.2644650435,53.5907661045,58.8032964128,0.7984576837,42.9659196432,69.3855930636,58.9696498369,STANDBY,0,0,1.1139416396
2024-03-10 23:00:00,RIG_DEGRADATION,23,10,6,38.2644650435,56.1731900826,50.2804012367,0.7304405559,39.6255082624,68.7152917197,56.393131527,STANDBY,0,0,1.1116257527
2024-03-11 00:00:00,RIG_DEGRADATION,0,11,0,40.0,57.8510802641,55.8777660631,0.7649055964,42.1443307553,66.9862303957,64.8700583003,STANDBY,0,0,1.1093098657
2024-03-11 01:00:00,RIG_DEGRADATION,1,11,0,40.0,68.0381675032,61.7871397057,0.8197775773,45.8735148966,71.8528095995,66.4970278723,STANDBY,0,0,1.1069939787
2024-03-11 02:00:00,RIG_DEGRADATION,2,11,0,40.0,62.8494912029,60.9869612542,0.8487691894,48.8368637805,70.7445475545,63.9269953762,STANDBY,0,0,1.1046780917
2024-03-11 03:00:00,RIG_DEGRADATION,3,11,0,40.0,62.8033420645,60.9277035626,0.8316852248000001,44.3761591033,64.866138621,69.3334337411,STANDBY,0,0,1.1023622047
2024-03-11 04:00:00,RIG_DEGRADATION,4,11,0,42.5,68.8999781058,67.7942215129,0.828845318,41.7306531748,70.3466908693,76.0664320533,STANDBY,0,0,1.1000463177
2024-03-11 05:00:00,RIG_DEGRADATION,5,11,0,50.9413334214,69.7784921471,72.2828535855,0.7923700245,50.2855997833,66.5478369498,79.4305931018,STANDBY,0,0,1.0977304308
2024-03-11 06:00:00,RIG_DEGRADATION,6,11,0,60.0,77.3785334714,78.0671803648,0.8417438508,50.8988164368,76.5247763297,78.8814812532,HIGH_PRODUCTION,0,0,1.0954145438
2024-03-11 07:00:00,RIG_DEGRADATION,7,11,0,69.0586665786,90.231785514,85.7346673925,0.8732473262,51.7088935739,77.6148567008,91.3398592357,HIGH_PRODUCTION,0,0,1.0930986568
2024-03-11 08:00:00,RIG_DEGRADATION,8,11,0,77.5,90.9750833162,94.1068112455,0.8185933147000001,53.3347334978,77.0043020603,100.6380648792,HIGH_PRODUCTION,0,0,1.0907827698
2024-03-11 09:00:00,RIG_DEGRADATION,9,11,0,84.7487373415,127.3732896219,95.0,1.0956013248,60.01685197,94.1482722027,96.568519089,HIGH_PRODUCTION,0,0,1.0884668828
2024-03-11 10:00:00,RIG_DEGRADATION,10,11,0,90.3108891325,116.0514602188,95.0,1.0328498237,57.7399960013,87.91764421,98.4314692806,HIGH_PRODUCTION,0,0,1.0861509958
2024-03-11 11:00:00,RIG_DEGRADATION,11,11,0,93.8074039201,127.963859631,95.0,0.945018482,62.5048959592,91.4777138767,101.9442942842,HIGH_PRODUCTION,0,0,1.0838351088
2024-03-11 12:00:00,RIG_DEGRADATION,12,11,0,95.0,119.1160638984,95.0,0.9786939285,60.9502754999,88.1353809929,101.658681029,HIGH_PRODUCTION,0,0,1.0815192219
2024-03-11 13:00:00,RIG_DEGRADATION,13,11,0,93.8074039201,113.8808282411,95.0,0.9398937447000001,57.9205929604,85.0733437348,99.014919388,HIGH_PRODUCTION,0,0,1.0792033349
2024-03-11 14:00:00,RIG_DEGRADATION,14,11,0,90.3108891325,108.1675835598,95.0,0.9433714137,59.9051195326,80.9967016399,95.3528475145,HIGH_PRODUCTION,0,0,1.0768874479
2024-03-11 15:00:00,RIG_DEGRADATION,15,11,0,84.7487373415,98.5037201358,92.7809862902,0.9360796870000001,52.6583054615,76.9390857026,95.5856702745,HIGH_PRODUCTION,0,0,1.0745715609
2024-03-11 16:00:00,RIG_DEGRADATION,16,11,0,77.5,91.8463488708,91.5471649954,0.8832900564,54.6171187636,74.84812307,91.4939201365,HIGH_PRODUCTION,0,0,1.0722556739
2024-03-11 17:00:00,RIG_DEGRADATION,17,11,0,69.0586665786,91.6762972753,86.5585230323,0.9855171997000001,50.9991231798,75.9084232262,92.2921049724,HIGH_PRODUCTION,0,0,1.0699397869
2024-03-11 18:00:00,RIG_DEGRADATION,18,11,0,60.0,86.8879369399,79.5097636984,0.9035564313000001,51.4418700928,74.3394836752,86.6705099248,HIGH_PRODUCTION,0,0,1.0676239
2024-03-11 19:00:00,RIG_DEGRADATION,19,11,0,50.9413334214,63.2807895739,63.6165597419,0.8112129842,47.9147744912,61.3860696576,68.8145184505,HIGH_PRODUCTION,0,0,1.065308013
2024-03-11 20:00:00,RIG_DEGRADATION,20,11,0,42.5,62.3526163738,60.9693719979,0.7746042162,44.4316487967,69.6630018943,66.2581186083,HIGH_PRODUCTION,0,0,1.062992126
2024-03-11 21:00:00,RIG_DEGRADATION,21,11,0,40.0,63.4928230427,62.1765152458,0.8000976329,44.4941156909,70.6590788107,64.7313167523,HIGH_PRODUCTION,0,0,1.060676239
2024-03-11 22:00:00,RIG_DEGRADATION,22,11,0,40.0,53.818812233,55.0148772995,0.8840831119,42.8346204622,67.1993584665,57.1796942151,STANDBY,0,0,1.058360352
2024-03-11 23:00:00,RIG_DEGRADATION,23,11,0,40.0,60.3341682903,57.0239216065,0.8165583921,43.9821022237,77.2453600048,62.8650801883,STANDBY,0,0,1.056044465
2024-03-12 00:00:00,RIG_DEGRADATION,0,12,1,38.2644650435,47.9317665483,48.8354425498,0.7754346724000001,39.5196144471,64.4507332674,57.2186467356,STANDBY,0,0,1.053728578
2024-03-12 01:00:00,RIG_DEGRADATION,1,12,1,38.2644650435,58.8619940979,62.0881306338,0.7795124375,44.493314638,70.5633930847,69.4272474855,STANDBY,0,0,1.0514126911
2024-03-12 02:00:00,RIG_DEGRADATION,2,12,1,38.2644650435,60.402062271,56.1795225096,0.8121534949,45.9267933458,70.5512093703,59.0790906344,STANDBY,0,0,1.0490968041
2024-03-12 03:00:00,RIG_DEGRADATION,3,12,1,38.2644650435,62.9958747315,61.764580629,0.8428826951,44.0287691559,65.4112445556,68.3597071788,STANDBY,0,0,1.0467809171
2024-03-12 04:00:00,RIG_DEGRADATION,4,12,1,40.6559941088,48.2575529603,56.5210656096,0.7854476257,42.5310186903,65.1798273274,64.8471494212,STANDBY,0,0,1.0444650301
2024-03-12 05:00:00,RIG_DEGRADATION,5,12,1,48.7310717994,75.1107861425,73.7245635538,0.7848729274,49.1206819583,71.8395002213,84.1805326141,STANDBY,0,0,1.0421491431
2024-03-12 06:00:00,RIG_DEGRADATION,6,12,1,57.3966975653,78.9188126865,79.7422780461,0.9097605409,51.0875266211,76.7242406814,81.639119511,HIGH_PRODUCTION,0,0,1.0398332561
2024-03-12 07:00:00,RIG_DEGRADATION,7,12,1,66.0623233312,83.2877050666,83.2217751694,0.8406058057,51.2735392587,74.419843876,91.7636943985,HIGH_PRODUCTION,0,0,1.0375173692
2024-03-12 08:00:00,RIG_DEGRADATION,8,12,1,74.1374010218,92.7179514669,92.995240204,0.8990943170000001,55.3484077487,73.0427761964,105.2600138801,HIGH_PRODUCTION,0,0,1.0352014822
2024-03-12 09:00:00,RIG_DEGRADATION,9,12,1,81.0716274372,97.4056446851,92.0253458398,0.9315469719,53.7945982845,79.6328772117,94.7142636636,HIGH_PRODUCTION,0,0,1.0328855952
2024-03-12 10:00:00,RIG_DEGRADATION,10,12,1,86.3924465065,110.1125268912,95.0,0.9660684793000001,56.4720995877,85.1970554254,100.095121522,HIGH_PRODUCTION,0,0,1.0305697082
2024-03-12 11:00:00,RIG_DEGRADATION,11,12,1,89.7372532031,110.542021407,95.0,0.8568614683,55.5601880286,80.6047721851,98.1157571156,HIGH_PRODUCTION,0,0,1.0282538212
2024-03-12 12:00:00,RIG_DEGRADATION,12,12,1,90.8781044784,116.227080405,95.0,1.0266804237,61.525220609,83.4558919091,94.0537779203,HIGH_PRODUCTION,0,0,1.0259379342
2024-03-12 13:00:00,RIG_DEGRADATION,13,12,1,89.7372532031,107.4099390076,95.0,0.9300823819,58.6266095499,79.7560025173,96.8451892119,HIGH_PRODUCTION,0,0,1.0236220472
2024-03-12 14:00:00,RIG_DEGRADATION,14,12,1,86.3924465065,107.3540351043,95.0,0.9536196237000001,57.8982561967,79.2804285849,95.0335583427,HIGH_PRODUCTION,0,0,1.0213061603
2024-03-12 15:00:00,RIG_DEGRADATION,15,12,1,81.0716274372,105.6927626846,95.0,0.8872630434000001,54.2179809559,82.2064978446,101.7513727297,HIGH_PRODUCTION,0,0,1.0189902733
2024-03-12 16:00:00,RIG_DEGRADATION,16,12,1,74.1374010218,97.2467624522,90.5823089225,0.9095983766,53.3773493217,82.8004448181,97.3865441219,HIGH_PRODUCTION,0,0,1.0166743863
2024-03-12 17:00:00,RIG_DEGRADATION,17,12,1,66.0623233312,75.2052818791,76.7005154125,0.8164832715,50.6255070298,71.2386730037,80.0043991209,HIGH_PRODUCTION,0,0,1.0143584993
2024-03-12 18:00:00,RIG_DEGRADATION,18,12,1,57.3966975653,82.4554697376,76.0838788268,0.8647846301000001,49.8271486543,74.4542378062,79.0646851558,HIGH_PRODUCTION,0,0,1.0120426123
2024-03-12 19:00:00,RIG_DEGRADATION,19,12,1,48.7310717994,66.3250882957,67.1340598738,0.7471936441,47.5725874468,69.0629889681,70.2750348152,HIGH_PRODUCTION,0,0,1.0097267253
2024-03-12 20:00:00,RIG_DEGRADATION,20,12,1,40.6559941088,65.4860908948,65.4148944029,0.8749711062000001,48.5478410079,70.2762335416,71.634072189,HIGH_PRODUCTION,0,0,1.0074108384
2024-03-12 21:00:00,RIG_DEGRADATION,21,12,1,38.2644650435,57.9982518221,59.5717383408,0.8932038896000001,44.6931397025,66.1689626729,60.902310947,HIGH_PRODUCTION,0,0,1.0050949514
2024-03-12 22:00:00,RIG_DEGRADATION,22,12,1,38.2644650435,68.8082211121,63.0171752106,0.8802221472,48.7647194993,67.0013302629,77.0631248856,STANDBY,0,0,1.0027790644
2024-03-12 23:00:00,RIG_DEGRADATION,23,12,1,38.2644650435,63.4617271567,60.4821650217,0.8303728926,46.2069154198,69.624709012,62.4166018975,STANDBY,0,0,1.0004631774
2024-03-13 00:00:00,RIG_DEGRADATION,0,13,2,36.8726740701,50.9241573573,52.853576482,0.7490264035,48.0235313318,69.593484444,54.8493836938,STANDBY,0,0,0.9981472904
2024-03-13 01:00:00,RIG_DEGRADATION,1,13,2,36.8726740701,59.2496848933,62.2909931787,0.7110011453,44.5458731582,65.4001611093,67.8596524841,STANDBY,0,0,0.9958314034
2024-03-13 02:00:00,RIG_DEGRADATION,2,13,2,36.8726740701,67.7806588264,62.9340120226,0.9038209723,47.6354266931,68.0649756467,73.945768182,STANDBY,0,0,0.9935155164
2024-03-13 03:00:00,RIG_DEGRADATION,3,13,2,36.8726740701,54.0868377948,58.6732969526,0.801695174,44.6487276987,71.9264540236,61.8878945304,STANDBY,0,0,0.9911996295000001
2024-03-13 04:00:00,RIG_DEGRADATION,4,13,2,39.1772161995,62.7764727564,60.1327102294,0.7707490064,42.2408201449,65.2886098358,63.5363640966,STANDBY,0,0,0.9888837425
2024-03-13 05:00:00,RIG_DEGRADATION,5,13,2,46.9585795986,67.3311653642,69.6351237544,0.8207426902,48.5135722407,70.3485225301,72.1293164912,STANDBY,0,0,0.9865678555
2024-03-13 06:00:00,RIG_DEGRADATION,6,13,2,55.3090111052,73.6451005822,74.0631847689,0.7925685495,48.732419238,73.4385104614,82.3545702986,HIGH_PRODUCTION,0,0,0.9842519685000001
2024-03-13 07:00:00,RIG_DEGRADATION,7,13,2,63.6594426117,79.4933550225,79.2756064306,0.8071803576000001,49.4099037988,72.2159524109,81.2090870232,HIGH_PRODUCTION,0,0,0.9819360815
2024-03-13 08:00:00,RIG_DEGRADATION,8,13,2,71.4408060109,88.4151615481,88.6776127212,0.8953465848000001,50.5035783102,70.0207096467,90.1234583983,HIGH_PRODUCTION,0,0,0.9796201945
2024-03-13 09:00:00,RIG_DEGRADATION,9,13,2,78.1228142462,107.555822143,95.0,0.9065987440000001,56.2099975954,78.7537038267,102.6696417836,HIGH_PRODUCTION,0,0,0.9773043075000001
2024-03-13 10:00:00,RIG_DEGRADATION,10,13,2,83.2500994991,101.1242798404,95.0,0.9220603162000001,56.6410542413,81.2786300545,103.5731146373,HIGH_PRODUCTION,0,0,0.9749884206
2024-03-13 11:00:00,RIG_DEGRADATION,11,13,2,86.4732457528,107.0427062163,95.0,0.9148281033000001,53.1716614847,80.6661952223,102.9344158486,HIGH_PRODUCTION,0,0,0.9726725336
2024-03-13 12:00:00,RIG_DEGRADATION,12,13,2,87.5726009166,113.5818054052,95.0,0.9288036058,55.8560607311,90.9389808781,96.1098592324,HIGH_PRODUCTION,0,0,0.9703566466
2024-03-13 13:00:00,RIG_DEGRADATION,13,13,2,86.4732457528,104.9984895236,95.0,0.8932428377,58.5472598928,83.010558868,98.650085373,HIGH_PRODUCTION,0,0,0.9680407596
2024-03-13 14:00:00,RIG_DEGRADATION,14,13,2,83.2500994991,102.8156111491,95.0,0.9743376716000001,56.8071498274,78.0808359401,97.3900933262,HIGH_PRODUCTION,0,0,0.9657248726000001
2024-03-13 15:00:00,RIG_DEGRADATION,15,13,2,78.1228142462,97.3812061171,92.1200838447,0.9132436926,56.0803321365,77.5012370075,97.4451277814,HIGH_PRODUCTION,0,0,0.9634089856
2024-03-13 16:00:00,RIG_DEGRADATION,16,13,2,71.4408060109,93.4594636387,90.3619439693,0.8547953322,54.7573329838,79.8160262017,96.0361356317,HIGH_PRODUCTION,0,0,0.9610930987
2024-03-13 17:00:00,RIG_DEGRADATION,17,13,2,63.6594426117,83.9630212177,79.1481931967,0.8611314814000001,50.4795435697,81.4682098012,78.9914583072,HIGH_PRODUCTION,0,0,0.9587772117000001
2024-03-13 18:00:00,RIG_DEGRADATION,18,13,2,55.3090111052,74.8118968698,73.6250016582,0.8795281819,51.1960862109,72.7540497981,84.1772402866,HIGH_PRODUCTION,0,0,0.9564613247
2024-03-13 19:00:00,RIG_DEGRADATION,19,13,2,46.9585795986,64.0250759068,68.240867451,0.7994188989000001,48.4325198233,71.1408630137,71.5964528533,HIGH_PRODUCTION,0,0,0.9541454377
2024-03-13 20:00:00,RIG_DEGRADATION,20,13,2,39.1772161995,50.9027502717,57.4467809481,0.8230347908000001,40.98723023,64.4754462846,62.7602806788,HIGH_PRODUCTION,0,0,0.9518295507000001
2024-03-13 21:00:00,RIG_DEGRADATION,21,13,2,36.8726740701,59.980000379,61.6325252879,0.8026032417000001,46.7564220752,64.0881563022,68.2372870698,HIGH_PRODUCTION,0,0,0.9495136637
2024-03-13 22:00:00,RIG_DEGRADATION,22,13,2,36.8726740701,67.1575125795,63.4542155286,0.8431428142,44.6082019893,71.4194059133,65.6388637876,STANDBY,0,0,0.9471977767
2024-03-13 23:00:00,RIG_DEGRADATION,23,13,2,36.8726740701,54.8462800487,51.870756099,0.7706579452000001,45.883595328,62.5854299529,54.0806692348,STANDBY,0,0,0.9448818898
2024-03-14 00:00:00,RIG_DEGRADATION,0,14,3,36.1002883513,58.8994130265,59.6373257844,0.8679468623000001,43.0287041493,68.4180253782,64.3103294937,STANDBY,0,0,0.9425660028
2024-03-14 01:00:00,RIG_DEGRADATION,1,14,3,36.1002883513,51.8589527223,55.5160958749,0.8536819582,40.9318369832,63.8868079849,62.4913590707,STANDBY,0,0,0.9402501158000001
2024-03-14 02:00:00,RIG_DEGRADATION,2,14,3,36.1002883513,55.0701660527,58.0093756045,0.7911211343000001,45.0241128115,61.5244866793,59.339149352,STANDBY,0,0,0.9379342288
2024-03-14 03:00:00,RIG_DEGRADATION,3,14,3,36.1002883513,57.4094088276,57.3730727843,0.7831863158,43.0132187462,69.5259221861,62.2628551133,STANDBY,0,0,0.9356183418
2024-03-14 04:00:00,RIG_DEGRADATION,4,14,3,38.3565563732,53.7057989574,61.9240461617,0.7882013135,47.1216378446,71.223231806,62.6274193684,STANDBY,0,0,0.9333024548000001
2024-03-14 05:00:00,RIG_DEGRADATION,5,14,3,45.9749206378,66.1948876093,68.208294347,0.8163699194,47.1879318182,66.1937940709,68.3119881257,STANDBY,0,0,0.9309865679
2024-03-14 06:00:00,RIG_DEGRADATION,6,14,3,54.1504325269,78.8064516117,78.2360536044,0.8735848129,47.7825541149,74.7584151875,85.8672014586,HIGH_PRODUCTION,0,0,0.9286706809
2024-03-14 07:00:00,RIG_DEGRADATION,7,14,3,62.325944416,84.282754743,85.798541828,0.8071917689,48.6948198026,75.9127132058,87.633128064,HIGH_PRODUCTION,0,0,0.9263547939000001
2024-03-14 08:00:00,RIG_DEGRADATION,8,14,3,69.9443086806,88.6548196655,88.0520410725,0.9234703636,51.0629094144,78.473654854,91.3765429471,HIGH_PRODUCTION,0,0,0.9240389069
2024-03-14 09:00:00,RIG_DEGRADATION,9,14,3,76.4863463859,88.8364215987,89.3048032881,0.8713387121,50.0703467831,77.6933325357,93.4021523129,HIGH_PRODUCTION,0,0,0.9217230199
2024-03-14 10:00:00,RIG_DEGRADATION,10,14,3,81.5062284735,110.4927359453,95.0,0.9775175128,55.615048131500004,81.7416080875,98.9957185484,HIGH_PRODUCTION,0,0,0.9194071329
2024-03-14 11:00:00,RIG_DEGRADATION,11,14,3,84.661858275,114.1568224073,95.0,0.9413694574,58.4340672377,83.6414994008,103.664737614,HIGH_PRODUCTION,0,0,0.9170912459
2024-03-14 12:00:00,RIG_DEGRADATION,12,14,3,85.7381848343,100.4060206932,95.0,0.8972578935000001,54.208007768,84.0773219434,98.2379011373,HIGH_PRODUCTION,0,0,0.9147753590000001
2024-03-14 13:00:00,RIG_DEGRADATION,13,14,3,84.661858275,106.1425895102,95.0,0.9714002232000001,55.1520675303,81.2718195078,101.6087308296,HIGH_PRODUCTION,0,0,0.9124594720000001
2024-03-14 14:00:00,RIG_DEGRADATION,14,14,3,81.5062284735,107.4628757585,95.0,0.9045815697,59.4011576181,88.7356716657,105.5852187202,HIGH_PRODUCTION,0,0,0.910143585
2024-03-14 15:00:00,RIG_DEGRADATION,15,14,3,76.4863463859,111.7523745038,95.0,0.9318807779,56.4701872845,86.4311051109,102.2491747403,HIGH_PRODUCTION,0,0,0.9078276980000001
2024-03-14 16:00:00,RIG_DEGRADATION,16,14,3,69.9443086806,86.2744211426,83.0632125859,0.87258678,52.2559519785,74.4644914123,81.6771787576,HIGH_PRODUCTION,0,0,0.9055118110000001
2024-03-14 17:00:00,RIG_DEGRADATION,17,14,3,62.325944416,81.740425614,79.4159043639,0.9176632649,46.0591601636,74.5926415714,83.4536008269,HIGH_PRODUCTION,0,0,0.903195924
2024-03-14 18:00:00,RIG_DEGRADATION,18,14,3,54.1504325269,72.8212892387,74.4597640181,0.8088524138000001,47.9627818407,75.6230516435,75.7477682147,HIGH_PRODUCTION,0,0,0.9008800371000001
2024-03-14 19:00:00,RIG_DEGRADATION,19,14,3,45.9749206378,65.3152061142,60.3377636665,0.8402013370000001,45.7030740629,65.4043571828,66.0134172981,HIGH_PRODUCTION,0,0,0.8985641501
2024-03-14 20:00:00,RIG_DEGRADATION,20,14,3,38.3565563732,62.9902014475,62.800608979,0.7224126362000001,47.2785971997,70.090392416,68.9329963739,HIGH_PRODUCTION,0,0,0.8962482631
2024-03-14 21:00:00,RIG_DEGRADATION,21,14,3,36.1002883513,59.588057658,58.5270061641,0.7780451342,46.5226665367,65.9799994549,62.1039365763,HIGH_PRODUCTION,0,0,0.8939323761
2024-03-14 22:00:00,RIG_DEGRADATION,22,14,3,36.1002883513,64.7647782927,62.361284468,0.8103837817,49.0672880553,70.4141680301,66.0643342353,STANDBY,0,0,0.8916164891
2024-03-14 23:00:00,RIG_DEGRADATION,23,14,3,36.1002883513,58.2608744593,58.5260986963,0.9106558442,43.6159931646,69.9538858188,63.1227570172,STANDBY,0,0,0.8893006021000001
2024-03-15 00:00:00,RIG_DEGRADATION,0,15,4,36.1002883513,48.116109452,52.3885235573,0.7196113326,38.3793407153,63.6472382141,57.8637304374,STANDBY,0,0,0.8869847151
2024-03-15 01:00:00,RIG_DEGRADATION,1,15,4,36.1002883513,61.3879638546,58.5915492855,0.8554904881000001,43.293724386,68.0255993758,64.654201182,STANDBY,0,0,0.8846688282
2024-03-15 02:00:00,RIG_DEGRADATION,2,15,4,36.1002883513,61.6655702103,60.7753882116,0.7399806746,44.3444038442,66.9486015379,68.4978455595,STANDBY,0,0,0.8823529412000001
2024-03-15 03:00:00,RIG_DEGRADATION,3,15,4,36.1002883513,60.921006711,58.0876369346,0.8324795450000001,43.68518872,69.5619782931,54.317987153,STANDBY,0,0,0.8800370542
2024-03-15 04:00:00,RIG_DEGRADATION,4,15,4,38.3565563732,62.5663008743,63.2161238524,0.7995213169000001,49.3917403125,68.5225725964,63.2981948992,STANDBY,0,0,0.8777211672
2024-03-15 05:00:00,RIG_DEGRADATION,5,15,4,45.9749206378,73.1348863704,70.1836972057,0.7741225610000001,48.3895938954,78.0331513203,72.9519242785,STANDBY,0,0,0.8754052802000001
2024-03-15 06:00:00,RIG_DEGRADATION,6,15,4,54.1504325269,69.870379701,71.2665043376,0.9021070552,47.4033046349,70.5137161782,73.8329552711,HIGH_PRODUCTION,0,0,0.8730893932
2024-03-15 07:00:00,RIG_DEGRADATION,7,15,4,62.325944416,89.1724099315,85.9607296111,0.9245408763,52.2485794562,79.9639411644,91.6417008167,HIGH_PRODUCTION,0,0,0.8707735063
2024-03-15 08:00:00,RIG_DEGRADATION,8,15,4,69.9443086806,89.110353812,86.4794693315,0.8756988979,51.6982772117,73.6692929942,90.0258237555,HIGH_PRODUCTION,0,0,0.8684576193
2024-03-15 09:00:00,RIG_DEGRADATION,9,15,4,76.4863463859,105.7063466983,95.0,1.0080257519,53.3499556611,75.8632825626,98.9826059442,HIGH_PRODUCTION,0,0,0.8661417323
2024-03-15 10:00:00,RIG_DEGRADATION,10,15,4,81.5062284735,105.7040977768,95.0,0.9305102444000001,59.1007606399,80.7699013803,103.5021828826,HIGH_PRODUCTION,0,0,0.8638258453000001
2024-03-15 11:00:00,RIG_DEGRADATION,11,15,4,84.661858275,113.930886645,95.0,0.9425127947,62.4453465798,84.4862898566,101.6626227714,HIGH_PRODUCTION,0,0,0.8615099583
2024-03-15 12:00:00,RIG_DEGRADATION,12,15,4,85.7381848343,121.3340235296,95.0,1.0439016114,58.3110729411,82.6986132565,104.3614737107,HIGH_PRODUCTION,0,0,0.8591940713
2024-03-15 13:00:00,RIG_DEGRADATION,13,15,4,84.661858275,108.974648757,95.0,0.9853125451,57.8844094716,78.9033355367,97.8355795311,HIGH_PRODUCTION,0,0,0.8568781843000001
2024-03-15 14:00:00,RIG_DEGRADATION,14,15,4,81.5062284735,104.0119050723,95.0,0.8825550360000001,55.3605567365,82.7014431486,100.5837821034,HIGH_PRODUCTION,0,0,0.8545622974
2024-03-15 15:00:00,RIG_DEGRADATION,15,15,4,76.4863463859,103.4072154611,95.0,0.9492470424,59.0825209498,75.6558483173,94.1785535698,HIGH_PRODUCTION,0,0,0.8522464104
2024-03-15 16:00:00,RIG_DEGRADATION,16,15,4,69.9443086806,80.8663776415,81.4154182021,0.8687985152000001,52.4639064034,76.558332326,93.1551250767,HIGH_PRODUCTION,0,0,0.8499305234000001
2024-03-15 17:00:00,RIG_DEGRADATION,17,15,4,62.325944416,79.702175202,80.6810253072,0.9402873747,48.9988063643,73.3546944358,85.9752720902,HIGH_PRODUCTION,0,0,0.8476146364
2024-03-15 18:00:00,RIG_DEGRADATION,18,15,4,54.1504325269,78.4573975715,76.6545052176,0.8531982436000001,52.021570418,76.1273431184,81.0334267175,HIGH_PRODUCTION,0,0,0.8452987494
2024-03-15 19:00:00,RIG_DEGRADATION,19,15,4,45.9749206378,68.8614314219,69.0057819329,0.8011130321000001,48.452326085,68.8180037463,76.2979612042,HIGH_PRODUCTION,0,0,0.8429828624
2024-03-15 20:00:00,RIG_DEGRADATION,20,15,4,38.3565563732,52.1047461684,59.5088918875,0.8191945006,41.8452024172,66.9358673586,63.2848032476,HIGH_PRODUCTION,0,0,0.8406669755
2024-03-15 21:00:00,RIG_DEGRADATION,21,15,4,36.1002883513,64.4392970294,66.3195706328,0.8805722619,44.1127797792,70.2012450913,72.182027977,HIGH_PRODUCTION,0,0,0.8383510885000001
2024-03-15 22:00:00,RIG_DEGRADATION,22,15,4,36.1002883513,60.9548312296,63.7944845998,0.7931804149,47.7137691458,65.38118068,66.5662839975,STANDBY,0,0,0.8360352015
2024-03-15 23:00:00,RIG_DEGRADATION,23,15,4,36.1002883513,61.9485125823,57.8479950378,0.8493555105,44.3739650816,67.7560710226,68.725414355,STANDBY,0,0,0.8337193145
2024-03-16 00:00:00,RIG_DEGRADATION,0,16,5,36.8726740701,55.5408636703,53.4012151649,0.8014979291000001,44.3581923928,65.7061985849,62.9864970224,STANDBY,0,0,0.8314034275000001
2024-03-16 01:00:00,RIG_DEGRADATION,1,16,5,36.8726740701,60.4051154594,60.4432930198,0.7440685530000001,47.3976560482,71.1206800722,68.2104314603,STANDBY,0,0,0.8290875405
2024-03-16 02:00:00,RIG_DEGRADATION,2,16,5,36.8726740701,62.618265359,60.1533541986,0.8732086892,46.0023726709,66.4911772019,64.3424541452,STANDBY,0,0,0.8267716535
2024-03-16 03:00:00,RIG_DEGRADATION,3,16,5,36.8726740701,52.4702019346,59.299126616,0.7655675396,41.9407153336,64.956021616,65.8670683893,STANDBY,0,0,0.8244557666000001
2024-03-16 04:00:00,RIG_DEGRADATION,4,16,5,39.1772161995,59.3392806105,60.5156035188,0.7643605592,47.0603304734,69.3158382117,68.0736949066,STANDBY,0,0,0.8221398796
2024-03-16 05:00:00,RIG_DEGRADATION,5,16,5,46.9585795986,73.2141899218,74.1634207873,0.8499044864,50.0438349188,73.7055014282,77.228757885,STANDBY,0,0,0.8198239926
2024-03-16 06:00:00,RIG_DEGRADATION,6,16,5,55.3090111052,77.305412592,78.7085132112,0.8465142247,53.1960110633,74.7350685954,83.4524555498,HIGH_PRODUCTION,0,0,0.8175081056
2024-03-16 07:00:00,RIG_DEGRADATION,7,16,5,63.6594426117,85.6015369168,83.9938238308,0.8638224149,53.1595102799,74.3027675445,89.6492653363,HIGH_PRODUCTION,0,0,0.8151922186
2024-03-16 08:00:00,RIG_DEGRADATION,8,16,5,71.4408060109,92.3928642983,89.2885118157,0.8721882871000001,52.6394703657,78.665783902,91.9278589272,HIGH_PRODUCTION,0,0,0.8128763316000001
2024-03-16 09:00:00,RIG_DEGRADATION,9,16,5,78.1228142462,94.8178940479,92.0238777462,0.8967693686,54.7227162658,76.3713895177,94.290664661,HIGH_PRODUCTION,0,0,0.8105604447
2024-03-16 10:00:00,RIG_DEGRADATION,10,16,5,83.2500994991,104.8056554876,95.0,1.0057657927,58.2971588137,84.6675206929,103.6407852539,HIGH_PRODUCTION,0,0,0.8082445577
2024-03-16 11:00:00,RIG_DEGRADATION,11,16,5,86.4732457528,107.1412721543,95.0,0.8807506935,57.7097446326,84.5960502807,100.1219118606,HIGH_PRODUCTION,0,0,0.8059286707000001
2024-03-16 12:00:00,RIG_DEGRADATION,12,16,5,87.5726009166,116.5736940388,95.0,0.9115826020000001,58.1056497223,80.7834164252,100.6939287444,HIGH_PRODUCTION,0,0,0.8036127837
2024-03-16 13:00:00,RIG_DEGRADATION,13,16,5,86.4732457528,101.8964711703,95.0,0.9709317002000001,54.3209020334,88.9297818036,103.5724487247,HIGH_PRODUCTION,0,0,0.8012968967
2024-03-16 14:00:00,RIG_DEGRADATION,14,16,5,83.2500994991,112.4981213615,95.0,0.9997987172,60.047875524,83.8807905246,101.0259848154,HIGH_PRODUCTION,0,0,0.7989810097000001
2024-03-16 15:00:00,RIG_DEGRADATION,15,16,5,78.1228142462,106.2879161615,95.0,0.9371850254,58.6247296347,83.2438812727,101.5833025579,HIGH_PRODUCTION,0,0,0.7966651227
2024-03-16 16:00:00,RIG_DEGRADATION,16,16,5,71.4408060109,103.5583912537,94.7372463311,0.9776902945,57.4655969507,79.7581075846,101.2513742322,HIGH_PRODUCTION,0,0,0.7943492358
2024-03-16 17:00:00,RIG_DEGRADATION,17,16,5,63.6594426117,89.1051811511,84.6818684427,0.9883145444,52.7353863371,79.5427611722,91.2143849589,HIGH_PRODUCTION,0,0,0.7920333488
2024-03-16 18:00:00,RIG_DEGRADATION,18,16,5,55.3090111052,73.1767723467,74.89981368790001,0.9053213892,48.5433942886,68.9665070478,77.9059941747,HIGH_PRODUCTION,0,0,0.7897174618
2024-03-16 19:00:00,RIG_DEGRADATION,19,16,5,46.9585795986,73.838161568,72.1821702163,0.8498591285,47.6919078527,72.5422697323,78.8237856757,HIGH_PRODUCTION,0,0,0.7874015748000001
2024-03-16 20:00:00,RIG_DEGRADATION,20,16,5,39.1772161995,60.0571234507,63.8444697586,0.7450180912000001,47.0110935339,69.4804202893,74.4494454554,HIGH_PRODUCTION,0,0,0.7850856878
2024-03-16 21:00:00,RIG_DEGRADATION,21,16,5,36.8726740701,58.6472124214,59.901164653,0.8584980249,43.8336091504,67.633446433,66.3841124519,HIGH_PRODUCTION,0,0,0.7827698008
2024-03-16 22:00:00,RIG_DEGRADATION,22,16,5,36.8726740701,57.7139788744,56.6865464063,0.8346552007,44.3030412551,66.9939578999,66.4768744711,STANDBY,0,0,0.7804539138000001
2024-03-16 23:00:00,RIG_DEGRADATION,23,16,5,36.8726740701,65.8257122593,62.7183557878,0.7694233607000001,45.8133383261,72.9644438903,70.3133456796,STANDBY,0,0,0.7781380269
2024-03-17 00:00:00,RIG_DEGRADATION,0,17,6,38.2644650435,59.9952829292,58.079998416,0.9847866139,45.5554035056,68.5805842775,61.8039474993,STANDBY,0,0,0.7758221399
2024-03-17 01:00:00,RIG_DEGRADATION,1,17,6,38.2644650435,60.4111947442,55.0995339482,0.8732301845,44.2202108408,66.4833481872,60.1946412264,STANDBY,0,0,0.7735062529000001
2024-03-17 02:00:00,RIG_DEGRADATION,2,17,6,38.2644650435,58.5379141886,52.9342255443,0.7896803449,46.0372968994,67.848687225,61.6485271493,STANDBY,0,0,0.7711903659
2024-03-17 03:00:00,RIG_DEGRADATION,3,17,6,38.2644650435,57.7426720414,58.4354068381,0.8286706181,47.1736585149,71.817404293,66.8792032864,STANDBY,0,0,0.7688744789
2024-03-17 04:00:00,RIG_DEGRADATION,4,17,6,40.6559941088,55.337117163,58.6291689895,0.8253437337,46.0373539166,69.3783416569,59.6181236758,STANDBY,0,0,0.7665585919
2024-03-17 05:00:00,RIG_DEGRADATION,5,17,6,48.7310717994,76.07813205,76.5630455519,0.8682688796,48.2632901242,69.5262025741,80.3387631522,STANDBY,0,0,0.764242705
2024-03-17 06:00:00,RIG_DEGRADATION,6,17,6,57.3966975653,86.8566474281,80.8085034611,0.8228941002,54.2035201089,75.3204024537,83.2507783345,HIGH_PRODUCTION,0,0,0.7619268180000001
2024-03-17 07:00:00,RIG_DEGRADATION,7,17,6,66.0623233312,88.8453024626,82.5426299823,0.8903838896,49.7954152767,81.5463639918,85.1436827682,HIGH_PRODUCTION,0,0,0.7596109310000001
2024-03-17 08:00:00,RIG_DEGRADATION,8,17,6,74.1374010218,106.3777710669,95.0,0.9129858946,55.3004822188,81.9998431105,96.957576742,HIGH_PRODUCTION,0,0,0.757295044
2024-03-17 09:00:00,RIG_DEGRADATION,9,17,6,81.0716274372,99.9919948073,95.0,0.9216833439000001,56.3884437126,83.7341911618,101.1653417782,HIGH_PRODUCTION,0,0,0.7549791570000001
2024-03-17 10:00:00,RIG_DEGRADATION,10,17,6,86.3924465065,120.2904165285,95.0,0.9046414183,59.2809516762,88.2531976108,98.7580014051,HIGH_PRODUCTION,0,0,0.75266327
2024-03-17 11:00:00,RIG_DEGRADATION,11,17,6,89.7372532031,109.7357670765,95.0,0.9957125269,56.2808277737,79.9593328086,99.2180196089,HIGH_PRODUCTION,0,0,0.750347383
2024-03-17 12:00:00,RIG_DEGRADATION,12,17,6,90.8781044784,113.8493038653,95.0,1.0464933643,57.6241679917,89.3549233445,106.0292248684,HIGH_PRODUCTION,0,0,0.7480314961000001
2024-03-17 13:00:00,RIG_DEGRADATION,13,17,6,89.7372532031,111.2283974224,95.0,0.9654719765,57.7366973978,83.6314907904,104.6860900451,HIGH_PRODUCTION,0,0,0.7457156091
2024-03-17 14:00:00,RIG_DEGRADATION,14,17,6,86.3924465065,108.1356632869,95.0,1.0380522003,55.3892249042,85.5645694511,100.3113825623,HIGH_PRODUCTION,0,0,0.7433997221
2024-03-17 15:00:00,RIG_DEGRADATION,15,17,6,81.0716274372,111.9955476637,95.0,1.0080708546,57.6017670321,83.5481255314,102.2592349252,HIGH_PRODUCTION,0,0,0.7410838351
2024-03-17 16:00:00,RIG_DEGRADATION,16,17,6,74.1374010218,94.035775781,91.8850300658,0.9128300179000001,55.4379973292,73.5803273413,94.1041752871,HIGH_PRODUCTION,0,0,0.7387679481
2024-03-17 17:00:00,RIG_DEGRADATION,17,17,6,66.0623233312,86.9154187324,83.4027319183,0.8560210224,50.9788592865,77.610006451,85.2477713171,HIGH_PRODUCTION,0,0,0.7364520611
2024-03-17 18:00:00,RIG_DEGRADATION,18,17,6,57.3966975653,87.4604307058,84.1897045096,0.8220312729,55.7212625752,73.2231781831,85.4539191058,HIGH_PRODUCTION,0,0,0.7341361742
2024-03-17 19:00:00,RIG_DEGRADATION,19,17,6,48.7310717994,73.5253255655,70.1281269808,0.8433905916000001,46.5615183019,65.5223691204,77.2517091348,HIGH_PRODUCTION,0,0,0.7318202872
2024-03-17 20:00:00,RIG_DEGRADATION,20,17,6,40.6559941088,64.0172624042,64.0484929987,0.8871938582000001,44.0468991734,72.194031196,66.0175320009,HIGH_PRODUCTION,0,0,0.7295044002000001
2024-03-17 21:00:00,RIG_DEGRADATION,21,17,6,38.2644650435,60.5940719374,63.812099319,0.8980887742,45.4153447014,68.2878061472,66.0514963892,HIGH_PRODUCTION,0,0,0.7271885132
2024-03-17 22:00:00,RIG_DEGRADATION,22,17,6,38.2644650435,58.6287522729,60.7726112434,0.8089828468,45.0472670209,64.1301872049,68.4026367506,STANDBY,0,0,0.7248726262
2024-03-17 23:00:00,RIG_DEGRADATION,23,17,6,38.2644650435,56.9275319154,55.7386394063,0.7778838413,45.5323274891,65.1576732652,58.719162417,STANDBY,0,0,0.7225567392000001
2024-03-18 00:00:00,RIG_DEGRADATION,0,18,0,40.0,69.8898862061,66.6338154783,0.7784810822,42.6993246642,69.7998672771,72.154420295,STANDBY,0,0,0.7202408522
2024-03-18 01:00:00,RIG_DEGRADATION,1,18,0,40.0,56.5869783999,57.2525116955,0.8412564325,45.7976605878,65.2059041307,64.0247491731,STANDBY,0,0,0.7179249653
2024-03-18 02:00:00,RIG_DEGRADATION,2,18,0,40.0,62.7537814183,57.3944747416,0.8349965941,43.7756881081,71.3097573144,59.5898046714,STANDBY,0,0,0.7156090783
2024-03-18 03:00:00,RIG_DEGRADATION,3,18,0,40.0,60.7164828273,61.4872819287,0.794207069,43.6577055748,69.2700177093,67.9898782845,STANDBY,0,0,0.7132931913
2024-03-18 04:00:00,RIG_DEGRADATION,4,18,0,42.5,71.6116169461,69.5394556304,0.8730480233000001,47.6287417559,70.841004666,73.5520788805,STANDBY,0,0,0.7109773043000001
2024-03-18 05:00:00,RIG_DEGRADATION,5,18,0,50.9413334214,77.6300957709,76.6851202744,0.8853523939,50.8667870303,71.2445071764,82.5071516683,STANDBY,0,0,0.7086614173
2024-03-18 06:00:00,RIG_DEGRADATION,6,18,0,60.0,86.7225091896,82.015639224,0.9500062130000001,51.0356618035,73.9371565859,84.1038711628,HIGH_PRODUCTION,0,0,0.7063455303
2024-03-18 07:00:00,RIG_DEGRADATION,7,18,0,69.0586665786,90.4271061001,85.9606726287,0.9823168976000001,49.7858146261,76.9241708585,92.7751408889,HIGH_PRODUCTION,0,0,0.7040296434000001
2024-03-18 08:00:00,RIG_DEGRADATION,8,18,0,77.5,101.883929841,89.2672888023,0.8503195344000001,58.9536135214,79.7077955113,90.7894795145,HIGH_PRODUCTION,0,0,0.7017137564
2024-03-18 09:00:00,RIG_DEGRADATION,9,18,0,84.7487373415,100.4415926465,95.0,0.9905762591,57.1446155278,81.8992996533,102.7831231081,HIGH_PRODUCTION,0,0,0.6993978694
2024-03-18 10:00:00,RIG_DEGRADATION,10,18,0,90.3108891325,115.5590112127,95.0,0.9826561556000001,60.8719396761,81.4585828776,98.7400158041,HIGH_PRODUCTION,0,0,0.6970819824000001
2024-03-18 11:00:00,RIG_DEGRADATION,11,18,0,93.8074039201,116.3574796318,95.0,0.9370597004000001,56.5196778121,86.1578510844,94.6630621143,HIGH_PRODUCTION,0,0,0.6947660954
2024-03-18 12:00:00,RIG_DEGRADATION,12,18,0,95.0,113.7330258174,95.0,0.9260383938000001,54.4674255262,84.6439676005,105.3829979138,HIGH_PRODUCTION,0,0,0.6924502084
2024-03-18 13:00:00,RIG_DEGRADATION,13,18,0,93.8074039201,108.9968528978,95.0,0.9623265443000001,54.7384156532,79.2943906457,99.7918535275,HIGH_PRODUCTION,0,0,0.6901343214
2024-03-18 14:00:00,RIG_DEGRADATION,14,18,0,90.3108891325,118.3819978828,95.0,1.0152167205,58.4323355522,82.51798741100001,98.802965333,HIGH_PRODUCTION,0,0,0.6878184345
2024-03-18 15:00:00,RIG_DEGRADATION,15,18,0,84.7487373415,112.8644135032,95.0,0.9640687451000001,61.6439129507,83.7612939235,104.0431090609,HIGH_PRODUCTION,0,0,0.6855025475000001
2024-03-18 16:00:00,RIG_DEGRADATION,16,18,0,77.5,99.5941072803,94.3051643109,0.9109565395,53.2431759989,74.4429681314,98.2122279997,HIGH_PRODUCTION,0,0,0.6831866605
2024-03-18 17:00:00,RIG_DEGRADATION,17,18,0,69.0586665786,90.1551012032,85.0314420739,0.8635874575,52.4780946515,74.9653409257,89.0190987415,HIGH_PRODUCTION,0,0,0.6808707735
2024-03-18 18:00:00,RIG_DEGRADATION,18,18,0,60.0,83.6489902248,81.1978954485,0.9238975484,54.6828711777,72.6350898555,86.8408950088,HIGH_PRODUCTION,0,0,0.6785548865000001
2024-03-18 19:00:00,RIG_DEGRADATION,19,18,0,50.9413334214,74.3453298158,73.0400784548,0.934438816,48.5405641598,67.2475202415,78.8168434276,HIGH_PRODUCTION,0,0,0.6762389995
2024-03-18 20:00:00,RIG_DEGRADATION,20,18,0,42.5,61.0610447009,64.5702616523,0.8789081538,44.21077365,73.2767031867,71.7987269042,HIGH_PRODUCTION,0,0,0.6739231126
2024-03-18 21:00:00,RIG_DEGRADATION,21,18,0,40.0,56.9488126208,59.6707200551,0.8315590381,44.8396163241,69.3957728188,66.8030663266,HIGH_PRODUCTION,0,0,0.6716072256000001
2024-03-18 22:00:00,RIG_DEGRADATION,22,18,0,40.0,67.5087057552,65.2953654689,0.8464843675,48.8302398455,68.5635975355,75.6588531534,STANDBY,0,0,0.6692913386
2024-03-18 23:00:00,RIG_DEGRADATION,23,18,0,40.0,59.925791574,58.8276375825,0.8152972763,42.3497716827,65.4465858257,63.4781784347,STANDBY,0,0,0.6669754516
2024-03-19 00:00:00,RIG_DEGRADATION,0,19,1,38.2644650435,64.1159722713,62.8083233572,0.8015417125000001,45.2861413318,70.5192058258,69.4904404262,STANDBY,0,0,0.6646595646
2024-03-19 01:00:00,RIG_DEGRADATION,1,19,1,38.2644650435,57.1626854531,56.2749424366,0.7912408109,46.324160706,69.0801939197,62.7754586827,STANDBY,0,0,0.6623436776
2024-03-19 02:00:00,RIG_DEGRADATION,2,19,1,38.2644650435,65.4105954539,63.8848108932,0.8100820392,47.8567740012,69.2747986694,68.3507784187,STANDBY,0,0,0.6600277906
2024-03-19 03:00:00,RIG_DEGRADATION,3,19,1,38.2644650435,55.172907582,59.3550107967,0.8630381958000001,46.8029208961,62.0982517682,62.4203456551,STANDBY,0,0,0.6577119037
2024-03-19 04:00:00,RIG_DEGRADATION,4,19,1,40.6559941088,63.305852184,61.5205117853,0.7849849778,43.8459953885,65.9950007668,64.4766572485,STANDBY,0,0,0.6553960167
2024-03-19 05:00:00,RIG_DEGRADATION,5,19,1,48.7310717994,62.7347749138,66.5092872219,0.8121064471,46.2035065882,62.1166017704,74.9635654695,STANDBY,0,0,0.6530801297000001
2024-03-19 06:00:00,RIG_DEGRADATION,6,19,1,57.3966975653,78.485856986,77.7679567288,0.9521157411000001,50.437613296,71.4823370215,83.596292005,HIGH_PRODUCTION,0,0,0.6507642427
2024-03-19 07:00:00,RIG_DEGRADATION,7,19,1,66.0623233312,74.9236960999,77.5495763979,0.8699174645000001,54.2024909088,71.8317848487,78.5915482744,HIGH_PRODUCTION,0,0,0.6484483557
2024-03-19 08:00:00,RIG_DEGRADATION,8,19,1,74.1374010218,88.957042407,86.4607702355,0.8960561818,50.7204193434,75.0108402917,92.3468300942,HIGH_PRODUCTION,0,0,0.6461324687000001
2024-03-19 09:00:00,RIG_DEGRADATION,9,19,1,81.0716274372,99.8224793354,95.0,0.9766089936000001,55.6049408394,79.1376953846,97.744660793,HIGH_PRODUCTION,0,0,0.6438165818
2024-03-19 10:00:00,RIG_DEGRADATION,10,19,1,86.3924465065,113.8840767958,95.0,1.0293123167,56.2837273358,82.9666477803,95.098982605,HIGH_PRODUCTION,0,0,0.6415006948
2024-03-19 11:00:00,RIG_DEGRADATION,11,19,1,89.7372532031,115.3142010065,95.0,0.9877635831,60.1991138034,85.4867115001,101.2236383939,HIGH_PRODUCTION,0,0,0.6391848078
2024-03-19 12:00:00,RIG_DEGRADATION,12,19,1,90.8781044784,116.6928458958,95.0,0.9792360712,60.3678869785,83.7189386069,96.1316892932,HIGH_PRODUCTION,0,0,0.6368689208
2024-03-19 13:00:00,RIG_DEGRADATION,13,19,1,89.7372532031,104.3078206984,95.0,0.9403689495,56.4215278678,78.7144226235,100.85170198,HIGH_PRODUCTION,0,0,0.6345530338
2024-03-19 14:00:00,RIG_DEGRADATION,14,19,1,86.3924465065,100.927279661,95.0,0.9034267193000001,51.5774466668,77.6607593492,98.7765376136,HIGH_PRODUCTION,0,0,0.6322371468
2024-03-19 15:00:00,RIG_DEGRADATION,15,19,1,81.0716274372,113.6831713862,95.0,0.9847223487000001,57.3327778856,85.5109268397,101.5950570876,HIGH_PRODUCTION,0,0,0.6299212598
2024-03-19 16:00:00,RIG_DEGRADATION,16,19,1,74.1374010218,100.3149822352,94.8292655983,0.9493123893000001,54.4148193322,76.1011067619,93.4429323451,HIGH_PRODUCTION,0,0,0.6276053729000001
2024-03-19 17:00:00,RIG_DEGRADATION,17,19,1,66.0623233312,92.0162448312,85.3631290316,0.8333688531000001,53.1329042478,76.3620103079,87.6211743421,HIGH_PRODUCTION,0,0,0.6252894859
2024-03-19 18:00:00,RIG_DEGRADATION,18,19,1,57.3966975653,83.3392088535,80.8367288442,0.8820950470000001,50.2013906094,72.8081443785,88.9903023058,HIGH_PRODUCTION,0,0,0.6229735989
2024-03-19 19:00:00,RIG_DEGRADATION,19,19,1,48.7310717994,67.0519229888,69.8572179056,0.8320505575,48.3255336611,73.8592944545,74.8348722964,HIGH_PRODUCTION,0,0,0.6206577119000001
2024-03-19 20:00:00,RIG_DEGRADATION,20,19,1,40.6559941088,68.2442310101,64.0925645923,0.8264125802000001,49.865910663,75.3030966133,70.7330223769,HIGH_PRODUCTION,0,0,0.6183418249
2024-03-19 21:00:00,RIG_DEGRADATION,21,19,1,38.2644650435,58.9279383153,58.0328865439,0.8147221707000001,46.5563587838,66.0363496632,59.9585610402,HIGH_PRODUCTION,0,0,0.6160259379
2024-03-19 22:00:00,RIG_DEGRADATION,22,19,1,38.2644650435,66.574991135,60.5971644936,0.8400351945000001,46.1648151208,63.8661313689,65.7217636234,STANDBY,0,0,0.6137100509
2024-03-19 23:00:00,RIG_DEGRADATION,23,19,1,38.2644650435,53.4257004974,53.0398753134,0.8039574235,44.3376322258,61.7143283345,62.6822545306,STANDBY,0,0,0.611394164
2024-03-20 00:00:00,RIG_DEGRADATION,0,20,2,36.8726740701,70.2673965067,66.4032536681,0.9267243556,43.8679686197,70.0873215947,76.6898397602,STANDBY,0,0,0.6090782770000001
2024-03-20 01:00:00,RIG_DEGRADATION,1,20,2,36.8726740701,55.2500191872,54.12206382,0.7787700622,43.3478624864,64.4069829285,62.9765591167,STANDBY,0,0,0.60676239
2024-03-20 02:00:00,RIG_DEGRADATION,2,20,2,36.8726740701,64.6564970927,65.5683149152,0.8483460580000001,44.6901436462,70.3734077078,71.4341058597,STANDBY,0,0,0.604446503
2024-03-20 03:00:00,RIG_DEGRADATION,3,20,2,36.8726740701,65.6210854648,63.1910491551,0.8033739633,45.2720297436,73.405512727,66.5880744652,STANDBY,0,0,0.6021306160000001
2024-03-20 04:00:00,RIG_DEGRADATION,4,20,2,39.1772161995,50.9658252435,58.8212931591,0.8496939450000001,43.2321841547,67.0658512144,57.8297160486,STANDBY,0,0,0.599814729
2024-03-20 05:00:00,RIG_DEGRADATION,5,20,2,46.9585795986,63.5223781578,65.3760852263,0.865054422,45.8375056621,67.9780870788,68.156570131,STANDBY,0,0,0.5974988421
2024-03-20 06:00:00,RIG_DEGRADATION,6,20,2,55.3090111052,74.0222775436,74.0243316555,0.8654860254000001,47.1319768777,71.8722808078,81.6521028359,HIGH_PRODUCTION,0,0,0.5951829551
2024-03-20 07:00:00,RIG_DEGRADATION,7,20,2,63.6594426117,81.7886235236,81.374543113,0.8563311288000001,46.6736095087,77.6883300284,81.9950641154,HIGH_PRODUCTION,0,0,0.5928670681
2024-03-20 08:00:00,RIG_DEGRADATION,8,20,2,71.4408060109,96.5580244535,92.7139609442,0.9081447552,52.9790830064,74.4683134058,95.2275616895,HIGH_PRODUCTION,0,0,0.5905511811
2024-03-20 09:00:00,RIG_DEGRADATION,9,20,2,78.1228142462,103.4692438007,95.0,0.9764133471,59.0025958017,82.4083979328,95.273570725,HIGH_PRODUCTION,0,0,0.5882352941
2024-03-20 10:00:00,RIG_DEGRADATION,10,20,2,83.2500994991,109.4068213778,95.0,0.9528905031,57.7077750413,80.8825839071,99.6720371919,HIGH_PRODUCTION,0,0,0.5859194071
2024-03-20 11:00:00,RIG_DEGRADATION,11,20,2,86.4732457528,102.9017526616,95.0,0.8783584788000001,55.4937007365,82.3032123316,97.8450142162,HIGH_PRODUCTION,0,0,0.5836035201
2024-03-20 12:00:00,RIG_DEGRADATION,12,20,2,87.5726009166,109.2085997999,95.0,1.0243222198,56.475752843,81.589297229,97.9794875876,HIGH_PRODUCTION,0,0,0.5812876332
2024-03-20 13:00:00,RIG_DEGRADATION,13,20,2,86.4732457528,104.50409464090001,95.0,1.0213914974,57.2517192898,82.0154730025,103.710943966,HIGH_PRODUCTION,0,0,0.5789717462
2024-03-20 14:00:00,RIG_DEGRADATION,14,20,2,83.2500994991,99.6208141735,95.0,0.885658017,56.0317517351,77.7288229107,98.96152636,HIGH_PRODUCTION,0,0,0.5766558592000001
2024-03-20 15:00:00,RIG_DEGRADATION,15,20,2,78.1228142462,107.085758933,95.0,0.8881314967,57.0496744577,84.0513480558,102.7881296294,HIGH_PRODUCTION,0,0,0.5743399722
2024-03-20 16:00:00,RIG_DEGRADATION,16,20,2,71.4408060109,99.0552439709,92.3147826594,1.0336233254,54.1775269366,79.4415588254,97.4139075098,HIGH_PRODUCTION,0,0,0.5720240852
2024-03-20 17:00:00,RIG_DEGRADATION,17,20,2,63.6594426117,83.0932310169,80.1549653058,0.9968927911000001,50.1582366925,77.2597191064,85.4041676782,HIGH_PRODUCTION,0,0,0.5697081982000001
2024-03-20 18:00:00,RIG_DEGRADATION,18,20,2,55.3090111052,86.3553495752,84.8050520572,0.8978890976,50.7937136944,79.522592843,88.3064382336,HIGH_PRODUCTION,0,0,0.5673923113
2024-03-20 19:00:00,RIG_DEGRADATION,19,20,2,46.9585795986,77.5999083271,74.262738055,0.9222067305,48.1707518325,74.6370278606,79.8617535648,HIGH_PRODUCTION,0,0,0.5650764243
2024-03-20 20:00:00,RIG_DEGRADATION,20,20,2,39.1772161995,58.1709291606,61.0704818429,0.8207124856,45.1889618659,64.9396620612,66.3306981709,HIGH_PRODUCTION,0,0,0.5627605373
2024-03-20 21:00:00,RIG_DEGRADATION,21,20,2,36.8726740701,61.9589600034,64.4733062816,0.7942581238,47.297557066,66.5491626267,70.45428031,HIGH_PRODUCTION,0,0,0.5604446503
2024-03-20 22:00:00,RIG_DEGRADATION,22,20,2,36.8726740701,62.8629788827,61.7280294578,0.8527440615,47.794247083,68.4616122027,65.2116983904,STANDBY,0,0,0.5581287633
2024-03-20 23:00:00,RIG_DEGRADATION,23,20,2,36.8726740701,62.5323638764,61.41725355,0.8253175127,47.3445590026,73.3824000013,62.0239009274,STANDBY,0,0,0.5558128763
2024-03-21 00:00:00,RIG_DEGRADATION,0,21,3,36.1002883513,54.8931083835,55.1022116943,0.8002775430000001,44.0817461636,66.2495146868,61.2047761384,STANDBY,0,0,0.5534969893
2024-03-21 01:00:00,RIG_DEGRADATION,1,21,3,36.1002883513,67.6163279115,64.2317268686,0.9627667342,49.6046922728,70.5619708928,70.1766059386,STANDBY,0,0,0.5511811024000001
2024-03-21 02:00:00,RIG_DEGRADATION,2,21,3,36.1002883513,59.1319784807,59.8677054325,0.8791058605000001,43.1725129413,71.6475139461,61.3087930267,STANDBY,0,0,0.5488652154
2024-03-21 03:00:00,RIG_DEGRADATION,3,21,3,36.1002883513,59.9312994116,60.5842417296,0.9005724417000001,47.7517277321,72.4341919401,64.264503212,STANDBY,0,0,0.5465493284
2024-03-21 04:00:00,RIG_DEGRADATION,4,21,3,38.3565563732,63.2564796394,64.0300264614,0.9429269283,45.9606860439,70.5354148699,70.1684811104,STANDBY,0,0,0.5442334414000001
2024-03-21 05:00:00,RIG_DEGRADATION,5,21,3,45.9749206378,70.8309842033,69.3846909632,0.9694591143,46.0592941743,74.0894309972,73.2287276511,STANDBY,0,0,0.5419175544
2024-03-21 06:00:00,RIG_DEGRADATION,6,21,3,54.1504325269,82.5410252999,83.2286295693,0.9148481135000001,50.2715082436,77.2286538072,88.7390742213,HIGH_PRODUCTION,0,0,0.5396016674
2024-03-21 07:00:00,RIG_DEGRADATION,7,21,3,62.325944416,89.779425409,87.1616956052,0.9714665484,51.8769440485,72.0283356534,96.6991162774,HIGH_PRODUCTION,0,0,0.5372857805
2024-03-21 08:00:00,RIG_DEGRADATION,8,21,3,69.9443086806,92.466022832,93.1958536903,0.939705953,53.6105702692,78.0476319492,98.4328251276,HIGH_PRODUCTION,0,0,0.5349698935
2024-03-21 09:00:00,RIG_DEGRADATION,9,21,3,76.4863463859,103.0770674264,95.0,0.945658117,54.9756735168,84.2116262552,107.4816209475,HIGH_PRODUCTION,0,0,0.5326540065
2024-03-21 10:00:00,RIG_DEGRADATION,10,21,3,81.5062284735,106.2547110909,95.0,1.0363049371,55.2318163431,79.602096742,98.4483049576,HIGH_PRODUCTION,0,0,0.5303381195
2024-03-21 11:00:00,RIG_DEGRADATION,11,21,3,84.661858275,106.5647710231,95.0,0.9648959039,59.9444001251,84.1871329489,103.3700066213,HIGH_PRODUCTION,0,0,0.5280222325
2024-03-21 12:00:00,RIG_DEGRADATION,12,21,3,85.7381848343,111.7159712298,95.0,1.0410289204,58.848260622,83.6811226551,98.31139821,HIGH_PRODUCTION,0,0,0.5257063455000001
2024-03-21 13:00:00,RIG_DEGRADATION,13,21,3,84.661858275,114.799374418,95.0,1.0463859624,58.7081862597,86.4952209513,97.7528336671,HIGH_PRODUCTION,0,0,0.5233904585
2024-03-21 14:00:00,RIG_DEGRADATION,14,21,3,81.5062284735,107.4715908481,95.0,0.9744056158000001,56.0872235412,85.3254509646,93.8025599112,HIGH_PRODUCTION,0,0,0.5210745716
2024-03-21 15:00:00,RIG_DEGRADATION,15,21,3,76.4863463859,104.184367816,95.0,0.9207244584000001,53.8395533334,86.5595919955,100.9774308531,HIGH_PRODUCTION,0,0,0.5187586846
2024-03-21 16:00:00,RIG_DEGRADATION,16,21,3,69.9443086806,100.0901813583,90.1101366914,1.0444899983,51.7646126786,81.427944999,99.1527735646,HIGH_PRODUCTION,0,0,0.5164427976
2024-03-21 17:00:00,RIG_DEGRADATION,17,21,3,62.325944416,89.3636279818,84.1742225077,0.8865667290000001,50.3994245453,76.3225452043,91.039954264,HIGH_PRODUCTION,0,0,0.5141269106
2024-03-21 18:00:00,RIG_DEGRADATION,18,21,3,54.1504325269,84.4105451516,82.3421476128,0.9261736348,50.4679343284,73.8548913946,84.9214187557,HIGH_PRODUCTION,0,0,0.5118110236
2024-03-21 19:00:00,RIG_DEGRADATION,19,21,3,45.9749206378,72.0025585517,70.4544388749,0.8881521456,47.0723717832,67.0016427344,73.553763899,HIGH_PRODUCTION,0,0,0.5094951366
2024-03-21 20:00:00,RIG_DEGRADATION,20,21,3,38.3565563732,54.9010850328,57.7328490889,0.8031241229,45.1518594135,64.3873951483,64.64018002,HIGH_PRODUCTION,0,0,0.5071792497000001
2024-03-21 21:00:00,RIG_DEGRADATION,21,21,3,36.1002883513,52.7902824566,57.6833930516,0.8115608005,38.3613956111,65.5970815372,61.4544166928,HIGH_PRODUCTION,0,0,0.5048633627
2024-03-21 22:00:00,RIG_DEGRADATION,22,21,3,36.1002883513,60.7658077506,62.0019078435,0.7940268835000001,45.3738737213,67.3353546742,65.8935025823,STANDBY,0,0,0.5025474757
2024-03-21 23:00:00,RIG_DEGRADATION,23,21,3,36.1002883513,54.6787200205,57.2173697798,0.8783154142,46.8691087157,65.1469084294,63.4235446707,STANDBY,0,0,0.5002315887000001
2024-03-22 00:00:00,RIG_DEGRADATION,0,22,4,36.1002883513,57.4886471707,54.514573309,0.8292112139000001,42.5132062942,64.8711383753,54.849595027,STANDBY,0,0,0.4979157017
2024-03-22 01:00:00,RIG_DEGRADATION,1,22,4,36.1002883513,52.1256105404,54.2555686194,0.8192366512,42.3713188373,66.8140132866,58.7017493888,STANDBY,0,0,0.49559981470000003
2024-03-22 02:00:00,RIG_DEGRADATION,2,22,4,36.1002883513,54.4540173105,56.4174536253,0.7827618196,43.4350704241,68.6448999719,62.3821807823,STANDBY,0,0,0.4932839277
2024-03-22 03:00:00,RIG_DEGRADATION,3,22,4,36.1002883513,64.3966546502,71.435411402,0.835609793,46.9650484642,73.2901644321,75.2789074656,STANDBY,0,0,0.4909680408
2024-03-22 04:00:00,RIG_DEGRADATION,4,22,4,38.3565563732,73.2633551245,67.403325913,0.8002785864,46.7198253958,67.844017513,70.3827466101,STANDBY,0,0,0.48865215380000004
2024-03-22 05:00:00,RIG_DEGRADATION,5,22,4,45.9749206378,80.8609905617,73.6396970177,0.8935690001000001,49.8338753407,84.2002172497,73.6256762641,STANDBY,0,0,0.4863362668
2024-03-22 06:00:00,RIG_DEGRADATION,6,22,4,54.1504325269,85.8916269121,76.5210643792,0.9360033437,48.1284633341,76.9588319499,79.552888027,HIGH_PRODUCTION,0,0,0.4840203798
2024-03-22 07:00:00,RIG_DEGRADATION,7,22,4,62.325944416,86.8144720228,83.1149222298,0.9185162254,54.2162784011,82.7835567673,84.4942028908,HIGH_PRODUCTION,0,0,0.4817044928
2024-03-22 08:00:00,RIG_DEGRADATION,8,22,4,69.9443086806,88.2658173563,86.115410733,1.0143778899,51.1146563149,76.7709472445,92.7039800751,HIGH_PRODUCTION,0,0,0.47938860580000003
2024-03-22 09:00:00,RIG_DEGRADATION,9,22,4,76.4863463859,92.5615262059,91.5709603401,0.8565157781,54.701361882,76.4670187887,95.8406514553,HIGH_PRODUCTION,0,0,0.4770727189
2024-03-22 10:00:00,RIG_DEGRADATION,10,22,4,81.5062284735,101.7628177418,95.0,0.9538950349,57.4437393907,81.0065398002,93.3294025115,HIGH_PRODUCTION,0,0,0.4747568319
2024-03-22 11:00:00,RIG_DEGRADATION,11,22,4,84.661858275,111.7965101627,95.0,0.9613991959,56.6149135709,83.0866147718,96.8891430235,HIGH_PRODUCTION,0,0,0.4724409449
2024-03-22 12:00:00,RIG_DEGRADATION,12,22,4,85.7381848343,111.3841952478,95.0,0.9466550799000001,57.32681604,85.2769277779,101.0660005658,HIGH_PRODUCTION,0,0,0.47012505790000003
2024-03-22 13:00:00,RIG_DEGRADATION,13,22,4,84.661858275,108.8384940691,95.0,0.9189613415000001,59.9446972864,83.5789890025,104.62600612,HIGH_PRODUCTION,0,0,0.4678091709
2024-03-22 14:00:00,RIG_DEGRADATION,14,22,4,81.5062284735,111.7114516981,95.0,0.9969042154000001,56.0814619601,84.0677894425,102.1972584078,HIGH_PRODUCTION,0,0,0.4654932839
2024-03-22 15:00:00,RIG_DEGRADATION,15,22,4,76.4863463859,101.7524886313,95.0,0.9315753928,53.4082931065,82.9800346893,99.2585469699,HIGH_PRODUCTION,0,0,0.46317739690000004
2024-03-22 16:00:00,RIG_DEGRADATION,16,22,4,69.9443086806,95.1323338603,88.0641029459,1.0125203595,51.47716724,77.6005778328,91.6661670658,HIGH_PRODUCTION,0,0,0.46086151000000003
2024-03-22 17:00:00,RIG_DEGRADATION,17,22,4,62.325944416,88.5623945001,85.4180952158,1.0066603477,48.792872603,80.669265325,87.4702764431,HIGH_PRODUCTION,0,0,0.458545623
2024-03-22 18:00:00,RIG_DEGRADATION,18,22,4,54.1504325269,76.6486651658,75.3795794792,0.8438524575,46.4880866068,75.7907570898,84.1085606526,HIGH_PRODUCTION,0,0,0.45622973600000005
2024-03-22 19:00:00,RIG_DEGRADATION,19,22,4,45.9749206378,67.8945123135,68.6331056639,0.8645405987,49.1789731028,70.6626794488,77.2481396934,HIGH_PRODUCTION,0,0,0.45391384900000004
2024-03-22 20:00:00,RIG_DEGRADATION,20,22,4,38.3565563732,67.6903678312,65.9816993458,0.9207584886,46.4374888851,75.1265245658,70.5878274839,HIGH_PRODUCTION,0,0,0.451597962
2024-03-22 21:00:00,RIG_DEGRADATION,21,22,4,36.1002883513,61.9460776508,60.3668462219,0.8469270956,43.5178329224,69.0477446419,67.2882126815,HIGH_PRODUCTION,0,0,0.449282075
2024-03-22 22:00:00,RIG_DEGRADATION,22,22,4,36.1002883513,76.795381378,67.8940429282,0.9715580547,50.4664470927,65.6946282865,69.8561626002,STANDBY,0,0,0.4469661881
2024-03-22 23:00:00,RIG_DEGRADATION,23,22,4,36.1002883513,64.4629534326,60.6802641565,0.9340182125000001,46.6129707607,64.7787501639,65.3959134041,STANDBY,0,0,0.44465030110000003
2024-03-23 00:00:00,RIG_DEGRADATION,0,23,5,36.8726740701,67.6152730581,60.8302554935,0.7766429844,44.4000229777,73.1252318572,65.5981060286,STANDBY,0,0,0.4423344141
2024-03-23 01:00:00,RIG_DEGRADATION,1,23,5,36.8726740701,60.9444813515,58.2809361554,0.9091871812000001,43.2057887427,63.9202002002,62.7613935445,STANDBY,0,0,0.4400185271
2024-03-23 02:00:00,RIG_DEGRADATION,2,23,5,36.8726740701,57.9638945869,58.1722101925,0.7869930741000001,45.6445832608,66.2739600673,63.2764223172,STANDBY,0,0,0.43770264010000004
2024-03-23 03:00:00,RIG_DEGRADATION,3,23,5,36.8726740701,55.474755511,60.4946465716,0.8705888593000001,43.2225953271,68.4677832328,60.1982096927,STANDBY,0,0,0.4353867531
2024-03-23 04:00:00,RIG_DEGRADATION,4,23,5,39.1772161995,54.2681537655,56.6615085144,0.8659829942,46.7535430954,66.6564251862,62.6184394908,STANDBY,0,0,0.4330708661
2024-03-23 05:00:00,RIG_DEGRADATION,5,23,5,46.9585795986,71.6725579551,69.3845746439,0.8744349531000001,45.3470414968,71.3117043235,70.0067413953,STANDBY,0,0,0.4307549792
2024-03-23 06:00:00,RIG_DEGRADATION,6,23,5,55.3090111052,86.5705715651,84.0309330441,1.004983332,52.8033106581,77.8039712491,89.395687062,HIGH_PRODUCTION,0,0,0.42843909220000004
2024-03-23 07:00:00,RIG_DEGRADATION,7,23,5,63.6594426117,81.4632671089,79.8513698548,0.8681471141,49.3997481101,76.2757372684,79.8216451812,HIGH_PRODUCTION,0,0,0.4261232052
2024-03-23 08:00:00,RIG_DEGRADATION,8,23,5,71.4408060109,94.5832565923,91.8271440879,0.933060721,50.1030107262,79.1573416057,100.564688308,HIGH_PRODUCTION,0,0,0.4238073182
2024-03-23 09:00:00,RIG_DEGRADATION,9,23,5,78.1228142462,99.5613195058,93.1230538872,0.9227374501000001,55.7293086781,74.3693359121,104.4954156027,HIGH_PRODUCTION,0,0,0.4214914312
2024-03-23 10:00:00,RIG_DEGRADATION,10,23,5,83.2500994991,107.2659315884,95.0,0.9375352529000001,61.520167908,83.653070643,105.1250560133,HIGH_PRODUCTION,0,0,0.4191755442
2024-03-23 11:00:00,RIG_DEGRADATION,11,23,5,86.4732457528,111.3495301153,95.0,0.9480669165000001,59.2724107583,78.1302680989,102.2397856694,HIGH_PRODUCTION,0,0,0.4168596572
2024-03-23 12:00:00,RIG_DEGRADATION,12,23,5,87.5726009166,119.5385058686,95.0,1.061625347,57.655432094700004,87.1925748098,98.4956358522,HIGH_PRODUCTION,0,0,0.4145437703
2024-03-23 13:00:00,RIG_DEGRADATION,13,23,5,86.4732457528,95.3363033471,95.0,0.9450283747,56.3121430186,78.3225129645,97.8342466949,HIGH_PRODUCTION,0,0,0.41222788330000004
2024-03-23 14:00:00,RIG_DEGRADATION,14,23,5,83.2500994991,99.3594672948,95.0,0.9195650151,53.81878126,80.0952521699,103.5995820364,HIGH_PRODUCTION,0,0,0.4099119963
2024-03-23 15:00:00,RIG_DEGRADATION,15,23,5,78.1228142462,105.2504246232,95.0,0.9691608733,57.6021778987,81.85722779540001,103.4800596861,HIGH_PRODUCTION,0,0,0.4075961093
2024-03-23 16:00:00,RIG_DEGRADATION,16,23,5,71.4408060109,90.89053125,89.7736302822,0.9274409117,48.7840885651,82.8021806219,95.6882033823,HIGH_PRODUCTION,0,0,0.4052802223
2024-03-23 17:00:00,RIG_DEGRADATION,17,23,5,63.6594426117,83.3968954644,80.7825456644,0.9797872813,49.8008986053,76.0025972232,80.0775231007,HIGH_PRODUCTION,0,0,0.40296433530000003
2024-03-23 18:00:00,RIG_DEGRADATION,18,23,5,55.3090111052,77.4215427139,80.2272128522,0.8581460564000001,46.4892974469,71.0221971931,89.2523850462,HIGH_PRODUCTION,0,0,0.4006484484
2024-03-23 19:00:00,RIG_DEGRADATION,19,23,5,46.9585795986,66.7760359031,66.0700502834,0.7591182626,50.2313221883,69.1286631915,69.2959944478,HIGH_PRODUCTION,0,0,0.3983325614
2024-03-23 20:00:00,RIG_DEGRADATION,20,23,5,39.1772161995,59.1684312636,62.7807958855,0.8208456694,44.4158731483,67.3326968569,62.4635771525,HIGH_PRODUCTION,0,0,0.3960166744
2024-03-23 21:00:00,RIG_DEGRADATION,21,23,5,36.8726740701,64.396888711,61.0090052528,0.9179893516000001,48.184282649,68.4641905346,72.571199435,HIGH_PRODUCTION,0,0,0.39370078740000003
2024-03-23 22:00:00,RIG_DEGRADATION,22,23,5,36.8726740701,52.5368116591,51.907475923,0.8732943005,45.6223097414,66.4543075577,58.0624885749,STANDBY,0,0,0.3913849004
2024-03-23 23:00:00,RIG_DEGRADATION,23,23,5,36.8726740701,55.1807257714,54.4989399217,0.7838285297,44.4296706475,69.9753251056,63.6063416724,STANDBY,0,0,0.3890690134
2024-03-24 00:00:00,RIG_DEGRADATION,0,24,6,38.2644650435,64.8634650646,61.6378587652,0.8688024702,49.1735476799,72.2329714154,64.6554738325,STANDBY,0,0,0.38675312640000004
2024-03-24 01:00:00,RIG_DEGRADATION,1,24,6,38.2644650435,73.9363064267,66.8964125872,0.9088935088000001,51.3219399131,74.0422634448,70.2200139756,STANDBY,0,0,0.3844372395
2024-03-24 02:00:00,RIG_DEGRADATION,2,24,6,38.2644650435,68.7250381477,65.3267024286,0.834212719,45.4691313862,65.7552356821,65.3689567687,STANDBY,0,0,0.3821213525
2024-03-24 03:00:00,RIG_DEGRADATION,3,24,6,38.2644650435,57.6519037751,58.5955123552,0.8598248310000001,47.4563768559,67.8321508942,61.698546816,STANDBY,0,0,0.3798054655
2024-03-24 04:00:00,RIG_DEGRADATION,4,24,6,40.6559941088,62.970731404,62.6392278092,0.8558306836,45.1496182132,71.1993591038,69.4176093002,STANDBY,0,0,0.37748957850000003
2024-03-24 05:00:00,RIG_DEGRADATION,5,24,6,48.7310717994,71.2105674582,69.3989685158,0.8366664787,45.1803266147,72.192892123,70.2558718554,STANDBY,0,0,0.3751736915
2024-03-24 06:00:00,RIG_DEGRADATION,6,24,6,57.3966975653,74.284902462,75.6277748257,0.8982786966,46.5241089349,75.2052068698,80.9811414092,HIGH_PRODUCTION,0,0,0.3728578045
2024-03-24 07:00:00,RIG_DEGRADATION,7,24,6,66.0623233312,90.5135890547,86.8183108737,0.9574723425,51.9470233061,74.2659044162,94.7028612226,HIGH_PRODUCTION,0,0,0.3705419176
2024-03-24 08:00:00,RIG_DEGRADATION,8,24,6,74.1374010218,93.2381755365,90.3101804196,0.9417240589,50.1316071669,79.7206839807,97.2667001166,HIGH_PRODUCTION,0,0,0.36822603060000003
2024-03-24 09:00:00,RIG_DEGRADATION,9,24,6,81.0716274372,99.8348738267,95.0,0.9103465086,52.5327027345,79.182183707,99.7836083952,HIGH_PRODUCTION,0,0,0.3659101436
2024-03-24 10:00:00,RIG_DEGRADATION,10,24,6,86.3924465065,114.7102240979,95.0,1.0806422934,57.8733316073,85.7754743528,101.0420361526,HIGH_PRODUCTION,0,0,0.3635942566
2024-03-24 11:00:00,RIG_DEGRADATION,11,24,6,89.7372532031,112.4256450123,95.0,1.036760127,59.3135487006,82.1003906723,98.8305174285,HIGH_PRODUCTION,0,0,0.36127836960000004
2024-03-24 12:00:00,RIG_DEGRADATION,12,24,6,90.8781044784,113.551599269,95.0,0.9926502773,56.7456732484,80.6730112231,99.432832907,HIGH_PRODUCTION,0,0,0.3589624826
2024-03-24 13:00:00,RIG_DEGRADATION,13,24,6,89.7372532031,103.4972916611,95.0,1.0468397615,57.4432480647,80.8281212866,95.9680920064,HIGH_PRODUCTION,0,0,0.3566465956
2024-03-24 14:00:00,RIG_DEGRADATION,14,24,6,86.3924465065,111.7437129129,95.0,0.9319322334000001,56.0471245505,86.2604339125,97.7161002877,HIGH_PRODUCTION,0,0,0.3543307087
2024-03-24 15:00:00,RIG_DEGRADATION,15,24,6,81.0716274372,105.3418031178,95.0,1.0796498066,56.3115770314,82.5497330746,102.5093719864,HIGH_PRODUCTION,0,0,0.35201482170000004
2024-03-24 16:00:00,RIG_DEGRADATION,16,24,6,74.1374010218,90.8583787656,88.2793636969,0.9316868744000001,56.7423934691,78.287009307,94.2748897134,HIGH_PRODUCTION,0,0,0.3496989347
2024-03-24 17:00:00,RIG_DEGRADATION,17,24,6,66.0623233312,90.7645988976,90.0976490678,0.9108996148,53.6178992507,78.7033071267,101.3859980302,HIGH_PRODUCTION,0,0,0.3473830477
2024-03-24 18:00:00,RIG_DEGRADATION,18,24,6,57.3966975653,84.038497934,79.8500372574,0.8764608091,52.1530488795,72.1499077159,79.7561923367,HIGH_PRODUCTION,0,0,0.3450671607
2024-03-24 19:00:00,RIG_DEGRADATION,19,24,6,48.7310717994,70.479511361,71.3041663901,0.9271683314,43.0595559944,67.5069170739,73.6104183418,HIGH_PRODUCTION,0,0,0.3427512737
2024-03-24 20:00:00,RIG_DEGRADATION,20,24,6,40.6559941088,59.1221786542,62.7675284416,0.8477983497,47.9274963966,69.7599827385,68.1295238748,HIGH_PRODUCTION,0,0,0.3404353868
2024-03-24 21:00:00,RIG_DEGRADATION,21,24,6,38.2644650435,62.4654589102,63.5755713788,0.8722398397000001,48.1361021535,67.4136416635,69.2723799097,HIGH_PRODUCTION,0,0,0.3381194998
2024-03-24 22:00:00,RIG_DEGRADATION,22,24,6,38.2644650435,59.5866907118,58.9713500913,0.8453290443,47.5163929683,70.6208588673,62.75394481,STANDBY,0,0,0.33580361280000004
2024-03-24 23:00:00,RIG_DEGRADATION,23,24,6,38.2644650435,65.2528606047,57.5279892516,0.8321152365000001,45.7928823102,65.343460173,58.408864608,STANDBY,0,0,0.3334877258
2024-03-25 00:00:00,RIG_DEGRADATION,0,25,0,40.0,53.3026936272,55.5116324817,0.8608928561,38.3993959797,61.6657037529,55.9266177223,STANDBY,1,1,0.3311718388
2024-03-25 01:00:00,RIG_DEGRADATION,1,25,0,40.0,61.4401463909,60.2651337584,0.9004535277,52.1075414358,70.5832350313,62.6912324963,STANDBY,1,1,0.3288559518
2024-03-25 02:00:00,RIG_DEGRADATION,2,25,0,40.0,66.0970372219,63.0691324553,0.9672477257000001,48.6498092829,70.3653224563,69.2361629333,STANDBY,1,1,0.32654006480000003
2024-03-25 03:00:00,RIG_DEGRADATION,3,25,0,40.0,69.4621922374,65.2369008165,0.9095672723,46.8087656934,73.7716216506,70.5149822887,STANDBY,1,1,0.3242241779
2024-03-25 04:00:00,RIG_DEGRADATION,4,25,0,42.5,62.1527068748,63.0442522962,0.8600262298,40.880615971,64.6560865223,69.7019163828,STANDBY,1,1,0.3219082909
2024-03-25 05:00:00,RIG_DEGRADATION,5,25,0,50.9413334214,72.0650284579,69.7701657252,1.0424181701,49.7367913893,66.1432836006,77.9122289533,STANDBY,1,1,0.3195924039
2024-03-25 06:00:00,RIG_DEGRADATION,6,25,0,60.0,85.2161769736,80.4960843182,1.0935600476,50.5670717074,74.0320014445,81.4663048507,HIGH_PRODUCTION,1,1,0.3172765169
2024-03-25 07:00:00,RIG_DEGRADATION,7,25,0,69.0586665786,85.5547683295,84.7352408876,1.053998822,53.2274078684,78.6233043094,90.6344502387,HIGH_PRODUCTION,1,1,0.3149606299
2024-03-25 08:00:00,RIG_DEGRADATION,8,25,0,77.5,107.9130471047,95.0,1.2188898764,56.4739976738,80.3481903084,98.345898554,HIGH_PRODUCTION,1,1,0.3126447429
2024-03-25 09:00:00,RIG_DEGRADATION,9,25,0,84.7487373415,106.6899466087,95.0,1.2099711294,58.0304725368,84.7711377045,101.5724884946,HIGH_PRODUCTION,1,1,0.31032885600000004
2024-03-25 10:00:00,RIG_DEGRADATION,10,25,0,90.3108891325,112.7102889269,95.0,1.1573849715,63.2614079734,83.7637651523,104.6574814328,HIGH_PRODUCTION,1,1,0.308012969
2024-03-25 11:00:00,RIG_DEGRADATION,11,25,0,93.8074039201,119.3191719665,95.0,1.2976221323,60.6121058985,82.8558557932,100.304279809,HIGH_PRODUCTION,1,1,0.305697082
2024-03-25 12:00:00,RIG_DEGRADATION,12,25,0,95.0,121.0543384527,95.0,1.3337858767,62.8134479176,84.0411507639,106.094238116,HIGH_PRODUCTION,1,1,0.303381195
2024-03-25 13:00:00,RIG_DEGRADATION,13,25,0,93.8074039201,129.6636238222,95.0,1.2619940119,60.7314745134,87.6420925774,106.9062073556,HIGH_PRODUCTION,1,1,0.30106530800000003
2024-03-25 14:00:00,RIG_DEGRADATION,14,25,0,90.3108891325,119.7985123413,95.0,1.2697100063,60.5098894382,84.456500564,103.9630464842,HIGH_PRODUCTION,1,1,0.298749421
2024-03-25 15:00:00,RIG_DEGRADATION,15,25,0,84.7487373415,115.7398692231,95.0,1.3218834255,57.0201076959,79.2494538831,104.5113398723,HIGH_PRODUCTION,1,1,0.296433534
2024-03-25 16:00:00,RIG_DEGRADATION,16,25,0,77.5,109.0393907063,95.0,1.2469001277,61.7758500899,77.5567577223,105.4080820194,HIGH_PRODUCTION,1,1,0.2941176471
2024-03-25 17:00:00,RIG_DEGRADATION,17,25,0,69.0586665786,101.6818085555,95.0,1.3160007888,49.5238365196,76.3832262324,104.767111374,HIGH_PRODUCTION,1,1,0.29180176010000003
2024-03-25 18:00:00,RIG_DEGRADATION,18,25,0,60.0,92.242910473,86.5182924109,1.2393123783,51.7198029751,70.823424199,96.7203290455,HIGH_PRODUCTION,1,1,0.2894858731
2024-03-25 19:00:00,RIG_DEGRADATION,19,25,0,50.9413334214,80.9620273165,81.2203722681,1.2464964619,42.228053227,74.2648449513,88.8547417639,HIGH_PRODUCTION,1,1,0.2871699861
2024-03-25 20:00:00,RIG_DEGRADATION,20,25,0,42.5,71.7856598182,70.5265446934,1.2546292953,54.0923795983,65.2704033479,79.6656969925,HIGH_PRODUCTION,1,1,0.28485409910000004
2024-03-25 21:00:00,RIG_DEGRADATION,21,25,0,40.0,80.0469216857,76.6402088558,1.2908693325,55.9927939396,75.8673215489,81.5864792777,HIGH_PRODUCTION,1,1,0.2825382121
2024-03-25 22:00:00,RIG_DEGRADATION,22,25,0,40.0,84.3438179323,77.458037387,1.3843060602000001,53.2990231851,67.8056536368,86.3348180013,STANDBY,1,1,0.2802223252
2024-03-25 23:00:00,RIG_DEGRADATION,23,25,0,40.0,66.0843418345,65.0254723983,1.2302121374000001,48.3311297891,64.5337553283,75.8848163207,STANDBY,1,1,0.2779064382
2024-03-26 00:00:00,RIG_DEGRADATION,0,26,1,38.2644650435,69.0841222855,67.2323667926,1.3034421483,42.8578902138,63.8789124244,77.0916241151,STANDBY,1,1,0.27559055120000003
2024-03-26 01:00:00,RIG_DEGRADATION,1,26,1,38.2644650435,73.5036551926,70.8058971381,1.3023705464,49.0957138168,68.7652164563,88.1176229324,STANDBY,1,1,0.2732746642
2024-03-26 02:00:00,RIG_DEGRADATION,2,26,1,38.2644650435,76.0287848786,73.2231990715,1.3333619124,50.7000513366,69.291175469,87.4851645617,STANDBY,1,1,0.2709587772
2024-03-26 03:00:00,RIG_DEGRADATION,3,26,1,38.2644650435,70.950906953,70.9294915496,1.3188797785,51.8142318544,66.8031908346,84.4999661688,STANDBY,1,1,0.2686428902
2024-03-26 04:00:00,RIG_DEGRADATION,4,26,1,40.6559941088,64.073511269,71.3891640927,1.3098393635,45.7925193232,59.3462274798,81.7187329395,STANDBY,1,1,0.2663270032
2024-03-26 05:00:00,RIG_DEGRADATION,5,26,1,48.7310717994,81.5644168713,80.6718976834,1.4173154039,51.4034727929,65.8959416299,83.1239198662,STANDBY,1,1,0.2640111163
2024-03-26 06:00:00,RIG_DEGRADATION,6,26,1,57.3966975653,89.6243806143,92.3757710022,1.491507404,55.6789970295,75.2465658054,102.8701469243,HIGH_PRODUCTION,1,1,0.2616952293
2024-03-26 07:00:00,RIG_DEGRADATION,7,26,1,66.0623233312,104.1098862027,95.0,1.5393487095,51.7206283974,81.9496637711,105.8470523045,HIGH_PRODUCTION,1,1,0.2593793423
2024-03-26 08:00:00,RIG_DEGRADATION,8,26,1,74.1374010218,113.9602902119,95.0,1.6690097266000001,52.8861149136,73.6736185393,102.845742972,HIGH_PRODUCTION,1,1,0.2570634553
2024-03-26 09:00:00,RIG_DEGRADATION,9,26,1,81.0716274372,115.9561463408,95.0,1.6521501600000001,51.3150765745,77.9896991878,107.2171703814,HIGH_PRODUCTION,1,1,0.2547475683
2024-03-26 10:00:00,RIG_DEGRADATION,10,26,1,86.3924465065,118.290681476,95.0,1.5442945464,60.0935904198,75.891207198,108.1395764221,HIGH_PRODUCTION,1,1,0.2524316813
2024-03-26 11:00:00,RIG_DEGRADATION,11,26,1,89.7372532031,134.9799831342,95.0,1.7486742322,66.1014424272,81.5286111702,110.0,HIGH_PRODUCTION,1,1,0.2501157943
2024-03-26 12:00:00,RIG_DEGRADATION,12,26,1,90.8781044784,119.5932589886,95.0,1.6581333869,59.5277018638,78.8356795587,104.927842399,HIGH_PRODUCTION,1,1,0.24779990740000002
2024-03-26 13:00:00,RIG_DEGRADATION,13,26,1,89.7372532031,116.3135077553,95.0,1.6646732264000001,60.9879363691,76.7798143531,110.0,HIGH_PRODUCTION,1,1,0.2454840204
2024-03-26 14:00:00,RIG_DEGRADATION,14,26,1,86.3924465065,119.1025886573,95.0,1.7036287646,62.0382231563,76.3545211903,110.0,HIGH_PRODUCTION,1,1,0.2431681334
2024-03-26 15:00:00,RIG_DEGRADATION,15,26,1,81.0716274372,120.6946753452,95.0,1.7713247584,61.0195040937,75.1800612328,108.0495685605,HIGH_PRODUCTION,1,1,0.2408522464
2024-03-26 16:00:00,RIG_DEGRADATION,16,26,1,74.1374010218,111.1516674071,95.0,1.674354101,57.9364401763,76.0915599258,104.2429984354,HIGH_PRODUCTION,1,1,0.2385363594
2024-03-26 17:00:00,RIG_DEGRADATION,17,26,1,66.0623233312,105.2926053356,95.0,1.7590892762,56.747103757,73.3065601409,106.6795832784,HIGH_PRODUCTION,1,1,0.23622047240000002
2024-03-26 18:00:00,RIG_DEGRADATION,18,26,1,57.3966975653,93.8547874971,94.3126699449,1.7055941104999999,50.2359431533,69.4282138357,107.5160499725,HIGH_PRODUCTION,1,1,0.2339045855
2024-03-26 19:00:00,RIG_DEGRADATION,19,26,1,48.7310717994,83.7162855295,89.820362579,1.7087826528,57.4859809209,66.2761073227,102.9357946242,HIGH_PRODUCTION,1,1,0.2315886985
2024-03-26 20:00:00,RIG_DEGRADATION,20,26,1,40.6559941088,69.1158951634,71.871730039,1.6354072858,48.5483838134,63.2370391963,85.5474830302,HIGH_PRODUCTION,1,1,0.2292728115
2024-03-26 21:00:00,RIG_DEGRADATION,21,26,1,38.2644650435,72.4498384656,76.9825506496,1.6241942999,48.5456372698,59.3933538495,88.8365224689,HIGH_PRODUCTION,1,1,0.22695692450000002
2024-03-26 22:00:00,RIG_DEGRADATION,22,26,1,38.2644650435,79.5737671019,79.021581486,1.7947173753,47.2214800246,63.029576008,94.9366453227,STANDBY,1,1,0.2246410375
2024-03-26 23:00:00,RIG_DEGRADATION,23,26,1,38.2644650435,68.0589881806,69.1591884708,1.7247672671,40.8463398551,60.4823196511,89.3829084247,STANDBY,1,1,0.2223251505
2024-03-27 00:00:00,RIG_DEGRADATION,0,27,2,36.8726740701,71.6840329198,77.1445931939,1.7276754144000002,44.0445255539,58.2044139571,88.0957709309,STANDBY,1,1,0.2200092635
2024-03-27 01:00:00,RIG_DEGRADATION,1,27,2,36.8726740701,73.5293429398,74.2591817643,1.8079209277000001,45.9497883846,59.0425168333,89.0729450022,STANDBY,1,1,0.21769337660000002
2024-03-27 02:00:00,RIG_DEGRADATION,2,27,2,36.8726740701,77.6878088992,80.2838124659,1.8159633178,54.1330554842,66.4583121665,96.4615215914,STANDBY,1,1,0.2153774896
2024-03-27 03:00:00,RIG_DEGRADATION,3,27,2,36.8726740701,75.0139012794,80.2339875124,1.7376964293000001,42.784535441,63.8541915403,99.0933440938,STANDBY,1,1,0.2130616026
2024-03-27 04:00:00,RIG_DEGRADATION,4,27,2,39.1772161995,78.4313101798,78.5952685993,1.8373241574999999,49.528558793,65.9445508807,99.1378212643,STANDBY,1,1,0.2107457156
2024-03-27 05:00:00,RIG_DEGRADATION,5,27,2,46.9585795986,86.3622188333,87.8226644233,1.8430804992,56.2342227369,64.09953691,108.872336178,STANDBY,1,1,0.2084298286
2024-03-27 06:00:00,RIG_DEGRADATION,6,27,2,55.3090111052,93.866014425,94.3166063179,1.9370087625,58.6030930493,63.2147067615,107.6390458561,HIGH_PRODUCTION,1,1,0.20611394160000002
2024-03-27 07:00:00,RIG_DEGRADATION,7,27,2,63.6594426117,108.5546073579,95.0,1.9951406325,58.6385888278,76.3162925431,109.8111363841,HIGH_PRODUCTION,1,1,0.2037980547
2024-03-27 08:00:00,RIG_DEGRADATION,8,27,2,71.4408060109,117.8174598542,95.0,1.9578547097,60.7408948653,76.5646972611,110.0,HIGH_PRODUCTION,1,1,0.20148216770000002
2024-03-27 09:00:00,RIG_DEGRADATION,9,27,2,78.1228142462,126.8656070915,95.0,2.0480257057,56.0902174157,78.2604685299,110.0,HIGH_PRODUCTION,1,1,0.1991662807
2024-03-27 10:00:00,RIG_DEGRADATION,10,27,2,83.2500994991,124.9202269257,95.0,2.0510342725,58.8959830545,74.1940946499,110.0,HIGH_PRODUCTION,1,1,0.19685039370000001
2024-03-27 11:00:00,RIG_DEGRADATION,11,27,2,86.4732457528,121.4293862292,95.0,2.0379417969,57.5836298527,75.6193230826,110.0,HIGH_PRODUCTION,1,1,0.1945345067
2024-03-27 12:00:00,RIG_DEGRADATION,12,27,2,87.5726009166,136.3380341589,95.0,2.1916351334,65.0430802152,76.1489454944,110.0,HIGH_PRODUCTION,1,1,0.1922186197
2024-03-27 13:00:00,RIG_DEGRADATION,13,27,2,86.4732457528,130.1737562205,95.0,2.1112909852,59.4164973008,74.1576942654,110.0,HIGH_PRODUCTION,1,1,0.1899027327
2024-03-27 14:00:00,RIG_DEGRADATION,14,27,2,83.2500994991,124.9201764386,95.0,2.0597577916,58.095093333,72.7540490249,110.0,HIGH_PRODUCTION,1,1,0.1875868458
2024-03-27 15:00:00,RIG_DEGRADATION,15,27,2,78.1228142462,118.1856207442,95.0,2.1036563787,61.4986657391,72.6914587559,110.0,HIGH_PRODUCTION,1,1,0.1852709588
2024-03-27 16:00:00,RIG_DEGRADATION,16,27,2,71.4408060109,112.3589373352,95.0,2.1050033344,56.1589294188,70.8811823699,110.0,HIGH_PRODUCTION,1,1,0.1829550718
2024-03-27 17:00:00,RIG_DEGRADATION,17,27,2,63.6594426117,109.9040285845,95.0,2.2122316491,54.0470897268,69.862335664,110.0,HIGH_PRODUCTION,1,1,0.18063918480000002
2024-03-27 18:00:00,RIG_DEGRADATION,18,27,2,55.3090111052,112.8420995259,95.0,2.1863086714,55.7628991666,71.5830331916,110.0,HIGH_PRODUCTION,1,1,0.1783232978
2024-03-27 19:00:00,RIG_DEGRADATION,19,27,2,46.9585795986,94.0412149035,94.0010939373,2.0727799294,62.5182312138,64.231122322,110.0,HIGH_PRODUCTION,1,1,0.1760074108
2024-03-27 20:00:00,RIG_DEGRADATION,20,27,2,39.1772161995,83.8948923244,85.5128816035,2.196665218,46.3201532266,64.1780550561,104.0165337223,HIGH_PRODUCTION,1,1,0.1736915239
2024-03-27 21:00:00,RIG_DEGRADATION,21,27,2,36.8726740701,92.0896329855,92.9493473731,2.2205921536,58.6892319471,70.4262138874,110.0,HIGH_PRODUCTION,1,1,0.17137563690000002
2024-03-27 22:00:00,RIG_DEGRADATION,22,27,2,36.8726740701,86.13115235,90.1222595913,2.2051559186,54.6594257052,60.7012375946,110.0,STANDBY,1,1,0.1690597499
2024-03-27 23:00:00,RIG_DEGRADATION,23,27,2,36.8726740701,83.9770268455,84.5080354825,2.066758841,53.0750645803,59.0179285411,108.6007489793,STANDBY,1,1,0.1667438629
2024-03-28 00:00:00,RIG_DEGRADATION,0,28,3,36.1002883513,79.2564976374,81.7381757751,2.1894735453,53.1269357399,59.118553212,99.7139807772,STANDBY,1,1,0.1644279759
2024-03-28 01:00:00,RIG_DEGRADATION,1,28,3,36.1002883513,91.1401292991,92.1444606027,2.3382281599,55.936411973,63.9737603513,110.0,STANDBY,1,1,0.1621120889
2024-03-28 02:00:00,RIG_DEGRADATION,2,28,3,36.1002883513,78.3067514939,87.3638720971,2.2692603167,51.2410208111,54.3538389884,106.5725521947,STANDBY,1,1,0.15979620190000002
2024-03-28 03:00:00,RIG_DEGRADATION,3,28,3,36.1002883513,80.3134570677,84.9575298806,2.1828343374,48.1770909673,53.7991104243,101.3126047698,STANDBY,1,1,0.157480315
2024-03-28 04:00:00,RIG_DEGRADATION,4,28,3,38.3565563732,86.1097362078,94.1712583238,2.3528437574,52.3886039443,64.1775215276,110.0,STANDBY,1,1,0.15516442800000002
2024-03-28 05:00:00,RIG_DEGRADATION,5,28,3,45.9749206378,96.4009380644,94.8369256876,2.3349767566,55.911837557,66.1831611662,110.0,STANDBY,1,1,0.152848541
2024-03-28 06:00:00,RIG_DEGRADATION,6,28,3,54.1504325269,111.2177479318,95.0,2.4121580879,64.70055881,65.0247381307,110.0,HIGH_PRODUCTION,1,1,0.15053265400000002
2024-03-28 07:00:00,RIG_DEGRADATION,7,28,3,62.325944416,111.0095386622,95.0,2.4069346546,62.3181182234,67.5711856167,110.0,HIGH_PRODUCTION,1,1,0.148216767
2024-03-28 08:00:00,RIG_DEGRADATION,8,28,3,69.9443086806,116.5174313036,95.0,2.4613172585,60.048013077,73.7028879464,110.0,HIGH_PRODUCTION,1,1,0.14590088
2024-03-28 09:00:00,RIG_DEGRADATION,9,28,3,76.4863463859,124.2779226946,95.0,2.4941791232,59.3002623009,74.0880056787,110.0,HIGH_PRODUCTION,1,1,0.1435849931
2024-03-28 10:00:00,RIG_DEGRADATION,10,28,3,81.5062284735,133.3640111994,95.0,2.4867405284,62.4234038309,70.8260157148,110.0,HIGH_PRODUCTION,1,1,0.1412691061
2024-03-28 11:00:00,RIG_DEGRADATION,11,28,3,84.661858275,138.5546728489,95.0,2.5379329850000003,62.2011562071,69.5237136554,110.0,HIGH_PRODUCTION,1,1,0.1389532191
2024-03-28 12:00:00,RIG_DEGRADATION,12,28,3,85.7381848343,130.166289743,95.0,2.6092580722000003,60.1344522186,70.1680751189,110.0,HIGH_PRODUCTION,1,1,0.1366373321
2024-03-28 13:00:00,RIG_DEGRADATION,13,28,3,84.661858275,130.5602522216,95.0,2.6569775477,60.6633112044,70.0851876297,110.0,HIGH_PRODUCTION,1,1,0.1343214451
2024-03-28 14:00:00,RIG_DEGRADATION,14,28,3,81.5062284735,128.4401664756,95.0,2.625302078,60.1041895135,70.0092682098,110.0,HIGH_PRODUCTION,1,1,0.1320055581
2024-03-28 15:00:00,RIG_DEGRADATION,15,28,3,76.4863463859,123.5860895276,95.0,2.5740056412,59.0963305935,66.0680994006,110.0,HIGH_PRODUCTION,1,1,0.12968967110000001
2024-03-28 16:00:00,RIG_DEGRADATION,16,28,3,69.9443086806,116.0949872793,95.0,2.5053957392,58.5625472984,67.9679886362,110.0,HIGH_PRODUCTION,1,1,0.1273737842
2024-03-28 17:00:00,RIG_DEGRADATION,17,28,3,62.325944416,115.9240976684,95.0,2.6179690121,55.9367943346,66.6503971167,110.0,HIGH_PRODUCTION,1,1,0.12505789720000002
2024-03-28 18:00:00,RIG_DEGRADATION,18,28,3,54.1504325269,103.9472745366,95.0,2.5761294526,63.5772934809,63.3284958183,110.0,HIGH_PRODUCTION,1,1,0.1227420102
2024-03-28 19:00:00,RIG_DEGRADATION,19,28,3,45.9749206378,93.7445025727,95.0,2.5213414261000002,50.159266492,66.3103909066,110.0,HIGH_PRODUCTION,1,1,0.1204261232
2024-03-28 20:00:00,RIG_DEGRADATION,20,28,3,38.3565563732,89.7232406949,95.0,2.5370662069,55.9976654807,57.0687174044,110.0,HIGH_PRODUCTION,1,1,0.11811023620000001
2024-03-28 21:00:00,RIG_DEGRADATION,21,28,3,36.1002883513,92.696182764,95.0,2.5559583960000003,51.937333508500004,60.5801741494,110.0,HIGH_PRODUCTION,1,1,0.11579434920000001
2024-03-28 22:00:00,RIG_DEGRADATION,22,28,3,36.1002883513,82.6607206074,89.6591470724,2.551245376,52.1297429249,45.7384449435,110.0,STANDBY,1,1,0.1134784623
2024-03-28 23:00:00,RIG_DEGRADATION,23,28,3,36.1002883513,83.4631280412,87.124275333,2.6240523793,53.2350342608,54.5180959791,110.0,STANDBY,1,1,0.11116257530000001
2024-03-29 00:00:00,RIG_DEGRADATION,0,29,4,36.1002883513,82.6271729472,85.2783981712,2.5340831992,48.4381814675,59.2565365404,110.0,STANDBY,1,1,0.10884668830000001
2024-03-29 01:00:00,RIG_DEGRADATION,1,29,4,36.1002883513,83.4694071555,90.95567678,2.635311041,55.4155964099,51.3544829711,110.0,STANDBY,1,1,0.1065308013
2024-03-29 02:00:00,RIG_DEGRADATION,2,29,4,36.1002883513,92.8341069268,95.0,2.7326412206,56.5476671064,61.7152121585,110.0,STANDBY,1,1,0.1042149143
2024-03-29 03:00:00,RIG_DEGRADATION,3,29,4,36.1002883513,90.5883124911,95.0,2.7411908217,51.2929766758,57.3090774887,110.0,STANDBY,1,1,0.1018990273
2024-03-29 04:00:00,RIG_DEGRADATION,4,29,4,38.3565563732,88.8761478787,95.0,2.7538861166,52.598960386,50.9432558539,110.0,STANDBY,1,1,0.0995831403
2024-03-29 05:00:00,RIG_DEGRADATION,5,29,4,45.9749206378,99.3050889271,95.0,2.6970683427,51.207822527,61.851910212,110.0,STANDBY,1,1,0.0972672534
2024-03-29 06:00:00,RIG_DEGRADATION,6,29,4,54.1504325269,107.8507209879,95.0,2.7627146571,56.9246666453,62.2831819021,110.0,HIGH_PRODUCTION,1,1,0.0949513664
2024-03-29 07:00:00,RIG_DEGRADATION,7,29,4,62.325944416,122.3816817063,95.0,2.9863233845,61.4542953011,63.8691734762,110.0,HIGH_PRODUCTION,1,1,0.0926354794
2024-03-29 08:00:00,RIG_DEGRADATION,8,29,4,69.9443086806,122.6822971282,95.0,2.8059677711,57.131609301,67.1962164846,110.0,HIGH_PRODUCTION,1,1,0.09031959240000001
2024-03-29 09:00:00,RIG_DEGRADATION,9,29,4,76.4863463859,130.4565415949,95.0,3.0364428114,63.9899564552,67.8169091613,110.0,HIGH_PRODUCTION,1,1,0.0880037054
2024-03-29 10:00:00,RIG_DEGRADATION,10,29,4,81.5062284735,136.09877591,95.0,2.8873414287,63.3889773922,69.24879177,110.0,HIGH_PRODUCTION,1,1,0.0856878184
2024-03-29 11:00:00,RIG_DEGRADATION,11,29,4,84.661858275,141.9450384303,95.0,2.9941169001,62.4035615818,70.3767172369,110.0,HIGH_PRODUCTION,1,1,0.0833719314
2024-03-29 12:00:00,RIG_DEGRADATION,12,29,4,85.7381848343,140.8570124398,95.0,3.0490737376,69.4572822988,67.8632441471,110.0,HIGH_PRODUCTION,1,1,0.08105604450000001
2024-03-29 13:00:00,RIG_DEGRADATION,13,29,4,84.661858275,138.9763770884,95.0,2.9861538961000003,68.325549533,66.7955914718,110.0,HIGH_PRODUCTION,1,1,0.0787401575
2024-03-29 14:00:00,RIG_DEGRADATION,14,29,4,81.5062284735,122.3572704023,95.0,2.9995704736,65.001149503,67.6535793366,110.0,HIGH_PRODUCTION,1,1,0.0764242705
2024-03-29 15:00:00,RIG_DEGRADATION,15,29,4,76.4863463859,130.7460015883,95.0,2.9763942487,64.0603692074,63.7176498455,110.0,HIGH_PRODUCTION,1,1,0.0741083835
2024-03-29 16:00:00,RIG_DEGRADATION,16,29,4,69.9443086806,121.7405089356,95.0,3.0395916235,62.7886264807,60.882644038,110.0,HIGH_PRODUCTION,1,1,0.0717924965
2024-03-29 17:00:00,RIG_DEGRADATION,17,29,4,62.325944416,107.5423579287,95.0,2.9599497471,61.893458453,57.6595752466,110.0,HIGH_PRODUCTION,1,1,0.06947660950000001
2024-03-29 18:00:00,RIG_DEGRADATION,18,29,4,54.1504325269,104.4332383009,95.0,3.0593880666,49.5591537717,59.9700187053,110.0,HIGH_PRODUCTION,1,1,0.0671607226
2024-03-29 19:00:00,RIG_DEGRADATION,19,29,4,45.9749206378,98.6940580046,95.0,3.0138928853,48.1761057594,53.3640337548,110.0,HIGH_PRODUCTION,1,1,0.0648448356
2024-03-29 20:00:00,RIG_DEGRADATION,20,29,4,38.3565563732,99.2248179383,95.0,3.0139715492,61.9250764935,52.8253105084,110.0,HIGH_PRODUCTION,1,1,0.06252894860000001
2024-03-29 21:00:00,RIG_DEGRADATION,21,29,4,36.1002883513,90.1548229187,95.0,3.0054448178,49.6920500123,52.6054405344,110.0,HIGH_PRODUCTION,1,1,0.0602130616
2024-03-29 22:00:00,RIG_DEGRADATION,22,29,4,36.1002883513,93.1636480828,95.0,3.0745200667,54.8457764295,53.3449457953,110.0,STANDBY,1,1,0.057897174600000004
2024-03-29 23:00:00,RIG_DEGRADATION,23,29,4,36.1002883513,92.8446999589,95.0,3.0629581615,58.7783765978,53.9776335646,110.0,STANDBY,1,1,0.0555812876
2024-03-30 00:00:00,RIG_DEGRADATION,0,30,5,36.8726740701,102.3302550941,95.0,3.1135178696,52.3844060133,56.7219337562,110.0,STANDBY,1,1,0.0532654006
2024-03-30 01:00:00,RIG_DEGRADATION,1,30,5,36.8726740701,95.1273643426,95.0,3.0863290931,53.7353978361,52.6358072584,110.0,STANDBY,1,1,0.050949513700000004
2024-03-30 02:00:00,RIG_DEGRADATION,2,30,5,36.8726740701,111.5046063097,95.0,3.1816743773,56.4689053722,58.6216863594,110.0,STANDBY,1,1,0.0486336267
2024-03-30 03:00:00,RIG_DEGRADATION,3,30,5,36.8726740701,105.2311517018,95.0,3.1941245271,56.0674043049,55.8420563472,110.0,STANDBY,1,1,0.0463177397
2024-03-30 04:00:00,RIG_DEGRADATION,4,30,5,39.1772161995,99.5207396424,95.0,3.1670372043,54.909977348,54.1704495117,110.0,STANDBY,1,1,0.0440018527
2024-03-30 05:00:00,RIG_DEGRADATION,5,30,5,46.9585795986,111.829215675,95.0,3.2465245104,63.6748041346,57.3919289318,110.0,STANDBY,1,1,0.0416859657
2024-03-30 06:00:00,RIG_DEGRADATION,6,30,5,55.3090111052,119.833416051,95.0,3.1831782373,60.7979136267,62.2677422769,110.0,HIGH_PRODUCTION,1,1,0.0393700787
2024-03-30 07:00:00,RIG_DEGRADATION,7,30,5,63.6594426117,124.1564055946,95.0,3.1995051578,58.9810184979,62.5734303317,110.0,HIGH_PRODUCTION,1,1,0.037054191800000004
2024-03-30 08:00:00,RIG_DEGRADATION,8,30,5,71.4408060109,125.5146220568,95.0,3.3371106795,61.6052335788,67.1744137815,110.0,HIGH_PRODUCTION,1,1,0.0347383048
2024-03-30 09:00:00,RIG_DEGRADATION,9,30,5,78.1228142462,143.3055588866,95.0,3.3603535111,72.8663690303,66.0343053298,110.0,HIGH_PRODUCTION,1,1,0.0324224178
2024-03-30 10:00:00,RIG_DEGRADATION,10,30,5,83.2500994991,150.0,95.0,3.3854460772,65.0624446424,67.3078952733,110.0,HIGH_PRODUCTION,1,1,0.0301065308
2024-03-30 11:00:00,RIG_DEGRADATION,11,30,5,86.4732457528,150.0,95.0,3.4409485641,62.5634422862,64.5515944856,110.0,HIGH_PRODUCTION,1,1,0.0277906438
2024-03-30 12:00:00,RIG_DEGRADATION,12,30,5,87.5726009166,149.1179734367,95.0,3.5097544001000003,66.0661517647,69.2575761505,110.0,HIGH_PRODUCTION,1,1,0.0254747568
2024-03-30 13:00:00,RIG_DEGRADATION,13,30,5,86.4732457528,147.5081838723,95.0,3.4443830639,63.1546231132,68.0143554339,110.0,HIGH_PRODUCTION,1,1,0.023158869800000002
2024-03-30 14:00:00,RIG_DEGRADATION,14,30,5,83.2500994991,145.9076623532,95.0,3.4910451695,66.6043497238,60.6748625439,110.0,HIGH_PRODUCTION,1,1,0.0208429829
2024-03-30 15:00:00,RIG_DEGRADATION,15,30,5,78.1228142462,134.8649919063,95.0,3.430439178,62.9574676335,66.0798647985,110.0,HIGH_PRODUCTION,1,1,0.018527095900000002
2024-03-30 16:00:00,RIG_DEGRADATION,16,30,5,71.4408060109,137.5479133327,95.0,3.4373777289,64.9511662864,64.8883458044,110.0,HIGH_PRODUCTION,1,1,0.0162112089
2024-03-30 17:00:00,RIG_DEGRADATION,17,30,5,63.6594426117,122.4046719991,95.0,3.4705061762,56.9132622276,55.2852092534,110.0,HIGH_PRODUCTION,1,1,0.0138953219
2024-03-30 18:00:00,RIG_DEGRADATION,18,30,5,55.3090111052,122.4256410703,95.0,3.3970704405,55.9758311662,54.434602745,110.0,HIGH_PRODUCTION,1,1,0.011579434900000001
2024-03-30 19:00:00,RIG_DEGRADATION,19,30,5,46.9585795986,109.1984230869,95.0,3.3859020369,51.7892171305,51.3978521789,110.0,HIGH_PRODUCTION,1,1,0.0092635479
2024-03-30 20:00:00,RIG_DEGRADATION,20,30,5,39.1772161995,98.730449006,95.0,3.3907308214,52.1099757747,54.9211235802,110.0,HIGH_PRODUCTION,1,1,0.006947661000000001
2024-03-30 21:00:00,RIG_DEGRADATION,21,30,5,36.8726740701,92.6402671404,95.0,3.4244042924,59.9591333528,50.9105495332,110.0,HIGH_PRODUCTION,1,1,0.004631774
2024-03-30 22:00:00,RIG_DEGRADATION,22,30,5,36.8726740701,99.7185185411,95.0,3.4699144787,55.451492876,50.1731994619,110.0,STANDBY,1,1,0.002315887
2024-03-30 23:00:00,RIG_DEGRADATION,23,30,5,36.8726740701,101.0432464615,95.0,3.5307020038,58.28514517,49.3757953985,110.0,STANDBY,1,1,0.0
