timestamp,rig_id,hour,day,day_of_week,base_load,power_consumption,temperature,vibration,pressure,flow_rate,bearing_temperature,operational_mode,failure_indicator,failure_flag,estimated_rul
2024-01-01 00:00:00,RIG_001,0,1,0,40.0,42.6557043266,46.367845215,0.4463314786,40.578279319,66.0630202606,51.3082243089,STANDBY,0,0,30.0
2024-01-01 01:00:00,RIG_001,1,1,0,40.0,39.5016743645,45.1981948885,0.5109705352,39.9914640607,60.7216001346,49.8764005911,STANDBY,0,0,30.1390820584
2024-01-01 02:00:00,RIG_001,2,1,0,40.0,43.4523008696,49.7149080729,0.42029626000000003,42.5599369818,63.0921474101,58.3757567622,STANDBY,0,0,30.2781641168
2024-01-01 03:00:00,RIG_001,3,1,0,40.0,47.8498697699,53.7219811924,0.42775275420000003,37.4686887745,60.839997889,55.49194381,STANDBY,0,0,30.4172461752
2024-01-01 04:00:00,RIG_001,4,1,0,42.5,41.584815923,52.2679780991,0.4260087804,39.1828033912,67.5626134103,54.9804203817,STANDBY,0,0,30.5563282337
2024-01-01 05:00:00,RIG_001,5,1,0,50.9413334214,50.047093742,61.9781129619,0.4377639333,42.9343408201,70.7059942069,70.0870216382,STANDBY,0,0,30.6954102921
2024-01-01 06:00:00,RIG_001,6,1,0,60.0,68.1933714917,70.56212844,0.5479151790000001,49.4485007858,70.9280926322,73.7755236345,HIGH_PRODUCTION,0,0,30.8344923505
2024-01-01 07:00:00,RIG_001,7,1,0,69.0586665786,73.2140099472,74.4023638401,0.4427207971,47.3196975918,75.0347949167,82.1039630721,HIGH_PRODUCTION,0,0,30.9735744089
2024-01-01 08:00:00,RIG_001,8,1,0,77.5,75.491660102,76.5363576052,0.47824148520000004,45.1198096134,73.1733583674,86.6346655542,HIGH_PRODUCTION,0,0,31.1126564673
2024-01-01 09:00:00,RIG_001,9,1,0,84.7487373415,87.8214318999,86.8878533095,0.5150811037,53.1947808669,72.3362532533,90.6824682287,HIGH_PRODUCTION,0,0,31.2517385257
2024-01-01 10:00:00,RIG_001,10,1,0,90.3108891325,88.3745573176,89.8866836751,0.6182023339,50.8229145517,75.2768970884,96.9307706548,HIGH_PRODUCTION,0,0,31.3908205841
2024-01-01 11:00:00,RIG_001,11,1,0,93.8074039201,91.8803741102,95.0,0.6672914015,50.5907602094,77.9598961334,96.538923156,HIGH_PRODUCTION,0,0,31.5299026426
2024-01-01 12:00:00,RIG_001,12,1,0,95.0,96.6322926245,94.9441529766,0.5913503558000001,52.9093823767,77.6260446311,102.2083528709,HIGH_PRODUCTION,0,0,31.668984701
2024-01-01 13:00:00,RIG_001,13,1,0,93.8074039201,84.6843462723,88.985590277,0.5528442197,50.8020358528,74.7493440494,94.5838622349,HIGH_PRODUCTION,0,0,31.8080667594
2024-01-01 14:00:00,RIG_001,14,1,0,90.3108891325,82.1505058541,86.1856609506,0.557742721,49.3281371345,74.3709530837,92.6047757971,HIGH_PRODUCTION,0,0,31.9471488178
2024-01-01 15:00:00,RIG_001,15,1,0,84.7487373415,82.4223678883,87.4870615294,0.6137059423,46.1944598579,74.4840748729,90.5503453133,HIGH_PRODUCTION,0,0,32.0862308762
2024-01-01 16:00:00,RIG_001,16,1,0,77.5,72.9417749001,82.8189297918,0.4813589197,50.0295761188,72.0393079415,82.8356795451,HIGH_PRODUCTION,0,0,32.2253129346
2024-01-01 17:00:00,RIG_001,17,1,0,69.0586665786,71.1566960521,73.7028324462,0.5348461173,50.3389240956,68.1651936164,80.2125886405,HIGH_PRODUCTION,0,0,32.364394993
2024-01-01 18:00:00,RIG_001,18,1,0,60.0,56.0075347417,62.62564196,0.5267963939,45.3049276681,64.6512119751,61.4354325025,HIGH_PRODUCTION,0,0,32.5034770515
2024-01-01 19:00:00,RIG_001,19,1,0,50.9413334214,44.4483323428,56.686768799,0.46896994200000003,38.8367117448,59.4807469057,60.7347173223,HIGH_PRODUCTION,0,0,32.6425591099
2024-01-01 20:00:00,RIG_001,20,1,0,42.5,50.4176235814,57.614357128099996,0.4718585162,42.2014228275,68.0587337235,65.4379027274,HIGH_PRODUCTION,0,0,32.7816411683
2024-01-01 21:00:00,RIG_001,21,1,0,40.0,39.4813605431,51.7253767279,0.48017927920000003,39.8572975053,55.5274673374,57.3010699355,HIGH_PRODUCTION,0,0,32.9207232267
2024-01-01 22:00:00,RIG_001,22,1,0,40.0,40.9687453778,48.820900367,0.2999838426,41.4397751236,65.7513946433,59.6659283014,STANDBY,0,0,33.0598052851
2024-01-01 23:00:00,RIG_001,23,1,0,40.0,33.528225732,41.6709446473,0.4472739925,39.7187374104,64.2175159114,49.7462721051,STANDBY,0,0,33.1988873435
2024-01-02 00:00:00,RIG_001,0,2,1,38.2644650435,36.3874629474,45.0137874298,0.38981048230000004,37.6285181393,60.0096971233,48.0520922649,STANDBY,0,0,33.3379694019
2024-01-02 01:00:00,RIG_001,1,2,1,38.2644650435,39.6848518274,48.3009116473,0.3414311165,40.0852040697,54.0960442847,53.3828517868,STANDBY,0,0,33.4770514604
2024-01-02 02:00:00,RIG_001,2,2,1,38.2644650435,33.3961333005,44.7504411124,0.44021306400000004,39.2635941343,58.9349083042,49.6083290048,STANDBY,0,0,33.6161335188
2024-01-02 03:00:00,RIG_001,3,2,1,38.2644650435,41.0504535881,49.9879659656,0.5068551503000001,43.1742580413,62.1225835926,50.2414356755,STANDBY,0,0,33.7552155772
2024-01-02 04:00:00,RIG_001,4,2,1,40.6559941088,38.5811614207,51.2820462316,0.4244482491,41.0543034348,58.5425537664,53.4608494822,STANDBY,0,0,33.8942976356
2024-01-02 05:00:00,RIG_001,5,2,1,48.7310717994,48.2218261207,59.2011344925,0.5084427245,43.6335699049,62.9208926548,62.5188517716,STANDBY,0,0,34.033379694
2024-01-02 06:00:00,RIG_001,6,2,1,57.3966975653,55.3582498832,65.979267912,0.5633785096,44.0072157267,71.1980605616,64.8706064035,HIGH_PRODUCTION,0,0,34.1724617524
2024-01-02 07:00:00,RIG_001,7,2,1,66.0623233312,76.3146619416,79.156769301,0.6119358837000001,51.8995837758,74.8891800694,84.2992497057,HIGH_PRODUCTION,0,0,34.3115438108
2024-01-02 08:00:00,RIG_001,8,2,1,74.1374010218,75.0817248948,78.7147987762,0.6250459046,49.5899568156,69.7508251253,82.9675832423,HIGH_PRODUCTION,0,0,34.4506258693
2024-01-02 09:00:00,RIG_001,9,2,1,81.0716274372,76.8157450978,82.039728681,0.5859124416,47.4817604541,68.2519260206,82.0210469771,HIGH_PRODUCTION,0,0,34.5897079277
2024-01-02 10:00:00,RIG_001,10,2,1,86.3924465065,91.5587056811,94.276444572,0.5973629589,55.6964163605,76.4865597515,100.4890831678,HIGH_PRODUCTION,0,0,34.7287899861
2024-01-02 11:00:00,RIG_001,11,2,1,89.7372532031,84.7074318762,86.9179943941,0.4934954932,52.5726645141,74.7718592248,94.0656126281,HIGH_PRODUCTION,0,0,34.8678720445
2024-01-02 12:00:00,RIG_001,12,2,1,90.8781044784,93.0176816851,94.5479556288,0.5867777371,52.368332379,79.3939020676,100.2290590654,HIGH_PRODUCTION,0,0,35.0069541029
2024-01-02 13:00:00,RIG_001,13,2,1,89.7372532031,81.0550241242,85.5737434602,0.5215868873,49.3047700962,72.7105570995,89.6015389345,HIGH_PRODUCTION,0,0,35.1460361613
2024-01-02 14:00:00,RIG_001,14,2,1,86.3924465065,80.8885001112,85.5187929428,0.6723531091,50.8152761181,75.8010487594,92.2931193981,HIGH_PRODUCTION,0,0,35.2851182197
2024-01-02 15:00:00,RIG_001,15,2,1,81.0716274372,83.2137797745,88.1420258394,0.5625438498,51.7298145342,80.7695960525,95.1826869208,HIGH_PRODUCTION,0,0,35.4242002782
2024-01-02 16:00:00,RIG_001,16,2,1,74.1374010218,79.0084423885,81.7872635692,0.5654386969,50.1466951284,76.1490357839,87.7094742783,HIGH_PRODUCTION,0,0,35.5632823366
2024-01-02 17:00:00,RIG_001,17,2,1,66.0623233312,68.1187355127,73.0346667647,0.5547399329,47.652301225,70.2913551318,75.5608300134,HIGH_PRODUCTION,0,0,35.702364395000004
2024-01-02 18:00:00,RIG_001,18,2,1,57.3966975653,58.0388892376,62.1036212606,0.4996625758,47.9096370586,66.8622153581,67.9334235571,HIGH_PRODUCTION,0,0,35.8414464534
2024-01-02 19:00:00,RIG_001,19,2,1,48.7310717994,48.4668487144,58.5020639999,0.5540752122,44.2597984831,63.4700352118,67.0885059524,HIGH_PRODUCTION,0,0,35.9805285118
2024-01-02 20:00:00,RIG_001,20,2,1,40.6559941088,34.5255418587,48.0062934775,0.3969225998,39.0126566472,63.899585295,51.2164063017,HIGH_PRODUCTION,0,0,36.1196105702
2024-01-02 21:00:00,RIG_001,21,2,1,38.2644650435,35.9482640121,50.2386136044,0.44260993530000003,40.8696871646,58.9025388658,61.5324316218,HIGH_PRODUCTION,0,0,36.2586926287
2024-01-02 22:00:00,RIG_001,22,2,1,38.2644650435,37.265153508,44.8153324046,0.40026303,37.2512405699,61.3152141794,48.2384396027,STANDBY,0,0,36.3977746871
2024-01-02 23:00:00,RIG_001,23,2,1,38.2644650435,44.8748208027,49.6357865266,0.39477076380000004,42.0145593006,63.6160399464,54.7330075666,STANDBY,0,0,36.5368567455
2024-01-03 00:00:00,RIG_001,0,3,2,36.8726740701,40.1083530108,46.5637791739,0.41644035970000004,43.6457009522,60.5271533248,49.5463223859,STANDBY,0,0,36.6759388039
2024-01-03 01:00:00,RIG_001,1,3,2,36.8726740701,29.5959230949,43.1850538062,0.4141960129,36.9628889829,54.7613802848,48.8548663139,STANDBY,0,0,36.8150208623
2024-01-03 02:00:00,RIG_001,2,3,2,36.8726740701,40.052406027399996,46.912649321399996,0.4265085185,38.3178336496,62.9846453191,46.6859842435,STANDBY,0,0,36.9541029207
2024-01-03 03:00:00,RIG_001,3,3,2,36.8726740701,36.5274370871,46.8176510543,0.40333400220000004,37.8276814946,60.7752192106,50.1795256579,STANDBY,0,0,37.0931849791
2024-01-03 04:00:00,RIG_001,4,3,2,39.1772161995,37.3936429258,49.6519787749,0.37079412370000003,37.1691446568,62.7188142861,51.3756151739,STANDBY,0,0,37.2322670376
2024-01-03 05:00:00,RIG_001,5,3,2,46.9585795986,51.6388600795,59.2859819332,0.480246698,41.3401912036,63.8908571045,64.6919969768,STANDBY,0,0,37.371349096
2024-01-03 06:00:00,RIG_001,6,3,2,55.3090111052,62.1067700631,66.3711948087,0.4411260161,44.7856763186,72.2944949154,74.3545369353,HIGH_PRODUCTION,0,0,37.5104311544
2024-01-03 07:00:00,RIG_001,7,3,2,63.6594426117,69.9794668615,74.4464124635,0.5785392516,44.683732677,68.3635187148,81.3844310248,HIGH_PRODUCTION,0,0,37.6495132128
2024-01-03 08:00:00,RIG_001,8,3,2,71.4408060109,68.9292043577,77.5047861143,0.5420639818,47.2635377573,75.8148821594,75.3898080317,HIGH_PRODUCTION,0,0,37.7885952712
2024-01-03 09:00:00,RIG_001,9,3,2,78.1228142462,78.2821006386,80.5730840339,0.4936794363,51.3750795072,68.2417206621,91.6992929926,HIGH_PRODUCTION,0,0,37.9276773296
2024-01-03 10:00:00,RIG_001,10,3,2,83.2500994991,86.6326272366,89.1737189205,0.5767044654,49.8426444488,77.2940983646,95.0595587424,HIGH_PRODUCTION,0,0,38.066759388
2024-01-03 11:00:00,RIG_001,11,3,2,86.4732457528,93.0980442776,92.185991547,0.5745096783,56.3130789167,79.3557053309,94.8564941255,HIGH_PRODUCTION,0,0,38.2058414465
2024-01-03 12:00:00,RIG_001,12,3,2,87.5726009166,86.9446649253,92.556892213,0.6101724143,52.7577504084,73.6967282738,98.02827597,HIGH_PRODUCTION,0,0,38.3449235049
2024-01-03 13:00:00,RIG_001,13,3,2,86.4732457528,87.3337483762,87.0812818265,0.6629597897,53.8945982653,77.4733063264,92.609851294,HIGH_PRODUCTION,0,0,38.4840055633
2024-01-03 14:00:00,RIG_001,14,3,2,83.2500994991,79.5280844446,83.5272102025,0.4793179803,48.5663520034,77.6969813427,86.5266640516,HIGH_PRODUCTION,0,0,38.6230876217
2024-01-03 15:00:00,RIG_001,15,3,2,78.1228142462,73.9723032501,80.7946599497,0.5627168924,50.2021262667,65.541234457,86.3884099517,HIGH_PRODUCTION,0,0,38.7621696801
2024-01-03 16:00:00,RIG_001,16,3,2,71.4408060109,77.3548195559,83.543939792,0.5596628258,47.1548370882,74.7146802892,86.7215229291,HIGH_PRODUCTION,0,0,38.9012517385
2024-01-03 17:00:00,RIG_001,17,3,2,63.6594426117,72.3128894964,75.3267855365,0.5866670075,49.8587173758,64.2140543879,79.1136995584,HIGH_PRODUCTION,0,0,39.0403337969
2024-01-03 18:00:00,RIG_001,18,3,2,55.3090111052,56.8420695478,62.9948426753,0.5179037035,44.5541960665,64.1556264538,65.936005268,HIGH_PRODUCTION,0,0,39.1794158554
2024-01-03 19:00:00,RIG_001,19,3,2,46.9585795986,53.8902154474,64.0258910465,0.4613461714,44.5790563018,71.0545637289,64.7278771773,HIGH_PRODUCTION,0,0,39.3184979138
2024-01-03 20:00:00,RIG_001,20,3,2,39.1772161995,42.9202299928,48.8561101949,0.4506383131,38.378868287,61.1307228977,54.2936196055,HIGH_PRODUCTION,0,0,39.4575799722
2024-01-03 21:00:00,RIG_001,21,3,2,36.8726740701,35.6027712739,41.3071966016,0.4053936691,37.1105531339,57.159191489,48.0630949112,HIGH_PRODUCTION,0,0,39.5966620306
2024-01-03 22:00:00,RIG_001,22,3,2,36.8726740701,40.6562103833,48.3455518998,0.5147119644,41.3585090323,61.603049928,54.890202688,STANDBY,0,0,39.735744089
2024-01-03 23:00:00,RIG_001,23,3,2,36.8726740701,46.5602774968,49.2046514391,0.4802457195,39.7433733658,70.1718022635,56.664427197,STANDBY,0,0,39.8748261474
2024-01-04 00:00:00,RIG_001,0,4,3,36.1002883513,38.1112686546,42.8242955585,0.5494489731000001,40.4542297479,55.9383338548,48.7973161886,STANDBY,0,0,40.0139082058
2024-01-04 01:00:00,RIG_001,1,4,3,36.1002883513,46.134479438,51.3699939471,0.4759823587,38.7993442466,60.6864140965,54.7718174524,STANDBY,0,0,40.1529902643
2024-01-04 02:00:00,RIG_001,2,4,3,36.1002883513,25.2333979472,38.6994369656,0.3814481448,38.0046979121,62.0623144337,46.2184285589,STANDBY,0,0,40.2920723227
2024-01-04 03:00:00,RIG_001,3,4,3,36.1002883513,42.4624982983,48.692487468,0.3934263928,38.150577945,68.3118565201,49.6199348485,STANDBY,0,0,40.4311543811
2024-01-04 04:00:00,RIG_001,4,4,3,38.3565563732,41.0653514484,48.0786020717,0.3753200163,41.3709377375,62.0093117616,50.3765879241,STANDBY,0,0,40.5702364395
2024-01-04 05:00:00,RIG_001,5,4,3,45.9749206378,46.7743059282,57.7389458526,0.4039533946,42.9448383493,60.3151336709,59.8463456384,STANDBY,0,0,40.7093184979
2024-01-04 06:00:00,RIG_001,6,4,3,54.1504325269,56.9245207611,65.4551148126,0.5275234971,42.8375865534,73.3648867337,73.69528299,HIGH_PRODUCTION,0,0,40.8484005563
2024-01-04 07:00:00,RIG_001,7,4,3,62.325944416,54.7242465033,64.7067485352,0.5335589211,44.84511476,71.2006011262,72.5351140776,HIGH_PRODUCTION,0,0,40.9874826147
2024-01-04 08:00:00,RIG_001,8,4,3,69.9443086806,71.2029582104,80.4150489183,0.47905559820000004,48.3216240793,73.3977284264,86.8769646295,HIGH_PRODUCTION,0,0,41.1265646732
2024-01-04 09:00:00,RIG_001,9,4,3,76.4863463859,80.6497805212,81.9065530296,0.6317638442,49.0847614179,71.7577271095,90.1223426252,HIGH_PRODUCTION,0,0,41.2656467316
2024-01-04 10:00:00,RIG_001,10,4,3,81.5062284735,91.2944322838,88.6538122587,0.5953491594,50.8064987028,77.2412416626,91.0159639114,HIGH_PRODUCTION,0,0,41.40472879
2024-01-04 11:00:00,RIG_001,11,4,3,84.661858275,84.4901030789,87.0376523179,0.6069852032,47.1972743864,74.8659506805,93.0834376775,HIGH_PRODUCTION,0,0,41.5438108484
2024-01-04 12:00:00,RIG_001,12,4,3,85.7381848343,84.1361750239,88.3905329816,0.6797511281,51.7333438506,76.233406421,93.0150096965,HIGH_PRODUCTION,0,0,41.6828929068
2024-01-04 13:00:00,RIG_001,13,4,3,84.661858275,84.6143935699,88.9827216509,0.6459730464,48.0239928498,79.7373223854,96.5233679626,HIGH_PRODUCTION,0,0,41.8219749652
2024-01-04 14:00:00,RIG_001,14,4,3,81.5062284735,88.5654218836,89.5849842447,0.6001139614000001,52.3320438698,79.2078776885,94.2393115471,HIGH_PRODUCTION,0,0,41.9610570236
2024-01-04 15:00:00,RIG_001,15,4,3,76.4863463859,80.6331470645,84.7408532812,0.5457403863,49.631390334,70.9578158884,88.586024616,HIGH_PRODUCTION,0,0,42.1001390821
2024-01-04 16:00:00,RIG_001,16,4,3,69.9443086806,69.8194151008,73.3885702121,0.4508243598,48.8131393261,75.0753138803,80.0112957678,HIGH_PRODUCTION,0,0,42.2392211405
2024-01-04 17:00:00,RIG_001,17,4,3,62.325944416,67.4370513295,75.4203123666,0.5158667008,46.2551718334,71.1705118189,83.0488198682,HIGH_PRODUCTION,0,0,42.3783031989
2024-01-04 18:00:00,RIG_001,18,4,3,54.1504325269,57.2014523303,64.1565690414,0.5111173861,43.6414675099,69.2216330867,67.1515334568,HIGH_PRODUCTION,0,0,42.5173852573
2024-01-04 19:00:00,RIG_001,19,4,3,45.9749206378,53.4046399558,62.2068232759,0.46148081280000003,44.8149013975,70.4210145646,67.0235962618,HIGH_PRODUCTION,0,0,42.6564673157
2024-01-04 20:00:00,RIG_001,20,4,3,38.3565563732,37.453647578,49.1576392395,0.4569802919,40.0335279527,57.9013535249,50.9823173386,HIGH_PRODUCTION,0,0,42.7955493741
2024-01-04 21:00:00,RIG_001,21,4,3,36.1002883513,37.0901966012,47.5107701495,0.4668517097,39.9048610647,61.0195822442,45.016587097,HIGH_PRODUCTION,0,0,42.9346314325
2024-01-04 22:00:00,RIG_001,22,4,3,36.1002883513,36.7888288773,46.2846286566,0.4514185415,40.1357423989,59.4422850091,51.8860075508,STANDBY,0,0,43.073713491
2024-01-04 23:00:00,RIG_001,23,4,3,36.1002883513,31.452657211000002,42.0396048363,0.4147090248,34.7920200563,54.7322188872,48.8663209051,STANDBY,0,0,43.2127955494
2024-01-05 00:00:00,RIG_001,0,5,4,36.1002883513,40.4433193651,47.5514371388,0.4831702021,41.6244072013,63.1731257424,53.3376375661,STANDBY,0,0,43.3518776078
2024-01-05 01:00:00,RIG_001,1,5,4,36.1002883513,40.2888566495,49.1042124396,0.49692744110000003,41.2971517504,69.6213266496,48.2555272864,STANDBY,0,0,43.4909596662
2024-01-05 02:00:00,RIG_001,2,5,4,36.1002883513,39.0300098806,46.8828450375,0.4170902427,37.724136213,56.1887697306,50.8302967472,STANDBY,0,0,43.6300417246
2024-01-05 03:00:00,RIG_001,3,5,4,36.1002883513,37.8523692392,48.4725748092,0.5391802218,38.9749313625,61.2588689386,46.8175315291,STANDBY,0,0,43.769123783
2024-01-05 04:00:00,RIG_001,4,5,4,38.3565563732,34.2255815266,46.3558775274,0.45338016130000003,38.4777808064,62.1893032632,55.4649808503,STANDBY,0,0,43.9082058414
2024-01-05 05:00:00,RIG_001,5,5,4,45.9749206378,46.8384351963,58.9127431879,0.4976469383,41.4406152303,64.4207651639,60.6545794415,STANDBY,0,0,44.0472878999
2024-01-05 06:00:00,RIG_001,6,5,4,54.1504325269,55.4244634254,61.9018934511,0.5584295913,44.5238357895,66.2879548701,70.6681042795,HIGH_PRODUCTION,0,0,44.1863699583
2024-01-05 07:00:00,RIG_001,7,5,4,62.325944416,61.3230238598,72.4662475425,0.5529316862,48.1934895286,64.4992580676,80.3038564736,HIGH_PRODUCTION,0,0,44.3254520167
2024-01-05 08:00:00,RIG_001,8,5,4,69.9443086806,72.1672082209,77.2200090313,0.6220165927,50.2053355106,72.3485226951,79.5182379736,HIGH_PRODUCTION,0,0,44.4645340751
2024-01-05 09:00:00,RIG_001,9,5,4,76.4863463859,81.5567910774,81.7293786917,0.617441046,47.7647593825,72.1967453922,83.3310238379,HIGH_PRODUCTION,0,0,44.6036161335
2024-01-05 10:00:00,RIG_001,10,5,4,81.5062284735,94.0082106958,93.5893384775,0.6103735561,54.7461926546,71.6326980938,99.6404491267,HIGH_PRODUCTION,0,0,44.7426981919
2024-01-05 11:00:00,RIG_001,11,5,4,84.661858275,88.6266623641,89.5413007138,0.6434822844,54.8145322301,80.1717753708,92.0083286023,HIGH_PRODUCTION,0,0,44.8817802503
2024-01-05 12:00:00,RIG_001,12,5,4,85.7381848343,90.1387141216,93.7645155709,0.5733132812,53.3082955718,79.916771696,99.0719694974,HIGH_PRODUCTION,0,0,45.0208623088
2024-01-05 13:00:00,RIG_001,13,5,4,84.661858275,87.4232683386,88.8761196549,0.6283375678,54.037777935,76.3819634321,92.4276368825,HIGH_PRODUCTION,0,0,45.1599443672
2024-01-05 14:00:00,RIG_001,14,5,4,81.5062284735,75.0668743483,81.0759609728,0.5847352292,52.7912594785,73.2072863691,80.7324857294,HIGH_PRODUCTION,0,0,45.2990264256
2024-01-05 15:00:00,RIG_001,15,5,4,76.4863463859,79.5291412686,79.5952575488,0.5899340149,51.9297044094,77.0816964187,77.9038534914,HIGH_PRODUCTION,0,0,45.438108484
2024-01-05 16:00:00,RIG_001,16,5,4,69.9443086806,73.441686299,77.1603991409,0.5762069455000001,48.859038766,72.70552486,82.8404518864,HIGH_PRODUCTION,0,0,45.5771905424
2024-01-05 17:00:00,RIG_001,17,5,4,62.325944416,77.859243856,73.9383400211,0.5023503697,51.5549879122,76.0698258211,77.2536667821,HIGH_PRODUCTION,0,0,45.716272600799996
2024-01-05 18:00:00,RIG_001,18,5,4,54.1504325269,56.4265788893,60.6881416866,0.5052649099000001,44.3964203885,66.0355270642,64.0288722358,HIGH_PRODUCTION,0,0,45.8553546592
2024-01-05 19:00:00,RIG_001,19,5,4,45.9749206378,50.7414708445,59.8951594582,0.5208444045,42.7331737977,69.1583924691,66.9827509754,HIGH_PRODUCTION,0,0,45.9944367177
2024-01-05 20:00:00,RIG_001,20,5,4,38.3565563732,41.4626733285,52.4492043144,0.49691491470000004,39.6628398607,63.4011591763,60.9695311443,HIGH_PRODUCTION,0,0,46.1335187761
2024-01-05 21:00:00,RIG_001,21,5,4,36.1002883513,33.5574362757,45.3285226395,0.4143789551,41.5161857866,60.6493867135,49.5108884754,HIGH_PRODUCTION,0,0,46.2726008345
2024-01-05 22:00:00,RIG_001,22,5,4,36.1002883513,45.1358028452,48.2193261906,0.5643395322,39.6470933794,59.7305575874,52.1975300698,STANDBY,0,0,46.411682892900004
2024-01-05 23:00:00,RIG_001,23,5,4,36.1002883513,43.2022162448,48.0985004243,0.4525009661,43.8652895106,63.821532436300004,54.5989295236,STANDBY,0,0,46.5507649513
2024-01-06 00:00:00,RIG_001,0,6,5,36.8726740701,44.3623278313,48.6101916206,0.5483192316000001,42.0903102053,60.8128335969,49.5393849115,STANDBY,0,0,46.6898470097
2024-01-06 01:00:00,RIG_001,1,6,5,36.8726740701,35.8810931309,41.4845198898,0.49631871380000003,36.1716609331,58.8494797597,47.1539790541,STANDBY,0,0,46.8289290682
2024-01-06 02:00:00,RIG_001,2,6,5,36.8726740701,47.4628642683,54.5563119342,0.4779492718,42.601014653,61.7927323955,61.2119698497,STANDBY,0,0,46.9680111266
2024-01-06 03:00:00,RIG_001,3,6,5,36.8726740701,33.4604997084,46.1741701567,0.5575754165,34.1650719118,56.8394451168,53.2148607819,STANDBY,0,0,47.107093185
2024-01-06 04:00:00,RIG_001,4,6,5,39.1772161995,45.7294449295,52.99573861,0.4464911942,42.683377266,70.0931476879,52.1854805025,STANDBY,0,0,47.2461752434
2024-01-06 05:00:00,RIG_001,5,6,5,46.9585795986,61.5496632974,64.9130172956,0.6001477278,47.1578787903,72.4589161752,67.6289514862,STANDBY,0,0,47.3852573018
2024-01-06 06:00:00,RIG_001,6,6,5,55.3090111052,54.015997358,62.8263640307,0.5821744654000001,42.3192874282,71.9659017138,65.1915742723,HIGH_PRODUCTION,0,0,47.5243393602
2024-01-06 07:00:00,RIG_001,7,6,5,63.6594426117,64.508484151,66.6921731146,0.5306481277,46.3742164297,65.6838601866,71.9918339778,HIGH_PRODUCTION,0,0,47.6634214186
2024-01-06 08:00:00,RIG_001,8,6,5,71.4408060109,75.6404553323,78.8899184344,0.6677546449,52.8184287006,72.9058978494,85.3321521737,HIGH_PRODUCTION,0,0,47.8025034771
2024-01-06 09:00:00,RIG_001,9,6,5,78.1228142462,79.3276907804,81.8895002218,0.5972470888,48.8204292866,69.9177843585,91.3796314441,HIGH_PRODUCTION,0,0,47.9415855355
2024-01-06 10:00:00,RIG_001,10,6,5,83.2500994991,79.2398994573,82.4689028849,0.6244770502,47.6921596902,71.6848852056,85.9840064438,HIGH_PRODUCTION,0,0,48.0806675939
2024-01-06 11:00:00,RIG_001,11,6,5,86.4732457528,90.5800400491,91.513230054,0.6576352107,55.6083368172,74.4196310645,95.0205125591,HIGH_PRODUCTION,0,0,48.2197496523
2024-01-06 12:00:00,RIG_001,12,6,5,87.5726009166,86.045924079,93.2229275011,0.624857662,55.4366554008,79.532529243,101.6719435577,HIGH_PRODUCTION,0,0,48.3588317107
2024-01-06 13:00:00,RIG_001,13,6,5,86.4732457528,92.6469119458,94.5972395003,0.6924728046,53.1691193301,76.6053845494,100.4869703159,HIGH_PRODUCTION,0,0,48.4979137691
2024-01-06 14:00:00,RIG_001,14,6,5,83.2500994991,82.4795446765,85.2735720566,0.6616610534,52.64281224,77.949001404,94.0765265902,HIGH_PRODUCTION,0,0,48.6369958275
2024-01-06 15:00:00,RIG_001,15,6,5,78.1228142462,89.7199149287,90.6339687694,0.5568374577,55.1129305632,78.7283371474,96.5001527784,HIGH_PRODUCTION,0,0,48.776077886
2024-01-06 16:00:00,RIG_001,16,6,5,71.4408060109,71.3928305153,79.6344091824,0.6550561435000001,46.3632391638,78.3287654109,81.1630593262,HIGH_PRODUCTION,0,0,48.9151599444
2024-01-06 17:00:00,RIG_001,17,6,5,63.6594426117,65.9382883056,73.48279271,0.49090723350000004,45.5139604057,65.3431538223,74.4834076457,HIGH_PRODUCTION,0,0,49.0542420028
2024-01-06 18:00:00,RIG_001,18,6,5,55.3090111052,63.2866127757,68.0912284053,0.6182604448,48.2834022202,72.7636835521,68.4366916581,HIGH_PRODUCTION,0,0,49.1933240612
2024-01-06 19:00:00,RIG_001,19,6,5,46.9585795986,44.7351359089,53.4766556291,0.567870289,44.5538125346,66.8598633839,60.4628111334,HIGH_PRODUCTION,0,0,49.3324061196
2024-01-06 20:00:00,RIG_001,20,6,5,39.1772161995,44.2662560737,53.9562002715,0.4561363994,42.1923257388,60.359740308,62.5219907407,HIGH_PRODUCTION,0,0,49.471488178
2024-01-06 21:00:00,RIG_001,21,6,5,36.8726740701,47.3809903515,53.5587107322,0.5000445376,40.0856188809,67.2356971149,64.1067971564,HIGH_PRODUCTION,0,0,49.6105702364
2024-01-06 22:00:00,RIG_001,22,6,5,36.8726740701,32.828722716,44.5594168394,0.42219954390000003,42.1813029024,60.8570517039,52.0887328364,STANDBY,0,0,49.7496522949
2024-01-06 23:00:00,RIG_001,23,6,5,36.8726740701,41.8101704903,48.6290392872,0.4942393974,39.3906008269,61.8606223672,57.1175550198,STANDBY,0,0,49.8887343533
2024-01-07 00:00:00,RIG_001,0,7,6,38.2644650435,43.7701319255,50.3611845859,0.49601994720000003,40.272257419,60.6592331167,53.621135588,STANDBY,0,0,50.0278164117
2024-01-07 01:00:00,RIG_001,1,7,6,38.2644650435,46.4006946219,49.0425397397,0.5588527044,42.2848493245,61.7628800322,50.5732922895,STANDBY,0,0,50.1668984701
2024-01-07 02:00:00,RIG_001,2,7,6,38.2644650435,36.3276890174,47.5031983114,0.5557224265,42.1902430958,67.0477429926,55.0534363087,STANDBY,0,0,50.3059805285
2024-01-07 03:00:00,RIG_001,3,7,6,38.2644650435,35.9310218151,46.296958049,0.5593575063,40.6907074069,60.7813550014,52.5500003057,STANDBY,0,0,50.4450625869
2024-01-07 04:00:00,RIG_001,4,7,6,40.6559941088,47.5554040826,58.6837641948,0.49689438950000003,42.7185820214,66.6130112294,64.0060973179,STANDBY,0,0,50.5841446453
2024-01-07 05:00:00,RIG_001,5,7,6,48.7310717994,54.5265596201,59.2670077751,0.536011492,44.5582169653,63.985269741,65.4291222169,STANDBY,0,0,50.7232267038
2024-01-07 06:00:00,RIG_001,6,7,6,57.3966975653,62.9805885803,71.2602807545,0.4882190912,45.8321764824,66.5546177354,77.2298372019,HIGH_PRODUCTION,0,0,50.8623087622
2024-01-07 07:00:00,RIG_001,7,7,6,66.0623233312,72.1468534508,75.7544859982,0.5601526203,49.1529923917,74.890010463,84.6059365778,HIGH_PRODUCTION,0,0,51.0013908206
2024-01-07 08:00:00,RIG_001,8,7,6,74.1374010218,75.1104287948,77.7634212696,0.6581357596,43.7184870433,68.4844000038,86.6483780241,HIGH_PRODUCTION,0,0,51.140472879
2024-01-07 09:00:00,RIG_001,9,7,6,81.0716274372,86.6269096126,86.665228349,0.7257780898,51.063512485,74.7424315801,93.297889406,HIGH_PRODUCTION,0,0,51.2795549374
2024-01-07 10:00:00,RIG_001,10,7,6,86.3924465065,92.2726848713,91.6511195367,0.600775159,53.5508150877,77.7838876946,99.1885281544,HIGH_PRODUCTION,0,0,51.4186369958
2024-01-07 11:00:00,RIG_001,11,7,6,89.7372532031,90.6012344201,92.9364791552,0.6284113665000001,50.3482804378,77.5144881316,99.4786668125,HIGH_PRODUCTION,0,0,51.5577190542
2024-01-07 12:00:00,RIG_001,12,7,6,90.8781044784,104.66357765,95.0,0.6994576496,56.9385410481,80.86179344,98.6164908039,HIGH_PRODUCTION,0,0,51.6968011127
2024-01-07 13:00:00,RIG_001,13,7,6,89.7372532031,96.5838807324,94.5303350418,0.6911032328000001,53.7370277411,80.162623563,101.8000290666,HIGH_PRODUCTION,0,0,51.8358831711
2024-01-07 14:00:00,RIG_001,14,7,6,86.3924465065,84.9342542539,87.8400465981,0.6022224477,54.7445149601,77.5588435436,88.6565613915,HIGH_PRODUCTION,0,0,51.9749652295
2024-01-07 15:00:00,RIG_001,15,7,6,81.0716274372,88.8735830226,93.2655447802,0.6762799904,55.3644352061,78.8659875431,101.4272194371,HIGH_PRODUCTION,0,0,52.1140472879
2024-01-07 16:00:00,RIG_001,16,7,6,74.1374010218,73.8040425216,81.7375118532,0.5867326776,47.5193994922,69.1838013305,83.1539430339,HIGH_PRODUCTION,0,0,52.2531293463
2024-01-07 17:00:00,RIG_001,17,7,6,66.0623233312,74.5586585096,77.678394806,0.6125222076,48.3379892043,71.5151322591,83.5358046663,HIGH_PRODUCTION,0,0,52.3922114047
2024-01-07 18:00:00,RIG_001,18,7,6,57.3966975653,67.7714499288,70.7388769136,0.6207537360000001,46.794967351,73.9157235643,73.2034150383,HIGH_PRODUCTION,0,0,52.5312934631
2024-01-07 19:00:00,RIG_001,19,7,6,48.7310717994,49.2302969848,57.7076884835,0.5386935065,41.4042552939,67.4530306582,64.3678554327,HIGH_PRODUCTION,0,0,52.6703755216
2024-01-07 20:00:00,RIG_001,20,7,6,40.6559941088,50.096373841,57.28486025,0.5197076573,42.9141434283,60.9103337978,62.1830845723,HIGH_PRODUCTION,0,0,52.80945758
2024-01-07 21:00:00,RIG_001,21,7,6,38.2644650435,44.972731073,49.2811992639,0.5212318616,39.7266186305,64.5462590229,49.4969313894,HIGH_PRODUCTION,0,0,52.9485396384
2024-01-07 22:00:00,RIG_001,22,7,6,38.2644650435,47.039989547,50.7810374231,0.5290523075,39.4987667169,58.177321116,57.0431363161,STANDBY,0,0,53.0876216968
2024-01-07 23:00:00,RIG_001,23,7,6,38.2644650435,52.4345159691,50.3961348234,0.5317098114000001,44.3540514401,65.8711594969,53.6623724929,STANDBY,0,0,53.2267037552
2024-01-08 00:00:00,RIG_001,0,8,0,40.0,43.6507150132,48.9888752531,0.5114754852,42.1717379217,68.7885155542,56.6323154155,STANDBY,0,0,53.3657858136
2024-01-08 01:00:00,RIG_001,1,8,0,40.0,41.1298370802,48.2448875172,0.5973413413,38.6738277507,59.4952729722,53.2488645834,STANDBY,0,0,53.504867872
2024-01-08 02:00:00,RIG_001,2,8,0,40.0,40.4718080626,46.3885086827,0.5440371963,41.9086628772,59.6385732823,52.5747716388,STANDBY,0,0,53.6439499305
2024-01-08 03:00:00,RIG_001,3,8,0,40.0,40.8611910946,52.0078339339,0.5029416853,38.9521423153,64.5504466731,54.1351270688,STANDBY,0,0,53.7830319889
2024-01-08 04:00:00,RIG_001,4,8,0,42.5,47.0755962812,51.7938264427,0.5717629653,42.2752295464,59.4942743387,55.0258297484,STANDBY,0,0,53.9221140473
2024-01-08 05:00:00,RIG_001,5,8,0,50.9413334214,57.6290604325,59.5781341382,0.5524409912,46.0479531333,65.3904530401,63.2022182299,STANDBY,0,0,54.0611961057
2024-01-08 06:00:00,RIG_001,6,8,0,60.0,66.3862834424,70.2806737026,0.6546161949,46.5293457312,71.7052084455,77.8507811433,HIGH_PRODUCTION,0,0,54.2002781641
2024-01-08 07:00:00,RIG_001,7,8,0,69.0586665786,78.2182745783,81.095713713,0.6504943742,50.4640504689,71.5626248304,91.1278449764,HIGH_PRODUCTION,0,0,54.3393602225
2024-01-08 08:00:00,RIG_001,8,8,0,77.5,82.6095635227,86.9335934965,0.6403773525,49.6195315929,74.0749590952,89.5180782413,HIGH_PRODUCTION,0,0,54.4784422809
2024-01-08 09:00:00,RIG_001,9,8,0,84.7487373415,97.0818240994,92.9881801834,0.7121014159,53.877522858,81.3571043608,101.2187246173,HIGH_PRODUCTION,0,0,54.6175243394
2024-01-08 10:00:00,RIG_001,10,8,0,90.3108891325,94.0738836471,95.0,0.6027042689000001,53.10675205,79.4868033447,93.4909677468,HIGH_PRODUCTION,0,0,54.7566063978
2024-01-08 11:00:00,RIG_001,11,8,0,93.8074039201,112.5153907426,95.0,0.6807905526,56.6356909926,84.5550724117,96.4174317967,HIGH_PRODUCTION,0,0,54.8956884562
2024-01-08 12:00:00,RIG_001,12,8,0,95.0,103.2563400371,95.0,0.6502118518000001,55.4605366831,79.9595351733,97.1236646314,HIGH_PRODUCTION,0,0,55.0347705146
2024-01-08 13:00:00,RIG_001,13,8,0,93.8074039201,94.6704817451,95.0,0.6918540103,50.5703838386,79.5113278693,95.9424739317,HIGH_PRODUCTION,0,0,55.173852573
2024-01-08 14:00:00,RIG_001,14,8,0,90.3108891325,90.126154558,92.3085417219,0.7582559522000001,51.5492311452,76.6666483271,92.5577765525,HIGH_PRODUCTION,0,0,55.3129346314
2024-01-08 15:00:00,RIG_001,15,8,0,84.7487373415,92.3516896424,87.9150837209,0.7904281430000001,52.5181714238,79.0789237225,94.1540804574,HIGH_PRODUCTION,0,0,55.4520166898
2024-01-08 16:00:00,RIG_001,16,8,0,77.5,81.5941386067,85.9095638635,0.6790493659,49.8861751467,72.9874455067,90.2673607703,HIGH_PRODUCTION,0,0,55.5910987483
2024-01-08 17:00:00,RIG_001,17,8,0,69.0586665786,77.8609838912,81.5473254038,0.6615458986,48.9822510811,72.8105882442,87.6855415966,HIGH_PRODUCTION,0,0,55.7301808067
2024-01-08 18:00:00,RIG_001,18,8,0,60.0,67.6193652738,69.3204937612,0.5162822606,46.7813129187,67.3159362045,76.3919118196,HIGH_PRODUCTION,0,0,55.8692628651
2024-01-08 19:00:00,RIG_001,19,8,0,50.9413334214,55.8512283178,62.2317916967,0.5444533747,44.9216901156,66.6503456653,68.0286426762,HIGH_PRODUCTION,0,0,56.0083449235
2024-01-08 20:00:00,RIG_001,20,8,0,42.5,43.5609331781,53.1246202794,0.4958833199,42.6392674428,60.6352773625,60.0979098079,HIGH_PRODUCTION,0,0,56.1474269819
2024-01-08 21:00:00,RIG_001,21,8,0,40.0,37.7415279538,47.5094100544,0.48732824010000003,38.1358515347,57.9803190356,52.3008131957,HIGH_PRODUCTION,0,0,56.2865090403
2024-01-08 22:00:00,RIG_001,22,8,0,40.0,43.1040516256,47.8336174374,0.5266073283,38.3696111956,63.7071989312,49.2726372725,STANDBY,0,0,56.4255910987
2024-01-08 23:00:00,RIG_001,23,8,0,40.0,49.6394826663,50.7130362536,0.5315726117,40.3257818421,65.5300641275,58.8864787961,STANDBY,0,0,56.5646731572
2024-01-09 00:00:00,RIG_001,0,9,1,38.2644650435,44.8835852532,48.8790430099,0.44250078610000004,40.2464904709,65.8136967808,52.1117066116,STANDBY,0,0,56.7037552156
2024-01-09 01:00:00,RIG_001,1,9,1,38.2644650435,37.6052849477,47.1812223968,0.5575827167,38.6974786013,59.9882087756,49.3744335005,STANDBY,0,0,56.842837274
2024-01-09 02:00:00,RIG_001,2,9,1,38.2644650435,44.7207457793,50.9914445465,0.48845276340000005,39.6401943124,64.6403822743,55.4576909191,STANDBY,0,0,56.9819193324
2024-01-09 03:00:00,RIG_001,3,9,1,38.2644650435,45.8022903574,51.0832913008,0.5578532198,38.8583392609,65.3930798241,53.3448585429,STANDBY,0,0,57.1210013908
2024-01-09 04:00:00,RIG_001,4,9,1,40.6559941088,41.8688076518,52.6646820124,0.6383508902,39.554960258,63.894963719,56.4123908664,STANDBY,0,0,57.2600834492
2024-01-09 05:00:00,RIG_001,5,9,1,48.7310717994,55.1526603619,55.323958615,0.5290854135,44.1510183307,64.0688370602,61.3561203797,STANDBY,0,0,57.3991655076
2024-01-09 06:00:00,RIG_001,6,9,1,57.3966975653,63.3615664991,70.3144713002,0.47372331360000003,47.0304505564,69.4565603965,76.3594965179,HIGH_PRODUCTION,0,0,57.5382475661
2024-01-09 07:00:00,RIG_001,7,9,1,66.0623233312,66.0421594924,68.2164204987,0.5945355859,45.3956937669,70.9050687359,70.5229302994,HIGH_PRODUCTION,0,0,57.6773296245
2024-01-09 08:00:00,RIG_001,8,9,1,74.1374010218,81.6418877827,82.2602507868,0.7112392918,49.5844763014,74.5141017355,85.7971346679,HIGH_PRODUCTION,0,0,57.8164116829
2024-01-09 09:00:00,RIG_001,9,9,1,81.0716274372,89.6119623369,87.1846918624,0.7785752347,50.5495939665,70.624155726,95.4076908767,HIGH_PRODUCTION,0,0,57.9554937413
2024-01-09 10:00:00,RIG_001,10,9,1,86.3924465065,97.564977299,92.87782665820001,0.6435957554,54.328365984,79.7509620616,99.3670270114,HIGH_PRODUCTION,0,0,58.0945757997
2024-01-09 11:00:00,RIG_001,11,9,1,89.7372532031,100.7844003487,95.0,0.7401227936,53.4992428188,86.8729132228,106.225195118,HIGH_PRODUCTION,0,0,58.2336578581
2024-01-09 12:00:00,RIG_001,12,9,1,90.8781044784,89.7887568327,90.937851697,0.6595917073,53.5934448347,75.8565092435,99.4782362182,HIGH_PRODUCTION,0,0,58.3727399166
2024-01-09 13:00:00,RIG_001,13,9,1,89.7372532031,90.8679895065,92.9412080776,0.6813538387,49.1452643927,75.0761655584,101.3740872833,HIGH_PRODUCTION,0,0,58.511821975
2024-01-09 14:00:00,RIG_001,14,9,1,86.3924465065,94.8083466542,93.719370065,0.8312458234000001,52.9828273186,79.5625496754,94.5557644136,HIGH_PRODUCTION,0,0,58.6509040334
2024-01-09 15:00:00,RIG_001,15,9,1,81.0716274372,89.5021433122,90.3122218912,0.6085178579,52.9777505064,77.7877776251,97.6038029461,HIGH_PRODUCTION,0,0,58.7899860918
2024-01-09 16:00:00,RIG_001,16,9,1,74.1374010218,82.5950878825,83.7106965116,0.6761885193,51.0164410033,78.356731861,88.5513761066,HIGH_PRODUCTION,0,0,58.9290681502
2024-01-09 17:00:00,RIG_001,17,9,1,66.0623233312,91.2292915224,84.2421428259,0.713345134,58.1933902086,73.595182989,87.5891974153,HIGH_PRODUCTION,0,0,59.0681502086
2024-01-09 18:00:00,RIG_001,18,9,1,57.3966975653,66.1753231655,71.6977275382,0.6696442148,47.2434308405,72.0467377074,77.2017735598,HIGH_PRODUCTION,0,0,59.207232267
2024-01-09 19:00:00,RIG_001,19,9,1,48.7310717994,60.3539353557,63.1542956863,0.603346221,43.0803746452,69.8774467905,70.9899302901,HIGH_PRODUCTION,0,0,59.3463143255
2024-01-09 20:00:00,RIG_001,20,9,1,40.6559941088,51.3919005904,53.7219765569,0.5875198143,42.6570466534,64.9911305663,60.22447133,HIGH_PRODUCTION,0,0,59.4853963839
2024-01-09 21:00:00,RIG_001,21,9,1,38.2644650435,47.508181273,51.9918241924,0.5414400292,38.3245526513,65.2685163357,54.3564027884,HIGH_PRODUCTION,0,0,59.6244784423
2024-01-09 22:00:00,RIG_001,22,9,1,38.2644650435,42.6957411021,51.6907610122,0.5605978124000001,40.5127357769,65.8970947754,58.918137753,STANDBY,0,0,59.7635605007
2024-01-09 23:00:00,RIG_001,23,9,1,38.2644650435,48.0877957365,52.8257143158,0.5467143437,40.3558368201,67.043284861,55.9129516896,STANDBY,0,0,59.9026425591
2024-01-10 00:00:00,RIG_001,0,10,2,36.8726740701,39.2277381319,44.8393386103,0.5689287074,41.6377150841,58.3392635033,50.4893879672,STANDBY,0,0,60.0417246175
2024-01-10 01:00:00,RIG_001,1,10,2,36.8726740701,41.9286334796,46.7312580688,0.5280286103,39.3830778207,65.0390646042,50.8212078664,STANDBY,0,0,60.1808066759
2024-01-10 02:00:00,RIG_001,2,10,2,36.8726740701,40.706771083,46.8525893171,0.5622548879,39.9431609391,62.0179655098,51.1959905619,STANDBY,0,0,60.3198887344
2024-01-10 03:00:00,RIG_001,3,10,2,36.8726740701,43.5638218278,54.6349348143,0.551064208,39.6198397741,63.2877688424,61.933663739400004,STANDBY,0,0,60.4589707928
2024-01-10 04:00:00,RIG_001,4,10,2,39.1772161995,57.0531484024,60.9957599459,0.6498541692,47.7409898043,67.3355354937,62.8751787864,STANDBY,0,0,60.5980528512
2024-01-10 05:00:00,RIG_001,5,10,2,46.9585795986,43.9457553139,55.1569841219,0.5522161194,40.3439532962,62.7329976278,65.9925693448,STANDBY,0,0,60.7371349096
2024-01-10 06:00:00,RIG_001,6,10,2,55.3090111052,65.0846760441,71.1113725345,0.5301072726,49.936283098,73.1005253045,70.6481143266,HIGH_PRODUCTION,0,0,60.876216968
2024-01-10 07:00:00,RIG_001,7,10,2,63.6594426117,61.9610895516,69.7247844098,0.6730405398,47.1185759121,68.3371729859,72.9317813601,HIGH_PRODUCTION,0,0,61.0152990264
2024-01-10 08:00:00,RIG_001,8,10,2,71.4408060109,75.4672352865,78.7622568802,0.6057326152,49.8309422763,69.2815322008,84.8728925501,HIGH_PRODUCTION,0,0,61.1543810848
2024-01-10 09:00:00,RIG_001,9,10,2,78.1228142462,89.9745181444,89.2488654379,0.6624090901,53.2310958307,75.8117658754,96.0018079372,HIGH_PRODUCTION,0,0,61.2934631433
2024-01-10 10:00:00,RIG_001,10,10,2,83.2500994991,89.9993128167,90.7845884014,0.6659450546,53.2874228006,77.5358779954,95.4831612397,HIGH_PRODUCTION,0,0,61.4325452017
2024-01-10 11:00:00,RIG_001,11,10,2,86.4732457528,87.533197394,90.1728805737,0.7576080059,48.0279541898,79.9476035711,95.0007084647,HIGH_PRODUCTION,0,0,61.5716272601
2024-01-10 12:00:00,RIG_001,12,10,2,87.5726009166,90.4656202098,93.7346312132,0.5914559872,52.0586382642,78.9489701178,99.9662814692,HIGH_PRODUCTION,0,0,61.7107093185
2024-01-10 13:00:00,RIG_001,13,10,2,86.4732457528,96.3616346458,95.0,0.8733714961,55.7807246038,76.3568845575,99.3067915676,HIGH_PRODUCTION,0,0,61.8497913769
2024-01-10 14:00:00,RIG_001,14,10,2,83.2500994991,86.1095287976,90.0592006633,0.7390869206,51.4295878325,83.2884283893,99.2387444371,HIGH_PRODUCTION,0,0,61.9888734353
2024-01-10 15:00:00,RIG_001,15,10,2,78.1228142462,85.73723196,86.9377602653,0.6968854636,48.6239282964,76.5154955209,94.455807608,HIGH_PRODUCTION,0,0,62.1279554937
2024-01-10 16:00:00,RIG_001,16,10,2,71.4408060109,78.221652285,81.0902617517,0.6609884070000001,49.4506041701,77.2926678995,88.7087348047,HIGH_PRODUCTION,0,0,62.2670375522
2024-01-10 17:00:00,RIG_001,17,10,2,63.6594426117,66.9752902571,68.259325146,0.644828053,50.1520335968,69.6374437764,70.3608549759,HIGH_PRODUCTION,0,0,62.4061196106
2024-01-10 18:00:00,RIG_001,18,10,2,55.3090111052,72.623443244,75.4067212958,0.6741072578,50.6496442421,73.3871107073,80.1685560226,HIGH_PRODUCTION,0,0,62.545201669
2024-01-10 19:00:00,RIG_001,19,10,2,46.9585795986,56.7437487112,62.6686738177,0.6332291603,44.0619291591,69.5415301269,66.7672759715,HIGH_PRODUCTION,0,0,62.6842837274
2024-01-10 20:00:00,RIG_001,20,10,2,39.1772161995,35.6879395759,49.4087839653,0.5661375052000001,40.8248834481,64.360966008,51.3919798382,HIGH_PRODUCTION,0,0,62.8233657858
2024-01-10 21:00:00,RIG_001,21,10,2,36.8726740701,44.4622442624,45.2279815516,0.5697155582,40.3825470249,66.5107781949,51.3084741034,HIGH_PRODUCTION,0,0,62.9624478442
2024-01-10 22:00:00,RIG_001,22,10,2,36.8726740701,40.2419026735,51.3936877834,0.5432649066,36.6527324947,64.6891618023,54.78075051,STANDBY,0,0,63.1015299026
2024-01-10 23:00:00,RIG_001,23,10,2,36.8726740701,47.8338639801,50.6937325214,0.5689003756000001,40.1095340188,63.4048990004,57.659944011,STANDBY,0,0,63.2406119611
2024-01-11 00:00:00,RIG_001,0,11,3,36.1002883513,39.0269058605,47.6325091498,0.5408540796,42.8825040021,59.9928336323,49.4219344611,STANDBY,0,0,63.3796940195
2024-01-11 01:00:00,RIG_001,1,11,3,36.1002883513,42.4366896541,45.6547953279,0.6180736781,40.0611862499,63.7288294272,55.8119171664,STANDBY,0,0,63.5187760779
2024-01-11 02:00:00,RIG_001,2,11,3,36.1002883513,45.5561705651,51.6310469189,0.6009777804,40.9022746825,66.4662353865,53.9420489431,STANDBY,0,0,63.6578581363
2024-01-11 03:00:00,RIG_001,3,11,3,36.1002883513,47.3808724498,50.664838094,0.4303109464,41.2455417199,63.5460996326,56.3227451056,STANDBY,0,0,63.7969401947
2024-01-11 04:00:00,RIG_001,4,11,3,38.3565563732,39.3277447744,48.3491089432,0.5865223622,43.6402093727,64.9938393294,55.7246868744,STANDBY,0,0,63.9360222531
2024-01-11 05:00:00,RIG_001,5,11,3,45.9749206378,51.2959472037,62.5350786692,0.5999250686,46.0759046317,69.7466343976,65.8231573786,STANDBY,0,0,64.0751043115
2024-01-11 06:00:00,RIG_001,6,11,3,54.1504325269,58.790101025,64.8926958135,0.6122916107,49.1350857232,64.8880675503,72.4501017438,HIGH_PRODUCTION,0,0,64.21418637
2024-01-11 07:00:00,RIG_001,7,11,3,62.325944416,66.0945556159,72.1621514767,0.6162708179,46.2055484832,67.3176045734,73.4746006833,HIGH_PRODUCTION,0,0,64.3532684284
2024-01-11 08:00:00,RIG_001,8,11,3,69.9443086806,85.8276995534,87.2367551934,0.7516581366,52.0481738659,75.3271846893,96.593108291,HIGH_PRODUCTION,0,0,64.4923504868
2024-01-11 09:00:00,RIG_001,9,11,3,76.4863463859,85.5882369209,88.001160178,0.7426667640000001,48.3637741314,76.5993090808,93.0436079729,HIGH_PRODUCTION,0,0,64.6314325452
2024-01-11 10:00:00,RIG_001,10,11,3,81.5062284735,82.2996529908,86.6088328351,0.647337134,53.5287820999,73.1161948559,89.8195986112,HIGH_PRODUCTION,0,0,64.7705146036
2024-01-11 11:00:00,RIG_001,11,11,3,84.661858275,96.369874608,95.0,0.7491006248000001,51.7569095495,82.967570419,99.1024546827,HIGH_PRODUCTION,0,0,64.909596662
2024-01-11 12:00:00,RIG_001,12,11,3,85.7381848343,103.4885347258,95.0,0.7020774823,56.305684809,82.3187610023,102.4267578082,HIGH_PRODUCTION,0,0,65.0486787204
2024-01-11 13:00:00,RIG_001,13,11,3,84.661858275,96.984615793,95.0,0.6627239823000001,52.051548893,79.2137258826,98.2466341244,HIGH_PRODUCTION,0,0,65.1877607789
2024-01-11 14:00:00,RIG_001,14,11,3,81.5062284735,81.0906721678,85.9848046244,0.6532435266000001,49.0949343885,70.0194730787,88.7367315561,HIGH_PRODUCTION,0,0,65.3268428373
2024-01-11 15:00:00,RIG_001,15,11,3,76.4863463859,81.2673318543,86.5185621541,0.7287853688,48.6423081015,70.432752107,90.8539523614,HIGH_PRODUCTION,0,0,65.4659248957
2024-01-11 16:00:00,RIG_001,16,11,3,69.9443086806,83.5018825681,86.3121814068,0.7405819278,49.6597201207,75.8935925213,87.7812950684,HIGH_PRODUCTION,0,0,65.6050069541
2024-01-11 17:00:00,RIG_001,17,11,3,62.325944416,66.0314775383,74.0634994949,0.6667250597000001,45.4296239783,63.411656383,84.5251312187,HIGH_PRODUCTION,0,0,65.7440890125
2024-01-11 18:00:00,RIG_001,18,11,3,54.1504325269,63.6342724267,69.4580239001,0.6706902909,44.8120305168,72.1281939569,72.7588401264,HIGH_PRODUCTION,0,0,65.8831710709
2024-01-11 19:00:00,RIG_001,19,11,3,45.9749206378,57.1336959728,59.9236553974,0.6412990148000001,45.9500918168,66.6656472587,67.4185057559,HIGH_PRODUCTION,0,0,66.0222531293
2024-01-11 20:00:00,RIG_001,20,11,3,38.3565563732,41.0283713919,53.8838858998,0.5356563752,38.0473672619,72.0377903264,59.5122961507,HIGH_PRODUCTION,0,0,66.1613351878
2024-01-11 21:00:00,RIG_001,21,11,3,36.1002883513,43.1299912563,47.9284497183,0.59618777,41.2235806681,69.8627461287,49.9748475668,HIGH_PRODUCTION,0,0,66.3004172462
2024-01-11 22:00:00,RIG_001,22,11,3,36.1002883513,27.242143645,40.0223538872,0.5675049044,39.2464542159,57.6282958858,45.0044897596,STANDBY,0,0,66.4394993046
2024-01-11 23:00:00,RIG_001,23,11,3,36.1002883513,38.3474044475,43.7724843581,0.5990711053000001,38.5604583828,61.1852103267,51.1244926961,STANDBY,0,0,66.578581363
2024-01-12 00:00:00,RIG_001,0,12,4,36.1002883513,42.3961421062,47.3094085705,0.6335047486000001,39.1631977451,65.7055871739,51.7446245653,STANDBY,0,0,66.7176634214
2024-01-12 01:00:00,RIG_001,1,12,4,36.1002883513,37.4409292621,45.3946757676,0.5951649621,38.8991830652,66.3417966084,53.9740146051,STANDBY,0,0,66.8567454798
2024-01-12 02:00:00,RIG_001,2,12,4,36.1002883513,51.8627640004,54.8321696008,0.6211440125000001,45.3251414168,60.6447420278,62.8967157792,STANDBY,0,0,66.9958275382
2024-01-12 03:00:00,RIG_001,3,12,4,36.1002883513,36.5708628997,47.1295049988,0.611759739,39.5309309868,55.6121324738,54.8862495627,STANDBY,0,0,67.1349095967
2024-01-12 04:00:00,RIG_001,4,12,4,38.3565563732,43.7984776867,55.5065091501,0.5791653367,39.8871908325,61.2734388893,59.1275388333,STANDBY,0,0,67.2739916551
2024-01-12 05:00:00,RIG_001,5,12,4,45.9749206378,54.2916295799,61.4114939902,0.5684334510000001,44.5406606974,68.0357016235,63.1719666468,STANDBY,0,0,67.4130737135
2024-01-12 06:00:00,RIG_001,6,12,4,54.1504325269,69.0406673367,70.9360871314,0.6491772769,45.0555825345,72.2028209725,74.0953243154,HIGH_PRODUCTION,0,0,67.5521557719
2024-01-12 07:00:00,RIG_001,7,12,4,62.325944416,62.8513643334,71.7095452974,0.6020739121,47.0755601042,72.064723665,77.2982681194,HIGH_PRODUCTION,0,0,67.6912378303
2024-01-12 08:00:00,RIG_001,8,12,4,69.9443086806,83.4857204234,86.4703732319,0.6680195271,51.6886447212,71.4466235419,93.1077333725,HIGH_PRODUCTION,0,0,67.8303198887
2024-01-12 09:00:00,RIG_001,9,12,4,76.4863463859,84.2839669817,83.7720188083,0.6975035752000001,50.4553748032,68.3367585056,82.257304594,HIGH_PRODUCTION,0,0,67.9694019471
2024-01-12 10:00:00,RIG_001,10,12,4,81.5062284735,84.3660028178,88.7426050607,0.6659109484,49.4143291076,77.8838434313,93.7182654558,HIGH_PRODUCTION,0,0,68.1084840056
2024-01-12 11:00:00,RIG_001,11,12,4,84.661858275,94.7605555546,95.0,0.7218738544000001,51.9167770441,75.9435778475,100.474267676,HIGH_PRODUCTION,0,0,68.247566064
2024-01-12 12:00:00,RIG_001,12,12,4,85.7381848343,94.5425255292,94.1303883108,0.6424934357000001,54.705266055,72.3072940656,98.2977555418,HIGH_PRODUCTION,0,0,68.3866481224
2024-01-12 13:00:00,RIG_001,13,12,4,84.661858275,89.490678415,94.173227286,0.7332396413000001,54.8306306087,77.2823947624,103.047048803,HIGH_PRODUCTION,0,0,68.5257301808
2024-01-12 14:00:00,RIG_001,14,12,4,81.5062284735,89.7060057331,90.451695496,0.7238375399,51.1518859392,79.2913287846,96.7170357188,HIGH_PRODUCTION,0,0,68.6648122392
2024-01-12 15:00:00,RIG_001,15,12,4,76.4863463859,82.4314075449,85.3668516834,0.6616553683,51.5246252933,74.3632508671,94.2974274076,HIGH_PRODUCTION,0,0,68.8038942976
2024-01-12 16:00:00,RIG_001,16,12,4,69.9443086806,78.4043868589,80.6964884668,0.7239473494,45.4270426775,72.1477708991,85.0486069057,HIGH_PRODUCTION,0,0,68.9429763561
2024-01-12 17:00:00,RIG_001,17,12,4,62.325944416,73.5499515495,76.2316813857,0.7238565952,47.2182524261,71.5868987684,84.0441138632,HIGH_PRODUCTION,0,0,69.0820584145
2024-01-12 18:00:00,RIG_001,18,12,4,54.1504325269,70.0147326773,69.8162894326,0.5865507667000001,47.4415653036,69.89267151600001,79.7214886161,HIGH_PRODUCTION,0,0,69.2211404729
2024-01-12 19:00:00,RIG_001,19,12,4,45.9749206378,47.740921522,53.6938987872,0.5625274158,40.1158635465,60.2781351208,62.628979135,HIGH_PRODUCTION,0,0,69.3602225313
2024-01-12 20:00:00,RIG_001,20,12,4,38.3565563732,56.9976639337,63.3876084866,0.5905330927,42.3764032338,64.9552571491,65.1111837064,HIGH_PRODUCTION,0,0,69.4993045897
2024-01-12 21:00:00,RIG_001,21,12,4,36.1002883513,34.3366523496,43.2512144636,0.5145683486,37.2486039745,61.8648354199,47.490186231,HIGH_PRODUCTION,0,0,69.6383866481
2024-01-12 22:00:00,RIG_001,22,12,4,36.1002883513,43.3590281808,47.1044289793,0.6306607015,41.4241425018,63.9727440784,51.0689348629,STANDBY,0,0,69.7774687065
2024-01-12 23:00:00,RIG_001,23,12,4,36.1002883513,47.0804019971,46.2140543608,0.5912161021,41.3954424625,64.628300017,52.681817966,STANDBY,0,0,69.916550765
2024-01-13 00:00:00,RIG_001,0,13,5,36.8726740701,46.5051934623,48.625192582,0.5865123696,37.1498358989,60.9661125931,55.6842532471,STANDBY,0,0,70.0556328234
2024-01-13 01:00:00,RIG_001,1,13,5,36.8726740701,42.0075988333,44.8309731029,0.4866085378,36.2604994031,62.0577701636,47.3142950808,STANDBY,0,0,70.1947148818
2024-01-13 02:00:00,RIG_001,2,13,5,36.8726740701,44.1013474894,52.8166355836,0.6254101317,39.8116065166,56.6992091075,58.0201511254,STANDBY,0,0,70.3337969402
2024-01-13 03:00:00,RIG_001,3,13,5,36.8726740701,42.6978163767,51.9814697552,0.5280220454,41.5898272663,63.3447749047,50.9216877587,STANDBY,0,0,70.4728789986
2024-01-13 04:00:00,RIG_001,4,13,5,39.1772161995,44.5414017034,51.3485403317,0.5990686809,35.6403407404,67.6489936345,60.6743753491,STANDBY,0,0,70.611961057
2024-01-13 05:00:00,RIG_001,5,13,5,46.9585795986,59.5384616811,68.1573962585,0.6554884044,43.885155068,63.4391421082,71.6202735365,STANDBY,0,0,70.7510431154
2024-01-13 06:00:00,RIG_001,6,13,5,55.3090111052,65.4468224411,71.2316244387,0.7279338978000001,45.3092098972,67.8762637124,76.3992162582,HIGH_PRODUCTION,0,0,70.8901251739
2024-01-13 07:00:00,RIG_001,7,13,5,63.6594426117,68.5684908503,72.561984104,0.6043812815,49.918798269,71.5578675912,76.633034962,HIGH_PRODUCTION,0,0,71.0292072323
2024-01-13 08:00:00,RIG_001,8,13,5,71.4408060109,84.3332639117,79.6011469173,0.5666973411,50.3132723545,79.0585070768,88.0392296423,HIGH_PRODUCTION,0,0,71.1682892907
2024-01-13 09:00:00,RIG_001,9,13,5,78.1228142462,88.074632683,93.0835190045,0.7386458607,52.7846361402,75.077715956,89.5709996803,HIGH_PRODUCTION,0,0,71.3073713491
2024-01-13 10:00:00,RIG_001,10,13,5,83.2500994991,95.7505932345,91.5994142374,0.8430631524000001,54.2201625888,76.6484269825,96.5495832105,HIGH_PRODUCTION,0,0,71.4464534075
2024-01-13 11:00:00,RIG_001,11,13,5,86.4732457528,98.0784354123,93.2836703638,0.8225247657,50.2584758935,73.5167611965,97.9662140913,HIGH_PRODUCTION,0,0,71.5855354659
2024-01-13 12:00:00,RIG_001,12,13,5,87.5726009166,91.9055336206,95.0,0.7530980417,54.5127978384,77.8819744741,98.6390908372,HIGH_PRODUCTION,0,0,71.7246175243
2024-01-13 13:00:00,RIG_001,13,13,5,86.4732457528,92.1711106193,95.0,0.7193863209,53.4735706657,83.7775613062,105.1786796369,HIGH_PRODUCTION,0,0,71.8636995828
2024-01-13 14:00:00,RIG_001,14,13,5,83.2500994991,95.5061999009,95.0,0.7948858561000001,54.8930872546,79.4839353562,97.3380116234,HIGH_PRODUCTION,0,0,72.0027816412
2024-01-13 15:00:00,RIG_001,15,13,5,78.1228142462,89.7151602584,90.6137686446,0.6890356256,60.2812654775,76.84771114,97.9291571763,HIGH_PRODUCTION,0,0,72.1418636996
2024-01-13 16:00:00,RIG_001,16,13,5,71.4408060109,79.8976550348,83.1281017042,0.7326346366,45.8061878797,74.9355434427,89.1968600703,HIGH_PRODUCTION,0,0,72.280945758
2024-01-13 17:00:00,RIG_001,17,13,5,63.6594426117,72.8282988308,77.4743627769,0.7134385157,51.6564680072,71.8152136374,86.2589205345,HIGH_PRODUCTION,0,0,72.4200278164
2024-01-13 18:00:00,RIG_001,18,13,5,55.3090111052,70.3004171954,73.6981074968,0.7341481865,47.00020926,68.6510820418,76.6965402425,HIGH_PRODUCTION,0,0,72.5591098748
2024-01-13 19:00:00,RIG_001,19,13,5,46.9585795986,52.6246665745,60.0666304318,0.7666497694000001,43.7308244524,68.2572397194,62.8677237344,HIGH_PRODUCTION,0,0,72.6981919332
2024-01-13 20:00:00,RIG_001,20,13,5,39.1772161995,50.5575093342,56.5429078084,0.6426424223,42.5483528429,65.8445373696,64.8311175308,HIGH_PRODUCTION,0,0,72.8372739917
2024-01-13 21:00:00,RIG_001,21,13,5,36.8726740701,44.5273793455,50.934387102,0.5800393810000001,40.2833721696,63.4110535595,57.210351027,HIGH_PRODUCTION,0,0,72.9763560501
2024-01-13 22:00:00,RIG_001,22,13,5,36.8726740701,44.4707989003,48.2463469322,0.6045954335,39.9780338686,60.4151415883,48.6115348921,STANDBY,0,0,73.1154381085
2024-01-13 23:00:00,RIG_001,23,13,5,36.8726740701,51.0739514851,52.355614127,0.5377861399,43.4275053424,69.2327092413,55.7376990836,STANDBY,0,0,73.2545201669
2024-01-14 00:00:00,RIG_001,0,14,6,38.2644650435,51.2873147823,49.386475241,0.5927006967,39.7874813022,67.3803026707,55.5456232025,STANDBY,0,0,73.3936022253
2024-01-14 01:00:00,RIG_001,1,14,6,38.2644650435,51.2486435262,52.8251002518,0.6074125458,44.3133192166,63.7158305457,60.3383929164,STANDBY,0,0,73.5326842837
2024-01-14 02:00:00,RIG_001,2,14,6,38.2644650435,53.7293516907,53.3322255698,0.6096707005,42.5999491129,69.1242800683,56.2945336103,STANDBY,0,0,73.6717663421
2024-01-14 03:00:00,RIG_001,3,14,6,38.2644650435,47.3278391718,50.5326706192,0.6248446547000001,39.5718211149,62.7056392364,46.7899026497,STANDBY,0,0,73.8108484006
2024-01-14 04:00:00,RIG_001,4,14,6,40.6559941088,53.0449761941,58.1867740188,0.5938136538000001,42.3612183325,63.5674823807,64.756443576,STANDBY,0,0,73.949930459
2024-01-14 05:00:00,RIG_001,5,14,6,48.7310717994,56.1798175541,64.4213427443,0.7009470361,46.5592528222,64.5748359138,65.7603806745,STANDBY,0,0,74.0890125174
2024-01-14 06:00:00,RIG_001,6,14,6,57.3966975653,68.0384711742,72.6597159165,0.6810381451,45.9389476195,65.098335693,71.6076995221,HIGH_PRODUCTION,0,0,74.2280945758
2024-01-14 07:00:00,RIG_001,7,14,6,66.0623233312,74.4534122146,73.6015984823,0.7003639271000001,49.3302602901,73.7506508056,70.1046207074,HIGH_PRODUCTION,0,0,74.3671766342
2024-01-14 08:00:00,RIG_001,8,14,6,74.1374010218,83.6850473108,82.2317721133,0.7126854409000001,49.4593492763,69.6120795582,89.6737146939,HIGH_PRODUCTION,0,0,74.5062586926
2024-01-14 09:00:00,RIG_001,9,14,6,81.0716274372,93.1309413371,93.4169614277,0.7657337212,54.7985790341,74.2539509073,98.8028137789,HIGH_PRODUCTION,0,0,74.645340751
2024-01-14 10:00:00,RIG_001,10,14,6,86.3924465065,91.4057341718,89.8066689463,0.7946098070000001,54.2224490205,71.1949562243,94.1296998041,HIGH_PRODUCTION,0,0,74.7844228095
2024-01-14 11:00:00,RIG_001,11,14,6,89.7372532031,109.3244429718,95.0,0.7643108376000001,61.0283284095,82.5391238132,104.1670730889,HIGH_PRODUCTION,0,0,74.9235048679
2024-01-14 12:00:00,RIG_001,12,14,6,90.8781044784,94.9941332699,95.0,0.7323269231,53.3974054265,78.0472786002,101.9119740491,HIGH_PRODUCTION,0,0,75.0625869263
2024-01-14 13:00:00,RIG_001,13,14,6,89.7372532031,92.833288147,91.4906905888,0.7441202389,54.5456316463,76.8698978045,101.3395907169,HIGH_PRODUCTION,0,0,75.2016689847
2024-01-14 14:00:00,RIG_001,14,14,6,86.3924465065,101.3708411905,95.0,0.7181819816,55.5388453767,77.2835192731,95.8217935835,HIGH_PRODUCTION,0,0,75.3407510431
2024-01-14 15:00:00,RIG_001,15,14,6,81.0716274372,94.2386435323,89.531989379,0.7236723700000001,56.1514044468,74.7548917994,94.4283375072,HIGH_PRODUCTION,0,0,75.4798331015
2024-01-14 16:00:00,RIG_001,16,14,6,74.1374010218,86.4875650412,84.6898037368,0.7181273121,50.1842264851,77.339379103,84.8396636119,HIGH_PRODUCTION,0,0,75.6189151599
2024-01-14 17:00:00,RIG_001,17,14,6,66.0623233312,78.4544781204,79.7828031013,0.7621148823,51.1036301558,71.884687641,84.0946561058,HIGH_PRODUCTION,0,0,75.7579972184
2024-01-14 18:00:00,RIG_001,18,14,6,57.3966975653,66.6067532526,66.7780644845,0.6965366433,46.2622937209,70.9311009404,71.0322169232,HIGH_PRODUCTION,0,0,75.8970792768
2024-01-14 19:00:00,RIG_001,19,14,6,48.7310717994,53.5369518023,60.9325681965,0.6544349963,43.2558615964,63.4053394823,67.8124091083,HIGH_PRODUCTION,0,0,76.0361613352
2024-01-14 20:00:00,RIG_001,20,14,6,40.6559941088,50.3480310688,56.1695430434,0.6782899649,42.7705127361,65.647597549,61.3062346869,HIGH_PRODUCTION,0,0,76.1752433936
2024-01-14 21:00:00,RIG_001,21,14,6,38.2644650435,44.2125329638,51.9756454376,0.6110263113000001,41.5576140338,67.1735940011,58.8458668525,HIGH_PRODUCTION,0,0,76.314325452
2024-01-14 22:00:00,RIG_001,22,14,6,38.2644650435,52.4948024972,55.0165065362,0.6628212800000001,42.8912425381,67.5069381504,62.1268269356,STANDBY,0,0,76.4534075104
2024-01-14 23:00:00,RIG_001,23,14,6,38.2644650435,46.9047792314,53.1437417885,0.6219232083,42.1556211742,62.8341923148,64.6085278206,STANDBY,0,0,76.5924895688
2024-01-15 00:00:00,RIG_001,0,15,0,40.0,45.4357827113,49.5119186321,0.6365017521,44.5151817929,64.4023317245,53.5660286662,STANDBY,0,0,76.7315716273
2024-01-15 01:00:00,RIG_001,1,15,0,40.0,47.9772017957,50.2001033849,0.6022762872,43.9651998202,63.6711650151,52.3770352829,STANDBY,0,0,76.8706536857
2024-01-15 02:00:00,RIG_001,2,15,0,40.0,51.6696505842,54.3181821263,0.5211070368,44.655721831,65.5245357293,60.0564329722,STANDBY,0,0,77.0097357441
2024-01-15 03:00:00,RIG_001,3,15,0,40.0,46.8072328575,53.5140815231,0.6223030117,40.7907291623,63.0653367008,56.1072414417,STANDBY,0,0,77.1488178025
2024-01-15 04:00:00,RIG_001,4,15,0,42.5,48.0356159525,54.9190897121,0.7043958541,40.2304223317,63.9176791681,64.3649720174,STANDBY,0,0,77.2878998609
2024-01-15 05:00:00,RIG_001,5,15,0,50.9413334214,61.8273497179,65.1070408523,0.7215007469,47.367438546,69.1844849746,69.2573867355,STANDBY,0,0,77.4269819193
2024-01-15 06:00:00,RIG_001,6,15,0,60.0,70.9132754034,71.1439818664,0.7512739564,49.4804124359,68.2939065223,74.4472527628,HIGH_PRODUCTION,0,0,77.5660639777
2024-01-15 07:00:00,RIG_001,7,15,0,69.0586665786,76.2332555583,76.4847038607,0.7813268869000001,52.0036552411,69.8223401865,80.0707566973,HIGH_PRODUCTION,0,0,77.7051460362
2024-01-15 08:00:00,RIG_001,8,15,0,77.5,84.8749756373,82.1197748388,0.7504347188,50.0107826574,71.2968650297,89.2750271092,HIGH_PRODUCTION,0,0,77.8442280946
2024-01-15 09:00:00,RIG_001,9,15,0,84.7487373415,95.6600165024,95.0,0.7887790755,53.4559068149,73.8971916372,99.5267590503,HIGH_PRODUCTION,0,0,77.983310153
2024-01-15 10:00:00,RIG_001,10,15,0,90.3108891325,92.8423592078,90.1458922842,0.7401340517,49.9316214769,74.2008596857,93.2208918238,HIGH_PRODUCTION,0,0,78.1223922114
2024-01-15 11:00:00,RIG_001,11,15,0,93.8074039201,96.5628391399,94.2792996986,0.7669307717,53.3557675728,79.4472392624,104.2753554515,HIGH_PRODUCTION,0,0,78.2614742698
2024-01-15 12:00:00,RIG_001,12,15,0,95.0,101.2213952941,95.0,0.8280549687000001,57.2984898447,77.6880560418,97.431490478,HIGH_PRODUCTION,0,0,78.4005563282
2024-01-15 13:00:00,RIG_001,13,15,0,93.8074039201,102.5746468707,95.0,0.862076716,54.7106709592,82.3132374539,100.1066982221,HIGH_PRODUCTION,0,0,78.5396383866
2024-01-15 14:00:00,RIG_001,14,15,0,90.3108891325,101.7207679784,95.0,0.7929048719,56.711151585,80.6203716398,101.9569184548,HIGH_PRODUCTION,0,0,78.6787204451
2024-01-15 15:00:00,RIG_001,15,15,0,84.7487373415,102.001721753,95.0,0.778766912,55.1194242262,74.6950038856,95.1059946687,HIGH_PRODUCTION,0,0,78.8178025035
2024-01-15 16:00:00,RIG_001,16,15,0,77.5,91.6853637515,87.6642370024,0.7709100274,53.5694549943,79.4705358781,94.1050185066,HIGH_PRODUCTION,0,0,78.9568845619
2024-01-15 17:00:00,RIG_001,17,15,0,69.0586665786,78.176901873,79.5346818091,0.7609749095,47.2488426886,75.8854664987,81.3693587826,HIGH_PRODUCTION,0,0,79.0959666203
2024-01-15 18:00:00,RIG_001,18,15,0,60.0,69.8437092135,70.2355314216,0.6342785815,47.6313462026,67.9715247395,77.7038797641,HIGH_PRODUCTION,0,0,79.2350486787
2024-01-15 19:00:00,RIG_001,19,15,0,50.9413334214,55.88833916,65.7527493907,0.5503524928,37.9898128482,68.0270763767,67.8647963549,HIGH_PRODUCTION,0,0,79.3741307371
2024-01-15 20:00:00,RIG_001,20,15,0,42.5,52.3879491905,55.0575726763,0.6276898563000001,42.7231949813,63.1468900449,62.1358797718,HIGH_PRODUCTION,0,0,79.5132127955
2024-01-15 21:00:00,RIG_001,21,15,0,40.0,48.5580839847,54.0976375618,0.5832478101,38.8785745087,64.8604363256,62.4151367606,HIGH_PRODUCTION,0,0,79.652294854
2024-01-15 22:00:00,RIG_001,22,15,0,40.0,51.6358322897,55.3208499054,0.6286659946,45.3209471055,61.697254466,62.9051594823,STANDBY,0,0,79.7913769124
2024-01-15 23:00:00,RIG_001,23,15,0,40.0,45.906947079,50.644359832,0.6300536612000001,43.0315514753,58.3927647661,56.3983097767,STANDBY,0,0,79.9304589708
2024-01-16 00:00:00,RIG_001,0,16,1,38.2644650435,51.0912103445,52.2841508889,0.6308893747000001,43.70614455,64.1789115345,56.5902480601,STANDBY,0,0,80.0695410292
2024-01-16 01:00:00,RIG_001,1,16,1,38.2644650435,56.179034647,55.7203727784,0.7419949730000001,47.0867711161,66.4825235553,58.9911140494,STANDBY,0,0,80.2086230876
2024-01-16 02:00:00,RIG_001,2,16,1,38.2644650435,47.9924016485,51.9548607028,0.6617052638,40.1002673705,63.2046814137,61.3679647752,STANDBY,0,0,80.347705146
2024-01-16 03:00:00,RIG_001,3,16,1,38.2644650435,50.56562331,54.3885157333,0.6686677367,46.1361322233,61.6175953183,57.2900300728,STANDBY,0,0,80.4867872045
2024-01-16 04:00:00,RIG_001,4,16,1,40.6559941088,54.4201760321,60.5798638528,0.6968743623,45.4694271365,65.1263556232,62.4686656321,STANDBY,0,0,80.6258692629
2024-01-16 05:00:00,RIG_001,5,16,1,48.7310717994,57.0592937135,66.5860698704,0.6172960305,43.7917128539,67.9256723718,73.5821766755,STANDBY,0,0,80.7649513213
2024-01-16 06:00:00,RIG_001,6,16,1,57.3966975653,68.8723465566,70.208424364,0.7621887626,49.4893269335,70.5270248766,72.8200139544,HIGH_PRODUCTION,0,0,80.9040333797
2024-01-16 07:00:00,RIG_001,7,16,1,66.0623233312,76.5013342262,75.2317469374,0.7298882501,46.9127465317,73.4979033597,77.381556445,HIGH_PRODUCTION,0,0,81.0431154381
2024-01-16 08:00:00,RIG_001,8,16,1,74.1374010218,85.0226927144,84.8370515319,0.793320899,49.6066448555,73.496462213,85.5062387454,HIGH_PRODUCTION,0,0,81.1821974965
2024-01-16 09:00:00,RIG_001,9,16,1,81.0716274372,87.6243520265,93.3908841407,0.7145653126,50.6889085601,79.8024593521,96.9421546223,HIGH_PRODUCTION,0,0,81.3212795549
2024-01-16 10:00:00,RIG_001,10,16,1,86.3924465065,96.9536331951,93.4930340114,0.7190144077,53.1804528826,75.5575699489,98.2448889397,HIGH_PRODUCTION,0,0,81.4603616134
2024-01-16 11:00:00,RIG_001,11,16,1,89.7372532031,102.6867427855,95.0,0.8553524859,53.5585704108,82.2687037269,100.729275183,HIGH_PRODUCTION,0,0,81.5994436718
2024-01-16 12:00:00,RIG_001,12,16,1,90.8781044784,108.6141829522,95.0,0.8516171281,59.5997118722,86.1299281645,102.8539187329,HIGH_PRODUCTION,0,0,81.7385257302
2024-01-16 13:00:00,RIG_001,13,16,1,89.7372532031,105.0348300772,95.0,0.7775123437,55.7409987186,82.9531733014,101.580693771,HIGH_PRODUCTION,0,0,81.8776077886
2024-01-16 14:00:00,RIG_001,14,16,1,86.3924465065,107.6804438464,95.0,0.7876249369,57.6251208983,81.6965604727,99.4273833413,HIGH_PRODUCTION,0,0,82.016689847
2024-01-16 15:00:00,RIG_001,15,16,1,81.0716274372,87.7778369839,91.5803496861,0.8282283378,50.8037565132,74.7484599552,95.985762657,HIGH_PRODUCTION,0,0,82.1557719054
2024-01-16 16:00:00,RIG_001,16,16,1,74.1374010218,89.0628138754,86.6794328432,0.7168972628,48.6244968677,79.8271071157,93.20990525,HIGH_PRODUCTION,0,0,82.2948539638
2024-01-16 17:00:00,RIG_001,17,16,1,66.0623233312,77.5637053386,78.2016148438,0.8245605078,49.9310410514,69.0001868258,87.0193253326,HIGH_PRODUCTION,0,0,82.4339360223
2024-01-16 18:00:00,RIG_001,18,16,1,57.3966975653,78.9512465188,76.2073860834,0.7021147751,45.9133016789,70.7750011745,81.5863286818,HIGH_PRODUCTION,0,0,82.5730180807
2024-01-16 19:00:00,RIG_001,19,16,1,48.7310717994,55.3159769688,59.0895203591,0.7087159277,43.69172615,65.4021197942,62.6821277964,HIGH_PRODUCTION,0,0,82.7121001391
2024-01-16 20:00:00,RIG_001,20,16,1,40.6559941088,47.1046438028,52.9642311916,0.6362877364,39.039530873,67.8443544134,54.9856331883,HIGH_PRODUCTION,0,0,82.8511821975
2024-01-16 21:00:00,RIG_001,21,16,1,38.2644650435,45.93562303,49.456639035,0.6799272977,45.458457756,64.9199898171,50.1210232418,HIGH_PRODUCTION,0,0,82.9902642559
2024-01-16 22:00:00,RIG_001,22,16,1,38.2644650435,38.3339699445,46.1403456729,0.600313595,41.4062179305,58.5960537078,53.1391546891,STANDBY,0,0,83.1293463143
2024-01-16 23:00:00,RIG_001,23,16,1,38.2644650435,46.3455357664,48.5399683874,0.6439706755,41.7978915241,62.9727376138,55.2739039583,STANDBY,0,0,83.2684283727
2024-01-17 00:00:00,RIG_001,0,17,2,36.8726740701,43.9729616558,48.8513488171,0.6475948855,43.5206537693,61.3489190645,55.5834393924,STANDBY,0,0,83.4075104312
2024-01-17 01:00:00,RIG_001,1,17,2,36.8726740701,48.5414562048,48.2856758201,0.6097013658,40.4427320963,62.4330698847,52.8996974811,STANDBY,0,0,83.5465924896
2024-01-17 02:00:00,RIG_001,2,17,2,36.8726740701,49.51912946,53.4450349102,0.7003413038,43.4667411223,67.7924075137,62.6658391478,STANDBY,0,0,83.685674548
2024-01-17 03:00:00,RIG_001,3,17,2,36.8726740701,57.212066086,60.3374433253,0.6612745464,44.7026373889,63.048390438,63.8850878416,STANDBY,0,0,83.8247566064
2024-01-17 04:00:00,RIG_001,4,17,2,39.1772161995,54.908735519,54.9577700262,0.6691515654,44.2552240424,71.2989632229,62.8235777379,STANDBY,0,0,83.9638386648
2024-01-17 05:00:00,RIG_001,5,17,2,46.9585795986,55.0743237576,61.7221550334,0.6319171854,46.3132879396,69.0069861978,66.6059263485,STANDBY,0,0,84.1029207232
2024-01-17 06:00:00,RIG_001,6,17,2,55.3090111052,61.8380624945,69.5581754816,0.5743655157,46.9244998292,71.8240037602,72.7331231876,HIGH_PRODUCTION,0,0,84.2420027816
2024-01-17 07:00:00,RIG_001,7,17,2,63.6594426117,77.1610255241,75.9478856379,0.7394560278000001,49.8677037067,71.7594891212,82.7254765598,HIGH_PRODUCTION,0,0,84.3810848401
2024-01-17 08:00:00,RIG_001,8,17,2,71.4408060109,75.9024893393,82.8866383773,0.8664189067,45.6658474624,72.3209246446,89.1155467333,HIGH_PRODUCTION,0,0,84.5201668985
2024-01-17 09:00:00,RIG_001,9,17,2,78.1228142462,98.3638197478,95.0,0.8529586695,52.6708623464,75.2096904808,101.0709182778,HIGH_PRODUCTION,0,0,84.6592489569
2024-01-17 10:00:00,RIG_001,10,17,2,83.2500994991,100.2518740838,95.0,0.8189859273000001,54.8175506538,78.5015750039,100.2438352662,HIGH_PRODUCTION,0,0,84.7983310153
2024-01-17 11:00:00,RIG_001,11,17,2,86.4732457528,95.2528037821,94.7675507243,0.7923635222000001,53.9999456941,80.0568056776,99.6538714791,HIGH_PRODUCTION,0,0,84.9374130737
2024-01-17 12:00:00,RIG_001,12,17,2,87.5726009166,90.1532268697,93.2085899469,0.7918889558000001,50.2778992681,80.9341572463,105.3737059255,HIGH_PRODUCTION,0,0,85.0764951321
2024-01-17 13:00:00,RIG_001,13,17,2,86.4732457528,104.409768531,95.0,0.8614475701000001,60.9257954839,78.0014601089,103.5527699356,HIGH_PRODUCTION,0,0,85.2155771905
2024-01-17 14:00:00,RIG_001,14,17,2,83.2500994991,93.865423489,94.3249693086,0.7439742667,56.4991439828,77.0631092357,101.4934499935,HIGH_PRODUCTION,0,0,85.354659249
2024-01-17 15:00:00,RIG_001,15,17,2,78.1228142462,95.520781331,91.1279758619,0.864253394,55.0844319735,78.2023367386,96.4633733365,HIGH_PRODUCTION,0,0,85.4937413074
2024-01-17 16:00:00,RIG_001,16,17,2,71.4408060109,74.6984155506,79.1577709784,0.7823956059,48.8186776102,68.2221570586,87.1792425802,HIGH_PRODUCTION,0,0,85.6328233658
2024-01-17 17:00:00,RIG_001,17,17,2,63.6594426117,71.9131776394,72.3910299507,0.7747364409,47.5538764701,73.3480010171,78.9450142798,HIGH_PRODUCTION,0,0,85.7719054242
2024-01-17 18:00:00,RIG_001,18,17,2,55.3090111052,66.606702055,69.7415691103,0.745387843,44.7478385937,67.8100396213,74.8201833686,HIGH_PRODUCTION,0,0,85.9109874826
2024-01-17 19:00:00,RIG_001,19,17,2,46.9585795986,58.4858173274,61.2131227527,0.700638563,44.7764153689,66.9595741447,65.3024297769,HIGH_PRODUCTION,0,0,86.050069541
2024-01-17 20:00:00,RIG_001,20,17,2,39.1772161995,48.2400859108,53.4729916613,0.7031199259,42.575526558,63.1161776575,58.2302396483,HIGH_PRODUCTION,0,0,86.1891515994
2024-01-17 21:00:00,RIG_001,21,17,2,36.8726740701,51.3209831094,57.6079219665,0.7088665906,40.3467246264,63.0282794156,53.0966447589,HIGH_PRODUCTION,0,0,86.3282336579
2024-01-17 22:00:00,RIG_001,22,17,2,36.8726740701,42.8894936095,50.9881131766,0.6368357081,41.3907262369,62.8457131264,56.6199156945,STANDBY,0,0,86.4673157163
2024-01-17 23:00:00,RIG_001,23,17,2,36.8726740701,47.53656064,52.0128060155,0.6403551844,41.5736220624,63.6141394563,55.5473777752,STANDBY,0,0,86.6063977747
2024-01-18 00:00:00,RIG_001,0,18,3,36.1002883513,48.2628007314,48.7730549095,0.6768631363000001,38.2500850671,63.3632665726,58.5510649043,STANDBY,0,0,86.7454798331
2024-01-18 01:00:00,RIG_001,1,18,3,36.1002883513,50.2543790519,51.7924039214,0.7557523923,40.8428247414,62.8909288505,56.8504361338,STANDBY,0,0,86.8845618915
2024-01-18 02:00:00,RIG_001,2,18,3,36.1002883513,51.2611215808,56.2546651181,0.6199225868,41.9880693283,66.3369104866,57.6877748595,STANDBY,0,0,87.0236439499
2024-01-18 03:00:00,RIG_001,3,18,3,36.1002883513,42.1006990399,49.8869990017,0.5815767379,44.3005500747,67.5910615174,54.7373585393,STANDBY,0,0,87.1627260083
2024-01-18 04:00:00,RIG_001,4,18,3,38.3565563732,42.3304689761,56.0369404656,0.6644366813,41.6957234931,63.1188023914,57.8985772105,STANDBY,0,0,87.3018080668
2024-01-18 05:00:00,RIG_001,5,18,3,45.9749206378,64.0286505126,67.1332736255,0.7243938971,43.33619949,72.1969497985,73.5534958727,STANDBY,0,0,87.4408901252
2024-01-18 06:00:00,RIG_001,6,18,3,54.1504325269,67.4982106609,70.8830246295,0.7414816039000001,47.8466252441,66.0787974228,76.7558667225,HIGH_PRODUCTION,0,0,87.5799721836
2024-01-18 07:00:00,RIG_001,7,18,3,62.325944416,70.2905821161,73.6266687021,0.7539456232,44.4780375512,71.5604589527,81.5001875954,HIGH_PRODUCTION,0,0,87.719054242
2024-01-18 08:00:00,RIG_001,8,18,3,69.9443086806,89.4280012498,87.9238825595,0.7885564362,54.5223824202,73.536295418,90.5512371844,HIGH_PRODUCTION,0,0,87.8581363004
2024-01-18 09:00:00,RIG_001,9,18,3,76.4863463859,88.8135145577,88.6400233114,0.8729225890000001,51.2611293358,72.2132795847,93.7420476001,HIGH_PRODUCTION,0,0,87.9972183588
2024-01-18 10:00:00,RIG_001,10,18,3,81.5062284735,99.172371703,95.0,0.7500171179,54.6058205483,77.5335972885,95.9049346137,HIGH_PRODUCTION,0,0,88.1363004172
2024-01-18 11:00:00,RIG_001,11,18,3,84.661858275,96.7899703,95.0,0.7820465896000001,56.8490858701,82.6126890932,102.1044843458,HIGH_PRODUCTION,0,0,88.2753824757
2024-01-18 12:00:00,RIG_001,12,18,3,85.7381848343,107.8533063854,95.0,0.8520550393,54.3889994592,85.2060394016,101.5566135413,HIGH_PRODUCTION,0,0,88.4144645341
2024-01-18 13:00:00,RIG_001,13,18,3,84.661858275,105.2708067227,95.0,0.767867166,53.5234653104,82.310256183,101.4874150631,HIGH_PRODUCTION,0,0,88.5535465925
2024-01-18 14:00:00,RIG_001,14,18,3,81.5062284735,92.1145142753,88.5245010493,0.8023213372,51.8614299161,73.0362526029,93.5293581433,HIGH_PRODUCTION,0,0,88.6926286509
2024-01-18 15:00:00,RIG_001,15,18,3,76.4863463859,93.2181699936,92.6037388995,0.8980548611,55.3813002004,77.3766090439,98.8480575719,HIGH_PRODUCTION,0,0,88.8317107093
2024-01-18 16:00:00,RIG_001,16,18,3,69.9443086806,85.0660195902,82.8328785418,0.7921255543,48.2278127466,76.4249059038,92.6458958667,HIGH_PRODUCTION,0,0,88.9707927677
2024-01-18 17:00:00,RIG_001,17,18,3,62.325944416,81.0847956742,76.4156485794,0.7912289316000001,44.6068877223,74.852047391,80.5603658083,HIGH_PRODUCTION,0,0,89.1098748261
2024-01-18 18:00:00,RIG_001,18,18,3,54.1504325269,61.2623710033,67.534579811,0.6577747023,44.413275034,62.8473305505,72.9505153621,HIGH_PRODUCTION,0,0,89.2489568846
2024-01-18 19:00:00,RIG_001,19,18,3,45.9749206378,61.3625960258,69.7330042895,0.6908218734,46.4441306063,65.7378252637,71.474625392,HIGH_PRODUCTION,0,0,89.388038943
2024-01-18 20:00:00,RIG_001,20,18,3,38.3565563732,55.6269592042,59.3640336995,0.6862295426,46.3072633005,66.4958544688,61.7592508147,HIGH_PRODUCTION,0,0,89.5271210014
2024-01-18 21:00:00,RIG_001,21,18,3,36.1002883513,39.3057336247,49.6035674742,0.6406962583,38.900110682,63.400592816,54.8970073535,HIGH_PRODUCTION,0,0,89.6662030598
2024-01-18 22:00:00,RIG_001,22,18,3,36.1002883513,42.2040008022,48.5578559682,0.7299153326000001,39.7281469863,56.0728167774,56.8696566083,STANDBY,0,0,89.8052851182
2024-01-18 23:00:00,RIG_001,23,18,3,36.1002883513,37.9449947855,44.8418109546,0.6814970061000001,41.7940501649,60.8971265092,49.0729684819,STANDBY,0,0,89.9443671766
2024-01-19 00:00:00,RIG_001,0,19,4,36.1002883513,46.9784681812,52.0252338747,0.6256963036000001,38.0051336459,64.522686764,56.3174842868,STANDBY,0,0,90.083449235
2024-01-19 01:00:00,RIG_001,1,19,4,36.1002883513,51.9340759412,52.852489866,0.7090175919,42.2064774349,68.1290587479,56.6318341325,STANDBY,0,0,90.2225312935
2024-01-19 02:00:00,RIG_001,2,19,4,36.1002883513,55.8790122315,57.1339887367,0.7339945775000001,44.3506008377,68.8422764221,60.5297187242,STANDBY,0,0,90.3616133519
2024-01-19 03:00:00,RIG_001,3,19,4,36.1002883513,48.7585631818,54.241679272,0.7452859231000001,43.088078238,66.375282911,60.1265936391,STANDBY,0,0,90.5006954103
2024-01-19 04:00:00,RIG_001,4,19,4,38.3565563732,58.8082973383,59.9487974957,0.7980110362,43.6824609482,65.2426676814,60.4570245602,STANDBY,0,0,90.6397774687
2024-01-19 05:00:00,RIG_001,5,19,4,45.9749206378,51.4039388927,60.7558956739,0.6465725452000001,42.9198667466,59.6971752564,69.5987144039,STANDBY,0,0,90.7788595271
2024-01-19 06:00:00,RIG_001,6,19,4,54.1504325269,57.9839081849,64.4404253975,0.6770806153000001,39.5193223394,66.2160141843,67.4441585032,HIGH_PRODUCTION,0,0,90.9179415855
2024-01-19 07:00:00,RIG_001,7,19,4,62.325944416,74.4194560851,75.2107356929,0.7046075699000001,47.2883671966,75.3307323011,82.3764461492,HIGH_PRODUCTION,0,0,91.0570236439
2024-01-19 08:00:00,RIG_001,8,19,4,69.9443086806,84.2567483976,85.6270687257,0.785853675,51.9712045245,79.4573881018,86.8170729335,HIGH_PRODUCTION,0,0,91.1961057024
2024-01-19 09:00:00,RIG_001,9,19,4,76.4863463859,88.7358474265,87.1014267418,0.8348662120000001,50.2193737881,78.7524015348,94.1079471334,HIGH_PRODUCTION,0,0,91.3351877608
2024-01-19 10:00:00,RIG_001,10,19,4,81.5062284735,83.6028550631,87.1462785829,0.8460723703,51.018682209,76.3688789873,94.1621124063,HIGH_PRODUCTION,0,0,91.4742698192
2024-01-19 11:00:00,RIG_001,11,19,4,84.661858275,96.670957476,95.0,0.8326687288,55.0614843706,80.140206188,101.152606216,HIGH_PRODUCTION,0,0,91.6133518776
2024-01-19 12:00:00,RIG_001,12,19,4,85.7381848343,91.6913990391,95.0,0.8060915567,52.2377513581,75.8390634714,97.0167144346,HIGH_PRODUCTION,0,0,91.752433936
2024-01-19 13:00:00,RIG_001,13,19,4,84.661858275,100.5066450353,95.0,0.8566738987,55.4675888008,79.7618126299,100.7486445688,HIGH_PRODUCTION,0,0,91.8915159944
2024-01-19 14:00:00,RIG_001,14,19,4,81.5062284735,95.8565060289,94.3920529301,0.7939347652000001,52.0386613766,83.7641603861,95.8428843759,HIGH_PRODUCTION,0,0,92.0305980529
2024-01-19 15:00:00,RIG_001,15,19,4,76.4863463859,84.3250960879,87.8874445006,0.9061309448,50.6680514626,72.469854809,92.1291547353,HIGH_PRODUCTION,0,0,92.1696801113
2024-01-19 16:00:00,RIG_001,16,19,4,69.9443086806,79.9339850363,84.7408061198,0.7086539524000001,51.2039285982,78.824531883,92.8290454227,HIGH_PRODUCTION,0,0,92.3087621697
2024-01-19 17:00:00,RIG_001,17,19,4,62.325944416,69.6097500577,74.9520230082,0.767857656,47.7163834364,69.9168405538,82.3421287894,HIGH_PRODUCTION,0,0,92.4478442281
2024-01-19 18:00:00,RIG_001,18,19,4,54.1504325269,66.4377726004,69.8833688,0.8508413339,45.436380611,73.9076281074,74.9289176276,HIGH_PRODUCTION,0,0,92.5869262865
2024-01-19 19:00:00,RIG_001,19,19,4,45.9749206378,63.372230109,63.3291132398,0.7413607159000001,46.2914903358,64.7912240042,65.4046935121,HIGH_PRODUCTION,0,0,92.7260083449
2024-01-19 20:00:00,RIG_001,20,19,4,38.3565563732,46.070386319,51.5120044652,0.6801695688,42.946816161,65.5788284992,58.4487676018,HIGH_PRODUCTION,0,0,92.8650904033
2024-01-19 21:00:00,RIG_001,21,19,4,36.1002883513,51.283843415,54.5030023908,0.687995949,38.7210782966,63.1748426167,59.5611461039,HIGH_PRODUCTION,0,0,93.0041724618
2024-01-19 22:00:00,RIG_001,22,19,4,36.1002883513,46.1331850544,49.532683398,0.6819529892,43.8514443935,59.5941539405,47.5717366033,STANDBY,0,0,93.1432545202
2024-01-19 23:00:00,RIG_001,23,19,4,36.1002883513,44.8409712937,48.8032335599,0.7562946839,40.5377333461,64.1078935153,56.1511230389,STANDBY,0,0,93.2823365786
2024-01-20 00:00:00,RIG_001,0,20,5,36.8726740701,71.688378213,82.2704092792,1.0405928638,50.0312155683,64.5813716375,110.0,STANDBY,0,0,93.421418637
2024-01-20 01:00:00,RIG_001,1,20,5,36.8726740701,50.924419417,72.3521585849,1.1801057883000001,37.081320222,51.2075961459,87.4213456757,STANDBY,0,0,93.5605006954
2024-01-20 02:00:00,RIG_001,2,20,5,36.8726740701,56.2491105756,72.5624733353,1.0149190178,35.2345419493,43.3106467987,92.9135756557,STANDBY,0,0,93.6995827538
2024-01-20 03:00:00,RIG_001,3,20,5,36.8726740701,69.7804260771,80.349265489,1.1265899898,42.2755626287,62.3729878379,89.3165653267,STANDBY,0,0,93.8386648122
2024-01-20 04:00:00,RIG_001,4,20,5,39.1772161995,83.3396563957,86.9947915638,1.2743909921,45.0961021601,63.3478477591,110.0,STANDBY,0,0,93.9777468707
2024-01-20 05:00:00,RIG_001,5,20,5,46.9585795986,78.655784003,86.6027043235,1.2144983328,40.1495282174,67.7877608966,110.0,STANDBY,0,0,94.1168289291
2024-01-20 06:00:00,RIG_001,6,20,5,55.3090111052,84.9714706738,88.7435165567,1.3343396482,53.0783143888,72.5720235157,92.0756108658,HIGH_PRODUCTION,0,0,94.2559109875
2024-01-20 07:00:00,RIG_001,7,20,5,63.6594426117,100.5444737611,92.5023090886,1.6054089501000002,55.3826964187,72.9096348516,110.0,HIGH_PRODUCTION,0,0,94.3949930459
2024-01-20 08:00:00,RIG_001,8,20,5,71.4408060109,99.6164285815,95.0,1.3711930811,49.3814079635,77.8452313765,110.0,HIGH_PRODUCTION,0,0,94.5340751043
2024-01-20 09:00:00,RIG_001,9,20,5,78.1228142462,103.8677310157,95.0,1.3380477965,48.6635059479,70.0356445506,110.0,HIGH_PRODUCTION,0,0,94.6731571627
2024-01-20 10:00:00,RIG_001,10,20,5,83.2500994991,120.9847599192,95.0,1.5066413116000001,48.1950093525,63.5107695242,110.0,HIGH_PRODUCTION,0,0,94.8122392211
2024-01-20 11:00:00,RIG_001,11,20,5,86.4732457528,115.55172927,95.0,1.4441617047,53.8704988376,73.4110338851,110.0,HIGH_PRODUCTION,0,0,94.9513212796
2024-01-20 12:00:00,RIG_001,12,20,5,87.5726009166,121.3249067209,95.0,1.457023984,59.2777652327,77.6926199834,110.0,HIGH_PRODUCTION,0,0,95.090403338
2024-01-20 13:00:00,RIG_001,13,20,5,86.4732457528,103.1331375211,95.0,1.4826771058000001,51.543066811,70.2463954856,110.0,HIGH_PRODUCTION,0,0,95.2294853964
2024-01-20 14:00:00,RIG_001,14,20,5,83.2500994991,123.2886002261,95.0,1.4716030679,55.628164816,77.8885002131,109.4705398861,HIGH_PRODUCTION,0,0,95.3685674548
2024-01-20 15:00:00,RIG_001,15,20,5,78.1228142462,103.5953647048,95.0,1.2115609431,48.0723619959,71.1483062239,109.8281241046,HIGH_PRODUCTION,0,0,95.5076495132
2024-01-20 16:00:00,RIG_001,16,20,5,71.4408060109,99.1353273061,95.0,1.5805837234,43.47840031,59.7820118572,110.0,HIGH_PRODUCTION,0,0,95.6467315716
2024-01-20 17:00:00,RIG_001,17,20,5,63.6594426117,111.598442861,95.0,1.5214870191,56.0470511169,86.1282563702,110.0,HIGH_PRODUCTION,0,0,95.78581363
2024-01-20 18:00:00,RIG_001,18,20,5,55.3090111052,110.1216085776,95.0,1.31555939,58.7815831519,86.9857254394,110.0,HIGH_PRODUCTION,0,0,95.9248956885
2024-01-20 19:00:00,RIG_001,19,20,5,46.9585795986,87.113185579,91.5422313981,1.2666224951,42.1779102962,73.1974406119,109.3590925556,HIGH_PRODUCTION,0,0,96.0639777469
2024-01-20 20:00:00,RIG_001,20,20,5,39.1772161995,60.6386951309,75.2906474297,1.3014058547,45.3797189518,55.3676195038,99.3076910406,HIGH_PRODUCTION,0,0,96.2030598053
2024-01-20 21:00:00,RIG_001,21,20,5,36.8726740701,61.5188593845,71.4939103802,1.2421483866,43.487374019,68.5664379363,99.0210894701,HIGH_PRODUCTION,0,0,96.3421418637
2024-01-20 22:00:00,RIG_001,22,20,5,36.8726740701,80.6159420751,87.9285899342,1.5429252304999999,46.8141084611,79.4032023048,104.0955649075,STANDBY,0,0,96.4812239221
2024-01-20 23:00:00,RIG_001,23,20,5,36.8726740701,76.047551922,93.4058093848,1.6669854213000002,43.3905340513,61.1233045618,109.8948331625,STANDBY,0,0,96.6203059805
2024-01-21 00:00:00,RIG_001,0,21,6,38.2644650435,75.3168186775,85.704595843,1.1594372018,40.136389796,65.1252741869,110.0,STANDBY,0,0,96.7593880389
2024-01-21 01:00:00,RIG_001,1,21,6,38.2644650435,61.2523440717,69.7924363852,1.0441587924,43.1298918868,59.8284130631,92.981236979,STANDBY,0,0,96.8984700974
2024-01-21 02:00:00,RIG_001,2,21,6,38.2644650435,65.3187616032,70.6961551173,1.2471588961,41.3719776904,63.4750085029,91.7609765273,STANDBY,0,0,97.0375521558
2024-01-21 03:00:00,RIG_001,3,21,6,38.2644650435,66.8519761179,73.5070172003,1.4077226073,50.7382003434,62.5866051873,109.2439108294,STANDBY,0,0,97.1766342142
2024-01-21 04:00:00,RIG_001,4,21,6,40.6559941088,65.616216621,82.0515214615,1.275598212,45.0726018848,60.2696477551,106.0987967597,STANDBY,0,0,97.3157162726
2024-01-21 05:00:00,RIG_001,5,21,6,48.7310717994,64.021495448,80.5036281191,1.4572682625,41.3834102033,66.0286915423,103.0294155984,STANDBY,0,0,97.454798331
2024-01-21 06:00:00,RIG_001,6,21,6,57.3966975653,80.4538104554,90.0296606532,1.0874439756,42.5023938996,59.8749006816,103.3811867487,HIGH_PRODUCTION,0,0,97.5938803894
2024-01-21 07:00:00,RIG_001,7,21,6,66.0623233312,83.5378120572,95.0,1.4387769909,49.0773974963,72.1635638293,110.0,HIGH_PRODUCTION,0,0,97.7329624478
2024-01-21 08:00:00,RIG_001,8,21,6,74.1374010218,108.4836910711,95.0,1.2842241413,51.6278698075,75.5927044119,110.0,HIGH_PRODUCTION,0,0,97.8720445063
2024-01-21 09:00:00,RIG_001,9,21,6,81.0716274372,127.6473908013,95.0,1.7095867339000002,62.0779731043,86.664908241,106.2987058713,HIGH_PRODUCTION,0,0,98.0111265647
2024-01-21 10:00:00,RIG_001,10,21,6,86.3924465065,112.5166847045,95.0,1.814014281,48.3418778201,76.6495985121,110.0,HIGH_PRODUCTION,0,0,98.1502086231
2024-01-21 11:00:00,RIG_001,11,21,6,89.7372532031,150.0,95.0,1.3958073895,65.0373732944,88.9747975359,110.0,HIGH_PRODUCTION,0,0,98.2892906815
2024-01-21 12:00:00,RIG_001,12,21,6,90.8781044784,129.0125063564,95.0,1.360400432,58.9182289549,73.8745531018,110.0,HIGH_PRODUCTION,0,0,98.4283727399
2024-01-21 13:00:00,RIG_001,13,21,6,89.7372532031,120.7314006276,95.0,1.5330251138,55.3918616549,81.6790118379,110.0,HIGH_PRODUCTION,0,0,98.5674547983
2024-01-21 14:00:00,RIG_001,14,21,6,86.3924465065,120.9839464016,95.0,1.4169179877,53.5746205071,77.6136095037,110.0,HIGH_PRODUCTION,0,0,98.7065368567
2024-01-21 15:00:00,RIG_001,15,21,6,81.0716274372,123.23226074990001,95.0,1.4292063665999999,57.223283135,71.6751506788,110.0,HIGH_PRODUCTION,0,0,98.8456189152
2024-01-21 16:00:00,RIG_001,16,21,6,74.1374010218,98.2305340081,95.0,1.3419700171,46.9403798511,66.7382132198,110.0,HIGH_PRODUCTION,0,0,98.9847009736
2024-01-21 17:00:00,RIG_001,17,21,6,66.0623233312,99.9920371345,95.0,1.1545854717,50.5166546453,74.1179626209,110.0,HIGH_PRODUCTION,0,0,99.123783032
2024-01-21 18:00:00,RIG_001,18,21,6,57.3966975653,107.4254735898,95.0,1.4682323694,46.4389757225,68.8634041475,110.0,HIGH_PRODUCTION,0,0,99.2628650904
2024-01-21 19:00:00,RIG_001,19,21,6,48.7310717994,74.9956472408,92.3857799106,1.1691143859,44.7714421702,69.6838523929,107.9932215707,HIGH_PRODUCTION,0,0,99.4019471488
2024-01-21 20:00:00,RIG_001,20,21,6,40.6559941088,88.4489840595,95.0,1.1762156481,47.1590596752,78.2156436196,110.0,HIGH_PRODUCTION,0,0,99.5410292072
2024-01-21 21:00:00,RIG_001,21,21,6,38.2644650435,76.1749147565,88.994903834,1.5741656743,38.4967463499,57.910096782,110.0,HIGH_PRODUCTION,0,0,99.6801112656
2024-01-21 22:00:00,RIG_001,22,21,6,38.2644650435,65.0013594708,79.4416674597,1.0515733263,40.8970782909,62.8787106361,101.7685995503,STANDBY,0,0,99.8191933241
2024-01-21 23:00:00,RIG_001,23,21,6,38.2644650435,89.2762188412,84.7400055013,1.5091738160000001,46.9388208995,61.4495507126,110.0,STANDBY,0,0,99.9582753825
2024-01-22 00:00:00,RIG_001,0,22,0,40.0,65.9428997371,72.4614261783,1.1378684985,40.1091770528,64.4549891493,97.9496293185,STANDBY,0,0,100.0973574409
2024-01-22 01:00:00,RIG_001,1,22,0,40.0,86.296672899,92.4307957889,1.3425016183,42.6792237894,68.9608132275,110.0,STANDBY,0,0,100.2364394993
2024-01-22 02:00:00,RIG_001,2,22,0,40.0,76.953619525,82.2241997044,1.3703601327000001,38.5976928939,53.8899216493,92.911632919,STANDBY,0,0,100.3755215577
2024-01-22 03:00:00,RIG_001,3,22,0,40.0,65.4547479158,80.021169144,1.3659685584,38.4570590402,59.8444153609,101.7689649281,STANDBY,0,0,100.5146036161
2024-01-22 04:00:00,RIG_001,4,22,0,42.5,82.0971683323,82.7388858167,1.4152118507,41.9834440742,61.4215634494,99.3737446173,STANDBY,0,0,100.6536856745
2024-01-22 05:00:00,RIG_001,5,22,0,50.9413334214,88.8831790252,95.0,1.4473513361,54.7916834869,67.7115201867,110.0,STANDBY,0,0,100.792767733
2024-01-22 06:00:00,RIG_001,6,22,0,60.0,100.6637867243,95.0,1.3156706862,51.887269442,78.9868732763,110.0,HIGH_PRODUCTION,0,0,100.9318497914
2024-01-22 07:00:00,RIG_001,7,22,0,69.0586665786,90.6035634786,95.0,1.2985748305,50.3253623084,54.7342564887,110.0,HIGH_PRODUCTION,0,0,101.0709318498
2024-01-22 08:00:00,RIG_001,8,22,0,77.5,104.8669098742,95.0,1.2419629289,50.9589666885,80.5601864927,110.0,HIGH_PRODUCTION,0,0,101.2100139082
2024-01-22 09:00:00,RIG_001,9,22,0,84.7487373415,112.6303797708,95.0,1.3286965927,54.2736251359,75.1386310321,110.0,HIGH_PRODUCTION,0,0,101.3490959666
2024-01-22 10:00:00,RIG_001,10,22,0,90.3108891325,121.2520371795,95.0,1.9908950167000001,52.4943958252,82.9991967383,108.131137021,HIGH_PRODUCTION,0,0,101.488178025
2024-01-22 11:00:00,RIG_001,11,22,0,93.8074039201,136.9910712711,95.0,1.6059721107,56.8066671493,83.6878104825,110.0,HIGH_PRODUCTION,0,0,101.6272600834
2024-01-22 12:00:00,RIG_001,12,22,0,95.0,133.3883906958,95.0,1.3654300145,63.6010871445,73.883765054,110.0,HIGH_PRODUCTION,0,0,101.7663421419
2024-01-22 13:00:00,RIG_001,13,22,0,93.8074039201,112.7199318854,95.0,1.2326305958,54.8619402232,75.8125841087,110.0,HIGH_PRODUCTION,0,0,101.9054242003
2024-01-22 14:00:00,RIG_001,14,22,0,90.3108891325,128.3530548354,95.0,1.5005778964,49.7167199386,72.3065459161,110.0,HIGH_PRODUCTION,0,0,102.0445062587
2024-01-22 15:00:00,RIG_001,15,22,0,84.7487373415,127.9151425971,95.0,1.4880538194000001,53.3404220831,79.340428263,110.0,HIGH_PRODUCTION,0,0,102.1835883171
2024-01-22 16:00:00,RIG_001,16,22,0,77.5,108.1769431631,95.0,1.4866980668,50.6030852694,83.1812947816,110.0,HIGH_PRODUCTION,0,0,102.3226703755
2024-01-22 17:00:00,RIG_001,17,22,0,69.0586665786,114.9882216389,95.0,1.4426508112,48.4344881542,74.3780455912,110.0,HIGH_PRODUCTION,0,0,102.4617524339
2024-01-22 18:00:00,RIG_001,18,22,0,60.0,97.9456290444,95.0,1.3590446301,51.7822613802,74.0374599175,110.0,HIGH_PRODUCTION,0,0,102.6008344924
2024-01-22 19:00:00,RIG_001,19,22,0,50.9413334214,92.0760003097,95.0,1.4919273423,46.3371306881,60.9803895286,110.0,HIGH_PRODUCTION,0,0,102.7399165508
2024-01-22 20:00:00,RIG_001,20,22,0,42.5,72.7514737459,85.6868140536,1.2500955821,49.2944983759,65.7870763442,105.5964164192,HIGH_PRODUCTION,0,0,102.8789986092
2024-01-22 21:00:00,RIG_001,21,22,0,40.0,52.3378595576,67.4731942803,0.9155863980000001,40.1445276721,68.3387926975,94.7147816094,HIGH_PRODUCTION,0,0,103.0180806676
2024-01-22 22:00:00,RIG_001,22,22,0,40.0,69.9700534015,82.6661923138,1.2054491943,45.2276496951,69.6257123971,97.2863748227,STANDBY,0,0,103.157162726
2024-01-22 23:00:00,RIG_001,23,22,0,40.0,76.5936083772,80.3963206258,1.2134364333,50.5401751104,48.6264847027,110.0,STANDBY,0,0,103.2962447844
2024-01-23 00:00:00,RIG_001,0,23,1,38.2644650435,76.6076413386,87.8336641795,1.3941903137,46.50248864,61.2460061484,110.0,STANDBY,0,0,103.4353268428
2024-01-23 01:00:00,RIG_001,1,23,1,38.2644650435,58.4216887091,79.1866649553,1.6963134624,36.6892458788,51.5677992682,94.3908312855,STANDBY,0,0,103.5744089013
2024-01-23 02:00:00,RIG_001,2,23,1,38.2644650435,67.7226327205,72.942020473,1.222933419,40.4644217773,56.5995202755,88.9941276185,STANDBY,0,0,103.7134909597
2024-01-23 03:00:00,RIG_001,3,23,1,38.2644650435,73.316607574,89.4018637123,1.2782780692,42.8475223229,59.2970390517,110.0,STANDBY,0,0,103.8525730181
2024-01-23 04:00:00,RIG_001,4,23,1,40.6559941088,74.9645362086,89.8700444828,1.4809673818,46.0472480243,67.2120270957,110.0,STANDBY,0,0,103.9916550765
2024-01-23 05:00:00,RIG_001,5,23,1,48.7310717994,83.1042410122,90.2584215345,1.4384535924000001,47.6725477525,68.0655532544,110.0,STANDBY,0,0,104.1307371349
2024-01-23 06:00:00,RIG_001,6,23,1,57.3966975653,89.3611709768,90.4082559069,1.4899660729,38.7905911226,60.5715620502,106.293535264,HIGH_PRODUCTION,0,0,104.2698191933
2024-01-23 07:00:00,RIG_001,7,23,1,66.0623233312,101.555335054,95.0,1.4397765152,50.6169650813,63.875592212,110.0,HIGH_PRODUCTION,0,0,104.4089012517
2024-01-23 08:00:00,RIG_001,8,23,1,74.1374010218,112.3804362022,95.0,1.7778255818000002,53.0185515084,71.9679783075,110.0,HIGH_PRODUCTION,0,0,104.5479833102
2024-01-23 09:00:00,RIG_001,9,23,1,81.0716274372,110.080185758,95.0,1.3189809291,51.4700633374,68.1548749847,110.0,HIGH_PRODUCTION,0,0,104.6870653686
2024-01-23 10:00:00,RIG_001,10,23,1,86.3924465065,127.2734329446,95.0,1.4632403209,62.5575164581,72.4453108653,110.0,HIGH_PRODUCTION,0,0,104.826147427
2024-01-23 11:00:00,RIG_001,11,23,1,89.7372532031,118.2560100311,95.0,1.3316543698,50.3308973906,80.0010233106,110.0,HIGH_PRODUCTION,0,0,104.9652294854
2024-01-23 12:00:00,RIG_001,12,23,1,90.8781044784,126.7028760133,95.0,1.5386437796,54.7300841219,66.7892669598,110.0,HIGH_PRODUCTION,0,0,105.1043115438
2024-01-23 13:00:00,RIG_001,13,23,1,89.7372532031,116.7584850449,95.0,1.3093699192,61.6468370411,75.5006232785,110.0,HIGH_PRODUCTION,0,0,105.2433936022
2024-01-23 14:00:00,RIG_001,14,23,1,86.3924465065,125.9825429807,95.0,1.4342563337,63.392636246,78.9273229242,110.0,HIGH_PRODUCTION,0,0,105.3824756606
2024-01-23 15:00:00,RIG_001,15,23,1,81.0716274372,119.6343492875,95.0,1.3923643634,54.5813993132,78.4310416218,110.0,HIGH_PRODUCTION,0,0,105.5215577191
2024-01-23 16:00:00,RIG_001,16,23,1,74.1374010218,107.0309575548,95.0,1.5363225357,55.135127288,69.8179371692,110.0,HIGH_PRODUCTION,0,0,105.6606397775
2024-01-23 17:00:00,RIG_001,17,23,1,66.0623233312,90.1475809739,95.0,1.5131174177,47.2038514,64.4828628037,110.0,HIGH_PRODUCTION,0,0,105.7997218359
2024-01-23 18:00:00,RIG_001,18,23,1,57.3966975653,94.0345396945,95.0,1.1446389313,50.0420239164,66.8099272365,110.0,HIGH_PRODUCTION,0,0,105.9388038943
2024-01-23 19:00:00,RIG_001,19,23,1,48.7310717994,79.4663133583,90.1100933269,1.2966593441,44.0347605541,75.2354439473,110.0,HIGH_PRODUCTION,0,0,106.0778859527
2024-01-23 20:00:00,RIG_001,20,23,1,40.6559941088,89.3767258145,95.0,1.3005297354,50.3456491726,68.318661355,110.0,HIGH_PRODUCTION,0,0,106.2169680111
2024-01-23 21:00:00,RIG_001,21,23,1,38.2644650435,72.1270188949,94.5559420369,1.0755898186,31.1805616274,58.7687575661,110.0,HIGH_PRODUCTION,0,0,106.3560500695
2024-01-23 22:00:00,RIG_001,22,23,1,38.2644650435,82.2830741783,91.1461593067,1.3535928185000001,47.4187884143,57.2324303032,110.0,STANDBY,0,0,106.495132128
2024-01-23 23:00:00,RIG_001,23,23,1,38.2644650435,60.9533620727,73.5421893259,1.2662540893,39.4112329176,59.0150114786,103.0243586197,STANDBY,0,0,106.6342141864
2024-01-24 00:00:00,RIG_001,0,24,2,36.8726740701,80.3788608342,87.359993202,1.625946904,45.2918164195,69.4417067992,110.0,STANDBY,0,0,106.7732962448
2024-01-24 01:00:00,RIG_001,1,24,2,36.8726740701,80.8135612892,86.176936689,1.3811559383,52.2840652842,71.5427304713,110.0,STANDBY,0,0,106.9123783032
2024-01-24 02:00:00,RIG_001,2,24,2,36.8726740701,74.791558241,81.4851592635,1.1856433612,40.2578357142,72.6143532301,99.1223346408,STANDBY,0,0,107.0514603616
2024-01-24 03:00:00,RIG_001,3,24,2,36.8726740701,78.9305934951,89.3389697688,1.211779573,42.0990726782,59.9688924805,106.0232163895,STANDBY,0,0,107.19054242
2024-01-24 04:00:00,RIG_001,4,24,2,39.1772161995,68.2152010422,77.1105138276,1.4439513822,47.80712943,60.5017688381,93.497492212,STANDBY,0,0,107.3296244784
2024-01-24 05:00:00,RIG_001,5,24,2,46.9585795986,91.7057540536,95.0,1.7213615489,43.6369701442,72.9407056997,110.0,STANDBY,0,0,107.4687065369
2024-01-24 06:00:00,RIG_001,6,24,2,55.3090111052,111.3285049874,95.0,1.245688698,52.8657477889,73.5019665965,110.0,HIGH_PRODUCTION,0,0,107.6077885953
2024-01-24 07:00:00,RIG_001,7,24,2,63.6594426117,94.3287222142,95.0,1.0994080472,47.4026898824,64.7413911811,110.0,HIGH_PRODUCTION,0,0,107.7468706537
2024-01-24 08:00:00,RIG_001,8,24,2,71.4408060109,105.023432923,95.0,1.6773833761999999,47.9640852385,59.5985388473,110.0,HIGH_PRODUCTION,0,0,107.8859527121
2024-01-24 09:00:00,RIG_001,9,24,2,78.1228142462,135.845529164,95.0,1.6491973463,58.8351456998,90.4015798385,110.0,HIGH_PRODUCTION,0,0,108.0250347705
2024-01-24 10:00:00,RIG_001,10,24,2,83.2500994991,135.9817975985,95.0,1.4773029335,53.0404857165,73.4445563444,110.0,HIGH_PRODUCTION,0,0,108.1641168289
2024-01-24 11:00:00,RIG_001,11,24,2,86.4732457528,116.4206075999,95.0,1.5916118838000002,49.2460945797,69.7964007428,110.0,HIGH_PRODUCTION,0,0,108.3031988873
2024-01-24 12:00:00,RIG_001,12,24,2,87.5726009166,125.9983980245,95.0,1.1006680641,52.2026829301,88.2047928685,110.0,HIGH_PRODUCTION,0,0,108.4422809458
2024-01-24 13:00:00,RIG_001,13,24,2,86.4732457528,117.9806763595,95.0,1.428360521,54.4823228979,70.1069752243,110.0,HIGH_PRODUCTION,0,0,108.5813630042
2024-01-24 14:00:00,RIG_001,14,24,2,83.2500994991,98.1268193864,95.0,1.4169131940000002,53.466517479,66.1706838679,110.0,HIGH_PRODUCTION,0,0,108.7204450626
2024-01-24 15:00:00,RIG_001,15,24,2,78.1228142462,101.57697608,95.0,1.5849352629,52.2752302354,71.8954189163,110.0,HIGH_PRODUCTION,0,0,108.859527121
2024-01-24 16:00:00,RIG_001,16,24,2,71.4408060109,89.9183915407,95.0,1.2545851295000001,40.9385558466,57.3939332113,110.0,HIGH_PRODUCTION,0,0,108.9986091794
2024-01-24 17:00:00,RIG_001,17,24,2,63.6594426117,91.6450282484,95.0,1.4744188536,52.0148884151,63.5107647281,110.0,HIGH_PRODUCTION,0,0,109.1376912378
2024-01-24 18:00:00,RIG_001,18,24,2,55.3090111052,91.0300197885,95.0,1.2839059633,47.5970308647,62.422494936,110.0,HIGH_PRODUCTION,0,0,109.2767732962
2024-01-24 19:00:00,RIG_001,19,24,2,46.9585795986,93.1417422156,95.0,1.3602421963,51.0498309583,69.3146688421,110.0,HIGH_PRODUCTION,0,0,109.4158553547
2024-01-24 20:00:00,RIG_001,20,24,2,39.1772161995,89.1639775149,95.0,1.3040071147,46.3148640241,78.9650909154,110.0,HIGH_PRODUCTION,0,0,109.5549374131
2024-01-24 21:00:00,RIG_001,21,24,2,36.8726740701,63.759321913,83.2593657011,1.1989358864,40.7401417379,62.5765230024,110.0,HIGH_PRODUCTION,0,0,109.6940194715
2024-01-24 22:00:00,RIG_001,22,24,2,36.8726740701,84.8841262854,93.1578297871,1.2054139122,46.8408200926,62.018867647,110.0,STANDBY,0,0,109.8331015299
2024-01-24 23:00:00,RIG_001,23,24,2,36.8726740701,60.1157942016,80.3603246925,1.4104165635,44.3837327988,61.421896376,96.2893604307,STANDBY,0,0,109.9721835883
2024-01-25 00:00:00,RIG_001,0,25,3,36.1002883513,73.0712773377,84.2176222246,1.5682099366000002,44.6413239025,63.7433688325,106.3361924004,STANDBY,0,0,110.1112656467
2024-01-25 01:00:00,RIG_001,1,25,3,36.1002883513,81.5626584399,87.3508478955,1.4859922084,44.2649850148,55.3202228724,92.3935853277,STANDBY,0,0,110.2503477051
2024-01-25 02:00:00,RIG_001,2,25,3,36.1002883513,55.9559314405,75.3702672575,1.3254973656,43.9147949001,59.2819108931,101.6473467415,STANDBY,0,0,110.3894297636
2024-01-25 03:00:00,RIG_001,3,25,3,36.1002883513,81.1295493362,94.9266211308,1.1390541522,49.1659910843,71.1715915956,110.0,STANDBY,0,0,110.528511822
2024-01-25 04:00:00,RIG_001,4,25,3,38.3565563732,77.6527311846,87.7278458823,1.3374023543,43.5001522193,66.9646518113,110.0,STANDBY,0,0,110.6675938804
2024-01-25 05:00:00,RIG_001,5,25,3,45.9749206378,84.1310285973,87.2327044866,1.4124718683,43.7558997274,71.4028558113,110.0,STANDBY,0,0,110.8066759388
2024-01-25 06:00:00,RIG_001,6,25,3,54.1504325269,95.9414907344,95.0,1.7886930866,43.1160157934,73.5861556003,110.0,HIGH_PRODUCTION,0,0,110.9457579972
2024-01-25 07:00:00,RIG_001,7,25,3,62.325944416,129.6564718588,95.0,1.4362742897,56.7873939364,73.313145346,110.0,HIGH_PRODUCTION,0,0,111.0848400556
2024-01-25 08:00:00,RIG_001,8,25,3,69.9443086806,102.1072444251,95.0,1.6623475455,48.0298043183,77.7832988859,110.0,HIGH_PRODUCTION,0,0,111.223922114
2024-01-25 09:00:00,RIG_001,9,25,3,76.4863463859,109.8558603294,95.0,1.6294355682,49.6187930935,83.2437536097,110.0,HIGH_PRODUCTION,0,0,111.3630041725
2024-01-25 10:00:00,RIG_001,10,25,3,81.5062284735,110.6215487252,95.0,1.5332646643999999,55.0289601971,71.488929153,110.0,HIGH_PRODUCTION,0,0,111.5020862309
2024-01-25 11:00:00,RIG_001,11,25,3,84.661858275,112.3869307439,95.0,1.7485978685,58.893869647,70.9552447741,106.3508383333,HIGH_PRODUCTION,0,0,111.6411682893
2024-01-25 12:00:00,RIG_001,12,25,3,85.7381848343,121.2297404768,95.0,1.5885730687000001,59.3504867669,80.1508357959,110.0,HIGH_PRODUCTION,0,0,111.7802503477
2024-01-25 13:00:00,RIG_001,13,25,3,84.661858275,126.3534072814,95.0,1.5342487715000002,54.209611383,78.9836267081,109.5680034089,HIGH_PRODUCTION,0,0,111.9193324061
2024-01-25 14:00:00,RIG_001,14,25,3,81.5062284735,129.7087918394,95.0,1.4814768477,54.8853318213,80.7929454006,110.0,HIGH_PRODUCTION,0,0,112.0584144645
2024-01-25 15:00:00,RIG_001,15,25,3,76.4863463859,106.0336493066,95.0,1.5754185547000001,48.4319344354,88.9825952897,110.0,HIGH_PRODUCTION,0,0,112.1974965229
2024-01-25 16:00:00,RIG_001,16,25,3,69.9443086806,102.2027860378,95.0,1.622400119,47.827198502,67.8742791635,110.0,HIGH_PRODUCTION,0,0,112.3365785814
2024-01-25 17:00:00,RIG_001,17,25,3,62.325944416,104.3088645157,95.0,1.3879244682,52.4975189401,70.5554053477,105.6497750736,HIGH_PRODUCTION,0,0,112.4756606398
2024-01-25 18:00:00,RIG_001,18,25,3,54.1504325269,91.4844953248,95.0,1.2299140209,44.0446097905,67.2777197169,110.0,HIGH_PRODUCTION,0,0,112.6147426982
2024-01-25 19:00:00,RIG_001,19,25,3,45.9749206378,85.0733029252,95.0,1.4395127339,44.2903149941,61.0361218064,110.0,HIGH_PRODUCTION,0,0,112.7538247566
2024-01-25 20:00:00,RIG_001,20,25,3,38.3565563732,75.2364379119,81.187757269,1.2369953554,45.2120531736,69.5892267433,110.0,HIGH_PRODUCTION,0,0,112.892906815
2024-01-25 21:00:00,RIG_001,21,25,3,36.1002883513,55.7072512095,75.7488105845,1.3231581057000001,40.9042302953,51.6571574174,96.0513454653,HIGH_PRODUCTION,0,0,113.0319888734
2024-01-25 22:00:00,RIG_001,22,25,3,36.1002883513,82.9064603274,84.717809226,1.5124343411,36.1188958266,61.0403838111,110.0,STANDBY,0,0,113.1710709318
2024-01-25 23:00:00,RIG_001,23,25,3,36.1002883513,89.0222711759,93.0252041782,1.3123571921,54.8391281866,69.0085296161,110.0,STANDBY,0,0,113.3101529903
2024-01-26 00:00:00,RIG_001,0,26,4,36.1002883513,56.7303726173,54.8771766708,0.8387649459000001,48.7458968274,71.4056996013,64.8683751672,STANDBY,0,0,113.4492350487
2024-01-26 01:00:00,RIG_001,1,26,4,36.1002883513,48.355465222,52.4630293317,0.8218747696,40.8535829516,65.8525468601,58.3787587113,STANDBY,0,0,113.5883171071
2024-01-26 02:00:00,RIG_001,2,26,4,36.1002883513,57.3351837521,60.8127160297,0.7922168005,41.263715443,70.0865166929,67.5748911291,STANDBY,0,0,113.7273991655
2024-01-26 03:00:00,RIG_001,3,26,4,36.1002883513,59.7862057544,61.0042122628,0.8112445796000001,41.1865313708,67.2248258163,70.2467741278,STANDBY,0,0,113.8664812239
2024-01-26 04:00:00,RIG_001,4,26,4,38.3565563732,57.3523213072,58.0196266602,0.7321855297000001,45.7635043845,69.4553971104,64.3618084715,STANDBY,0,0,114.0055632823
2024-01-26 05:00:00,RIG_001,5,26,4,45.9749206378,72.3083524272,72.2036644319,0.8356521786000001,44.3107876907,72.5303092428,75.6999621086,STANDBY,0,0,114.1446453408
2024-01-26 06:00:00,RIG_001,6,26,4,54.1504325269,67.2518015668,72.7443439134,0.8834094725,46.0683122858,67.322808281,76.3987154038,HIGH_PRODUCTION,0,0,114.2837273992
2024-01-26 07:00:00,RIG_001,7,26,4,62.325944416,73.0938482436,74.7072954984,0.8857330334,49.148088435,72.8837174875,80.4229603597,HIGH_PRODUCTION,0,0,114.4228094576
2024-01-26 08:00:00,RIG_001,8,26,4,69.9443086806,78.062747089,80.56961392,0.8974690934,49.8860378459,70.4437341364,81.6979296542,HIGH_PRODUCTION,0,0,114.561891516
2024-01-26 09:00:00,RIG_001,9,26,4,76.4863463859,100.999469905,95.0,0.9442909884,56.1007572046,78.4012001468,99.5702232539,HIGH_PRODUCTION,0,0,114.7009735744
2024-01-26 10:00:00,RIG_001,10,26,4,81.5062284735,101.8318210257,95.0,0.9452088435,55.902534968,81.1175312296,103.2896413547,HIGH_PRODUCTION,0,0,114.8400556328
2024-01-26 11:00:00,RIG_001,11,26,4,84.661858275,101.4585614997,95.0,0.9112761783000001,57.9223720015,81.32930127,93.4262384465,HIGH_PRODUCTION,0,0,114.9791376912
2024-01-26 12:00:00,RIG_001,12,26,4,85.7381848343,104.2335168538,95.0,0.9881148506,54.153746452,77.7023576609,104.6034463054,HIGH_PRODUCTION,0,0,115.1182197497
2024-01-26 13:00:00,RIG_001,13,26,4,84.661858275,96.1507642352,95.0,0.9505301472000001,52.6837007819,82.0071865841,103.3671226561,HIGH_PRODUCTION,0,0,115.2573018081
2024-01-26 14:00:00,RIG_001,14,26,4,81.5062284735,110.8722018771,95.0,0.9988030835,56.1727315787,84.977679398,98.6207061525,HIGH_PRODUCTION,0,0,115.3963838665
2024-01-26 15:00:00,RIG_001,15,26,4,76.4863463859,94.29052811,91.3562545148,0.8987117059,55.2330156512,76.1729731262,97.9864269985,HIGH_PRODUCTION,0,0,115.5354659249
2024-01-26 16:00:00,RIG_001,16,26,4,69.9443086806,87.6702207766,88.0468951816,0.7980417083,53.7183523709,71.6883118436,93.0563383623,HIGH_PRODUCTION,0,0,115.6745479833
2024-01-26 17:00:00,RIG_001,17,26,4,62.325944416,83.1545779673,81.217632837,0.9475758897000001,51.6910951305,74.5116596529,89.9076039423,HIGH_PRODUCTION,0,0,115.8136300417
2024-01-26 18:00:00,RIG_001,18,26,4,54.1504325269,73.7761414261,77.7196125581,0.8411973999,50.8110226903,70.7950112863,85.6676619864,HIGH_PRODUCTION,0,0,115.9527121001
2024-01-26 19:00:00,RIG_001,19,26,4,45.9749206378,64.3358658085,65.731694753,0.7942359859,43.7278847174,69.6401811137,66.5314825835,HIGH_PRODUCTION,0,0,116.0917941586
2024-01-26 20:00:00,RIG_001,20,26,4,38.3565563732,51.6665714541,57.4493123239,0.8345971648,46.2510910866,64.4106214527,64.2110995643,HIGH_PRODUCTION,0,0,116.230876217
2024-01-26 21:00:00,RIG_001,21,26,4,36.1002883513,55.7408798038,59.6528552965,0.7931018405,46.9816971944,60.6998933589,64.0359717356,HIGH_PRODUCTION,0,0,116.3699582754
2024-01-26 22:00:00,RIG_001,22,26,4,36.1002883513,62.8145228092,57.9237789894,0.8874765490000001,47.1748746968,67.6793160279,63.1722767009,STANDBY,0,0,116.5090403338
2024-01-26 23:00:00,RIG_001,23,26,4,36.1002883513,60.1523628664,54.8423934856,0.8578998756,48.6016885341,67.1288515267,57.6578777826,STANDBY,0,0,116.6481223922
2024-01-27 00:00:00,RIG_001,0,27,5,36.8726740701,62.3389812883,56.3520761439,0.8683442278,42.2714989067,70.6026774608,66.5964873512,STANDBY,0,0,116.7872044506
2024-01-27 01:00:00,RIG_001,1,27,5,36.8726740701,51.8378320817,55.9004608456,0.7349208567000001,41.9105617479,63.4567506007,64.0206463053,STANDBY,0,0,116.926286509
2024-01-27 02:00:00,RIG_001,2,27,5,36.8726740701,49.4667486714,51.6481296808,0.8572589196,40.8960802465,69.8760486215,54.4288161888,STANDBY,0,0,117.0653685675
2024-01-27 03:00:00,RIG_001,3,27,5,36.8726740701,53.8067004809,61.7435646104,0.8233004305,44.8946337677,60.4070884923,62.7397327897,STANDBY,0,0,117.2044506259
2024-01-27 04:00:00,RIG_001,4,27,5,39.1772161995,57.039664081,59.0953032513,0.802029266,42.159634541,71.0454017177,62.9382853584,STANDBY,0,0,117.3435326843
2024-01-27 05:00:00,RIG_001,5,27,5,46.9585795986,70.0342228198,70.3190839375,0.8672025508000001,49.0235460036,70.3373099333,76.6225918757,STANDBY,0,0,117.4826147427
2024-01-27 06:00:00,RIG_001,6,27,5,55.3090111052,64.4722358942,71.7675614416,0.7550917332,48.8591312615,71.9204253853,77.4881789735,HIGH_PRODUCTION,0,0,117.6216968011
2024-01-27 07:00:00,RIG_001,7,27,5,63.6594426117,88.9536044554,89.4549008104,0.9383365694,53.628806914,76.9254857888,98.2142992847,HIGH_PRODUCTION,0,0,117.7607788595
2024-01-27 08:00:00,RIG_001,8,27,5,71.4408060109,88.3180390731,91.1138305971,0.8650849855,52.6470118156,79.91407833,98.4835897637,HIGH_PRODUCTION,0,0,117.8998609179
2024-01-27 09:00:00,RIG_001,9,27,5,78.1228142462,93.6765437603,94.2795129669,0.8655518889,51.4433892583,76.9408772344,102.1882200441,HIGH_PRODUCTION,0,0,118.0389429764
2024-01-27 10:00:00,RIG_001,10,27,5,83.2500994991,95.8985747954,95.0,0.8642898652000001,52.2809417666,75.4737111631,100.9805662018,HIGH_PRODUCTION,0,0,118.1780250348
2024-01-27 11:00:00,RIG_001,11,27,5,86.4732457528,95.9288218748,95.0,0.9966893127,56.4814432793,83.0401594243,95.8321038094,HIGH_PRODUCTION,0,0,118.3171070932
2024-01-27 12:00:00,RIG_001,12,27,5,87.5726009166,109.4391756265,95.0,0.9506791138,58.9184919144,82.4913107503,99.4129044066,HIGH_PRODUCTION,0,0,118.4561891516
2024-01-27 13:00:00,RIG_001,13,27,5,86.4732457528,104.6114196876,95.0,1.0449017294,56.0748158832,82.0481013272,103.1802692197,HIGH_PRODUCTION,0,0,118.59527121
2024-01-27 14:00:00,RIG_001,14,27,5,83.2500994991,94.5927414081,92.0474503083,0.9119255641,52.8123662605,82.0820781646,96.8928815227,HIGH_PRODUCTION,0,0,118.7343532684
2024-01-27 15:00:00,RIG_001,15,27,5,78.1228142462,89.4607291023,89.3265427961,0.8385080307,48.3135665294,73.7423530044,95.8358139019,HIGH_PRODUCTION,0,0,118.8734353268
2024-01-27 16:00:00,RIG_001,16,27,5,71.4408060109,87.5960535396,86.2172628787,0.8630120082,49.7573085475,78.0652887548,90.261017933,HIGH_PRODUCTION,0,0,119.0125173853
2024-01-27 17:00:00,RIG_001,17,27,5,63.6594426117,89.85958357210001,85.0798464055,0.9879757295,56.2877340673,75.1881908023,86.9904108598,HIGH_PRODUCTION,0,0,119.1515994437
2024-01-27 18:00:00,RIG_001,18,27,5,55.3090111052,71.8869499911,74.5249448896,0.8650286671,45.4108263558,71.1695769304,79.1549126974,HIGH_PRODUCTION,0,0,119.2906815021
2024-01-27 19:00:00,RIG_001,19,27,5,46.9585795986,57.3396227845,64.243831727,0.8023235578,44.7138653386,67.4187237315,70.1709740561,HIGH_PRODUCTION,0,0,119.4297635605
2024-01-27 20:00:00,RIG_001,20,27,5,39.1772161995,55.8661211393,59.6964864562,0.8338746572,45.9814182312,62.2591707575,62.7294232978,HIGH_PRODUCTION,0,0,119.5688456189
2024-01-27 21:00:00,RIG_001,21,27,5,36.8726740701,53.4475387904,59.3667291869,0.8442634639000001,40.8520393616,63.6977505087,63.6595954523,HIGH_PRODUCTION,0,0,119.7079276773
2024-01-27 22:00:00,RIG_001,22,27,5,36.8726740701,41.3475857332,45.5969699814,0.8393007369000001,40.7063173829,66.4574943972,47.7785802554,STANDBY,0,0,119.8470097357
2024-01-27 23:00:00,RIG_001,23,27,5,36.8726740701,54.5814069241,54.6341186256,0.8961135494,45.521182806,69.032995643,62.9918533783,STANDBY,0,0,119.98609179420001
2024-01-28 00:00:00,RIG_001,0,28,6,38.2644650435,55.2640711794,53.7247980664,0.8083044767,43.8410164387,66.3913026218,57.8414307937,STANDBY,0,0,120.1251738526
2024-01-28 01:00:00,RIG_001,1,28,6,38.2644650435,59.9206379633,54.4919029335,0.7745165532,50.7169656022,68.7055617645,63.8501695689,STANDBY,0,0,120.264255911
2024-01-28 02:00:00,RIG_001,2,28,6,38.2644650435,65.7052489227,62.3295847517,0.8380558406,43.0891137129,68.8288471599,71.9158283033,STANDBY,0,0,120.4033379694
2024-01-28 03:00:00,RIG_001,3,28,6,38.2644650435,62.1141559045,61.3681442764,0.8615261732,47.6459960359,72.7039969288,66.1250063823,STANDBY,0,0,120.5424200278
2024-01-28 04:00:00,RIG_001,4,28,6,40.6559941088,57.5492786779,63.5564666932,0.7871858981000001,44.0417161947,66.66372587,65.5311204956,STANDBY,0,0,120.6815020862
2024-01-28 05:00:00,RIG_001,5,28,6,48.7310717994,61.4570325864,66.0652905601,0.7997958886000001,46.9080984563,69.1326360523,64.8075969269,STANDBY,0,0,120.8205841446
2024-01-28 06:00:00,RIG_001,6,28,6,57.3966975653,88.542949221,81.077395884,0.9466569066,53.0183516087,80.0009751987,81.6612846649,HIGH_PRODUCTION,0,0,120.9596662031
2024-01-28 07:00:00,RIG_001,7,28,6,66.0623233312,84.6587304496,86.5739757632,0.9159385668000001,49.6983702182,73.0655046803,87.4524712885,HIGH_PRODUCTION,0,0,121.0987482615
2024-01-28 08:00:00,RIG_001,8,28,6,74.1374010218,92.5282247384,91.9590022341,0.9441758453,53.5900489695,82.434834975,101.0944111165,HIGH_PRODUCTION,0,0,121.2378303199
2024-01-28 09:00:00,RIG_001,9,28,6,81.0716274372,99.2930415674,95.0,0.9254620075000001,51.1074574891,75.196528241,100.3474737617,HIGH_PRODUCTION,0,0,121.3769123783
2024-01-28 10:00:00,RIG_001,10,28,6,86.3924465065,105.7457721848,95.0,0.9717812586000001,57.6429380474,86.6126580488,101.1688135723,HIGH_PRODUCTION,0,0,121.5159944367
2024-01-28 11:00:00,RIG_001,11,28,6,89.7372532031,107.3992153268,95.0,0.9426062947,57.4461207637,81.1017378462,93.3387369732,HIGH_PRODUCTION,0,0,121.6550764951
2024-01-28 12:00:00,RIG_001,12,28,6,90.8781044784,106.414420936,95.0,1.0309298176,57.8809255713,81.1962300373,96.4061007123,HIGH_PRODUCTION,0,0,121.7941585535
2024-01-28 13:00:00,RIG_001,13,28,6,89.7372532031,105.4284472978,95.0,1.0357807711,58.4733484746,75.9585036758,102.6612393293,HIGH_PRODUCTION,0,0,121.933240612
2024-01-28 14:00:00,RIG_001,14,28,6,86.3924465065,104.675031265,95.0,0.8900049914,56.9039974967,80.0381252274,100.8603223371,HIGH_PRODUCTION,0,0,122.0723226704
2024-01-28 15:00:00,RIG_001,15,28,6,81.0716274372,96.8217169999,95.0,0.9128352269000001,54.5016080896,75.9270955069,99.5583841639,HIGH_PRODUCTION,0,0,122.2114047288
2024-01-28 16:00:00,RIG_001,16,28,6,74.1374010218,89.0612478356,86.4590498578,0.8617592279,50.5031752856,74.8954353145,93.1535769336,HIGH_PRODUCTION,0,0,122.3504867872
2024-01-28 17:00:00,RIG_001,17,28,6,66.0623233312,85.1034125056,80.8933649976,0.8927673162,49.8514115991,75.1190908543,90.800758416,HIGH_PRODUCTION,0,0,122.4895688456
2024-01-28 18:00:00,RIG_001,18,28,6,57.3966975653,74.6516118228,75.0727395875,0.8902975406,51.0363721961,75.2688583903,79.4096121969,HIGH_PRODUCTION,0,0,122.628650904
2024-01-28 19:00:00,RIG_001,19,28,6,48.7310717994,74.8016993957,69.2735885455,0.8229937691,51.5730956603,73.0633198729,74.4816979534,HIGH_PRODUCTION,0,0,122.7677329624
2024-01-28 20:00:00,RIG_001,20,28,6,40.6559941088,45.9726700289,54.2299374457,0.7634522795,41.0169466346,64.7148309689,59.8077282019,HIGH_PRODUCTION,0,0,122.9068150209
2024-01-28 21:00:00,RIG_001,21,28,6,38.2644650435,62.3143865741,61.4365725223,0.8089288794,45.670602138,65.4077578057,73.6129014282,HIGH_PRODUCTION,0,0,123.0458970793
2024-01-28 22:00:00,RIG_001,22,28,6,38.2644650435,63.1081405857,60.0046081174,0.8724277048,43.9678063964,66.2901799069,58.7065393242,STANDBY,0,0,123.1849791377
2024-01-28 23:00:00,RIG_001,23,28,6,38.2644650435,46.5316257699,47.0021627171,0.8163583389,43.978420133,69.355662786,54.0518317615,STANDBY,0,0,123.3240611961
2024-01-29 00:00:00,RIG_001,0,29,0,40.0,57.0933719189,57.2832233645,0.8090458111000001,45.6041766271,64.9224084714,61.9388166182,STANDBY,0,0,123.4631432545
2024-01-29 01:00:00,RIG_001,1,29,0,40.0,56.9704678681,55.3894724312,0.8541613485,48.12505184,72.0597651166,62.0897876098,STANDBY,0,0,123.6022253129
2024-01-29 02:00:00,RIG_001,2,29,0,40.0,51.8109760333,51.8185487183,0.8030641534,41.196097854,64.8141092133,54.8464310563,STANDBY,0,0,123.7413073713
2024-01-29 03:00:00,RIG_001,3,29,0,40.0,54.9803133777,51.5868093505,0.8268797423,42.9890625464,66.5009578217,56.439914258,STANDBY,0,0,123.8803894298
2024-01-29 04:00:00,RIG_001,4,29,0,42.5,55.8373798971,59.4473981281,0.9272626302,44.4222368193,69.9623094498,66.5816298665,STANDBY,0,0,124.0194714882
2024-01-29 05:00:00,RIG_001,5,29,0,50.9413334214,78.6138070717,78.6422350755,0.9794986880000001,50.9464308434,77.3998193873,92.9809656787,STANDBY,0,0,124.1585535466
2024-01-29 06:00:00,RIG_001,6,29,0,60.0,83.6103757076,83.4887438537,0.8630426077000001,50.4712586518,74.7506750315,90.9128524219,HIGH_PRODUCTION,0,0,124.297635605
2024-01-29 07:00:00,RIG_001,7,29,0,69.0586665786,94.3692881042,87.7779327102,1.0023413559,51.8463998452,77.1460572707,90.2337359161,HIGH_PRODUCTION,0,0,124.4367176634
2024-01-29 08:00:00,RIG_001,8,29,0,77.5,100.0820686796,92.8448170871,1.0191192327,56.7833322278,79.8568592583,96.573538041,HIGH_PRODUCTION,0,0,124.5757997218
2024-01-29 09:00:00,RIG_001,9,29,0,84.7487373415,98.0980491536,95.0,0.9157405101,55.9667830135,80.4432873308,98.6397576748,HIGH_PRODUCTION,0,0,124.7148817803
2024-01-29 10:00:00,RIG_001,10,29,0,90.3108891325,106.703720778,95.0,1.0404658999,54.8433819934,84.685027294,94.6130704821,HIGH_PRODUCTION,0,0,124.8539638387
2024-01-29 11:00:00,RIG_001,11,29,0,93.8074039201,115.290572012,95.0,1.1027404955,61.5335286052,84.5998611806,99.0097294249,HIGH_PRODUCTION,0,0,124.9930458971
2024-01-29 12:00:00,RIG_001,12,29,0,95.0,107.94651855,95.0,0.9482408272,59.3270270559,84.2406144591,102.1984872455,HIGH_PRODUCTION,0,0,125.1321279555
2024-01-29 13:00:00,RIG_001,13,29,0,93.8074039201,116.4504159742,95.0,0.9845609469000001,59.3811969881,89.8502039891,96.1773036428,HIGH_PRODUCTION,0,0,125.2712100139
2024-01-29 14:00:00,RIG_001,14,29,0,90.3108891325,108.2081443537,95.0,1.0571486747,57.2112318132,83.6063721429,103.1454479532,HIGH_PRODUCTION,0,0,125.4102920723
2024-01-29 15:00:00,RIG_001,15,29,0,84.7487373415,101.9943778245,95.0,1.0017553955,56.6067099984,81.5332719154,101.4633244633,HIGH_PRODUCTION,0,0,125.5493741307
2024-01-29 16:00:00,RIG_001,16,29,0,77.5,100.1954066705,92.3612788288,1.0109138585,53.3254455271,75.5018895259,95.1585788629,HIGH_PRODUCTION,0,0,125.6884561892
2024-01-29 17:00:00,RIG_001,17,29,0,69.0586665786,90.4414522743,84.6816630173,0.9716639706,52.6704260269,69.2402452718,89.2570741053,HIGH_PRODUCTION,0,0,125.8275382476
2024-01-29 18:00:00,RIG_001,18,29,0,60.0,77.377500618,75.973542587,0.9355337791,45.0396080653,74.3783773731,85.7685080099,HIGH_PRODUCTION,0,0,125.966620306
2024-01-29 19:00:00,RIG_001,19,29,0,50.9413334214,75.9411761941,74.2288843692,0.8459227316,50.7382053395,72.4978801644,81.4295278098,HIGH_PRODUCTION,0,0,126.1057023644
2024-01-29 20:00:00,RIG_001,20,29,0,42.5,56.3187394266,61.6184129084,0.9063012413,40.9566984118,65.3512738032,66.6447638731,HIGH_PRODUCTION,0,0,126.2447844228
2024-01-29 21:00:00,RIG_001,21,29,0,40.0,62.3245964081,60.131545694,0.9309887548,48.5879887589,69.427969535,64.4184957431,HIGH_PRODUCTION,0,0,126.3838664812
2024-01-29 22:00:00,RIG_001,22,29,0,40.0,62.2312869719,63.3959460908,0.8613161179000001,44.8975815551,68.488174904,68.6257733022,STANDBY,0,0,126.5229485396
2024-01-29 23:00:00,RIG_001,23,29,0,40.0,57.7389107943,56.3736926642,0.8576910073,44.0113937347,70.7050139902,59.8384019904,STANDBY,0,0,126.6620305981
2024-01-30 00:00:00,RIG_001,0,30,1,38.2644650435,59.3530525548,57.5690969442,0.7887082332,43.5827953265,68.0642483712,56.254848427,STANDBY,0,0,126.8011126565
2024-01-30 01:00:00,RIG_001,1,30,1,38.2644650435,51.4876818704,51.6707791537,0.8679365623,42.2958427198,63.2055347059,62.7973128853,STANDBY,0,0,126.9401947149
2024-01-30 02:00:00,RIG_001,2,30,1,38.2644650435,62.3842471572,55.6538645435,0.9040727207,48.4331244796,71.685772864,61.1198395411,STANDBY,0,0,127.0792767733
2024-01-30 03:00:00,RIG_001,3,30,1,38.2644650435,56.8604636877,60.2275147558,0.8563452755000001,39.2394986088,66.4067458815,66.4219565512,STANDBY,0,0,127.2183588317
2024-01-30 04:00:00,RIG_001,4,30,1,40.6559941088,57.5837506413,62.0239381789,0.9183986835,46.9498684325,68.8547352434,66.8502149293,STANDBY,0,0,127.3574408901
2024-01-30 05:00:00,RIG_001,5,30,1,48.7310717994,73.5383518724,71.4898036484,0.8938972859000001,49.0606349303,70.6292734431,74.2844532462,STANDBY,0,0,127.4965229485
2024-01-30 06:00:00,RIG_001,6,30,1,57.3966975653,73.4580753652,74.2088266536,0.9391469424000001,45.9504755456,70.0879419531,78.6510532107,HIGH_PRODUCTION,0,0,127.635605007
2024-01-30 07:00:00,RIG_001,7,30,1,66.0623233312,78.6239754108,80.2768160427,0.8759874576000001,47.5053690666,73.8396973138,80.4786317561,HIGH_PRODUCTION,0,0,127.7746870654
2024-01-30 08:00:00,RIG_001,8,30,1,74.1374010218,85.9790760244,82.4623539009,0.948414697,54.8475550605,75.8322087379,94.293613395,HIGH_PRODUCTION,0,0,127.9137691238
2024-01-30 09:00:00,RIG_001,9,30,1,81.0716274372,103.7473603729,95.0,0.994735773,54.0458263333,82.563689218,96.2964640047,HIGH_PRODUCTION,0,0,128.0528511822
2024-01-30 10:00:00,RIG_001,10,30,1,86.3924465065,99.6568452317,95.0,1.0030036648,52.6075102867,79.0911163096,96.9041011485,HIGH_PRODUCTION,0,0,128.1919332406
2024-01-30 11:00:00,RIG_001,11,30,1,89.7372532031,118.1986319095,95.0,1.0294436105,61.8242870621,79.9505102215,98.6792223868,HIGH_PRODUCTION,0,0,128.331015299
2024-01-30 12:00:00,RIG_001,12,30,1,90.8781044784,100.1767275442,95.0,0.9878369423000001,55.7212876386,78.7546966125,103.8642271746,HIGH_PRODUCTION,0,0,128.4700973574
2024-01-30 13:00:00,RIG_001,13,30,1,89.7372532031,117.9486674586,95.0,1.0895850786,57.6113157116,87.766055639,100.0435269978,HIGH_PRODUCTION,0,0,128.6091794159
2024-01-30 14:00:00,RIG_001,14,30,1,86.3924465065,107.1975285652,95.0,0.9947474197,57.2326320921,81.2671303318,96.2915926119,HIGH_PRODUCTION,0,0,128.7482614743
2024-01-30 15:00:00,RIG_001,15,30,1,81.0716274372,100.3589189094,95.0,0.9162972758000001,53.0382243601,79.3685254653,103.7630150823,HIGH_PRODUCTION,0,0,128.8873435327
2024-01-30 16:00:00,RIG_001,16,30,1,74.1374010218,91.2045249281,85.492451325,1.0571984724,55.0027740289,80.3204869961,92.6854532054,HIGH_PRODUCTION,0,0,129.0264255911
2024-01-30 17:00:00,RIG_001,17,30,1,66.0623233312,87.870585552,87.1223824009,1.0293464912,54.0903883178,74.2252559838,93.7376872726,HIGH_PRODUCTION,0,0,129.1655076495
2024-01-30 18:00:00,RIG_001,18,30,1,57.3966975653,77.041968011,74.755997653,0.8637311281000001,50.3245044004,68.4841807486,81.9032003765,HIGH_PRODUCTION,0,0,129.3045897079
2024-01-30 19:00:00,RIG_001,19,30,1,48.7310717994,74.101887476,70.7700752507,0.9545657398,49.2487939915,71.7486728842,82.9531609525,HIGH_PRODUCTION,0,0,129.4436717663
2024-01-30 20:00:00,RIG_001,20,30,1,40.6559941088,61.1023009274,63.0625189509,0.8564891796,48.7979514816,66.8781684245,74.617803636,HIGH_PRODUCTION,0,0,129.5827538248
2024-01-30 21:00:00,RIG_001,21,30,1,38.2644650435,58.9120047349,61.9876232903,0.8887977185,44.7273738385,64.7748624612,64.9274772613,HIGH_PRODUCTION,0,0,129.7218358832
2024-01-30 22:00:00,RIG_001,22,30,1,38.2644650435,56.3632971753,54.8581314369,0.8832447697,41.727076043,66.38285378489999,64.7297864154,STANDBY,0,0,129.8609179416
2024-01-30 23:00:00,RIG_001,23,30,1,38.2644650435,57.9174924265,57.1464485453,0.8620320873,45.3783209323,68.8497646697,63.2959531146,STANDBY,0,0,130.0
