timestamp,rig_id,hour,day,day_of_week,base_load,power_consumption,temperature,vibration,pressure,flow_rate,bearing_temperature,operational_mode,failure_indicator,failure_flag,estimated_rul
2024-01-01 00:00:00,RIG_ANOMALIES,0,1,0,40.0,36.6856090576,45.8236184334,0.3815058377,39.6356227381,57.5259782987,48.1878083574,STANDBY,0,0,90.0
2024-01-01 01:00:00,RIG_ANOMALIES,1,1,0,40.0,37.5332375478,40.7961318695,0.31127974750000004,43.3694573034,65.2559567165,49.1672859625,STANDBY,0,0,90.0463177397
2024-01-01 02:00:00,RIG_ANOMALIES,2,1,0,40.0,48.6312117712,51.9513461874,0.4634708051,40.4440493471,70.4421067628,61.0152703509,STANDBY,0,0,90.0926354794
2024-01-01 03:00:00,RIG_ANOMALIES,3,1,0,40.0,45.3628511934,51.5629809593,0.5107480204,41.282178104,65.3687664659,57.0782306173,STANDBY,0,0,90.1389532191
2024-01-01 04:00:00,RIG_ANOMALIES,4,1,0,42.5,52.4539032488,58.1000519183,0.5368318795,41.9478939697,66.1436401235,64.1576213284,STANDBY,0,0,90.1852709588
2024-01-01 05:00:00,RIG_ANOMALIES,5,1,0,50.9413334214,51.6764333877,58.1060272629,0.4223061046,44.6850249075,62.6788379645,61.7560410278,STANDBY,0,0,90.2315886985
2024-01-01 06:00:00,RIG_ANOMALIES,6,1,0,60.0,54.9475881804,61.5804454713,0.3725758957,41.4383902911,64.6870332764,64.1482605333,HIGH_PRODUCTION,0,0,90.2779064382
2024-01-01 07:00:00,RIG_ANOMALIES,7,1,0,69.0586665786,69.4392599152,72.5105094074,0.5039944647,48.125533854,76.0066045467,77.5758467111,HIGH_PRODUCTION,0,0,90.3242241779
2024-01-01 08:00:00,RIG_ANOMALIES,8,1,0,77.5,75.6852809944,83.1968408533,0.5985365591,49.7427421046,74.3269241219,89.4272801988,HIGH_PRODUCTION,0,0,90.3705419176
2024-01-01 09:00:00,RIG_ANOMALIES,9,1,0,84.7487373415,90.8345738138,92.2646740563,0.6558988302000001,52.8986507019,74.2293114703,98.5393162036,HIGH_PRODUCTION,0,0,90.4168596572
2024-01-01 10:00:00,RIG_ANOMALIES,10,1,0,90.3108891325,97.9364372089,95.0,0.5318924217000001,54.1295972139,74.4477200363,97.8938629797,HIGH_PRODUCTION,0,0,90.4631773969
2024-01-01 11:00:00,RIG_ANOMALIES,11,1,0,93.8074039201,87.6312119715,90.1419160318,0.511021893,51.7076524618,75.6123255476,89.6725257763,HIGH_PRODUCTION,0,0,90.5094951366
2024-01-01 12:00:00,RIG_ANOMALIES,12,1,0,95.0,100.1352408289,95.0,0.5021145067,52.4841069955,83.7891219287,96.8235756207,HIGH_PRODUCTION,0,0,90.5558128763
2024-01-01 13:00:00,RIG_ANOMALIES,13,1,0,93.8074039201,99.3341606739,95.0,0.6055315026,55.7927754712,83.03293059,100.2993788985,HIGH_PRODUCTION,0,0,90.602130616
2024-01-01 14:00:00,RIG_ANOMALIES,14,1,0,90.3108891325,97.6654341722,95.0,0.5358473,53.8020065105,81.0137232714,98.8576815412,HIGH_PRODUCTION,0,0,90.6484483557
2024-01-01 15:00:00,RIG_ANOMALIES,15,1,0,84.7487373415,89.6807766998,88.1515342574,0.5369993191,59.3165101325,71.5964262351,92.5742422392,HIGH_PRODUCTION,0,0,90.6947660954
2024-01-01 16:00:00,RIG_ANOMALIES,16,1,0,77.5,67.9549181671,75.9360151999,0.4713056176,47.5349072889,65.8601260828,83.1142205161,HIGH_PRODUCTION,0,0,90.7410838351
2024-01-01 17:00:00,RIG_ANOMALIES,17,1,0,69.0586665786,72.5189813424,75.2706051727,0.4495238575,46.5940318218,73.0751510348,81.057134119,HIGH_PRODUCTION,0,0,90.7874015748
2024-01-01 18:00:00,RIG_ANOMALIES,18,1,0,60.0,62.8270808692,66.7373034964,0.415903114,45.9161821157,65.6722979578,72.1900441653,HIGH_PRODUCTION,0,0,90.8337193145
2024-01-01 19:00:00,RIG_ANOMALIES,19,1,0,50.9413334214,50.6685683734,60.6890601172,0.5166994767,43.6142694707,61.0914499747,65.608839644,HIGH_PRODUCTION,0,0,90.8800370542
2024-01-01 20:00:00,RIG_ANOMALIES,20,1,0,42.5,47.7645417947,52.4925045512,0.5340929830000001,42.2753211322,59.3766295902,54.8636577128,HIGH_PRODUCTION,0,0,90.9263547939
2024-01-01 21:00:00,RIG_ANOMALIES,21,1,0,40.0,37.7685344348,50.6546318811,0.4544287254,39.3185765373,67.3230785003,51.7252118098,HIGH_PRODUCTION,0,0,90.9726725336
2024-01-01 22:00:00,RIG_ANOMALIES,22,1,0,40.0,35.625716906,46.1836559813,0.4041137084,36.9871152843,61.3415469195,49.9158268512,STANDBY,0,0,91.0189902733
2024-01-01 23:00:00,RIG_ANOMALIES,23,1,0,40.0,41.8298208594,45.4689266941,0.45822821300000005,41.9892867378,67.0632386263,53.6249074889,STANDBY,0,0,91.065308013
2024-01-02 00:00:00,RIG_ANOMALIES,0,2,1,38.2644650435,34.4029403059,46.7487048296,0.46239412350000003,37.3243966211,57.2371433801,55.7471012853,STANDBY,0,0,91.1116257527
2024-01-02 01:00:00,RIG_ANOMALIES,1,2,1,38.2644650435,38.8625272597,45.5947872455,0.45323524930000003,40.1988295473,55.1918046144,51.9548171415,STANDBY,0,0,91.1579434924
2024-01-02 02:00:00,RIG_ANOMALIES,2,2,1,38.2644650435,43.6966025158,50.5205481719,0.4585697314,42.076384699,65.5266607527,54.1139721014,STANDBY,0,0,91.2042612321
2024-01-02 03:00:00,RIG_ANOMALIES,3,2,1,38.2644650435,38.0877785154,46.2132377151,0.48222145980000003,45.7561378037,65.5053800454,45.5836791273,STANDBY,0,0,91.2505789717
2024-01-02 04:00:00,RIG_ANOMALIES,4,2,1,40.6559941088,34.983449915,48.2011709642,0.45907896730000003,36.918869424,61.6473241586,49.2578462271,STANDBY,0,0,91.2968967114
2024-01-02 05:00:00,RIG_ANOMALIES,5,2,1,48.7310717994,50.466716429,59.1261759347,0.4274260556,46.3339207987,67.418785933,64.380475497,STANDBY,0,0,91.3432144511
2024-01-02 06:00:00,RIG_ANOMALIES,6,2,1,57.3966975653,57.21788918,63.7768327957,0.5009714737000001,42.523847874,65.6643730896,68.5532162471,HIGH_PRODUCTION,0,0,91.3895321908
2024-01-02 07:00:00,RIG_ANOMALIES,7,2,1,66.0623233312,66.3232418792,75.4435061604,0.5790440843,48.1442643571,64.824098878,83.2024048621,HIGH_PRODUCTION,0,0,91.4358499305
2024-01-02 08:00:00,RIG_ANOMALIES,8,2,1,74.1374010218,77.2524884059,81.0968271283,0.5588840346,48.0149148732,71.8855729384,86.7206886413,HIGH_PRODUCTION,0,0,91.4821676702
2024-01-02 09:00:00,RIG_ANOMALIES,9,2,1,81.0716274372,89.8061344346,90.9098355687,0.5706560261,54.069171032,78.7337524111,97.8016095225,HIGH_PRODUCTION,0,0,91.5284854099
2024-01-02 10:00:00,RIG_ANOMALIES,10,2,1,86.3924465065,86.7558196651,87.8865462024,0.6185260963,51.7510598911,77.4966726254,96.5070459132,HIGH_PRODUCTION,0,0,91.5748031496
2024-01-02 11:00:00,RIG_ANOMALIES,11,2,1,89.7372532031,85.2224343566,88.3982734688,0.665648884,54.0117812703,76.7571791239,93.0163446771,HIGH_PRODUCTION,0,0,91.6211208893
2024-01-02 12:00:00,RIG_ANOMALIES,12,2,1,90.8781044784,91.5441482395,92.512758552,0.5713714224,52.8312994267,76.0351510388,96.6417848109,HIGH_PRODUCTION,0,0,91.667438629
2024-01-02 13:00:00,RIG_ANOMALIES,13,2,1,89.7372532031,85.5511057007,87.3246603429,0.6189017191,51.5093400057,76.7856868014,95.4901280546,HIGH_PRODUCTION,0,0,91.7137563687
2024-01-02 14:00:00,RIG_ANOMALIES,14,2,1,86.3924465065,86.9758086245,86.9056611956,0.5509222122,56.6567811397,78.2154277389,93.7585852251,HIGH_PRODUCTION,0,0,91.7600741084
2024-01-02 15:00:00,RIG_ANOMALIES,15,2,1,81.0716274372,88.8461840177,88.071517456,0.6294415149,53.7548437253,76.6563998724,92.1888874626,HIGH_PRODUCTION,0,0,91.8063918481
2024-01-02 16:00:00,RIG_ANOMALIES,16,2,1,74.1374010218,73.7828546455,79.5024339788,0.5171516482,49.3978818538,76.1424309331,80.828387023,HIGH_PRODUCTION,0,0,91.8527095878
2024-01-02 17:00:00,RIG_ANOMALIES,17,2,1,66.0623233312,59.8328422976,71.0806064456,0.4355408262,51.5480434757,70.5925369881,73.6998643323,HIGH_PRODUCTION,0,0,91.8990273275
2024-01-02 18:00:00,RIG_ANOMALIES,18,2,1,57.3966975653,68.3478624629,68.3633209068,0.5161585395,45.138979667,67.6024301622,74.2064860058,HIGH_PRODUCTION,0,0,91.9453450672
2024-01-02 19:00:00,RIG_ANOMALIES,19,2,1,48.7310717994,47.5593265809,60.2498039623,0.47016474950000003,42.3795452204,60.7429884314,66.8149192358,HIGH_PRODUCTION,0,0,91.9916628069
2024-01-02 20:00:00,RIG_ANOMALIES,20,2,1,40.6559941088,48.5396771116,55.1038852264,0.4741470894,41.2884665595,65.19703669,56.0438939976,HIGH_PRODUCTION,0,0,92.0379805465
2024-01-02 21:00:00,RIG_ANOMALIES,21,2,1,38.2644650435,33.8095068761,45.2484516449,0.4957141554,37.5779648307,58.1059444763,52.7978671533,HIGH_PRODUCTION,0,0,92.0842982862
2024-01-02 22:00:00,RIG_ANOMALIES,22,2,1,38.2644650435,47.8594720898,51.4090137489,0.4853540174,42.9694169517,64.1936065799,55.013077633,STANDBY,0,0,92.1306160259
2024-01-02 23:00:00,RIG_ANOMALIES,23,2,1,38.2644650435,34.9572001565,42.5338791289,0.3210727548,36.4569875024,56.1731236643,43.6701682276,STANDBY,0,0,92.1769337656
2024-01-03 00:00:00,RIG_ANOMALIES,0,3,2,36.8726740701,42.2718663554,52.2609710902,0.47787046660000004,42.0897672338,57.4584989454,54.5097302039,STANDBY,0,0,92.2232515053
2024-01-03 01:00:00,RIG_ANOMALIES,1,3,2,36.8726740701,49.504697648,51.9693025824,0.5569913008,41.3341956648,67.2100776651,59.1773276103,STANDBY,0,0,92.269569245
2024-01-03 02:00:00,RIG_ANOMALIES,2,3,2,36.8726740701,42.24834105,50.8900725071,0.5382196586,44.0754583853,61.0462529057,61.377806909,STANDBY,0,0,92.3158869847
2024-01-03 03:00:00,RIG_ANOMALIES,3,3,2,36.8726740701,36.5760280518,51.9578541106,0.5163945228,37.3633823466,61.3666193169,60.7732975063,STANDBY,0,0,92.3622047244
2024-01-03 04:00:00,RIG_ANOMALIES,4,3,2,39.1772161995,43.8589402118,52.1373020866,0.3498328592,42.0427907334,65.295136011,59.1342992777,STANDBY,0,0,92.4085224641
2024-01-03 05:00:00,RIG_ANOMALIES,5,3,2,46.9585795986,36.730651344099996,53.5859168505,0.38893322890000004,38.9056294517,62.6812723133,62.5214402514,STANDBY,0,0,92.4548402038
2024-01-03 06:00:00,RIG_ANOMALIES,6,3,2,55.3090111052,58.2152320477,62.705036661,0.496580083,45.8566714259,66.4757141709,66.4979167513,HIGH_PRODUCTION,0,0,92.5011579435
2024-01-03 07:00:00,RIG_ANOMALIES,7,3,2,63.6594426117,61.6000880725,67.0346496222,0.5353667040000001,44.4637772196,64.6547477098,74.827612859,HIGH_PRODUCTION,0,0,92.5474756832
2024-01-03 08:00:00,RIG_ANOMALIES,8,3,2,71.4408060109,70.5148209194,75.0776889896,0.6247745192,49.7107844191,69.3231967779,78.7088445888,HIGH_PRODUCTION,0,0,92.5937934229
2024-01-03 09:00:00,RIG_ANOMALIES,9,3,2,78.1228142462,81.0963009573,85.6336694724,0.6257002923,49.4005397837,68.9831309268,86.2421799566,HIGH_PRODUCTION,0,0,92.6401111626
2024-01-03 10:00:00,RIG_ANOMALIES,10,3,2,83.2500994991,85.0696086107,84.8505011109,0.5692956362,50.8413175693,75.8818792556,93.2625199185,HIGH_PRODUCTION,0,0,92.6864289023
2024-01-03 11:00:00,RIG_ANOMALIES,11,3,2,86.4732457528,91.5382000111,90.3924396342,0.6254076749,52.3393625263,75.2686687979,92.9573344818,HIGH_PRODUCTION,0,0,92.732746642
2024-01-03 12:00:00,RIG_ANOMALIES,12,3,2,87.5726009166,86.65078589230001,90.0186568351,0.6671952169,50.2662403121,79.7216631357,93.6328125908,HIGH_PRODUCTION,0,0,92.7790643817
2024-01-03 13:00:00,RIG_ANOMALIES,13,3,2,86.4732457528,88.8703042156,90.834776537,0.6151554966,51.8866795356,73.2259848654,97.3847558585,HIGH_PRODUCTION,0,0,92.8253821214
2024-01-03 14:00:00,RIG_ANOMALIES,14,3,2,83.2500994991,77.7865973794,84.9819099279,0.5331789476000001,51.7573771655,74.2861769365,88.7422975709,HIGH_PRODUCTION,0,0,92.871699861
2024-01-03 15:00:00,RIG_ANOMALIES,15,3,2,78.1228142462,77.9537324207,78.3025149274,0.5798763613,47.3459043859,69.2534635235,85.32399179,HIGH_PRODUCTION,0,0,92.9180176007
2024-01-03 16:00:00,RIG_ANOMALIES,16,3,2,71.4408060109,78.580007245,79.0646881325,0.6511826119,50.5424125748,80.597333513,79.061529723,HIGH_PRODUCTION,0,0,92.9643353404
2024-01-03 17:00:00,RIG_ANOMALIES,17,3,2,63.6594426117,61.1464349768,69.2195531294,0.4937115969,46.8024929828,71.152608574,76.0278038261,HIGH_PRODUCTION,0,0,93.0106530801
2024-01-03 18:00:00,RIG_ANOMALIES,18,3,2,55.3090111052,60.9808172684,68.0110955196,0.5639893767,43.4332091718,70.5498491325,74.7677177659,HIGH_PRODUCTION,0,0,93.0569708198
2024-01-03 19:00:00,RIG_ANOMALIES,19,3,2,46.9585795986,42.8308123648,56.3658590546,0.4077261787,40.8258203545,61.7574471103,58.1228161597,HIGH_PRODUCTION,0,0,93.1032885595
2024-01-03 20:00:00,RIG_ANOMALIES,20,3,2,39.1772161995,50.3841292762,55.0269447368,0.4178469242,40.0846792553,63.548750092,61.1801813306,HIGH_PRODUCTION,0,0,93.1496062992
2024-01-03 21:00:00,RIG_ANOMALIES,21,3,2,36.8726740701,47.1338610176,54.7403536805,0.4412963004,38.9594809461,63.0304583644,59.0804452481,HIGH_PRODUCTION,0,0,93.1959240389
2024-01-03 22:00:00,RIG_ANOMALIES,22,3,2,36.8726740701,36.8833336417,43.3708050585,0.5394485487,41.6462965543,55.1900450227,47.7949196189,STANDBY,0,0,93.2422417786
2024-01-03 23:00:00,RIG_ANOMALIES,23,3,2,36.8726740701,42.3593434764,47.0806652951,0.40777100990000004,38.8815807688,66.8202302557,49.4968423038,STANDBY,0,0,93.2885595183
2024-01-04 00:00:00,RIG_ANOMALIES,0,4,3,36.1002883513,40.5751627263,46.0155123389,0.5064869887,39.7600350139,59.0216167647,57.2370012512,STANDBY,0,0,93.334877258
2024-01-04 01:00:00,RIG_ANOMALIES,1,4,3,36.1002883513,32.0871300685,39.6789166759,0.45127007490000004,37.3708457281,60.6174436365,42.8761686626,STANDBY,0,0,93.3811949977
2024-01-04 02:00:00,RIG_ANOMALIES,2,4,3,36.1002883513,39.1680892744,47.29452394,0.4362531515,39.241770326,66.0084650836,53.3778850794,STANDBY,0,0,93.4275127374
2024-01-04 03:00:00,RIG_ANOMALIES,3,4,3,36.1002883513,39.6766225476,47.4241719707,0.3084973317,41.4576915724,61.4493696593,51.6421164516,STANDBY,0,0,93.4738304771
2024-01-04 04:00:00,RIG_ANOMALIES,4,4,3,38.3565563732,35.987727116,47.6019180532,0.45733541400000005,38.4068932889,62.1840494157,50.853547572,STANDBY,0,0,93.5201482168
2024-01-04 05:00:00,RIG_ANOMALIES,5,4,3,45.9749206378,47.6560198255,59.6677417376,0.4617132208,45.0085772575,62.9243671673,64.5934868532,STANDBY,0,0,93.5664659565
2024-01-04 06:00:00,RIG_ANOMALIES,6,4,3,54.1504325269,57.7671858287,64.9589676786,0.4554046158,45.8574183771,68.6888654142,65.3345847453,HIGH_PRODUCTION,0,0,93.6127836962
2024-01-04 07:00:00,RIG_ANOMALIES,7,4,3,62.325944416,57.0547112014,65.1897209789,0.5319035399,44.3021074028,65.1712490038,69.0397862593,HIGH_PRODUCTION,0,0,93.6591014358
2024-01-04 08:00:00,RIG_ANOMALIES,8,4,3,69.9443086806,72.4419883412,76.9614578406,0.49551708110000003,49.2025950844,71.339175035,79.7933739997,HIGH_PRODUCTION,0,0,93.7054191755
2024-01-04 09:00:00,RIG_ANOMALIES,9,4,3,76.4863463859,78.3033872596,83.3436229906,0.5457815039,48.6082935166,71.71654053500001,90.9071469088,HIGH_PRODUCTION,0,0,93.7517369152
2024-01-04 10:00:00,RIG_ANOMALIES,10,4,3,81.5062284735,83.8822758973,89.0564667958,0.6013600225,51.2359040817,72.8552965584,96.7786952993,HIGH_PRODUCTION,0,0,93.7980546549
2024-01-04 11:00:00,RIG_ANOMALIES,11,4,3,84.661858275,93.7029701487,92.7036626995,0.6474173511,50.9377041748,82.2825871387,96.8647787049,HIGH_PRODUCTION,0,0,93.8443723946
2024-01-04 12:00:00,RIG_ANOMALIES,12,4,3,85.7381848343,80.7564206817,86.1895144749,0.6209402853,52.6055899775,73.549405756,86.8157775151,HIGH_PRODUCTION,0,0,93.8906901343
2024-01-04 13:00:00,RIG_ANOMALIES,13,4,3,84.661858275,88.2675756888,92.1692162314,0.6091111837000001,56.2787597106,70.5963995408,93.8540155375,HIGH_PRODUCTION,0,0,93.937007874
2024-01-04 14:00:00,RIG_ANOMALIES,14,4,3,81.5062284735,80.8497040991,86.1103981818,0.5206360074,52.6939965827,72.48427343,97.298880212,HIGH_PRODUCTION,0,0,93.9833256137
2024-01-04 15:00:00,RIG_ANOMALIES,15,4,3,76.4863463859,75.8994707356,80.9900297691,0.5011081522,47.8093104986,72.7636277245,87.9101042439,HIGH_PRODUCTION,0,0,94.0296433534
2024-01-04 16:00:00,RIG_ANOMALIES,16,4,3,69.9443086806,69.6929512658,77.7293332886,0.4547153097,46.9962937662,71.3237462845,81.7418091706,HIGH_PRODUCTION,0,0,94.0759610931
2024-01-04 17:00:00,RIG_ANOMALIES,17,4,3,62.325944416,69.5863372145,77.5771379123,0.4818073238,50.929568998,67.5442412614,86.7600873961,HIGH_PRODUCTION,0,0,94.1222788328
2024-01-04 18:00:00,RIG_ANOMALIES,18,4,3,54.1504325269,62.641296655,69.9494768891,0.47242426120000003,44.7853834721,60.3658103571,77.6240803776,HIGH_PRODUCTION,0,0,94.1685965725
2024-01-04 19:00:00,RIG_ANOMALIES,19,4,3,45.9749206378,48.1801146691,58.501723731,0.4505447214,43.3910449577,65.1263407215,62.8684726773,HIGH_PRODUCTION,0,0,94.2149143122
2024-01-04 20:00:00,RIG_ANOMALIES,20,4,3,38.3565563732,36.6033127377,47.4294205131,0.45206307490000003,36.3702900321,59.2521493455,55.7907470514,HIGH_PRODUCTION,0,0,94.2612320519
2024-01-04 21:00:00,RIG_ANOMALIES,21,4,3,36.1002883513,34.5155478247,47.0585920671,0.41042796740000004,38.6096859728,59.9950782325,48.5951320127,HIGH_PRODUCTION,0,0,94.3075497916
2024-01-04 22:00:00,RIG_ANOMALIES,22,4,3,36.1002883513,42.3155560002,44.7370167169,0.4482167965,39.3668000298,57.4326618732,50.1067970846,STANDBY,0,0,94.3538675313
2024-01-04 23:00:00,RIG_ANOMALIES,23,4,3,36.1002883513,37.3793171701,42.262944368,0.36878828950000003,40.7138288978,57.1193150383,49.4694740271,STANDBY,0,0,94.400185271
2024-01-05 00:00:00,RIG_ANOMALIES,0,5,4,36.1002883513,36.1459455702,41.7254485634,0.4260340911,38.4307824913,63.1764216582,53.2602903155,STANDBY,0,0,94.4465030107
2024-01-05 01:00:00,RIG_ANOMALIES,1,5,4,36.1002883513,37.9046830939,47.9177622853,0.4873966093,35.8263820778,58.3559857014,55.3962480102,STANDBY,0,0,94.4928207503
2024-01-05 02:00:00,RIG_ANOMALIES,2,5,4,36.1002883513,43.0456854381,50.7040226533,0.4992603827,40.489015597,63.3070707869,62.1747781473,STANDBY,0,0,94.53913849
2024-01-05 03:00:00,RIG_ANOMALIES,3,5,4,36.1002883513,46.0612610166,55.0783703324,0.4026868602,38.3298607567,66.0886203109,59.4836632886,STANDBY,0,0,94.5854562297
2024-01-05 04:00:00,RIG_ANOMALIES,4,5,4,38.3565563732,32.6211970819,45.1740984436,0.4171877704,38.3512285076,57.9517486729,45.7290219726,STANDBY,0,0,94.6317739694
2024-01-05 05:00:00,RIG_ANOMALIES,5,5,4,45.9749206378,40.7842369521,50.5451962947,0.4307850184,43.380862589,69.5923026637,55.5415822045,STANDBY,0,0,94.6780917091
2024-01-05 06:00:00,RIG_ANOMALIES,6,5,4,54.1504325269,55.7905994139,59.581369404,0.4351196721,44.6721059388,65.4249456159,66.7456643715,HIGH_PRODUCTION,0,0,94.7244094488
2024-01-05 07:00:00,RIG_ANOMALIES,7,5,4,62.325944416,61.7015866617,70.7351095408,0.48717681570000004,45.977619934,65.6141599456,70.3220538367,HIGH_PRODUCTION,0,0,94.7707271885
2024-01-05 08:00:00,RIG_ANOMALIES,8,5,4,69.9443086806,71.5025716614,74.5155515691,0.5540136667000001,50.1051489954,70.9383890468,81.1340191617,HIGH_PRODUCTION,0,0,94.8170449282
2024-01-05 09:00:00,RIG_ANOMALIES,9,5,4,76.4863463859,71.6882572555,79.2159577936,0.5019715678000001,47.3469643199,73.6495543819,81.8947914899,HIGH_PRODUCTION,0,0,94.8633626679
2024-01-05 10:00:00,RIG_ANOMALIES,10,5,4,81.5062284735,78.9027975113,83.6732705054,0.6060299931,50.8762411102,71.5293307706,86.8252868658,HIGH_PRODUCTION,0,0,94.9096804076
2024-01-05 11:00:00,RIG_ANOMALIES,11,5,4,84.661858275,86.4148312554,92.0145908469,0.6131151521,49.4786801987,74.5299486809,96.4462880792,HIGH_PRODUCTION,0,0,94.9559981473
2024-01-05 12:00:00,RIG_ANOMALIES,12,5,4,85.7381848343,91.8886647703,93.0009126359,0.6000746041,53.197367081,80.5283732753,103.8106028054,HIGH_PRODUCTION,0,0,95.002315887
2024-01-05 13:00:00,RIG_ANOMALIES,13,5,4,84.661858275,86.5742624992,91.8039865439,0.5768041927,48.1484620085,75.8011335906,90.3006774486,HIGH_PRODUCTION,0,0,95.0486336267
2024-01-05 14:00:00,RIG_ANOMALIES,14,5,4,81.5062284735,83.2584872952,86.4240658212,0.6190227060000001,49.2814472782,73.4238004058,88.1964183505,HIGH_PRODUCTION,0,0,95.0949513664
2024-01-05 15:00:00,RIG_ANOMALIES,15,5,4,76.4863463859,76.6967481095,80.5161772434,0.420480518,51.6295379043,75.4792356244,91.7605412151,HIGH_PRODUCTION,0,0,95.1412691061
2024-01-05 16:00:00,RIG_ANOMALIES,16,5,4,69.9443086806,73.8514391036,75.2699032308,0.5756104466,46.4203842127,65.6803534477,81.2466111313,HIGH_PRODUCTION,0,0,95.1875868458
2024-01-05 17:00:00,RIG_ANOMALIES,17,5,4,62.325944416,59.7440248331,66.041274208,0.5129966464,45.3187724899,72.2979169267,72.9630266516,HIGH_PRODUCTION,0,0,95.2339045855
2024-01-05 18:00:00,RIG_ANOMALIES,18,5,4,54.1504325269,57.4300598775,67.0017103677,0.5022117099,42.7302383654,61.1339975794,73.2706637668,HIGH_PRODUCTION,0,0,95.2802223252
2024-01-05 19:00:00,RIG_ANOMALIES,19,5,4,45.9749206378,42.8750236005,55.0471067272,0.4127075249,41.5287830108,66.3087203623,59.6228031885,HIGH_PRODUCTION,0,0,95.3265400648
2024-01-05 20:00:00,RIG_ANOMALIES,20,5,4,38.3565563732,40.4736471766,49.5486191936,0.49201595260000003,42.95262654,65.1431096221,54.8172547069,HIGH_PRODUCTION,0,0,95.3728578045
2024-01-05 21:00:00,RIG_ANOMALIES,21,5,4,36.1002883513,40.9827294095,48.3416366198,0.4138515612,38.6943397966,59.3411585347,51.56679494,HIGH_PRODUCTION,0,0,95.4191755442
2024-01-05 22:00:00,RIG_ANOMALIES,22,5,4,36.1002883513,37.5000778065,46.0173423883,0.48051358730000004,39.8204050049,62.7808335411,51.2860363762,STANDBY,0,0,95.4654932839
2024-01-05 23:00:00,RIG_ANOMALIES,23,5,4,36.1002883513,33.8063984464,39.7764945645,0.43739690810000004,36.5707406735,58.9470406138,42.8745006845,STANDBY,0,0,95.5118110236
2024-01-06 00:00:00,RIG_ANOMALIES,0,6,5,36.8726740701,27.306391244,39.7496218238,0.46764462830000003,38.8778094186,58.3390980866,43.9405600003,STANDBY,0,0,95.5581287633
2024-01-06 01:00:00,RIG_ANOMALIES,1,6,5,36.8726740701,35.5721227353,43.7520721084,0.4733721749,38.3513726273,65.5859759412,51.232673094,STANDBY,0,0,95.604446503
2024-01-06 02:00:00,RIG_ANOMALIES,2,6,5,36.8726740701,36.2924502611,47.7516620731,0.4705390051,40.9946535866,61.852044179399996,56.7819471648,STANDBY,0,0,95.6507642427
2024-01-06 03:00:00,RIG_ANOMALIES,3,6,5,36.8726740701,42.1473949022,48.7115352999,0.3700701789,42.5039284819,65.6527736992,47.7751401719,STANDBY,0,0,95.6970819824
2024-01-06 04:00:00,RIG_ANOMALIES,4,6,5,39.1772161995,48.4588334311,60.9615443962,0.43048716600000003,40.4589140676,64.4146033242,67.0609916911,STANDBY,0,0,95.7433997221
2024-01-06 05:00:00,RIG_ANOMALIES,5,6,5,46.9585795986,55.8428367752,61.9064315474,0.42465203230000004,42.1871611502,60.9597764226,67.1910866691,STANDBY,0,0,95.7897174618
2024-01-06 06:00:00,RIG_ANOMALIES,6,6,5,55.3090111052,59.9411680089,66.9050352354,0.4718950497,43.2370350562,62.1685591303,72.9657897437,HIGH_PRODUCTION,0,0,95.8360352015
2024-01-06 07:00:00,RIG_ANOMALIES,7,6,5,63.6594426117,60.0923032592,67.2508904622,0.5218722698,43.5223508366,66.4861364881,76.6576511247,HIGH_PRODUCTION,0,0,95.8823529412
2024-01-06 08:00:00,RIG_ANOMALIES,8,6,5,71.4408060109,68.7391566838,74.5955842549,0.5088480637,50.4837791462,71.2832167262,81.7864580637,HIGH_PRODUCTION,0,0,95.9286706809
2024-01-06 09:00:00,RIG_ANOMALIES,9,6,5,78.1228142462,79.5735255501,83.8837000186,0.5854584027,50.5059559392,78.4516658425,87.8641224698,HIGH_PRODUCTION,0,0,95.9749884206
2024-01-06 10:00:00,RIG_ANOMALIES,10,6,5,83.2500994991,78.1866414691,83.0377985416,0.5104012105,50.457777044,76.5778889167,86.7282439312,HIGH_PRODUCTION,0,0,96.0213061603
2024-01-06 11:00:00,RIG_ANOMALIES,11,6,5,86.4732457528,87.1614806311,90.8416178358,0.5971028503,52.2539337091,74.9543899479,95.1688584219,HIGH_PRODUCTION,0,0,96.0676239
2024-01-06 12:00:00,RIG_ANOMALIES,12,6,5,87.5726009166,88.6418198699,93.2035169268,0.5305465188,54.0411774881,73.3379792927,95.23307447,HIGH_PRODUCTION,0,0,96.1139416396
2024-01-06 13:00:00,RIG_ANOMALIES,13,6,5,86.4732457528,79.4976480565,83.0900992859,0.5269299587,52.2111515213,74.2684030495,86.852485184,HIGH_PRODUCTION,0,0,96.1602593793
2024-01-06 14:00:00,RIG_ANOMALIES,14,6,5,83.2500994991,86.1821141804,90.7642811163,0.6316698708,53.2727943198,77.8079899679,90.4151578499,HIGH_PRODUCTION,0,0,96.206577119
2024-01-06 15:00:00,RIG_ANOMALIES,15,6,5,78.1228142462,84.8708606676,85.2822644955,0.6661470143,50.5135019448,78.4837930574,96.8922977096,HIGH_PRODUCTION,0,0,96.2528948587
2024-01-06 16:00:00,RIG_ANOMALIES,16,6,5,71.4408060109,68.2647827139,72.4237130279,0.5672696373,43.9404740002,73.331266872,80.1511415705,HIGH_PRODUCTION,0,0,96.2992125984
2024-01-06 17:00:00,RIG_ANOMALIES,17,6,5,63.6594426117,63.1635711744,69.9871067534,0.492824821,44.1615569666,69.0666721962,77.6624912881,HIGH_PRODUCTION,0,0,96.3455303381
2024-01-06 18:00:00,RIG_ANOMALIES,18,6,5,55.3090111052,63.7832766772,70.0593004824,0.5204608654,47.273968589,72.5947228329,73.4650458949,HIGH_PRODUCTION,0,0,96.3918480778
2024-01-06 19:00:00,RIG_ANOMALIES,19,6,5,46.9585795986,48.1887910093,53.736068014,0.49423918120000004,42.3887106546,62.5149450415,58.4899087276,HIGH_PRODUCTION,0,0,96.4381658175
2024-01-06 20:00:00,RIG_ANOMALIES,20,6,5,39.1772161995,38.6792157568,52.7316252855,0.4487813007,39.4340983023,67.1513050845,56.0720040195,HIGH_PRODUCTION,0,0,96.4844835572
2024-01-06 21:00:00,RIG_ANOMALIES,21,6,5,36.8726740701,43.9616862175,46.2964454819,0.4434016336,41.0504381016,65.622981776,52.251029069,HIGH_PRODUCTION,0,0,96.5308012969
2024-01-06 22:00:00,RIG_ANOMALIES,22,6,5,36.8726740701,44.7170020187,48.3384546221,0.4324030136,37.4060447707,69.2408975176,52.0033358777,STANDBY,0,0,96.5771190366
2024-01-06 23:00:00,RIG_ANOMALIES,23,6,5,36.8726740701,34.7876058295,39.7619989157,0.38969361150000004,39.2061707481,60.1670204677,53.8251300612,STANDBY,0,0,96.6234367763
2024-01-07 00:00:00,RIG_ANOMALIES,0,7,6,38.2644650435,42.5677575668,43.9829571108,0.38649807540000003,38.7424297231,60.7598771906,50.1799212884,STANDBY,0,0,96.669754516
2024-01-07 01:00:00,RIG_ANOMALIES,1,7,6,38.2644650435,40.0944527933,46.068465266,0.3820445214,36.5469006208,63.9474298936,52.6986733627,STANDBY,0,0,96.7160722557
2024-01-07 02:00:00,RIG_ANOMALIES,2,7,6,38.2644650435,32.6355173743,42.6690791258,0.5011032302,38.0454759725,62.6538566642,45.4251737966,STANDBY,0,0,96.7623899954
2024-01-07 03:00:00,RIG_ANOMALIES,3,7,6,38.2644650435,38.8062872566,44.2845856175,0.394744815,38.5993154663,61.6778663981,41.3576815793,STANDBY,0,0,96.8087077351
2024-01-07 04:00:00,RIG_ANOMALIES,4,7,6,40.6559941088,42.6763259893,49.9513923885,0.43315551090000004,38.1166333856,62.2271857153,53.5824432138,STANDBY,0,0,96.8550254748
2024-01-07 05:00:00,RIG_ANOMALIES,5,7,6,48.7310717994,48.203284761,53.6019102086,0.4286132978,43.3640257991,65.0367677307,62.5933423986,STANDBY,0,0,96.9013432145
2024-01-07 06:00:00,RIG_ANOMALIES,6,7,6,57.3966975653,65.8590316004,70.2258388713,0.5057407167,45.3063231805,70.2714631257,74.7792494504,HIGH_PRODUCTION,0,0,96.9476609541
2024-01-07 07:00:00,RIG_ANOMALIES,7,7,6,66.0623233312,66.5094285844,69.1910619115,0.5350204912000001,47.6239919656,72.7129961295,77.7810840312,HIGH_PRODUCTION,0,0,96.9939786938
2024-01-07 08:00:00,RIG_ANOMALIES,8,7,6,74.1374010218,86.9487197474,85.4673724282,0.6728445254000001,46.1422767308,82.7517617736,92.9702294797,HIGH_PRODUCTION,0,0,97.0402964335
2024-01-07 09:00:00,RIG_ANOMALIES,9,7,6,81.0716274372,90.4357700248,88.4762702821,0.6760608667,52.3248817274,79.4714051933,98.3059201845,HIGH_PRODUCTION,0,0,97.0866141732
2024-01-07 10:00:00,RIG_ANOMALIES,10,7,6,86.3924465065,90.6161584493,90.88541643,0.5613386694,55.0056327534,74.6773588639,95.9634532736,HIGH_PRODUCTION,0,0,97.1329319129
2024-01-07 11:00:00,RIG_ANOMALIES,11,7,6,89.7372532031,98.8466966623,95.0,0.6412084781,55.1629024926,81.2070292503,98.7579238018,HIGH_PRODUCTION,0,0,97.1792496526
2024-01-07 12:00:00,RIG_ANOMALIES,12,7,6,90.8781044784,96.8990599717,95.0,0.6393048843,56.3738959475,76.3653489503,95.0256941523,HIGH_PRODUCTION,0,0,97.2255673923
2024-01-07 13:00:00,RIG_ANOMALIES,13,7,6,89.7372532031,92.5999624756,94.9469325894,0.6038057157,55.2955194286,75.6482783274,100.4679149353,HIGH_PRODUCTION,0,0,97.271885132
2024-01-07 14:00:00,RIG_ANOMALIES,14,7,6,86.3924465065,98.6722784312,94.2898820343,0.5970452813,55.8705462416,82.6189713523,99.5106776043,HIGH_PRODUCTION,0,0,97.3182028717
2024-01-07 15:00:00,RIG_ANOMALIES,15,7,6,81.0716274372,78.7051891185,81.4732440246,0.6059463611,49.928943117,71.3891778261,89.3830925796,HIGH_PRODUCTION,0,0,97.3645206114
2024-01-07 16:00:00,RIG_ANOMALIES,16,7,6,74.1374010218,84.254750892,85.9652235069,0.5865376317000001,52.952183924,76.4782174988,92.5720307213,HIGH_PRODUCTION,0,0,97.4108383511
2024-01-07 17:00:00,RIG_ANOMALIES,17,7,6,66.0623233312,62.3924061137,69.238162738,0.5768027439,45.9280253514,69.1995492638,70.6386180366,HIGH_PRODUCTION,0,0,97.4571560908
2024-01-07 18:00:00,RIG_ANOMALIES,18,7,6,57.3966975653,61.6845640132,66.0602003996,0.5325326733,43.0228462011,67.3628264247,70.1177811798,HIGH_PRODUCTION,0,0,97.5034738305
2024-01-07 19:00:00,RIG_ANOMALIES,19,7,6,48.7310717994,52.5292401486,57.8292062907,0.5078639819,44.7746785833,67.4501702418,66.233660724,HIGH_PRODUCTION,0,0,97.5497915702
2024-01-07 20:00:00,RIG_ANOMALIES,20,7,6,40.6559941088,33.7807871657,46.6142906058,0.4546718594,40.3531784331,58.7395508222,52.071530853,HIGH_PRODUCTION,0,0,97.5961093099
2024-01-07 21:00:00,RIG_ANOMALIES,21,7,6,38.2644650435,40.6056310468,47.476707673,0.5319913054000001,40.8887026219,60.469047608,48.1695637214,HIGH_PRODUCTION,0,0,97.6424270496
2024-01-07 22:00:00,RIG_ANOMALIES,22,7,6,38.2644650435,41.6933201849,47.411052382,0.4689177121,38.0090107959,64.2656472108,52.6912566346,STANDBY,0,0,97.6887447893
2024-01-07 23:00:00,RIG_ANOMALIES,23,7,6,38.2644650435,41.331299746,45.3040290679,0.4126492552,43.4561890228,62.4536414353,54.8401443553,STANDBY,0,0,97.7350625289
2024-01-08 00:00:00,RIG_ANOMALIES,0,8,0,40.0,46.8166774179,52.9726621891,0.4668752538,41.8483692264,69.0375298201,56.8627645099,STANDBY,0,0,97.7813802686
2024-01-08 01:00:00,RIG_ANOMALIES,1,8,0,40.0,45.3439428084,51.6157647222,0.518735187,42.2146205469,64.0701737138,57.8196604675,STANDBY,0,0,97.8276980083
2024-01-08 02:00:00,RIG_ANOMALIES,2,8,0,40.0,50.81550196,51.6188285426,0.5063121852,44.3105732751,63.762933611,59.8271388774,STANDBY,0,0,97.874015748
2024-01-08 03:00:00,RIG_ANOMALIES,3,8,0,40.0,33.22100933,44.5037912002,0.53106381,38.8474859025,62.2285884811,48.3504986039,STANDBY,0,0,97.9203334877
2024-01-08 04:00:00,RIG_ANOMALIES,4,8,0,42.5,47.0496345334,52.5803844272,0.5570182942,37.9197340138,62.9288164005,61.3501428723,STANDBY,0,0,97.9666512274
2024-01-08 05:00:00,RIG_ANOMALIES,5,8,0,50.9413334214,65.4803977928,68.4747654246,0.6118321003,43.0536826917,68.7476997331,74.5481724814,STANDBY,0,0,98.0129689671
2024-01-08 06:00:00,RIG_ANOMALIES,6,8,0,60.0,61.5944469343,69.0337091108,0.6135868171000001,49.4658904079,68.4238785638,72.796670464,HIGH_PRODUCTION,0,0,98.0592867068
2024-01-08 07:00:00,RIG_ANOMALIES,7,8,0,69.0586665786,70.161271248,75.2772094448,0.5620416557,48.9878614546,69.3090324017,85.5716460566,HIGH_PRODUCTION,0,0,98.1056044465
2024-01-08 08:00:00,RIG_ANOMALIES,8,8,0,77.5,81.1699527235,80.4348040037,0.5454744944000001,50.650222356,77.2841322024,85.28656152,HIGH_PRODUCTION,0,0,98.1519221862
2024-01-08 09:00:00,RIG_ANOMALIES,9,8,0,84.7487373415,86.1709756622,84.6210361056,0.6569505837,51.480920984,75.0887720042,86.2495932405,HIGH_PRODUCTION,0,0,98.1982399259
2024-01-08 10:00:00,RIG_ANOMALIES,10,8,0,90.3108891325,85.7297212992,89.4589258846,0.5725213744000001,53.4452223051,77.5343111959,91.4318926689,HIGH_PRODUCTION,0,0,98.2445576656
2024-01-08 11:00:00,RIG_ANOMALIES,11,8,0,93.8074039201,92.1023994924,94.8889928861,0.5484911061000001,51.6666844515,73.3571463966,102.8564137094,HIGH_PRODUCTION,0,0,98.2908754053
2024-01-08 12:00:00,RIG_ANOMALIES,12,8,0,95.0,101.1516017892,95.0,0.6795294306,58.5921879566,81.9503007999,104.3393343572,HIGH_PRODUCTION,0,0,98.337193145
2024-01-08 13:00:00,RIG_ANOMALIES,13,8,0,93.8074039201,91.5226681361,94.0122914594,0.6424523980000001,50.5318515644,82.2682053072,97.6491042956,HIGH_PRODUCTION,0,0,98.3835108847
2024-01-08 14:00:00,RIG_ANOMALIES,14,8,0,90.3108891325,105.5701813118,95.0,0.5951938037,56.4161459959,78.0967721066,101.8421954029,HIGH_PRODUCTION,0,0,98.4298286244
2024-01-08 15:00:00,RIG_ANOMALIES,15,8,0,84.7487373415,90.1441315992,90.4771056403,0.6226108864000001,54.1680919914,79.1221797194,96.2200827091,HIGH_PRODUCTION,0,0,98.4761463641
2024-01-08 16:00:00,RIG_ANOMALIES,16,8,0,77.5,85.4629912088,85.2784186097,0.5990701214,52.5040795553,74.2652028117,96.2860727094,HIGH_PRODUCTION,0,0,98.5224641038
2024-01-08 17:00:00,RIG_ANOMALIES,17,8,0,69.0586665786,77.6410356325,77.0350818966,0.5794971912,51.1780662536,70.3008625008,80.7756397923,HIGH_PRODUCTION,0,0,98.5687818434
2024-01-08 18:00:00,RIG_ANOMALIES,18,8,0,60.0,69.0162673454,68.6166740026,0.5755034201,49.2195334727,69.8936571042,71.325304785,HIGH_PRODUCTION,0,0,98.6150995831
2024-01-08 19:00:00,RIG_ANOMALIES,19,8,0,50.9413334214,60.8219004748,63.9698056968,0.5872349032,44.9956336164,63.5981529316,74.1298976428,HIGH_PRODUCTION,0,0,98.6614173228
2024-01-08 20:00:00,RIG_ANOMALIES,20,8,0,42.5,52.6003154101,56.4122363911,0.5306870648,42.6431302406,66.7366188437,58.6148493312,HIGH_PRODUCTION,0,0,98.7077350625
2024-01-08 21:00:00,RIG_ANOMALIES,21,8,0,40.0,47.613783164,52.5380133732,0.4386946491,41.6486758233,63.7760164905,57.7865678949,HIGH_PRODUCTION,0,0,98.7540528022
2024-01-08 22:00:00,RIG_ANOMALIES,22,8,0,40.0,45.2642259955,53.555388171,0.45190047200000005,43.497094984,63.8371685499,58.3373856229,STANDBY,0,0,98.8003705419
2024-01-08 23:00:00,RIG_ANOMALIES,23,8,0,40.0,46.515501553,50.8362656259,0.489770806,43.1517995091,63.1383426456,56.386220891,STANDBY,0,0,98.8466882816
2024-01-09 00:00:00,RIG_ANOMALIES,0,9,1,38.2644650435,34.3785727599,43.7596704992,0.3861930099,44.8515207222,64.1442159456,45.198080228,STANDBY,0,0,98.8930060213
2024-01-09 01:00:00,RIG_ANOMALIES,1,9,1,38.2644650435,43.5292046466,49.0519340293,0.4423763867,39.4730693247,65.3130883926,55.9041861987,STANDBY,0,0,98.939323761
2024-01-09 02:00:00,RIG_ANOMALIES,2,9,1,38.2644650435,37.3405910832,48.7432251385,0.4378562932,41.6426973,65.2911977673,54.3100571677,STANDBY,0,0,98.9856415007
2024-01-09 03:00:00,RIG_ANOMALIES,3,9,1,38.2644650435,45.2345783827,52.453672847,0.4460276453,40.655959254,64.5405407023,61.188870394,STANDBY,0,0,99.0319592404
2024-01-09 04:00:00,RIG_ANOMALIES,4,9,1,40.6559941088,39.5020255896,48.2282717377,0.41461247960000003,39.4797510691,64.1144265358,49.3928236085,STANDBY,0,0,99.0782769801
2024-01-09 05:00:00,RIG_ANOMALIES,5,9,1,48.7310717994,53.646297107,61.1126372567,0.4103479165,39.5942886084,69.7769484421,65.2556004216,STANDBY,0,0,99.1245947198
2024-01-09 06:00:00,RIG_ANOMALIES,6,9,1,57.3966975653,71.7810171328,75.8690681247,0.5205203312,48.430103063,72.1250500462,78.2312140705,HIGH_PRODUCTION,0,0,99.1709124595
2024-01-09 07:00:00,RIG_ANOMALIES,7,9,1,66.0623233312,69.8542903598,74.7323701234,0.5483594425,52.8555841562,75.1480436085,80.1604803422,HIGH_PRODUCTION,0,0,99.2172301992
2024-01-09 08:00:00,RIG_ANOMALIES,8,9,1,74.1374010218,79.9743256506,81.3534573721,0.6558931934000001,48.9946314078,70.5711237451,86.7555833827,HIGH_PRODUCTION,0,0,99.2635479389
2024-01-09 09:00:00,RIG_ANOMALIES,9,9,1,81.0716274372,88.5307888541,91.855962166,0.6173560109,54.0858678534,75.6553133516,99.6171541813,HIGH_PRODUCTION,0,0,99.3098656786
2024-01-09 10:00:00,RIG_ANOMALIES,10,9,1,86.3924465065,91.2505521009,91.8512524169,0.5881887011,48.4099787118,78.7136694019,98.8994191233,HIGH_PRODUCTION,0,0,99.3561834182
2024-01-09 11:00:00,RIG_ANOMALIES,11,9,1,89.7372532031,94.3398166257,93.0252980364,0.6279093595,53.7298418296,78.9933604746,103.6555186034,HIGH_PRODUCTION,0,0,99.4025011579
2024-01-09 12:00:00,RIG_ANOMALIES,12,9,1,90.8781044784,97.8273206298,95.0,0.5747008064,53.9074649676,78.600773724,102.110840525,HIGH_PRODUCTION,0,0,99.4488188976
2024-01-09 13:00:00,RIG_ANOMALIES,13,9,1,89.7372532031,89.6409298656,93.9296731273,0.6421459464,52.5853278725,74.4107076952,93.2205910644,HIGH_PRODUCTION,0,0,99.4951366373
2024-01-09 14:00:00,RIG_ANOMALIES,14,9,1,86.3924465065,90.1012071879,91.6693289572,0.6519958485,50.8790231155,77.5347573243,97.7253716259,HIGH_PRODUCTION,0,0,99.541454377
2024-01-09 15:00:00,RIG_ANOMALIES,15,9,1,81.0716274372,83.451941823,87.2471133835,0.6324086818,49.3898492846,76.2731508232,89.4738552417,HIGH_PRODUCTION,0,0,99.5877721167
2024-01-09 16:00:00,RIG_ANOMALIES,16,9,1,74.1374010218,74.8759755885,78.9616525437,0.5166822034,48.3312962097,74.7801245357,83.4645874804,HIGH_PRODUCTION,0,0,99.6340898564
2024-01-09 17:00:00,RIG_ANOMALIES,17,9,1,66.0623233312,75.2549136621,76.936009319,0.5571426674000001,50.6512386777,73.3734786169,77.967448114,HIGH_PRODUCTION,0,0,99.6804075961
2024-01-09 18:00:00,RIG_ANOMALIES,18,9,1,57.3966975653,55.3615015705,62.1146786521,0.4772518006,46.2607364083,63.1921021123,71.6377095468,HIGH_PRODUCTION,0,0,99.7267253358
2024-01-09 19:00:00,RIG_ANOMALIES,19,9,1,48.7310717994,47.4738026879,53.0760655733,0.4696807028,39.3720618708,72.8195657966,59.0636954456,HIGH_PRODUCTION,0,0,99.7730430755
2024-01-09 20:00:00,RIG_ANOMALIES,20,9,1,40.6559941088,46.267663707,54.5577131076,0.4631316997,42.1416854101,63.9200207288,59.4755426543,HIGH_PRODUCTION,0,0,99.8193608152
2024-01-09 21:00:00,RIG_ANOMALIES,21,9,1,38.2644650435,43.5877361796,48.8996021684,0.4825894598,42.239107829,63.3475590115,51.4454739705,HIGH_PRODUCTION,0,0,99.8656785549
2024-01-09 22:00:00,RIG_ANOMALIES,22,9,1,38.2644650435,42.8817155293,50.43759107,0.49302770290000003,39.6848501791,63.3964903618,56.3443346892,STANDBY,0,0,99.9119962946
2024-01-09 23:00:00,RIG_ANOMALIES,23,9,1,38.2644650435,49.4835924727,56.6612221839,0.4448100065,43.2814706604,65.6569439078,61.1304552494,STANDBY,0,0,99.9583140343
2024-01-10 00:00:00,RIG_ANOMALIES,0,10,2,36.8726740701,64.4542834558,68.2082939179,1.1004626613,42.0046038277,69.8339772463,93.915580968,STANDBY,0,0,100.004631774
2024-01-10 01:00:00,RIG_ANOMALIES,1,10,2,36.8726740701,68.692609257,75.6612212661,1.1788246043,44.5789572046,57.7610800974,108.5229720911,STANDBY,0,0,100.0509495137
2024-01-10 02:00:00,RIG_ANOMALIES,2,10,2,36.8726740701,58.5712879662,78.2605130335,1.2766199481,37.2969647792,59.0666796181,105.9962673665,STANDBY,0,0,100.0972672534
2024-01-10 03:00:00,RIG_ANOMALIES,3,10,2,36.8726740701,62.5101392691,77.1986154089,0.9067240602000001,37.0520512258,60.8506458528,102.0020714001,STANDBY,0,0,100.1435849931
2024-01-10 04:00:00,RIG_ANOMALIES,4,10,2,39.1772161995,60.7507800671,76.9013748822,1.1001283691000001,40.2072188398,71.722230129,98.0655932903,STANDBY,0,0,100.1899027327
2024-01-10 05:00:00,RIG_ANOMALIES,5,10,2,46.9585795986,68.2495003865,79.5268473985,0.8063829910000001,56.2867855745,56.4130875088,108.8274020408,STANDBY,0,0,100.2362204724
2024-01-10 06:00:00,RIG_ANOMALIES,6,10,2,55.3090111052,83.1443921926,93.4176155895,1.2370988564,46.2499095446,66.0158775849,110.0,HIGH_PRODUCTION,0,0,100.2825382121
2024-01-10 07:00:00,RIG_ANOMALIES,7,10,2,63.6594426117,91.0176323406,95.0,0.9358185901,45.0471503693,77.5895320835,110.0,HIGH_PRODUCTION,0,0,100.3288559518
2024-01-10 08:00:00,RIG_ANOMALIES,8,10,2,71.4408060109,88.5710358423,95.0,1.0490292556,48.7222565855,67.8247139226,110.0,HIGH_PRODUCTION,0,0,100.3751736915
2024-01-10 09:00:00,RIG_ANOMALIES,9,10,2,78.1228142462,116.7310033505,95.0,1.1431195985,52.8659626483,80.3422206868,110.0,HIGH_PRODUCTION,0,0,100.4214914312
2024-01-10 10:00:00,RIG_ANOMALIES,10,10,2,83.2500994991,116.6591179065,95.0,1.0610728198,52.6283521776,79.4235022054,110.0,HIGH_PRODUCTION,0,0,100.4678091709
2024-01-10 11:00:00,RIG_ANOMALIES,11,10,2,86.4732457528,114.4971847501,95.0,1.3736367621,58.8796682264,75.7367861732,110.0,HIGH_PRODUCTION,0,0,100.5141269106
2024-01-10 12:00:00,RIG_ANOMALIES,12,10,2,87.5726009166,113.5232775874,95.0,1.3039310131000001,54.9401364714,82.9776457412,110.0,HIGH_PRODUCTION,0,0,100.5604446503
2024-01-10 13:00:00,RIG_ANOMALIES,13,10,2,86.4732457528,105.5259707197,95.0,1.0367587858,48.2887829511,76.9047410706,110.0,HIGH_PRODUCTION,0,0,100.60676239
2024-01-10 14:00:00,RIG_ANOMALIES,14,10,2,83.2500994991,110.0991800296,95.0,0.971649426,53.969026865800004,74.1836323229,110.0,HIGH_PRODUCTION,0,0,100.6530801297
2024-01-10 15:00:00,RIG_ANOMALIES,15,10,2,78.1228142462,106.7786593796,95.0,1.0704221597,54.3449549795,78.1371643163,110.0,HIGH_PRODUCTION,0,0,100.6993978694
2024-01-10 16:00:00,RIG_ANOMALIES,16,10,2,71.4408060109,107.5514136652,95.0,0.9913424886000001,52.5869085782,71.7789716182,110.0,HIGH_PRODUCTION,0,0,100.7457156091
2024-01-10 17:00:00,RIG_ANOMALIES,17,10,2,63.6594426117,68.4351952051,84.7325179872,1.1978963619,45.6525449174,58.3837270037,110.0,HIGH_PRODUCTION,0,0,100.7920333488
2024-01-10 18:00:00,RIG_ANOMALIES,18,10,2,55.3090111052,88.6554594084,93.0888705291,1.066339679,49.0801670508,74.5682880644,110.0,HIGH_PRODUCTION,0,0,100.8383510885
2024-01-10 19:00:00,RIG_ANOMALIES,19,10,2,46.9585795986,76.6857369548,88.1899090077,1.2116454489,44.9925947008,64.4842831298,106.7358063034,HIGH_PRODUCTION,0,0,100.8846688282
2024-01-10 20:00:00,RIG_ANOMALIES,20,10,2,39.1772161995,59.4677346128,78.0440800388,1.0030897999,36.0634391784,67.6590915057,101.7193652987,HIGH_PRODUCTION,0,0,100.9309865679
2024-01-10 21:00:00,RIG_ANOMALIES,21,10,2,36.8726740701,70.843952198,84.5486512489,1.0959736472,46.934085062,64.6456505125,103.9364555396,HIGH_PRODUCTION,0,0,100.9773043075
2024-01-10 22:00:00,RIG_ANOMALIES,22,10,2,36.8726740701,65.2086505416,77.3506540302,0.7628557184,42.9517141356,60.9703360522,92.79567097,STANDBY,0,0,101.0236220472
2024-01-10 23:00:00,RIG_ANOMALIES,23,10,2,36.8726740701,34.9870024163,65.1697893808,1.1373909651,38.4257866914,55.1971185623,85.8201171333,STANDBY,0,0,101.0699397869
2024-01-11 00:00:00,RIG_ANOMALIES,0,11,3,36.1002883513,73.4320142751,80.7940874148,0.7954460183000001,39.8121752223,71.6223131986,99.5047427498,STANDBY,0,0,101.1162575266
2024-01-11 01:00:00,RIG_ANOMALIES,1,11,3,36.1002883513,55.6743431082,70.8516116909,0.9912278405,40.9557602292,52.989779324,102.6896606562,STANDBY,0,0,101.1625752663
2024-01-11 02:00:00,RIG_ANOMALIES,2,11,3,36.1002883513,49.1696788673,62.5920156563,1.2210435497,36.698813699,63.6523427166,97.8009588499,STANDBY,0,0,101.208893006
2024-01-11 03:00:00,RIG_ANOMALIES,3,11,3,36.1002883513,61.7269295103,73.6324505889,0.9209215488,41.4779284079,58.2854474433,93.5763065454,STANDBY,0,0,101.2552107457
2024-01-11 04:00:00,RIG_ANOMALIES,4,11,3,38.3565563732,57.6662296359,69.2219615304,1.1524903582000001,37.3156218618,61.4208610343,91.4120104704,STANDBY,0,0,101.3015284854
2024-01-11 05:00:00,RIG_ANOMALIES,5,11,3,45.9749206378,52.5979790355,69.1936039122,0.950476419,35.6865922499,53.5774369526,99.3181053886,STANDBY,0,0,101.3478462251
2024-01-11 06:00:00,RIG_ANOMALIES,6,11,3,54.1504325269,73.6901926949,94.6654520973,1.1077352515,44.0504641216,55.6980516427,110.0,HIGH_PRODUCTION,0,0,101.3941639648
2024-01-11 07:00:00,RIG_ANOMALIES,7,11,3,62.325944416,82.8538482444,95.0,0.8864124381,46.4726941621,61.6137279441,110.0,HIGH_PRODUCTION,0,0,101.4404817045
2024-01-11 08:00:00,RIG_ANOMALIES,8,11,3,69.9443086806,92.6176069432,91.4319614198,0.9415765799,49.9070282298,70.3051733814,110.0,HIGH_PRODUCTION,0,0,101.4867994442
2024-01-11 09:00:00,RIG_ANOMALIES,9,11,3,76.4863463859,81.8471239538,94.1558598058,1.2396938429,48.031106211,60.0305713792,110.0,HIGH_PRODUCTION,0,0,101.5331171839
2024-01-11 10:00:00,RIG_ANOMALIES,10,11,3,81.5062284735,115.40708631,95.0,1.034737915,52.2208226264,69.7309860926,110.0,HIGH_PRODUCTION,0,0,101.5794349236
2024-01-11 11:00:00,RIG_ANOMALIES,11,11,3,84.661858275,105.9639457911,95.0,1.0726962729,50.5923574976,66.2871936545,110.0,HIGH_PRODUCTION,0,0,101.6257526633
2024-01-11 12:00:00,RIG_ANOMALIES,12,11,3,85.7381848343,112.1338040522,95.0,1.4700270753,51.9248758695,73.214569827,110.0,HIGH_PRODUCTION,0,0,101.672070403
2024-01-11 13:00:00,RIG_ANOMALIES,13,11,3,84.661858275,97.3741033304,95.0,1.0096751261,44.4762281459,61.3134353304,110.0,HIGH_PRODUCTION,0,0,101.7183881427
2024-01-11 14:00:00,RIG_ANOMALIES,14,11,3,81.5062284735,116.5437423443,95.0,1.2303262542,60.8222899953,74.4961659581,110.0,HIGH_PRODUCTION,0,0,101.7647058824
2024-01-11 15:00:00,RIG_ANOMALIES,15,11,3,76.4863463859,97.457303823,94.6957625434,0.6878366745000001,47.2718321385,59.0918475036,110.0,HIGH_PRODUCTION,0,0,101.811023622
2024-01-11 16:00:00,RIG_ANOMALIES,16,11,3,69.9443086806,72.8656942846,83.2689365004,1.1225591064,47.995479233,51.5009972503,110.0,HIGH_PRODUCTION,0,0,101.8573413617
2024-01-11 17:00:00,RIG_ANOMALIES,17,11,3,62.325944416,70.1802664531,87.0989688883,1.0274916382,44.5750600694,51.6961768165,110.0,HIGH_PRODUCTION,0,0,101.9036591014
2024-01-11 18:00:00,RIG_ANOMALIES,18,11,3,54.1504325269,70.1095575576,92.7143765341,1.1322383958,39.0368427205,63.0034511978,110.0,HIGH_PRODUCTION,0,0,101.9499768411
2024-01-11 19:00:00,RIG_ANOMALIES,19,11,3,45.9749206378,80.1845219068,94.9766059744,1.0558482483,50.2541228929,63.0904926391,110.0,HIGH_PRODUCTION,0,0,101.9962945808
2024-01-11 20:00:00,RIG_ANOMALIES,20,11,3,38.3565563732,73.1979725793,88.3318777415,1.1075782174,41.4025320993,57.4617241687,107.2329706564,HIGH_PRODUCTION,0,0,102.0426123205
2024-01-11 21:00:00,RIG_ANOMALIES,21,11,3,36.1002883513,66.1873398921,79.5383556281,0.7694319595,34.4313863262,68.206948521,110.0,HIGH_PRODUCTION,0,0,102.0889300602
2024-01-11 22:00:00,RIG_ANOMALIES,22,11,3,36.1002883513,48.611923208,64.809304264,1.2681100974000001,30.4788216265,68.2043917254,89.2783725289,STANDBY,0,0,102.1352477999
2024-01-11 23:00:00,RIG_ANOMALIES,23,11,3,36.1002883513,76.3252518299,81.2271776328,0.9822001583000001,40.5113286267,64.2664227401,105.7989603107,STANDBY,0,0,102.1815655396
2024-01-12 00:00:00,RIG_ANOMALIES,0,12,4,36.1002883513,59.2875488235,74.4824023994,0.8849968388,39.5366430774,64.4157962012,107.2185606705,STANDBY,0,0,102.2278832793
2024-01-12 01:00:00,RIG_ANOMALIES,1,12,4,36.1002883513,49.1254484258,65.3303489497,0.975299283,36.9061990012,50.7872549496,108.6466534812,STANDBY,0,0,102.274201019
2024-01-12 02:00:00,RIG_ANOMALIES,2,12,4,36.1002883513,63.5871629579,76.4993130044,1.0911676345,39.8512636131,63.4142388799,107.5354178356,STANDBY,0,0,102.3205187587
2024-01-12 03:00:00,RIG_ANOMALIES,3,12,4,36.1002883513,60.9291878817,74.10665308,1.0028439353,40.6413027582,44.5409683055,95.7552282097,STANDBY,0,0,102.3668364984
2024-01-12 04:00:00,RIG_ANOMALIES,4,12,4,38.3565563732,71.4865563916,81.4733695464,1.0695635374,43.5451116752,65.2437866239,96.43237287,STANDBY,0,0,102.4131542381
2024-01-12 05:00:00,RIG_ANOMALIES,5,12,4,45.9749206378,65.246669674,87.3282050692,1.1710598178,37.0614676899,51.6286471131,105.5999103375,STANDBY,0,0,102.4594719778
2024-01-12 06:00:00,RIG_ANOMALIES,6,12,4,54.1504325269,70.1439267585,85.5771270872,0.8422030779,41.5672035907,46.4370801924,106.4109663237,HIGH_PRODUCTION,0,0,102.5057897175
2024-01-12 07:00:00,RIG_ANOMALIES,7,12,4,62.325944416,82.9595040896,93.560613478,1.1101902488,41.4370361172,56.757504194,110.0,HIGH_PRODUCTION,0,0,102.5521074572
2024-01-12 08:00:00,RIG_ANOMALIES,8,12,4,69.9443086806,99.3029973341,95.0,1.2211710981000001,47.3581373029,71.950363895,110.0,HIGH_PRODUCTION,0,0,102.5984251969
2024-01-12 09:00:00,RIG_ANOMALIES,9,12,4,76.4863463859,99.7462678986,95.0,0.7826968578,45.4202174229,74.6498677543,110.0,HIGH_PRODUCTION,0,0,102.6447429365
2024-01-12 10:00:00,RIG_ANOMALIES,10,12,4,81.5062284735,99.2795769025,95.0,0.8639960855000001,49.2795103705,69.2499758311,110.0,HIGH_PRODUCTION,0,0,102.6910606762
2024-01-12 11:00:00,RIG_ANOMALIES,11,12,4,84.661858275,108.9496603224,95.0,1.2209492552,51.7881123511,78.2247862915,110.0,HIGH_PRODUCTION,0,0,102.7373784159
2024-01-12 12:00:00,RIG_ANOMALIES,12,12,4,85.7381848343,108.2918185142,95.0,1.1426073578,50.4507219557,73.0808243391,109.1534319623,HIGH_PRODUCTION,0,0,102.7836961556
2024-01-12 13:00:00,RIG_ANOMALIES,13,12,4,84.661858275,125.676708703,95.0,0.9581903405000001,55.4301490738,71.5583526484,110.0,HIGH_PRODUCTION,0,0,102.8300138953
2024-01-12 14:00:00,RIG_ANOMALIES,14,12,4,81.5062284735,99.5573994899,95.0,1.0932224432,48.6392270505,72.3146292494,110.0,HIGH_PRODUCTION,0,0,102.876331635
2024-01-12 15:00:00,RIG_ANOMALIES,15,12,4,76.4863463859,97.5728917319,95.0,1.0428474082,49.946098788,70.497383575,110.0,HIGH_PRODUCTION,0,0,102.9226493747
2024-01-12 16:00:00,RIG_ANOMALIES,16,12,4,69.9443086806,77.546113398,95.0,1.1765906726,46.1534399215,62.8278260609,110.0,HIGH_PRODUCTION,0,0,102.9689671144
2024-01-12 17:00:00,RIG_ANOMALIES,17,12,4,62.325944416,84.8463575279,90.3436847479,0.9342626097000001,46.3423845374,60.3843469582,110.0,HIGH_PRODUCTION,0,0,103.0152848541
2024-01-12 18:00:00,RIG_ANOMALIES,18,12,4,54.1504325269,83.6094551094,91.4003200654,1.1535931348,42.746030489,60.7539914895,105.9835271437,HIGH_PRODUCTION,0,0,103.0616025938
2024-01-12 19:00:00,RIG_ANOMALIES,19,12,4,45.9749206378,69.8110474544,84.85062829660001,0.8302567823,42.4342106587,61.7430273885,110.0,HIGH_PRODUCTION,0,0,103.1079203335
2024-01-12 20:00:00,RIG_ANOMALIES,20,12,4,38.3565563732,70.0978000639,89.3278564542,1.2928735057,37.9269447488,57.9571296677,110.0,HIGH_PRODUCTION,0,0,103.1542380732
2024-01-12 21:00:00,RIG_ANOMALIES,21,12,4,36.1002883513,55.737331115,73.4886357719,0.8243531121000001,42.9461478526,55.741613379,102.5001736649,HIGH_PRODUCTION,0,0,103.2005558129
2024-01-12 22:00:00,RIG_ANOMALIES,22,12,4,36.1002883513,74.9375626958,78.5708787526,0.8725465921000001,47.8826791665,51.0502050006,110.0,STANDBY,0,0,103.2468735526
2024-01-12 23:00:00,RIG_ANOMALIES,23,12,4,36.1002883513,62.2565171459,74.7570176344,0.8177204186,41.9521507465,57.8101210207,108.7952650488,STANDBY,0,0,103.2931912923
2024-01-13 00:00:00,RIG_ANOMALIES,0,13,5,36.8726740701,76.9937211573,85.0860408063,1.1985640022,40.1321187872,69.7697565641,110.0,STANDBY,0,0,103.339509032
2024-01-13 01:00:00,RIG_ANOMALIES,1,13,5,36.8726740701,71.5937964702,82.8113031368,1.2315065926,46.6641246049,57.2849356409,110.0,STANDBY,0,0,103.3858267717
2024-01-13 02:00:00,RIG_ANOMALIES,2,13,5,36.8726740701,62.8049768809,70.3693465642,0.9647717855000001,43.8001940024,61.2587433085,101.0492624052,STANDBY,0,0,103.4321445113
2024-01-13 03:00:00,RIG_ANOMALIES,3,13,5,36.8726740701,48.7192100801,75.0173866962,0.7246902809,36.815989085,64.7147694525,110.0,STANDBY,0,0,103.478462251
2024-01-13 04:00:00,RIG_ANOMALIES,4,13,5,39.1772161995,62.8119624954,66.3748612856,1.3433003169,49.0055082817,57.419350971,109.6454372638,STANDBY,0,0,103.5247799907
2024-01-13 05:00:00,RIG_ANOMALIES,5,13,5,46.9585795986,68.1902402461,86.188321242,1.0918173281,39.7060330602,57.9728037608,105.3901904188,STANDBY,0,0,103.5710977304
2024-01-13 06:00:00,RIG_ANOMALIES,6,13,5,55.3090111052,79.9110240864,95.0,0.8718157257,40.2743076994,62.9081043774,110.0,HIGH_PRODUCTION,0,0,103.6174154701
2024-01-13 07:00:00,RIG_ANOMALIES,7,13,5,63.6594426117,86.1524476077,95.0,0.9706894173,47.835192543,69.4158658788,110.0,HIGH_PRODUCTION,0,0,103.6637332098
2024-01-13 08:00:00,RIG_ANOMALIES,8,13,5,71.4408060109,92.1809007813,95.0,0.9304047731,45.9648627222,69.4740333248,109.9661750761,HIGH_PRODUCTION,0,0,103.7100509495
2024-01-13 09:00:00,RIG_ANOMALIES,9,13,5,78.1228142462,84.2728053495,95.0,0.9851349169,47.0425623617,69.5161272533,110.0,HIGH_PRODUCTION,0,0,103.7563686892
2024-01-13 10:00:00,RIG_ANOMALIES,10,13,5,83.2500994991,102.9547455609,95.0,1.2144954549,53.9067434093,71.6116008108,108.4494322967,HIGH_PRODUCTION,0,0,103.8026864289
2024-01-13 11:00:00,RIG_ANOMALIES,11,13,5,86.4732457528,97.059337147,95.0,1.082740644,54.0703013219,58.7248392717,110.0,HIGH_PRODUCTION,0,0,103.8490041686
2024-01-13 12:00:00,RIG_ANOMALIES,12,13,5,87.5726009166,114.4288255844,95.0,1.1450575896,56.3799271061,77.1763801925,110.0,HIGH_PRODUCTION,0,0,103.8953219083
2024-01-13 13:00:00,RIG_ANOMALIES,13,13,5,86.4732457528,96.5117928291,95.0,1.2533770946,49.7863877889,74.7348356913,105.014273339,HIGH_PRODUCTION,0,0,103.941639648
2024-01-13 14:00:00,RIG_ANOMALIES,14,13,5,83.2500994991,99.0646919838,95.0,1.0927722498,47.288091693,65.7044481184,110.0,HIGH_PRODUCTION,0,0,103.9879573877
2024-01-13 15:00:00,RIG_ANOMALIES,15,13,5,78.1228142462,86.7413570351,95.0,1.0859166827,42.6569449932,62.3377579611,110.0,HIGH_PRODUCTION,0,0,104.0342751274
2024-01-13 16:00:00,RIG_ANOMALIES,16,13,5,71.4408060109,124.9169495605,95.0,0.8976434724000001,57.6802872515,71.8290942335,110.0,HIGH_PRODUCTION,0,0,104.0805928671
2024-01-13 17:00:00,RIG_ANOMALIES,17,13,5,63.6594426117,78.0719770914,95.0,0.9136797842000001,46.8630461499,65.3859745018,110.0,HIGH_PRODUCTION,0,0,104.1269106068
2024-01-13 18:00:00,RIG_ANOMALIES,18,13,5,55.3090111052,71.0678560255,82.2011408844,0.9355672099000001,44.0227052872,68.2976907888,89.5094033603,HIGH_PRODUCTION,0,0,104.1732283465
2024-01-13 19:00:00,RIG_ANOMALIES,19,13,5,46.9585795986,69.9148233303,85.9266167996,1.1556161579,45.4018750399,58.5205683594,105.8249142612,HIGH_PRODUCTION,0,0,104.2195460862
2024-01-13 20:00:00,RIG_ANOMALIES,20,13,5,39.1772161995,61.3541235448,75.9087953326,1.270072053,44.2270407254,50.5760968288,104.0568895822,HIGH_PRODUCTION,0,0,104.2658638258
2024-01-13 21:00:00,RIG_ANOMALIES,21,13,5,36.8726740701,65.2533329087,70.4157409039,1.0376659535,43.4310491919,65.257826317,107.9611864439,HIGH_PRODUCTION,0,0,104.3121815655
2024-01-13 22:00:00,RIG_ANOMALIES,22,13,5,36.8726740701,55.6993185369,77.4193240109,0.8999831454,43.2207217797,60.3378106219,104.875220961,STANDBY,0,0,104.3584993052
2024-01-13 23:00:00,RIG_ANOMALIES,23,13,5,36.8726740701,52.5701819996,59.783154451,1.4043122296,44.3223374167,49.6728587889,84.0824636861,STANDBY,0,0,104.4048170449
2024-01-14 00:00:00,RIG_ANOMALIES,0,14,6,38.2644650435,52.6181283296,74.2577584618,0.9117542936,37.8016118721,61.9596777738,93.7209951456,STANDBY,0,0,104.4511347846
2024-01-14 01:00:00,RIG_ANOMALIES,1,14,6,38.2644650435,66.5045910988,75.2697794202,1.0563306518,39.6537937046,60.8169968279,106.0262586275,STANDBY,0,0,104.4974525243
2024-01-14 02:00:00,RIG_ANOMALIES,2,14,6,38.2644650435,59.0242068378,68.0051900915,1.1821420836,39.6989609121,57.8356267381,89.4951408567,STANDBY,0,0,104.543770264
2024-01-14 03:00:00,RIG_ANOMALIES,3,14,6,38.2644650435,70.9846192277,85.4212566911,0.8908806016,40.6148220615,63.9208810377,110.0,STANDBY,0,0,104.5900880037
2024-01-14 04:00:00,RIG_ANOMALIES,4,14,6,40.6559941088,57.7281019343,73.6554505342,1.0016018176,46.2531753702,54.4901526433,84.9871629507,STANDBY,0,0,104.6364057434
2024-01-14 05:00:00,RIG_ANOMALIES,5,14,6,48.7310717994,74.254879704,92.9191109039,0.9746935945,41.6622186221,59.9677287849,110.0,STANDBY,0,0,104.6827234831
2024-01-14 06:00:00,RIG_ANOMALIES,6,14,6,57.3966975653,68.216534026,80.6751300366,1.1255332001,46.2090519069,49.8183553965,105.0116039772,HIGH_PRODUCTION,0,0,104.7290412228
2024-01-14 07:00:00,RIG_ANOMALIES,7,14,6,66.0623233312,87.7222361583,94.2789757218,1.0819149349,45.0289772261,63.3854971284,110.0,HIGH_PRODUCTION,0,0,104.7753589625
2024-01-14 08:00:00,RIG_ANOMALIES,8,14,6,74.1374010218,100.1633341985,95.0,1.407930843,48.3593057559,76.3133359015,110.0,HIGH_PRODUCTION,0,0,104.8216767022
2024-01-14 09:00:00,RIG_ANOMALIES,9,14,6,81.0716274372,92.9305298356,95.0,1.2527565135,54.77082265,71.2574272207,110.0,HIGH_PRODUCTION,0,0,104.8679944419
2024-01-14 10:00:00,RIG_ANOMALIES,10,14,6,86.3924465065,108.4940836097,95.0,0.9586289065,54.9657792573,60.9285664231,110.0,HIGH_PRODUCTION,0,0,104.9143121816
2024-01-14 11:00:00,RIG_ANOMALIES,11,14,6,89.7372532031,112.79730998,95.0,1.4034893925,53.767224339,75.7375697827,110.0,HIGH_PRODUCTION,0,0,104.9606299213
2024-01-14 12:00:00,RIG_ANOMALIES,12,14,6,90.8781044784,122.616528575,95.0,1.2203665539,50.3026964301,81.0959185277,110.0,HIGH_PRODUCTION,0,0,105.006947661
2024-01-14 13:00:00,RIG_ANOMALIES,13,14,6,89.7372532031,118.5862949842,95.0,1.0549865761,55.800226939,80.4968598348,110.0,HIGH_PRODUCTION,0,0,105.0532654006
2024-01-14 14:00:00,RIG_ANOMALIES,14,14,6,86.3924465065,117.737686001,95.0,1.3236844517,58.8268206601,76.6595217091,110.0,HIGH_PRODUCTION,0,0,105.0995831403
2024-01-14 15:00:00,RIG_ANOMALIES,15,14,6,81.0716274372,86.0175330877,95.0,1.2678346661,49.6411951177,59.5056454259,110.0,HIGH_PRODUCTION,0,0,105.14590088
2024-01-14 16:00:00,RIG_ANOMALIES,16,14,6,74.1374010218,95.04766918,95.0,1.4560012491,49.0023154503,65.9407837296,110.0,HIGH_PRODUCTION,0,0,105.1922186197
2024-01-14 17:00:00,RIG_ANOMALIES,17,14,6,66.0623233312,89.9241598829,95.0,1.0729604287,45.3661413517,75.5882557824,105.6398883604,HIGH_PRODUCTION,0,0,105.2385363594
2024-01-14 18:00:00,RIG_ANOMALIES,18,14,6,57.3966975653,77.5124276384,95.0,1.1208391978,43.6002894658,79.6215119796,110.0,HIGH_PRODUCTION,0,0,105.2848540991
2024-01-14 19:00:00,RIG_ANOMALIES,19,14,6,48.7310717994,88.542680506,91.5763045022,1.3271412735,42.3505799877,72.6804997767,98.996345778,HIGH_PRODUCTION,0,0,105.3311718388
2024-01-14 20:00:00,RIG_ANOMALIES,20,14,6,40.6559941088,71.6612928792,79.2958514921,1.2046271701,34.3536736773,59.851225877,110.0,HIGH_PRODUCTION,0,0,105.3774895785
2024-01-14 21:00:00,RIG_ANOMALIES,21,14,6,38.2644650435,78.4995565314,82.2460658235,1.0808428841,42.6528673381,64.8032426105,102.4570346279,HIGH_PRODUCTION,0,0,105.4238073182
2024-01-14 22:00:00,RIG_ANOMALIES,22,14,6,38.2644650435,55.8164799421,68.5913909477,1.1952471974,46.3851266211,61.9415140833,96.1412676264,STANDBY,0,0,105.4701250579
2024-01-14 23:00:00,RIG_ANOMALIES,23,14,6,38.2644650435,61.1681676431,71.1468431398,1.2247407793,40.0149172092,59.2905396896,93.9532558335,STANDBY,0,0,105.5164427976
2024-01-15 00:00:00,RIG_ANOMALIES,0,15,0,40.0,57.9613961434,57.0597557139,1.0584913663,40.6551067317,57.603018637,97.2973869123,STANDBY,0,0,105.5627605373
2024-01-15 01:00:00,RIG_ANOMALIES,1,15,0,40.0,55.9872569095,64.2032949012,0.8953759910000001,41.1576078656,53.0069925427,86.6219233678,STANDBY,0,0,105.609078277
2024-01-15 02:00:00,RIG_ANOMALIES,2,15,0,40.0,61.6504157614,70.1198920101,1.0835977293,45.8959928862,55.3825800186,98.4648024385,STANDBY,0,0,105.6553960167
2024-01-15 03:00:00,RIG_ANOMALIES,3,15,0,40.0,75.5589271855,83.7337325765,1.2655191081,39.8958210584,57.9185867822,106.2883861544,STANDBY,0,0,105.7017137564
2024-01-15 04:00:00,RIG_ANOMALIES,4,15,0,42.5,78.0082117868,92.4125455214,0.9163021280000001,39.083718872,66.9531960716,110.0,STANDBY,0,0,105.7480314961
2024-01-15 05:00:00,RIG_ANOMALIES,5,15,0,50.9413334214,70.4129793735,78.8074237437,1.0589224174,40.5359308608,71.0506437295,103.2891858605,STANDBY,0,0,105.7943492358
2024-01-15 06:00:00,RIG_ANOMALIES,6,15,0,60.0,73.5056967295,85.1319164325,1.450225429,46.3076472671,62.3164781754,107.0521634772,HIGH_PRODUCTION,0,0,105.8406669755
2024-01-15 07:00:00,RIG_ANOMALIES,7,15,0,69.0586665786,101.9918223225,95.0,0.9416444367000001,53.1195203276,62.9039308679,110.0,HIGH_PRODUCTION,0,0,105.8869847151
2024-01-15 08:00:00,RIG_ANOMALIES,8,15,0,77.5,98.2349984298,95.0,1.0441925913,49.2279733202,74.9868791754,110.0,HIGH_PRODUCTION,0,0,105.9333024548
2024-01-15 09:00:00,RIG_ANOMALIES,9,15,0,84.7487373415,106.7206349995,95.0,1.3731863396000001,52.2753027394,73.7874512545,110.0,HIGH_PRODUCTION,0,0,105.9796201945
2024-01-15 10:00:00,RIG_ANOMALIES,10,15,0,90.3108891325,115.7879283297,95.0,1.2517222775,49.5899343411,77.4979335153,110.0,HIGH_PRODUCTION,0,0,106.0259379342
2024-01-15 11:00:00,RIG_ANOMALIES,11,15,0,93.8074039201,112.7598146654,95.0,1.1113681709,55.0775210176,71.3050378469,110.0,HIGH_PRODUCTION,0,0,106.0722556739
2024-01-15 12:00:00,RIG_ANOMALIES,12,15,0,95.0,107.2890126914,95.0,0.9737670519,52.0230377814,75.1802647556,104.3701052173,HIGH_PRODUCTION,0,0,106.1185734136
2024-01-15 13:00:00,RIG_ANOMALIES,13,15,0,93.8074039201,113.1668220032,95.0,1.2961075588,45.065146351,81.9857454118,110.0,HIGH_PRODUCTION,0,0,106.1648911533
2024-01-15 14:00:00,RIG_ANOMALIES,14,15,0,90.3108891325,122.0800786359,95.0,1.1556491804,48.1628530515,83.5130199223,110.0,HIGH_PRODUCTION,0,0,106.211208893
2024-01-15 15:00:00,RIG_ANOMALIES,15,15,0,84.7487373415,104.7637598691,95.0,1.0083109442,45.1891860467,75.0283661757,110.0,HIGH_PRODUCTION,0,0,106.2575266327
2024-01-15 16:00:00,RIG_ANOMALIES,16,15,0,77.5,93.0708545001,95.0,1.1735817084,49.9657292675,73.2853058456,110.0,HIGH_PRODUCTION,0,0,106.3038443724
2024-01-15 17:00:00,RIG_ANOMALIES,17,15,0,69.0586665786,94.5321616146,95.0,1.0145089326,50.191389223,77.055642445,110.0,HIGH_PRODUCTION,0,0,106.3501621121
2024-01-15 18:00:00,RIG_ANOMALIES,18,15,0,60.0,75.6265761015,76.0413977069,1.0258922134,47.955438955,67.7462186518,91.5762768069,HIGH_PRODUCTION,0,0,106.3964798518
2024-01-15 19:00:00,RIG_ANOMALIES,19,15,0,50.9413334214,78.1250226447,95.0,1.0249856536,48.9053470583,61.3585127833,110.0,HIGH_PRODUCTION,0,0,106.4427975915
2024-01-15 20:00:00,RIG_ANOMALIES,20,15,0,42.5,67.8509750888,79.2289130925,1.0778722101,43.1659249678,59.9672821074,104.9311413351,HIGH_PRODUCTION,0,0,106.4891153312
2024-01-15 21:00:00,RIG_ANOMALIES,21,15,0,40.0,54.7180521337,72.5433704097,0.9742689801000001,34.8985023281,62.6450716771,104.3575976802,HIGH_PRODUCTION,0,0,106.5354330709
2024-01-15 22:00:00,RIG_ANOMALIES,22,15,0,40.0,69.213360855,76.1834737861,1.1471244991,35.3719488951,56.0696892851,109.6814167226,STANDBY,0,0,106.5817508106
2024-01-15 23:00:00,RIG_ANOMALIES,23,15,0,40.0,55.0880799389,68.326970117,1.1648098337000001,30.1849201687,54.0559181894,95.9627088343,STANDBY,0,0,106.6280685503
2024-01-16 00:00:00,RIG_ANOMALIES,0,16,1,38.2644650435,43.0843198912,49.3945203366,0.529100914,42.2365620484,64.8940788054,53.5772139742,STANDBY,0,0,106.6743862899
2024-01-16 01:00:00,RIG_ANOMALIES,1,16,1,38.2644650435,45.6811011032,50.7874665773,0.5203222147000001,40.4140263664,64.2142294248,55.9180010778,STANDBY,0,0,106.7207040296
2024-01-16 02:00:00,RIG_ANOMALIES,2,16,1,38.2644650435,32.768847056,42.1920044608,0.43179181790000004,38.8747440101,56.9158859768,47.2686815623,STANDBY,0,0,106.7670217693
2024-01-16 03:00:00,RIG_ANOMALIES,3,16,1,38.2644650435,37.7956664315,50.6083334235,0.4548952384,41.4844852202,60.9324742998,61.8971027006,STANDBY,0,0,106.813339509
2024-01-16 04:00:00,RIG_ANOMALIES,4,16,1,40.6559941088,39.5065678089,51.2330018419,0.5339253236,39.3558421178,61.0784714018,56.7806220771,STANDBY,0,0,106.8596572487
2024-01-16 05:00:00,RIG_ANOMALIES,5,16,1,48.7310717994,49.5025623902,56.8782375309,0.48682848910000004,40.9653346662,66.9429783084,62.5466603867,STANDBY,0,0,106.9059749884
2024-01-16 06:00:00,RIG_ANOMALIES,6,16,1,57.3966975653,58.7825689011,61.8138246265,0.4990642946,44.238477315,64.6138853143,68.2236995614,HIGH_PRODUCTION,0,0,106.9522927281
2024-01-16 07:00:00,RIG_ANOMALIES,7,16,1,66.0623233312,67.7368970875,75.5034429876,0.5819086071,48.0840112925,76.4748211525,76.7847665602,HIGH_PRODUCTION,0,0,106.9986104678
2024-01-16 08:00:00,RIG_ANOMALIES,8,16,1,74.1374010218,73.4550193967,75.3877391791,0.6471930611000001,47.4719153402,72.5534890144,76.7338767838,HIGH_PRODUCTION,0,0,107.0449282075
2024-01-16 09:00:00,RIG_ANOMALIES,9,16,1,81.0716274372,82.350477893,81.241212858,0.6157875646000001,49.0489459943,71.6756805322,75.5294636052,HIGH_PRODUCTION,0,0,107.0912459472
2024-01-16 10:00:00,RIG_ANOMALIES,10,16,1,86.3924465065,91.3392629384,89.9865482112,0.7117493089,50.3700247844,81.4403190046,100.2588195268,HIGH_PRODUCTION,0,0,107.1375636869
2024-01-16 11:00:00,RIG_ANOMALIES,11,16,1,89.7372532031,94.3982180854,92.8673798243,0.6727663499000001,54.4724807761,75.600078938,96.9292987844,HIGH_PRODUCTION,0,0,107.1838814266
2024-01-16 12:00:00,RIG_ANOMALIES,12,16,1,90.8781044784,91.7916303644,92.16050698,0.6148128058,51.1699101812,73.2827131075,93.0990784667,HIGH_PRODUCTION,0,0,107.2301991663
2024-01-16 13:00:00,RIG_ANOMALIES,13,16,1,89.7372532031,98.1041204079,95.0,0.7048034355,52.4977728945,77.4662030085,99.6988969048,HIGH_PRODUCTION,0,0,107.276516906
2024-01-16 14:00:00,RIG_ANOMALIES,14,16,1,86.3924465065,97.5780637794,95.0,0.7723799489000001,59.4940856437,75.0748453417,100.5150759949,HIGH_PRODUCTION,0,0,107.3228346457
2024-01-16 15:00:00,RIG_ANOMALIES,15,16,1,81.0716274372,87.6939887226,88.1239922227,0.5863165836,52.6738704033,79.2892191249,88.9099867032,HIGH_PRODUCTION,0,0,107.3691523854
2024-01-16 16:00:00,RIG_ANOMALIES,16,16,1,74.1374010218,79.8595315779,80.0705940936,0.5975690296,50.8394740841,74.8084801402,86.3157743485,HIGH_PRODUCTION,0,0,107.4154701251
2024-01-16 17:00:00,RIG_ANOMALIES,17,16,1,66.0623233312,66.445788795,74.4841839255,0.66595741,46.4701230975,61.5744180642,81.5879553506,HIGH_PRODUCTION,0,0,107.4617878648
2024-01-16 18:00:00,RIG_ANOMALIES,18,16,1,57.3966975653,58.5661503231,65.8020355434,0.5477718128,42.6336389835,62.8418454026,74.8821006412,HIGH_PRODUCTION,0,0,107.5081056044
2024-01-16 19:00:00,RIG_ANOMALIES,19,16,1,48.7310717994,45.9599955872,53.3463795198,0.5341921561,43.1797447728,58.7781613923,57.2177432487,HIGH_PRODUCTION,0,0,107.5544233441
2024-01-16 20:00:00,RIG_ANOMALIES,20,16,1,40.6559941088,39.2530633143,48.303573988,0.5865138427000001,43.080709926,61.3817487723,52.2221645212,HIGH_PRODUCTION,0,0,107.6007410838
2024-01-16 21:00:00,RIG_ANOMALIES,21,16,1,38.2644650435,57.4412994663,58.6702702322,0.5298798501,43.3440472885,66.8036789542,62.0948506797,HIGH_PRODUCTION,0,0,107.6470588235
2024-01-16 22:00:00,RIG_ANOMALIES,22,16,1,38.2644650435,43.9669269564,47.1164671173,0.5356416755,38.6436101263,65.0170822423,50.2593169109,STANDBY,0,0,107.6933765632
2024-01-16 23:00:00,RIG_ANOMALIES,23,16,1,38.2644650435,47.7981950915,50.6282814091,0.5135137156,42.1677925003,67.5412664103,56.6960725519,STANDBY,0,0,107.7396943029
2024-01-17 00:00:00,RIG_ANOMALIES,0,17,2,36.8726740701,45.3820888082,49.6681751148,0.4992376311,39.200225078,61.4479030166,50.3962927925,STANDBY,0,0,107.7860120426
2024-01-17 01:00:00,RIG_ANOMALIES,1,17,2,36.8726740701,51.8280029346,52.2576463826,0.4931009206,44.381289101,67.0395011288,60.2899477808,STANDBY,0,0,107.8323297823
2024-01-17 02:00:00,RIG_ANOMALIES,2,17,2,36.8726740701,35.8476801968,44.5434004809,0.5362427819,39.6172245647,57.6473290398,51.0106112571,STANDBY,0,0,107.878647522
2024-01-17 03:00:00,RIG_ANOMALIES,3,17,2,36.8726740701,40.2997316492,48.6114427786,0.47132649330000004,38.730982517,69.0357385355,60.9940625274,STANDBY,0,0,107.9249652617
2024-01-17 04:00:00,RIG_ANOMALIES,4,17,2,39.1772161995,45.9561567683,53.9588435267,0.5335969661000001,41.7208985641,64.5694782332,55.6999839544,STANDBY,0,0,107.9712830014
2024-01-17 05:00:00,RIG_ANOMALIES,5,17,2,46.9585795986,49.7161632617,57.8546585443,0.5064290951,42.9147271169,65.8306936327,64.0748542591,STANDBY,0,0,108.0176007411
2024-01-17 06:00:00,RIG_ANOMALIES,6,17,2,55.3090111052,58.878384145,67.4763029032,0.49297343390000004,44.7659606857,59.6280751623,69.3014342511,HIGH_PRODUCTION,0,0,108.0639184808
2024-01-17 07:00:00,RIG_ANOMALIES,7,17,2,63.6594426117,69.6991577671,74.5792502655,0.5712523701000001,46.3802544843,68.9877033649,81.8567524873,HIGH_PRODUCTION,0,0,108.1102362205
2024-01-17 08:00:00,RIG_ANOMALIES,8,17,2,71.4408060109,77.4868138812,81.0621453609,0.6900643035,47.6171719885,78.4683249233,87.0319191448,HIGH_PRODUCTION,0,0,108.1565539602
2024-01-17 09:00:00,RIG_ANOMALIES,9,17,2,78.1228142462,91.7403540393,91.6556928238,0.6236926539000001,52.611653185,72.488151646,99.8419226417,HIGH_PRODUCTION,0,0,108.2028716999
2024-01-17 10:00:00,RIG_ANOMALIES,10,17,2,83.2500994991,86.6541425539,90.7362429424,0.6206368813,51.6574169598,84.082059354,93.3670699865,HIGH_PRODUCTION,0,0,108.2491894396
2024-01-17 11:00:00,RIG_ANOMALIES,11,17,2,86.4732457528,99.1803177625,91.8711257739,0.6392668235,55.5355896896,86.625887505,95.4143465738,HIGH_PRODUCTION,0,0,108.2955071792
2024-01-17 12:00:00,RIG_ANOMALIES,12,17,2,87.5726009166,97.170895283,95.0,0.6742980878,53.668885123,80.1820226846,99.2457712278,HIGH_PRODUCTION,0,0,108.3418249189
2024-01-17 13:00:00,RIG_ANOMALIES,13,17,2,86.4732457528,95.4016945902,93.8459053014,0.6868861601,55.1677638622,82.9251104197,97.4958113685,HIGH_PRODUCTION,0,0,108.3881426586
2024-01-17 14:00:00,RIG_ANOMALIES,14,17,2,83.2500994991,91.3268309548,90.9614005511,0.6380271502,51.1912351072,77.7963458127,88.2918574814,HIGH_PRODUCTION,0,0,108.4344603983
2024-01-17 15:00:00,RIG_ANOMALIES,15,17,2,78.1228142462,84.0202878667,82.7390032,0.5871204345000001,50.2572016468,77.7246312629,82.3019345513,HIGH_PRODUCTION,0,0,108.480778138
2024-01-17 16:00:00,RIG_ANOMALIES,16,17,2,71.4408060109,78.6532726035,79.6136874809,0.6092588922000001,52.9803773258,75.550011525,83.6835558838,HIGH_PRODUCTION,0,0,108.5270958777
2024-01-17 17:00:00,RIG_ANOMALIES,17,17,2,63.6594426117,68.6607509145,74.2548069842,0.5848157482,47.3390180912,70.1054422842,79.3948871662,HIGH_PRODUCTION,0,0,108.5734136174
2024-01-17 18:00:00,RIG_ANOMALIES,18,17,2,55.3090111052,51.233441724,62.270483125,0.4527915498,43.7714971566,62.5911596505,73.1907182504,HIGH_PRODUCTION,0,0,108.6197313571
2024-01-17 19:00:00,RIG_ANOMALIES,19,17,2,46.9585795986,56.3979211284,62.1236172641,0.550773621,47.3741252353,66.4436603258,71.3664186107,HIGH_PRODUCTION,0,0,108.6660490968
2024-01-17 20:00:00,RIG_ANOMALIES,20,17,2,39.1772161995,45.9789641686,51.294938034,0.5612255658,42.9299724405,61.2992028973,57.694925737,HIGH_PRODUCTION,0,0,108.7123668365
2024-01-17 21:00:00,RIG_ANOMALIES,21,17,2,36.8726740701,40.0929556632,45.3358500397,0.4454886678,41.0991924583,59.836597572,48.4908231217,HIGH_PRODUCTION,0,0,108.7586845762
2024-01-17 22:00:00,RIG_ANOMALIES,22,17,2,36.8726740701,48.477491121,53.0196453052,0.5124944034,42.0196115319,68.3917086353,58.1178065103,STANDBY,0,0,108.8050023159
2024-01-17 23:00:00,RIG_ANOMALIES,23,17,2,36.8726740701,47.1715518408,48.6948650425,0.5276396112,39.6349259064,61.9021917739,54.2898166793,STANDBY,0,0,108.8513200556
2024-01-18 00:00:00,RIG_ANOMALIES,0,18,3,36.1002883513,39.2999957672,48.8170758403,0.446775142,39.9866189775,61.2557049729,51.2109095382,STANDBY,0,0,108.8976377953
2024-01-18 01:00:00,RIG_ANOMALIES,1,18,3,36.1002883513,43.6994542326,49.0407741213,0.4440895546,41.334824236,65.698024942,52.0885549594,STANDBY,0,0,108.943955535
2024-01-18 02:00:00,RIG_ANOMALIES,2,18,3,36.1002883513,48.8818471016,53.4869877937,0.4963717776,42.6478872457,61.7712366607,58.3954985741,STANDBY,0,0,108.9902732747
2024-01-18 03:00:00,RIG_ANOMALIES,3,18,3,36.1002883513,43.5340324844,49.1431452582,0.4785368795,41.0771245425,62.5403574965,51.1057745244,STANDBY,0,0,109.0365910144
2024-01-18 04:00:00,RIG_ANOMALIES,4,18,3,38.3565563732,39.1746812513,50.5323291128,0.5304002484,39.7218487747,57.6265816155,55.1945574738,STANDBY,0,0,109.0829087541
2024-01-18 05:00:00,RIG_ANOMALIES,5,18,3,45.9749206378,46.645633187,57.193036316,0.4205036421,39.0759510262,67.8652196236,61.2267191697,STANDBY,0,0,109.1292264937
2024-01-18 06:00:00,RIG_ANOMALIES,6,18,3,54.1504325269,60.5038731706,64.0929283777,0.5990010984,47.2703631369,66.7402107718,75.2156872665,HIGH_PRODUCTION,0,0,109.1755442334
2024-01-18 07:00:00,RIG_ANOMALIES,7,18,3,62.325944416,77.5293279845,75.9982729467,0.5649927238,48.334826143,71.2378387495,82.9145518172,HIGH_PRODUCTION,0,0,109.2218619731
2024-01-18 08:00:00,RIG_ANOMALIES,8,18,3,69.9443086806,78.7474764427,83.7226635914,0.6360431791000001,53.2097556887,72.7070556271,99.343774935,HIGH_PRODUCTION,0,0,109.2681797128
2024-01-18 09:00:00,RIG_ANOMALIES,9,18,3,76.4863463859,81.7640696033,86.0497005955,0.6870352586,46.0753272953,71.8514261109,86.4005973816,HIGH_PRODUCTION,0,0,109.3144974525
2024-01-18 10:00:00,RIG_ANOMALIES,10,18,3,81.5062284735,93.4300680813,92.4578079769,0.7740165819,54.248034709,77.4938576986,98.9839487256,HIGH_PRODUCTION,0,0,109.3608151922
2024-01-18 11:00:00,RIG_ANOMALIES,11,18,3,84.661858275,91.9541636393,95.0,0.6351963727000001,51.0910951549,81.2147365634,99.9570022142,HIGH_PRODUCTION,0,0,109.4071329319
2024-01-18 12:00:00,RIG_ANOMALIES,12,18,3,85.7381848343,91.7313093257,92.546851019,0.6569228886,53.3771869271,79.6502068038,91.3199800206,HIGH_PRODUCTION,0,0,109.4534506716
2024-01-18 13:00:00,RIG_ANOMALIES,13,18,3,84.661858275,93.3233008624,91.4639535273,0.6207015337,51.5724801867,76.3634937682,95.2055635173,HIGH_PRODUCTION,0,0,109.4997684113
2024-01-18 14:00:00,RIG_ANOMALIES,14,18,3,81.5062284735,87.4683093588,87.6825909973,0.6481140889,51.7562083173,71.1417989153,93.0590773973,HIGH_PRODUCTION,0,0,109.546086151
2024-01-18 15:00:00,RIG_ANOMALIES,15,18,3,76.4863463859,82.6651953821,87.0608465282,0.6616019103,55.9637899213,76.2217821501,91.5670913549,HIGH_PRODUCTION,0,0,109.5924038907
2024-01-18 16:00:00,RIG_ANOMALIES,16,18,3,69.9443086806,79.6025207895,79.773989543,0.5298727798,51.1672220654,72.1731537099,88.0443768643,HIGH_PRODUCTION,0,0,109.6387216304
2024-01-18 17:00:00,RIG_ANOMALIES,17,18,3,62.325944416,71.2588420557,74.1424238736,0.6529773226000001,46.2012460905,79.432799594,78.1642491373,HIGH_PRODUCTION,0,0,109.6850393701
2024-01-18 18:00:00,RIG_ANOMALIES,18,18,3,54.1504325269,55.9524611027,63.749224184,0.5442254116,44.5592663273,65.7076400096,77.3402565949,HIGH_PRODUCTION,0,0,109.7313571098
2024-01-18 19:00:00,RIG_ANOMALIES,19,18,3,45.9749206378,50.4614334761,58.3848486803,0.45868787380000003,41.5401430073,69.962186045,62.7945527163,HIGH_PRODUCTION,0,0,109.7776748495
2024-01-18 20:00:00,RIG_ANOMALIES,20,18,3,38.3565563732,48.9085867079,55.6202360986,0.5701295307,45.731517746,59.316318422,54.9720484649,HIGH_PRODUCTION,0,0,109.8239925892
2024-01-18 21:00:00,RIG_ANOMALIES,21,18,3,36.1002883513,49.1497127977,50.6798489933,0.6079787483,39.3873673063,66.5362873858,54.1937334742,HIGH_PRODUCTION,0,0,109.8703103289
2024-01-18 22:00:00,RIG_ANOMALIES,22,18,3,36.1002883513,42.4895117382,49.3327968829,0.5558028772,39.3348197276,64.5325924106,55.9265238696,STANDBY,0,0,109.9166280686
2024-01-18 23:00:00,RIG_ANOMALIES,23,18,3,36.1002883513,38.830408698,46.8233525328,0.5434162503000001,40.7256406291,62.6493247794,48.0526770418,STANDBY,0,0,109.9629458082
2024-01-19 00:00:00,RIG_ANOMALIES,0,19,4,36.1002883513,39.8884409307,44.4362345557,0.43512002320000004,37.9548168831,59.2686203964,47.0677596652,STANDBY,0,0,110.0092635479
2024-01-19 01:00:00,RIG_ANOMALIES,1,19,4,36.1002883513,40.726757917,43.3323303777,0.5276489957,37.7243873458,62.3284197038,54.4900208505,STANDBY,0,0,110.0555812876
2024-01-19 02:00:00,RIG_ANOMALIES,2,19,4,36.1002883513,39.730978772,47.0756476975,0.48747392970000003,37.5748817454,60.1587143663,49.9876478299,STANDBY,0,0,110.1018990273
2024-01-19 03:00:00,RIG_ANOMALIES,3,19,4,36.1002883513,39.4847609095,50.1112200892,0.480145207,42.0087298207,60.4904577225,61.4231609194,STANDBY,0,0,110.148216767
2024-01-19 04:00:00,RIG_ANOMALIES,4,19,4,38.3565563732,42.7681663722,50.2725877825,0.5394243549000001,40.6635041381,63.7631906849,56.3597049695,STANDBY,0,0,110.1945345067
2024-01-19 05:00:00,RIG_ANOMALIES,5,19,4,45.9749206378,50.2672722646,59.6751111135,0.509294507,43.8498024837,64.8638538367,61.503984439999996,STANDBY,0,0,110.2408522464
2024-01-19 06:00:00,RIG_ANOMALIES,6,19,4,54.1504325269,57.4044779606,59.1560753693,0.5503840619,43.9057832348,65.7815607371,59.7577800486,HIGH_PRODUCTION,0,0,110.2871699861
2024-01-19 07:00:00,RIG_ANOMALIES,7,19,4,62.325944416,68.8415686572,75.8805997341,0.6354763876,45.6558005022,73.378242665,82.7671095424,HIGH_PRODUCTION,0,0,110.3334877258
2024-01-19 08:00:00,RIG_ANOMALIES,8,19,4,69.9443086806,73.0446419792,80.1154797932,0.6811034726,48.0278600607,76.2069693281,85.827756138,HIGH_PRODUCTION,0,0,110.3798054655
2024-01-19 09:00:00,RIG_ANOMALIES,9,19,4,76.4863463859,81.1265901177,86.2930522283,0.6248728170000001,49.4960044791,71.0270966051,87.7180016749,HIGH_PRODUCTION,0,0,110.4261232052
2024-01-19 10:00:00,RIG_ANOMALIES,10,19,4,81.5062284735,90.4193753864,89.5081281975,0.667632015,52.9238339726,74.9714447243,98.1773770694,HIGH_PRODUCTION,0,0,110.4724409449
2024-01-19 11:00:00,RIG_ANOMALIES,11,19,4,84.661858275,91.6668966415,92.1561394937,0.6093802770000001,49.9792204635,74.9405153052,95.9108889037,HIGH_PRODUCTION,0,0,110.5187586846
2024-01-19 12:00:00,RIG_ANOMALIES,12,19,4,85.7381848343,93.3400976185,95.0,0.6518496845,51.5657810464,79.7576680329,98.2817797676,HIGH_PRODUCTION,0,0,110.5650764243
2024-01-19 13:00:00,RIG_ANOMALIES,13,19,4,84.661858275,98.7344932961,95.0,0.8075564628,53.6326079579,85.4431305225,97.3037479302,HIGH_PRODUCTION,0,0,110.611394164
2024-01-19 14:00:00,RIG_ANOMALIES,14,19,4,81.5062284735,87.0041919175,86.3562513981,0.652634159,45.4430609938,78.9889662869,91.697443205,HIGH_PRODUCTION,0,0,110.6577119037
2024-01-19 15:00:00,RIG_ANOMALIES,15,19,4,76.4863463859,84.1565450631,85.7451604589,0.6722233441000001,50.7154656428,80.8104614905,91.1927585102,HIGH_PRODUCTION,0,0,110.7040296434
2024-01-19 16:00:00,RIG_ANOMALIES,16,19,4,69.9443086806,76.7852316782,82.8680002127,0.582029466,48.497891225000004,75.3824823833,92.1399006339,HIGH_PRODUCTION,0,0,110.750347383
2024-01-19 17:00:00,RIG_ANOMALIES,17,19,4,62.325944416,74.2508046348,76.0106212493,0.7221974292000001,49.4275653553,68.1755399018,84.2951325586,HIGH_PRODUCTION,0,0,110.7966651227
2024-01-19 18:00:00,RIG_ANOMALIES,18,19,4,54.1504325269,53.9968421917,61.2310362018,0.5113585181,43.0525550916,64.3191416187,61.9076347237,HIGH_PRODUCTION,0,0,110.8429828624
2024-01-19 19:00:00,RIG_ANOMALIES,19,19,4,45.9749206378,47.8251799031,54.3438014201,0.4864450293,43.773060733,64.6098896205,55.9412432123,HIGH_PRODUCTION,0,0,110.8893006021
2024-01-19 20:00:00,RIG_ANOMALIES,20,19,4,38.3565563732,47.9235014313,53.7437536799,0.49144195290000003,44.1832046144,63.4356512137,60.1632515754,HIGH_PRODUCTION,0,0,110.9356183418
2024-01-19 21:00:00,RIG_ANOMALIES,21,19,4,36.1002883513,48.0969117601,56.0442961886,0.5552240557,40.1468945028,61.4709930337,56.2440730984,HIGH_PRODUCTION,0,0,110.9819360815
2024-01-19 22:00:00,RIG_ANOMALIES,22,19,4,36.1002883513,44.2520927012,46.8393324161,0.4314678193,45.3423994288,59.7563368578,54.5024700603,STANDBY,0,0,111.0282538212
2024-01-19 23:00:00,RIG_ANOMALIES,23,19,4,36.1002883513,47.8779168655,51.6869804776,0.5477019746,39.8602554863,61.1329811878,55.7537242524,STANDBY,0,0,111.0745715609
2024-01-20 00:00:00,RIG_ANOMALIES,0,20,5,36.8726740701,36.7358728763,43.2740588633,0.5054566473000001,37.6912335135,61.7988804352,51.7264731254,STANDBY,0,0,111.1208893006
2024-01-20 01:00:00,RIG_ANOMALIES,1,20,5,36.8726740701,36.5502699511,45.806133897,0.44269363100000003,41.8434924245,58.9510921795,55.549095212,STANDBY,0,0,111.1672070403
2024-01-20 02:00:00,RIG_ANOMALIES,2,20,5,36.8726740701,44.7152220766,47.1071172374,0.47712515800000005,37.8808457449,62.5826698708,51.848892366,STANDBY,0,0,111.21352478
2024-01-20 03:00:00,RIG_ANOMALIES,3,20,5,36.8726740701,46.6013664048,51.9691378153,0.4903938472,44.0513275113,63.1713635233,63.3256419962,STANDBY,0,0,111.2598425197
2024-01-20 04:00:00,RIG_ANOMALIES,4,20,5,39.1772161995,48.0869543491,54.2559474216,0.5832880814,42.2081744264,73.0317668148,55.8830486187,STANDBY,0,0,111.3061602594
2024-01-20 05:00:00,RIG_ANOMALIES,5,20,5,46.9585795986,56.5964209514,59.083318985,0.6926726116,44.8285113875,63.7714763922,64.6878450397,STANDBY,0,0,111.3524779991
2024-01-20 06:00:00,RIG_ANOMALIES,6,20,5,55.3090111052,60.8094126104,65.0922808134,0.5583178093,45.2053119328,70.9362008693,72.0859492882,HIGH_PRODUCTION,0,0,111.3987957388
2024-01-20 07:00:00,RIG_ANOMALIES,7,20,5,63.6594426117,63.1862942461,70.1803221245,0.6260214915,47.2861434011,70.078199241,73.835264531,HIGH_PRODUCTION,0,0,111.4451134785
2024-01-20 08:00:00,RIG_ANOMALIES,8,20,5,71.4408060109,82.2509264893,83.1857335674,0.6607673204,47.6274733622,68.7551472402,84.1825291789,HIGH_PRODUCTION,0,0,111.4914312182
2024-01-20 09:00:00,RIG_ANOMALIES,9,20,5,78.1228142462,85.3342233896,85.0904874884,0.5826124187,51.2898581064,73.7771772482,94.6257674591,HIGH_PRODUCTION,0,0,111.5377489579
2024-01-20 10:00:00,RIG_ANOMALIES,10,20,5,83.2500994991,88.9756553202,92.3200810012,0.6264794327000001,48.3282433553,78.4280664086,93.1126212155,HIGH_PRODUCTION,0,0,111.5840666975
2024-01-20 11:00:00,RIG_ANOMALIES,11,20,5,86.4732457528,101.0264882553,95.0,0.7133283281,54.6818381692,80.4733575975,100.697832172,HIGH_PRODUCTION,0,0,111.63038443720001
2024-01-20 12:00:00,RIG_ANOMALIES,12,20,5,87.5726009166,95.8243753328,94.0619998078,0.7397564694000001,53.5629399812,81.1124837915,97.8274625358,HIGH_PRODUCTION,0,0,111.6767021769
2024-01-20 13:00:00,RIG_ANOMALIES,13,20,5,86.4732457528,92.1970109912,94.1912621873,0.6696894926,52.7489457162,77.9410621489,96.0194780568,HIGH_PRODUCTION,0,0,111.7230199166
2024-01-20 14:00:00,RIG_ANOMALIES,14,20,5,83.2500994991,87.3935426657,86.1127622513,0.6781567073,50.7812939731,74.3237406527,92.3708772366,HIGH_PRODUCTION,0,0,111.7693376563
2024-01-20 15:00:00,RIG_ANOMALIES,15,20,5,78.1228142462,86.968333781,88.3291204149,0.6853641112000001,50.0507374092,79.7484777571,96.2889097326,HIGH_PRODUCTION,0,0,111.815655396
2024-01-20 16:00:00,RIG_ANOMALIES,16,20,5,71.4408060109,78.2923655174,81.3707138207,0.5533649708,50.5833157857,73.4963832179,90.5138061646,HIGH_PRODUCTION,0,0,111.8619731357
2024-01-20 17:00:00,RIG_ANOMALIES,17,20,5,63.6594426117,73.4936293798,76.7628145249,0.47808284770000004,47.2138720409,69.3730905302,82.7881711734,HIGH_PRODUCTION,0,0,111.9082908754
2024-01-20 18:00:00,RIG_ANOMALIES,18,20,5,55.3090111052,71.8000313603,75.677204001,0.6327657222,44.9012389143,73.2350534453,87.1494977345,HIGH_PRODUCTION,0,0,111.9546086151
2024-01-20 19:00:00,RIG_ANOMALIES,19,20,5,46.9585795986,56.4155934123,58.3237463935,0.6020976342000001,45.8878102699,66.3697110994,67.6445005822,HIGH_PRODUCTION,0,0,112.0009263548
2024-01-20 20:00:00,RIG_ANOMALIES,20,20,5,39.1772161995,36.562361642,48.811276632,0.4343048732,39.1146757297,59.4681720005,55.7425259049,HIGH_PRODUCTION,0,0,112.0472440945
2024-01-20 21:00:00,RIG_ANOMALIES,21,20,5,36.8726740701,37.8922418227,46.5335589193,0.6108774662,39.6918014275,60.3632125904,50.9032599522,HIGH_PRODUCTION,0,0,112.0935618342
2024-01-20 22:00:00,RIG_ANOMALIES,22,20,5,36.8726740701,43.2796760366,48.1142486636,0.5076567708,40.6551512225,62.1455533539,57.3699973807,STANDBY,0,0,112.1398795739
2024-01-20 23:00:00,RIG_ANOMALIES,23,20,5,36.8726740701,51.6654684193,51.9044517585,0.5731935757000001,43.1137209706,68.7382239655,63.1477047741,STANDBY,0,0,112.1861973136
2024-01-21 00:00:00,RIG_ANOMALIES,0,21,6,38.2644650435,35.8473131005,42.3609701164,0.5014679366,39.7190564646,56.8341848616,43.1429668578,STANDBY,0,0,112.2325150533
2024-01-21 01:00:00,RIG_ANOMALIES,1,21,6,38.2644650435,50.2133443899,51.5468351116,0.5928548375,41.8101410312,62.7673246169,58.064101444,STANDBY,0,0,112.278832793
2024-01-21 02:00:00,RIG_ANOMALIES,2,21,6,38.2644650435,53.790389391,52.8338044125,0.5361957811,42.5364221112,70.8546063955,54.9922167135,STANDBY,0,0,112.3251505327
2024-01-21 03:00:00,RIG_ANOMALIES,3,21,6,38.2644650435,50.1460302628,53.0718048118,0.5639093614,41.876267806,66.6683161575,59.5996750076,STANDBY,0,0,112.3714682723
2024-01-21 04:00:00,RIG_ANOMALIES,4,21,6,40.6559941088,48.7263752936,56.6867304618,0.4714601411,42.2151025674,66.7213110675,60.8993486052,STANDBY,0,0,112.417786012
2024-01-21 05:00:00,RIG_ANOMALIES,5,21,6,48.7310717994,54.9418037508,60.9240190805,0.5588876645,43.7824557628,65.7787015788,63.072979016,STANDBY,0,0,112.4641037517
2024-01-21 06:00:00,RIG_ANOMALIES,6,21,6,57.3966975653,52.7364094935,63.54311371,0.5040183533,38.6467208729,67.4462469799,72.207413153,HIGH_PRODUCTION,0,0,112.5104214914
2024-01-21 07:00:00,RIG_ANOMALIES,7,21,6,66.0623233312,73.9500178494,75.685715898,0.6880769871,49.9162987441,77.339976167,80.4934414029,HIGH_PRODUCTION,0,0,112.5567392311
2024-01-21 08:00:00,RIG_ANOMALIES,8,21,6,74.1374010218,82.8311631386,86.2508415388,0.7113424985,51.406480518,74.3487020075,93.7423476227,HIGH_PRODUCTION,0,0,112.6030569708
2024-01-21 09:00:00,RIG_ANOMALIES,9,21,6,81.0716274372,88.7970774676,93.3504096924,0.6282205566,50.1932230037,75.1942593323,100.0565736317,HIGH_PRODUCTION,0,0,112.6493747105
2024-01-21 10:00:00,RIG_ANOMALIES,10,21,6,86.3924465065,83.4198451595,85.8570518225,0.6806260571,48.4281380323,75.9776752892,85.8469526778,HIGH_PRODUCTION,0,0,112.6956924502
2024-01-21 11:00:00,RIG_ANOMALIES,11,21,6,89.7372532031,99.3141473487,95.0,0.6611774448000001,54.4626906179,79.6585098921,103.4094868559,HIGH_PRODUCTION,0,0,112.7420101899
2024-01-21 12:00:00,RIG_ANOMALIES,12,21,6,90.8781044784,100.7866999699,95.0,0.6844957931,51.7039496029,75.8927951306,99.9473049357,HIGH_PRODUCTION,0,0,112.7883279296
2024-01-21 13:00:00,RIG_ANOMALIES,13,21,6,89.7372532031,97.8450207291,95.0,0.6188570862,52.8399287553,77.4243580936,101.7817430652,HIGH_PRODUCTION,0,0,112.8346456693
2024-01-21 14:00:00,RIG_ANOMALIES,14,21,6,86.3924465065,94.0720073437,92.4435728075,0.5672479398,53.6226064849,80.5131454234,99.320257701,HIGH_PRODUCTION,0,0,112.880963409
2024-01-21 15:00:00,RIG_ANOMALIES,15,21,6,81.0716274372,81.4372755333,85.4450239505,0.6559895668,47.2916264285,77.9066113263,93.5383838949,HIGH_PRODUCTION,0,0,112.9272811487
2024-01-21 16:00:00,RIG_ANOMALIES,16,21,6,74.1374010218,82.0192940457,86.0255279308,0.6226828157000001,51.5201572776,74.8850037327,89.9252069612,HIGH_PRODUCTION,0,0,112.9735988884
2024-01-21 17:00:00,RIG_ANOMALIES,17,21,6,66.0623233312,65.4993268083,70.4689927301,0.5633938365,44.6001783487,74.2293989418,78.9760856704,HIGH_PRODUCTION,0,0,113.0199166281
2024-01-21 18:00:00,RIG_ANOMALIES,18,21,6,57.3966975653,67.6774315876,70.7516730791,0.5813056863,45.8117606409,70.2386959984,70.4993906926,HIGH_PRODUCTION,0,0,113.0662343678
2024-01-21 19:00:00,RIG_ANOMALIES,19,21,6,48.7310717994,58.7269961639,64.1746224087,0.5336955109,46.8007901139,63.6028977203,69.7422840139,HIGH_PRODUCTION,0,0,113.1125521075
2024-01-21 20:00:00,RIG_ANOMALIES,20,21,6,40.6559941088,44.3792572316,53.3299374511,0.5308802221,42.7396898872,66.969111155,53.5607465843,HIGH_PRODUCTION,0,0,113.1588698472
2024-01-21 21:00:00,RIG_ANOMALIES,21,21,6,38.2644650435,40.6736834071,44.984287712,0.4454932231,42.8016875888,62.2794259826,45.698352297,HIGH_PRODUCTION,0,0,113.2051875868
2024-01-21 22:00:00,RIG_ANOMALIES,22,21,6,38.2644650435,41.4626987399,49.8244902184,0.5185778732,39.2849584467,63.7926679928,58.4718643264,STANDBY,0,0,113.2515053265
2024-01-21 23:00:00,RIG_ANOMALIES,23,21,6,38.2644650435,44.963808233,50.5562082614,0.5347373879,39.9387087934,59.4639300709,59.800175929,STANDBY,0,0,113.2978230662
2024-01-22 00:00:00,RIG_ANOMALIES,0,22,0,40.0,55.9158714595,53.7171571128,0.5642774712,44.0568855273,66.7032269435,53.0299923319,STANDBY,0,0,113.3441408059
2024-01-22 01:00:00,RIG_ANOMALIES,1,22,0,40.0,46.8761443495,52.2489944459,0.49958034630000003,42.0962882038,64.4427488437,56.271747145,STANDBY,0,0,113.3904585456
2024-01-22 02:00:00,RIG_ANOMALIES,2,22,0,40.0,58.1559172172,59.1135827043,0.5658977578000001,50.5256961141,67.0566756781,64.2491240688,STANDBY,0,0,113.4367762853
2024-01-22 03:00:00,RIG_ANOMALIES,3,22,0,40.0,46.9945199852,51.8876012661,0.5383897255,43.3429416911,66.3477667557,57.2477978678,STANDBY,0,0,113.483094025
2024-01-22 04:00:00,RIG_ANOMALIES,4,22,0,42.5,50.7872663135,56.2105663812,0.5588028841,43.86197801,66.5636589693,54.2314574028,STANDBY,0,0,113.5294117647
2024-01-22 05:00:00,RIG_ANOMALIES,5,22,0,50.9413334214,59.2147102906,62.8756601528,0.5984699479000001,41.2963517403,63.8579327222,69.230723824,STANDBY,0,0,113.5757295044
2024-01-22 06:00:00,RIG_ANOMALIES,6,22,0,60.0,62.0173421821,63.1340580373,0.502113816,49.8353677933,68.8941440604,75.1537988937,HIGH_PRODUCTION,0,0,113.6220472441
2024-01-22 07:00:00,RIG_ANOMALIES,7,22,0,69.0586665786,69.4148814663,72.4540140625,0.6178851387000001,45.9685296948,66.3998646443,74.9476170276,HIGH_PRODUCTION,0,0,113.6683649838
2024-01-22 08:00:00,RIG_ANOMALIES,8,22,0,77.5,88.4846599464,86.7363661784,0.6228262135,50.6584326437,78.1306245897,90.8090774678,HIGH_PRODUCTION,0,0,113.7146827235
2024-01-22 09:00:00,RIG_ANOMALIES,9,22,0,84.7487373415,89.7673067909,90.2512994046,0.6767821843,52.7184389525,74.8584332031,96.0658309504,HIGH_PRODUCTION,0,0,113.7610004632
2024-01-22 10:00:00,RIG_ANOMALIES,10,22,0,90.3108891325,98.2055021054,94.5524615993,0.7042075951,53.8582140452,79.1131548003,95.7189873039,HIGH_PRODUCTION,0,0,113.8073182029
2024-01-22 11:00:00,RIG_ANOMALIES,11,22,0,93.8074039201,97.9014349059,95.0,0.6796629378,55.2572451482,80.1906284323,95.6215672454,HIGH_PRODUCTION,0,0,113.8536359426
2024-01-22 12:00:00,RIG_ANOMALIES,12,22,0,95.0,103.42469357,95.0,0.6730013738,58.1928294597,85.0284907079,99.0557996356,HIGH_PRODUCTION,0,0,113.8999536823
2024-01-22 13:00:00,RIG_ANOMALIES,13,22,0,93.8074039201,97.95038818,95.0,0.6268535176000001,52.168311687,79.2814867057,102.1715502624,HIGH_PRODUCTION,0,0,113.946271422
2024-01-22 14:00:00,RIG_ANOMALIES,14,22,0,90.3108891325,101.6228011696,95.0,0.6749924248,57.167290639,81.7974703228,100.649513758,HIGH_PRODUCTION,0,0,113.9925891616
2024-01-22 15:00:00,RIG_ANOMALIES,15,22,0,84.7487373415,88.4202916458,87.3990340149,0.60247618,50.551186409,76.4552937842,94.2380122721,HIGH_PRODUCTION,0,0,114.0389069013
2024-01-22 16:00:00,RIG_ANOMALIES,16,22,0,77.5,88.9097448752,87.4504425169,0.6304952898,54.3745840274,77.3653774686,90.882633555,HIGH_PRODUCTION,0,0,114.085224641
2024-01-22 17:00:00,RIG_ANOMALIES,17,22,0,69.0586665786,77.5745986023,75.9707932424,0.5365007305,52.4112699514,75.7714444073,81.7072256301,HIGH_PRODUCTION,0,0,114.1315423807
2024-01-22 18:00:00,RIG_ANOMALIES,18,22,0,60.0,55.7905268841,61.2788496562,0.5301080877000001,46.5987213155,66.7051990047,61.5176683814,HIGH_PRODUCTION,0,0,114.1778601204
2024-01-22 19:00:00,RIG_ANOMALIES,19,22,0,50.9413334214,54.4578263781,64.8412484776,0.532316643,44.6193016517,69.0667901625,67.3813359368,HIGH_PRODUCTION,0,0,114.2241778601
2024-01-22 20:00:00,RIG_ANOMALIES,20,22,0,42.5,44.8272864232,51.1650888154,0.4973779071,46.6303554707,64.1917263525,52.695516222,HIGH_PRODUCTION,0,0,114.2704955998
2024-01-22 21:00:00,RIG_ANOMALIES,21,22,0,40.0,44.6414900918,48.9759688757,0.48667979400000005,40.5932167219,60.240683687,54.1667518385,HIGH_PRODUCTION,0,0,114.3168133395
2024-01-22 22:00:00,RIG_ANOMALIES,22,22,0,40.0,48.5235583578,53.7417192663,0.6101149789,41.1418839302,68.938489465,60.1592981091,STANDBY,0,0,114.3631310792
2024-01-22 23:00:00,RIG_ANOMALIES,23,22,0,40.0,46.0767511682,52.8632646606,0.577369486,41.9339293501,65.573761273,60.2431937033,STANDBY,0,0,114.4094488189
2024-01-23 00:00:00,RIG_ANOMALIES,0,23,1,38.2644650435,42.2377797101,44.9148455555,0.47129185840000004,38.4292633405,56.9328408212,51.1656702298,STANDBY,0,0,114.4557665586
2024-01-23 01:00:00,RIG_ANOMALIES,1,23,1,38.2644650435,45.780336918,48.2777462537,0.5138172909000001,40.9576345656,62.945087414,54.85308477,STANDBY,0,0,114.5020842983
2024-01-23 02:00:00,RIG_ANOMALIES,2,23,1,38.2644650435,40.2808004858,49.6386265038,0.6135042064,37.2159698865,69.0327018876,55.741581237,STANDBY,0,0,114.548402038
2024-01-23 03:00:00,RIG_ANOMALIES,3,23,1,38.2644650435,38.6707468584,46.0116758624,0.4532250546,37.8961451856,63.7982832908,53.5297941671,STANDBY,0,0,114.5947197777
2024-01-23 04:00:00,RIG_ANOMALIES,4,23,1,40.6559941088,45.4110066976,52.1153085135,0.5661920570000001,45.37487896,66.1178444565,57.4369766649,STANDBY,0,0,114.6410375174
2024-01-23 05:00:00,RIG_ANOMALIES,5,23,1,48.7310717994,57.2007631087,64.426262575,0.5530872006,41.3000659937,70.450356829,68.3326670724,STANDBY,0,0,114.6873552571
2024-01-23 06:00:00,RIG_ANOMALIES,6,23,1,57.3966975653,62.8688360882,66.5445073951,0.567285938,44.8872074494,64.4500187802,70.1609627454,HIGH_PRODUCTION,0,0,114.7336729968
2024-01-23 07:00:00,RIG_ANOMALIES,7,23,1,66.0623233312,73.0928378147,76.1387579643,0.5902935763,46.8195343629,68.643098529,83.1587977303,HIGH_PRODUCTION,0,0,114.7799907365
2024-01-23 08:00:00,RIG_ANOMALIES,8,23,1,74.1374010218,86.062800877,86.6128516311,0.7135916433,51.3784262359,75.3377895183,91.5098868071,HIGH_PRODUCTION,0,0,114.8263084761
2024-01-23 09:00:00,RIG_ANOMALIES,9,23,1,81.0716274372,89.7038668728,85.1879114967,0.6345803542,52.0238482905,77.2219099847,90.3335643191,HIGH_PRODUCTION,0,0,114.8726262158
2024-01-23 10:00:00,RIG_ANOMALIES,10,23,1,86.3924465065,93.3772050908,93.9563346354,0.7466863769000001,54.3213616329,77.2766125689,97.6452045433,HIGH_PRODUCTION,0,0,114.9189439555
2024-01-23 11:00:00,RIG_ANOMALIES,11,23,1,89.7372532031,102.5809808724,95.0,0.7431707553,55.0700778667,82.8399760617,96.6069935239,HIGH_PRODUCTION,0,0,114.9652616952
2024-01-23 12:00:00,RIG_ANOMALIES,12,23,1,90.8781044784,95.2873179928,95.0,0.6323585533,54.9698711942,80.6743183307,99.5853877903,HIGH_PRODUCTION,0,0,115.0115794349
2024-01-23 13:00:00,RIG_ANOMALIES,13,23,1,89.7372532031,94.2600069556,92.5280903869,0.6508988418,51.5593324809,82.1059551244,98.5716873226,HIGH_PRODUCTION,0,0,115.0578971746
2024-01-23 14:00:00,RIG_ANOMALIES,14,23,1,86.3924465065,94.8361781845,94.641377812,0.6840905928000001,54.5787161047,84.9008488013,101.2621477771,HIGH_PRODUCTION,0,0,115.1042149143
2024-01-23 15:00:00,RIG_ANOMALIES,15,23,1,81.0716274372,83.17958622,83.9361480396,0.6065070799,53.2316241482,70.7236475672,89.1380760842,HIGH_PRODUCTION,0,0,115.150532654
2024-01-23 16:00:00,RIG_ANOMALIES,16,23,1,74.1374010218,80.9695263479,81.8278388656,0.6904454891,48.1252461769,75.929582216,83.9861173824,HIGH_PRODUCTION,0,0,115.1968503937
2024-01-23 17:00:00,RIG_ANOMALIES,17,23,1,66.0623233312,66.5695096537,71.5934619852,0.6170330898,46.5116683118,70.4531966989,72.9981746377,HIGH_PRODUCTION,0,0,115.2431681334
2024-01-23 18:00:00,RIG_ANOMALIES,18,23,1,57.3966975653,70.7575818502,74.2284225708,0.6018394225,49.0067085938,72.7758643124,75.0417119746,HIGH_PRODUCTION,0,0,115.2894858731
2024-01-23 19:00:00,RIG_ANOMALIES,19,23,1,48.7310717994,52.954536203,58.1732101696,0.6293307638,46.9829763592,63.6822140206,54.9755369252,HIGH_PRODUCTION,0,0,115.3358036128
2024-01-23 20:00:00,RIG_ANOMALIES,20,23,1,40.6559941088,54.5585966221,58.6926185356,0.5477551270000001,45.4698957396,68.1606609645,63.0373646315,HIGH_PRODUCTION,0,0,115.3821213525
2024-01-23 21:00:00,RIG_ANOMALIES,21,23,1,38.2644650435,35.8791154591,45.2281519308,0.5553688789,39.691018956,60.3273652592,49.1767466109,HIGH_PRODUCTION,0,0,115.4284390922
2024-01-23 22:00:00,RIG_ANOMALIES,22,23,1,38.2644650435,42.3206129731,51.7008813539,0.4931562651,40.6798251297,62.7335207818,56.9691824309,STANDBY,0,0,115.4747568319
2024-01-23 23:00:00,RIG_ANOMALIES,23,23,1,38.2644650435,46.3209331028,50.1993079122,0.5115179389,43.7499198144,58.5144104584,58.5762226889,STANDBY,0,0,115.5210745716
2024-01-24 00:00:00,RIG_ANOMALIES,0,24,2,36.8726740701,48.1964917192,51.3012738648,0.5755614583,38.7148288637,61.8678964042,54.6861674338,STANDBY,0,0,115.5673923113
2024-01-24 01:00:00,RIG_ANOMALIES,1,24,2,36.8726740701,49.6969263047,52.7623480987,0.5227051218000001,42.8796179733,58.9632032942,50.2571135574,STANDBY,0,0,115.6137100509
2024-01-24 02:00:00,RIG_ANOMALIES,2,24,2,36.8726740701,47.1574643973,53.5756016685,0.5215042309,41.2012855397,67.6266017932,53.7744959398,STANDBY,0,0,115.6600277906
2024-01-24 03:00:00,RIG_ANOMALIES,3,24,2,36.8726740701,36.5137072706,48.4023757255,0.5436731498,41.9659969464,58.2102235462,51.7174127719,STANDBY,0,0,115.7063455303
2024-01-24 04:00:00,RIG_ANOMALIES,4,24,2,39.1772161995,41.8321682066,51.2673304443,0.5599062889,43.1572653037,63.634861162199996,57.3230894109,STANDBY,0,0,115.75266327
2024-01-24 05:00:00,RIG_ANOMALIES,5,24,2,46.9585795986,51.3792442728,58.5512880339,0.5578056409000001,47.9314294366,68.7554799568,62.9477465139,STANDBY,0,0,115.7989810097
2024-01-24 06:00:00,RIG_ANOMALIES,6,24,2,55.3090111052,70.5400777661,73.3002619775,0.5442953137000001,43.7574643257,70.7954187953,81.5557557262,HIGH_PRODUCTION,0,0,115.8452987494
2024-01-24 07:00:00,RIG_ANOMALIES,7,24,2,63.6594426117,67.5524793965,72.5530047809,0.6574740642,46.3802283273,68.4040775063,82.0018950708,HIGH_PRODUCTION,0,0,115.8916164891
2024-01-24 08:00:00,RIG_ANOMALIES,8,24,2,71.4408060109,75.155047469,78.3010230885,0.5588704606,46.629119031,70.9485705733,77.6335953229,HIGH_PRODUCTION,0,0,115.9379342288
2024-01-24 09:00:00,RIG_ANOMALIES,9,24,2,78.1228142462,85.280113934,87.3164819855,0.7588323594,48.6375692699,76.9203765276,94.0336759108,HIGH_PRODUCTION,0,0,115.9842519685
2024-01-24 10:00:00,RIG_ANOMALIES,10,24,2,83.2500994991,90.4649440592,91.5207938928,0.7465275856,53.2560692159,75.0193892991,97.9496357323,HIGH_PRODUCTION,0,0,116.0305697082
2024-01-24 11:00:00,RIG_ANOMALIES,11,24,2,86.4732457528,89.3061826048,90.0755039938,0.7514548263,55.1771028866,76.7007546126,94.9950656935,HIGH_PRODUCTION,0,0,116.0768874479
2024-01-24 12:00:00,RIG_ANOMALIES,12,24,2,87.5726009166,92.6950038166,94.9503628655,0.6721757661000001,54.2510127307,79.6444938102,100.223477845,HIGH_PRODUCTION,0,0,116.1232051876
2024-01-24 13:00:00,RIG_ANOMALIES,13,24,2,86.4732457528,98.2826572557,95.0,0.7493774576000001,54.9630104336,74.32590654,97.2452312601,HIGH_PRODUCTION,0,0,116.1695229273
2024-01-24 14:00:00,RIG_ANOMALIES,14,24,2,83.2500994991,101.6636239496,95.0,0.808440138,55.1017327036,75.2236658761,102.2094178618,HIGH_PRODUCTION,0,0,116.215840667
2024-01-24 15:00:00,RIG_ANOMALIES,15,24,2,78.1228142462,88.8524035368,87.7717376775,0.7075188048000001,51.3330125505,76.2867366666,90.7556849109,HIGH_PRODUCTION,0,0,116.2621584067
2024-01-24 16:00:00,RIG_ANOMALIES,16,24,2,71.4408060109,79.0971791218,83.649098073,0.6440445513,49.4904604625,72.153258326,87.5151708109,HIGH_PRODUCTION,0,0,116.3084761464
2024-01-24 17:00:00,RIG_ANOMALIES,17,24,2,63.6594426117,75.3401257992,75.6708024611,0.6321263349,51.0851238159,69.9601866408,84.8475449308,HIGH_PRODUCTION,0,0,116.3547938861
2024-01-24 18:00:00,RIG_ANOMALIES,18,24,2,55.3090111052,68.3821932034,73.8854037661,0.6409611567,47.8965885063,71.5036413341,82.0060249022,HIGH_PRODUCTION,0,0,116.4011116258
2024-01-24 19:00:00,RIG_ANOMALIES,19,24,2,46.9585795986,46.6773566402,53.7907804215,0.5041142547,46.1215858264,62.8519732006,54.4057790066,HIGH_PRODUCTION,0,0,116.4474293654
2024-01-24 20:00:00,RIG_ANOMALIES,20,24,2,39.1772161995,42.7282072951,52.4320937507,0.5426501185,42.4109237278,60.2851712804,53.2795810351,HIGH_PRODUCTION,0,0,116.4937471051
2024-01-24 21:00:00,RIG_ANOMALIES,21,24,2,36.8726740701,37.4492390414,50.3309979555,0.4555854049,43.2596216007,59.4848254873,55.9657090618,HIGH_PRODUCTION,0,0,116.5400648448
2024-01-24 22:00:00,RIG_ANOMALIES,22,24,2,36.8726740701,37.5526373946,44.4877346213,0.43280200080000003,42.9735159294,63.5477678069,48.7871557635,STANDBY,0,0,116.5863825845
2024-01-24 23:00:00,RIG_ANOMALIES,23,24,2,36.8726740701,35.6560694477,44.4619646743,0.5004972528,40.4178267665,64.7011705498,55.4948647834,STANDBY,0,0,116.6327003242
2024-01-25 00:00:00,RIG_ANOMALIES,0,25,3,36.1002883513,40.4761346742,47.8657736872,0.5170430243,39.9447071431,62.6904784309,50.7289300166,STANDBY,0,0,116.6790180639
2024-01-25 01:00:00,RIG_ANOMALIES,1,25,3,36.1002883513,43.4902389863,48.5729661375,0.5627261828,40.4951247392,62.8081279541,51.6790277004,STANDBY,0,0,116.7253358036
2024-01-25 02:00:00,RIG_ANOMALIES,2,25,3,36.1002883513,47.6011411386,50.1451952058,0.5389785573,41.4364407928,64.8060386625,60.3822319592,STANDBY,0,0,116.7716535433
2024-01-25 03:00:00,RIG_ANOMALIES,3,25,3,36.1002883513,43.9549505682,50.048047759,0.5044260997,39.7064341919,60.4788666325,50.2891540317,STANDBY,0,0,116.817971283
2024-01-25 04:00:00,RIG_ANOMALIES,4,25,3,38.3565563732,45.7022698489,51.1487271018,0.5389848766,43.7768086784,64.0247401189,57.3205890433,STANDBY,0,0,116.8642890227
2024-01-25 05:00:00,RIG_ANOMALIES,5,25,3,45.9749206378,54.3286985385,58.1285411002,0.5981245999,44.8201561568,66.1362383862,67.779756283,STANDBY,0,0,116.9106067624
2024-01-25 06:00:00,RIG_ANOMALIES,6,25,3,54.1504325269,57.3881712947,65.8452967958,0.5838811229,47.822242417300004,65.8717428578,69.9354567121,HIGH_PRODUCTION,0,0,116.9569245021
2024-01-25 07:00:00,RIG_ANOMALIES,7,25,3,62.325944416,70.4208531039,78.5022324212,0.560545223,48.1796422235,72.0070097164,79.0347453398,HIGH_PRODUCTION,0,0,117.0032422418
2024-01-25 08:00:00,RIG_ANOMALIES,8,25,3,69.9443086806,80.4076569235,84.3843907821,0.6298767554,52.7852801829,77.9037036352,88.648562307,HIGH_PRODUCTION,0,0,117.0495599815
2024-01-25 09:00:00,RIG_ANOMALIES,9,25,3,76.4863463859,84.5665425457,82.8206840163,0.6554595482000001,52.2498996573,81.243006951,94.0828875745,HIGH_PRODUCTION,0,0,117.0958777212
2024-01-25 10:00:00,RIG_ANOMALIES,10,25,3,81.5062284735,89.2284023535,87.9353872161,0.7081507337,51.7673610894,72.9651186279,90.7859216033,HIGH_PRODUCTION,0,0,117.1421954609
2024-01-25 11:00:00,RIG_ANOMALIES,11,25,3,84.661858275,95.9714380611,94.4231771658,0.7216626715000001,57.0154913259,76.056914308,99.3203477884,HIGH_PRODUCTION,0,0,117.1885132006
2024-01-25 12:00:00,RIG_ANOMALIES,12,25,3,85.7381848343,92.1587895628,94.1040695825,0.6748281821000001,52.4182870484,80.4553178754,97.7710919717,HIGH_PRODUCTION,0,0,117.2348309403
2024-01-25 13:00:00,RIG_ANOMALIES,13,25,3,84.661858275,90.8648756014,92.4270474668,0.7059786135,54.7993397257,77.3414653572,94.9356815385,HIGH_PRODUCTION,0,0,117.2811486799
2024-01-25 14:00:00,RIG_ANOMALIES,14,25,3,81.5062284735,90.4871756458,91.4589068691,0.7453529167,53.4554078244,76.4653952571,91.217560329,HIGH_PRODUCTION,0,0,117.3274664196
2024-01-25 15:00:00,RIG_ANOMALIES,15,25,3,76.4863463859,82.0016075257,82.8500593108,0.7109105967,53.0731497587,76.2089316621,91.5843208397,HIGH_PRODUCTION,0,0,117.3737841593
2024-01-25 16:00:00,RIG_ANOMALIES,16,25,3,69.9443086806,86.8671062871,86.1425422378,0.6263583612,52.6881366973,76.2312333551,98.7862047408,HIGH_PRODUCTION,0,0,117.420101899
2024-01-25 17:00:00,RIG_ANOMALIES,17,25,3,62.325944416,79.1210415164,80.3999967895,0.5950752888,49.8323584025,69.5628995543,88.4306556533,HIGH_PRODUCTION,0,0,117.4664196387
2024-01-25 18:00:00,RIG_ANOMALIES,18,25,3,54.1504325269,66.5561797136,68.1266133027,0.5772977201,48.240453236,66.5423561574,72.4626264794,HIGH_PRODUCTION,0,0,117.5127373784
2024-01-25 19:00:00,RIG_ANOMALIES,19,25,3,45.9749206378,47.9697112721,55.7605515465,0.4809753888,42.2145132157,64.5006001964,59.5054138237,HIGH_PRODUCTION,0,0,117.5590551181
2024-01-25 20:00:00,RIG_ANOMALIES,20,25,3,38.3565563732,49.7431034838,55.7946106914,0.5479119496,41.7136785658,70.065912843,63.1146317326,HIGH_PRODUCTION,0,0,117.6053728578
2024-01-25 21:00:00,RIG_ANOMALIES,21,25,3,36.1002883513,48.8220371022,58.2155997323,0.5501492975,42.3413264646,61.102306538,63.4831247227,HIGH_PRODUCTION,0,0,117.6516905975
2024-01-25 22:00:00,RIG_ANOMALIES,22,25,3,36.1002883513,37.9590141035,45.3660201918,0.5184249242,41.3892026373,59.8753551989,50.5128397223,STANDBY,0,0,117.6980083372
2024-01-25 23:00:00,RIG_ANOMALIES,23,25,3,36.1002883513,43.6940437791,46.7576972842,0.4726675488,40.5494234837,60.5837270711,50.0817432194,STANDBY,0,0,117.7443260769
2024-01-26 00:00:00,RIG_ANOMALIES,0,26,4,36.1002883513,47.9113073133,49.0815000032,0.5165185111,43.406667778,67.1171911715,52.1825743215,STANDBY,0,0,117.7906438166
2024-01-26 01:00:00,RIG_ANOMALIES,1,26,4,36.1002883513,46.8893184694,54.5703506627,0.6045187117,41.5982249181,65.5993507619,64.0956071941,STANDBY,0,0,117.8369615563
2024-01-26 02:00:00,RIG_ANOMALIES,2,26,4,36.1002883513,43.5487397921,49.6357943044,0.5350153867,37.871924294,63.779746965,57.6072376687,STANDBY,0,0,117.883279296
2024-01-26 03:00:00,RIG_ANOMALIES,3,26,4,36.1002883513,50.0272960211,57.7344225861,0.5437512905,41.5390541458,65.4194526734,53.7990369001,STANDBY,0,0,117.9295970357
2024-01-26 04:00:00,RIG_ANOMALIES,4,26,4,38.3565563732,52.0289870438,52.3661283471,0.5625226751,42.0452811324,64.9964625267,56.7154466002,STANDBY,0,0,117.9759147754
2024-01-26 05:00:00,RIG_ANOMALIES,5,26,4,45.9749206378,56.239816862,61.4732500858,0.5936063766,46.1203056767,70.3139961478,64.0824790988,STANDBY,0,0,118.0222325151
2024-01-26 06:00:00,RIG_ANOMALIES,6,26,4,54.1504325269,59.1475026348,68.9043469859,0.5384520603,44.7049198523,67.1252336093,77.6751493319,HIGH_PRODUCTION,0,0,118.0685502547
2024-01-26 07:00:00,RIG_ANOMALIES,7,26,4,62.325944416,76.2553466329,79.885510718,0.5830106403,49.3157846594,75.3470508825,85.3305214194,HIGH_PRODUCTION,0,0,118.1148679944
2024-01-26 08:00:00,RIG_ANOMALIES,8,26,4,69.9443086806,77.9573327458,80.8741353106,0.634647213,49.8286663539,75.2160148327,86.3496199025,HIGH_PRODUCTION,0,0,118.1611857341
2024-01-26 09:00:00,RIG_ANOMALIES,9,26,4,76.4863463859,84.7164257121,84.2655140139,0.5465540972,50.4818827842,71.4606947529,87.1473518629,HIGH_PRODUCTION,0,0,118.2075034738
2024-01-26 10:00:00,RIG_ANOMALIES,10,26,4,81.5062284735,82.8947603675,87.8779774668,0.5638918208,48.8334624076,78.1785123113,93.1194698878,HIGH_PRODUCTION,0,0,118.2538212135
2024-01-26 11:00:00,RIG_ANOMALIES,11,26,4,84.661858275,93.4606016959,95.0,0.6797308641,54.0516575329,79.5979977758,103.9727995794,HIGH_PRODUCTION,0,0,118.3001389532
2024-01-26 12:00:00,RIG_ANOMALIES,12,26,4,85.7381848343,99.6543368598,95.0,0.7367550318,54.2976437059,77.713681036,95.6701259383,HIGH_PRODUCTION,0,0,118.3464566929
2024-01-26 13:00:00,RIG_ANOMALIES,13,26,4,84.661858275,93.1399423951,94.4532439113,0.7267923093,51.5590037425,82.8549018053,101.8595757544,HIGH_PRODUCTION,0,0,118.3927744326
2024-01-26 14:00:00,RIG_ANOMALIES,14,26,4,81.5062284735,91.8433035492,87.8184241212,0.7352183411000001,52.2110662166,81.9998835104,95.2586904478,HIGH_PRODUCTION,0,0,118.4390921723
2024-01-26 15:00:00,RIG_ANOMALIES,15,26,4,76.4863463859,83.3946765534,85.0473194431,0.6201570275,48.5916905717,71.4457549964,89.82177336,HIGH_PRODUCTION,0,0,118.485409912
2024-01-26 16:00:00,RIG_ANOMALIES,16,26,4,69.9443086806,77.2618624502,81.4152182723,0.5453937525,49.618101799,72.322665129,82.4984791508,HIGH_PRODUCTION,0,0,118.5317276517
2024-01-26 17:00:00,RIG_ANOMALIES,17,26,4,62.325944416,68.1252099533,72.7729856624,0.5497673104,46.1729507733,67.1081051713,76.6015446989,HIGH_PRODUCTION,0,0,118.5780453914
2024-01-26 18:00:00,RIG_ANOMALIES,18,26,4,54.1504325269,57.2254463538,65.3332782804,0.6627683177,47.0220291554,67.2816368704,72.5965471057,HIGH_PRODUCTION,0,0,118.6243631311
2024-01-26 19:00:00,RIG_ANOMALIES,19,26,4,45.9749206378,57.0752203891,63.2306055945,0.636154868,46.2288506413,69.625009619,64.5150518861,HIGH_PRODUCTION,0,0,118.6706808708
2024-01-26 20:00:00,RIG_ANOMALIES,20,26,4,38.3565563732,44.8653604497,50.4683967428,0.6161648283,38.6462211828,59.2938638529,52.7026558788,HIGH_PRODUCTION,0,0,118.7169986105
2024-01-26 21:00:00,RIG_ANOMALIES,21,26,4,36.1002883513,43.2405087708,54.6127116996,0.5484729914,44.6278673619,64.5609726516,62.2458192857,HIGH_PRODUCTION,0,0,118.7633163502
2024-01-26 22:00:00,RIG_ANOMALIES,22,26,4,36.1002883513,40.0753081933,47.9710710285,0.5347714649,41.4071961016,65.2174630969,48.4987227903,STANDBY,0,0,118.8096340899
2024-01-26 23:00:00,RIG_ANOMALIES,23,26,4,36.1002883513,44.9085040943,47.0078764045,0.5886434754000001,40.6811884954,62.8021701089,53.5330749457,STANDBY,0,0,118.8559518296
2024-01-27 00:00:00,RIG_ANOMALIES,0,27,5,36.8726740701,45.6335339717,48.0192918527,0.5647807497,42.7911122225,60.7973561213,55.3906362326,STANDBY,0,0,118.9022695692
2024-01-27 01:00:00,RIG_ANOMALIES,1,27,5,36.8726740701,39.3110678387,44.8361614578,0.49313501930000003,39.7419200711,65.4997161043,55.0953284808,STANDBY,0,0,118.9485873089
2024-01-27 02:00:00,RIG_ANOMALIES,2,27,5,36.8726740701,41.1588343006,47.8865138183,0.5096875363,42.3681530822,61.3375609267,54.3981498136,STANDBY,0,0,118.9949050486
2024-01-27 03:00:00,RIG_ANOMALIES,3,27,5,36.8726740701,50.5908473836,54.9051166682,0.4788420699,40.3118071778,67.6923883029,57.5672326016,STANDBY,0,0,119.0412227883
2024-01-27 04:00:00,RIG_ANOMALIES,4,27,5,39.1772161995,51.6403702016,52.3636987607,0.5645769978,44.5597672891,65.1274055739,54.098984035,STANDBY,0,0,119.087540528
2024-01-27 05:00:00,RIG_ANOMALIES,5,27,5,46.9585795986,51.883312636,61.2958588965,0.5620601051,41.0987187892,65.3501365102,64.6254572231,STANDBY,0,0,119.1338582677
2024-01-27 06:00:00,RIG_ANOMALIES,6,27,5,55.3090111052,68.3631174791,76.2724064397,0.4707734142,52.7408459904,67.6098154334,78.8242156241,HIGH_PRODUCTION,0,0,119.1801760074
2024-01-27 07:00:00,RIG_ANOMALIES,7,27,5,63.6594426117,67.1060010694,72.5037344838,0.6634871358000001,48.5525596062,67.9077543282,76.4122021637,HIGH_PRODUCTION,0,0,119.2264937471
2024-01-27 08:00:00,RIG_ANOMALIES,8,27,5,71.4408060109,86.7782218451,83.1275207161,0.7008334157,53.0676697872,76.2544036431,88.9113975167,HIGH_PRODUCTION,0,0,119.2728114868
2024-01-27 09:00:00,RIG_ANOMALIES,9,27,5,78.1228142462,104.2283661959,95.0,0.8165579367,55.1613725776,82.4119573716,101.4357810401,HIGH_PRODUCTION,0,0,119.3191292265
2024-01-27 10:00:00,RIG_ANOMALIES,10,27,5,83.2500994991,87.9926585641,89.7487997415,0.6292964438,52.5948242631,77.05575649,97.7216756473,HIGH_PRODUCTION,0,0,119.3654469662
2024-01-27 11:00:00,RIG_ANOMALIES,11,27,5,86.4732457528,95.1926358852,91.8733035949,0.7280825581,51.1118947995,77.3549980484,95.4134309974,HIGH_PRODUCTION,0,0,119.4117647059
2024-01-27 12:00:00,RIG_ANOMALIES,12,27,5,87.5726009166,96.288440076,94.6121810055,0.6445038999,52.451668,85.1353471473,103.0025286959,HIGH_PRODUCTION,0,0,119.4580824456
2024-01-27 13:00:00,RIG_ANOMALIES,13,27,5,86.4732457528,97.9833918337,95.0,0.6711612140000001,54.9239879768,80.0162935049,98.5787269284,HIGH_PRODUCTION,0,0,119.5044001853
2024-01-27 14:00:00,RIG_ANOMALIES,14,27,5,83.2500994991,87.8915278789,91.804305443,0.7060683156,52.7929387022,78.4646210661,99.4650049521,HIGH_PRODUCTION,0,0,119.550717925
2024-01-27 15:00:00,RIG_ANOMALIES,15,27,5,78.1228142462,86.1968608321,87.4160145752,0.7243963833,54.1307408275,78.3636089836,90.8799330107,HIGH_PRODUCTION,0,0,119.5970356647
2024-01-27 16:00:00,RIG_ANOMALIES,16,27,5,71.4408060109,87.986832544,85.7246656851,0.6584702202,47.4127249215,73.7990042963,93.3574229194,HIGH_PRODUCTION,0,0,119.6433534044
2024-01-27 17:00:00,RIG_ANOMALIES,17,27,5,63.6594426117,69.9031943234,73.1470089968,0.5957313552,48.7330266972,75.9198223272,80.1595502326,HIGH_PRODUCTION,0,0,119.689671144
2024-01-27 18:00:00,RIG_ANOMALIES,18,27,5,55.3090111052,67.4053961758,69.3994976062,0.5796255824000001,47.8182721482,68.6038068012,72.4110450573,HIGH_PRODUCTION,0,0,119.7359888837
2024-01-27 19:00:00,RIG_ANOMALIES,19,27,5,46.9585795986,50.5232155145,56.7444360676,0.6587128120000001,41.6426338541,61.0279474839,60.7968559258,HIGH_PRODUCTION,0,0,119.7823066234
2024-01-27 20:00:00,RIG_ANOMALIES,20,27,5,39.1772161995,51.5494515252,55.5442244997,0.5845177363,45.7317789489,61.7252513068,59.6654399528,HIGH_PRODUCTION,0,0,119.8286243631
2024-01-27 21:00:00,RIG_ANOMALIES,21,27,5,36.8726740701,52.7219722573,55.9457435032,0.6300476828,41.8903266233,62.7504843596,61.446358055,HIGH_PRODUCTION,0,0,119.8749421028
2024-01-27 22:00:00,RIG_ANOMALIES,22,27,5,36.8726740701,45.5826566549,52.0990145437,0.5611558876,43.1282920251,61.248793826,62.4833747635,STANDBY,0,0,119.9212598425
2024-01-27 23:00:00,RIG_ANOMALIES,23,27,5,36.8726740701,47.8531848982,52.0869072421,0.5005370256,42.389799841,64.6775860309,58.631381579,STANDBY,0,0,119.9675775822
2024-01-28 00:00:00,RIG_ANOMALIES,0,28,6,38.2644650435,51.5188214071,55.6868823445,0.5550103739,42.8325064096,68.2608125774,65.2458789167,STANDBY,0,0,120.0138953219
2024-01-28 01:00:00,RIG_ANOMALIES,1,28,6,38.2644650435,42.3213299096,48.4402911371,0.58099083,41.2407781946,61.8029870689,48.5564881311,STANDBY,0,0,120.0602130616
2024-01-28 02:00:00,RIG_ANOMALIES,2,28,6,38.2644650435,41.9493052657,49.9913802649,0.6058465501,40.4810985006,62.47168609,51.8149028007,STANDBY,0,0,120.1065308013
2024-01-28 03:00:00,RIG_ANOMALIES,3,28,6,38.2644650435,41.8806308173,54.1349393546,0.5242063778,39.7264640939,65.8285994212,63.6127205357,STANDBY,0,0,120.152848541
2024-01-28 04:00:00,RIG_ANOMALIES,4,28,6,40.6559941088,52.9705812394,58.7749467472,0.5743992968,43.4806158927,64.6505878743,65.8994810858,STANDBY,0,0,120.1991662807
2024-01-28 05:00:00,RIG_ANOMALIES,5,28,6,48.7310717994,66.3196287288,68.3149338386,0.5812511454,47.9123252431,71.0362988518,72.9094875245,STANDBY,0,0,120.2454840204
2024-01-28 06:00:00,RIG_ANOMALIES,6,28,6,57.3966975653,63.2187107132,66.265624446,0.6084786575000001,46.7818730554,71.1668127395,73.8472619803,HIGH_PRODUCTION,0,0,120.2918017601
2024-01-28 07:00:00,RIG_ANOMALIES,7,28,6,66.0623233312,74.7218179467,78.7348363553,0.5943127966,47.1449287704,76.0401660122,85.1877644099,HIGH_PRODUCTION,0,0,120.3381194998
2024-01-28 08:00:00,RIG_ANOMALIES,8,28,6,74.1374010218,82.64313625610001,82.2143963873,0.6307646691000001,49.2428485798,72.6503284041,87.5249254003,HIGH_PRODUCTION,0,0,120.3844372395
2024-01-28 09:00:00,RIG_ANOMALIES,9,28,6,81.0716274372,84.7833032672,84.6492799335,0.7485093580000001,54.089823319,78.6701080528,90.5883965812,HIGH_PRODUCTION,0,0,120.4307549792
2024-01-28 10:00:00,RIG_ANOMALIES,10,28,6,86.3924465065,86.9752139011,84.0074988491,0.6927700137,53.385811255,76.0516459502,88.9772751249,HIGH_PRODUCTION,0,0,120.4770727189
2024-01-28 11:00:00,RIG_ANOMALIES,11,28,6,89.7372532031,106.408182241,95.0,0.8019823268,57.5270391557,76.9492083503,96.5022396279,HIGH_PRODUCTION,0,0,120.5233904585
2024-01-28 12:00:00,RIG_ANOMALIES,12,28,6,90.8781044784,103.1297311621,95.0,0.7301790979,55.4551115353,79.0053638147,102.3021669224,HIGH_PRODUCTION,0,0,120.5697081982
2024-01-28 13:00:00,RIG_ANOMALIES,13,28,6,89.7372532031,96.6348448361,94.8968583306,0.7124546369,53.4419189334,76.2682193794,105.4590228952,HIGH_PRODUCTION,0,0,120.6160259379
2024-01-28 14:00:00,RIG_ANOMALIES,14,28,6,86.3924465065,98.2123656426,95.0,0.7329459908,56.6946629397,79.1435542074,97.3371614639,HIGH_PRODUCTION,0,0,120.6623436776
2024-01-28 15:00:00,RIG_ANOMALIES,15,28,6,81.0716274372,91.7157511165,87.8495387302,0.6481601841,53.1787688024,78.1306737389,96.0964305923,HIGH_PRODUCTION,0,0,120.7086614173
2024-01-28 16:00:00,RIG_ANOMALIES,16,28,6,74.1374010218,84.5721834931,86.2676393087,0.6960778407,49.895603705,77.7403906417,91.7155057627,HIGH_PRODUCTION,0,0,120.754979157
2024-01-28 17:00:00,RIG_ANOMALIES,17,28,6,66.0623233312,78.5042365072,78.4891676491,0.7030650287,52.2076625493,75.8895493309,82.0078811325,HIGH_PRODUCTION,0,0,120.8012968967
2024-01-28 18:00:00,RIG_ANOMALIES,18,28,6,57.3966975653,63.9163570486,66.7713453587,0.6223762604,43.839616278,69.2719237973,73.2320787909,HIGH_PRODUCTION,0,0,120.8476146364
2024-01-28 19:00:00,RIG_ANOMALIES,19,28,6,48.7310717994,45.9449969582,57.6466775912,0.6592294936,40.860271259,57.5951708702,59.8977578387,HIGH_PRODUCTION,0,0,120.8939323761
2024-01-28 20:00:00,RIG_ANOMALIES,20,28,6,40.6559941088,46.3150286873,52.1961769325,0.5939867342,39.4039852414,61.2739335201,59.1822051634,HIGH_PRODUCTION,0,0,120.9402501158
2024-01-28 21:00:00,RIG_ANOMALIES,21,28,6,38.2644650435,44.9551019904,53.1112812868,0.6265261435,43.1166232778,64.9294104047,57.4404333197,HIGH_PRODUCTION,0,0,120.9865678555
2024-01-28 22:00:00,RIG_ANOMALIES,22,28,6,38.2644650435,46.9135530672,51.4686986241,0.6011238546000001,42.2856770683,62.9007900558,63.91103045,STANDBY,0,0,121.0328855952
2024-01-28 23:00:00,RIG_ANOMALIES,23,28,6,38.2644650435,42.5314188579,44.5894318578,0.4677935184,39.5120436397,59.7317133496,49.2381513665,STANDBY,0,0,121.0792033349
2024-01-29 00:00:00,RIG_ANOMALIES,0,29,0,40.0,56.0411381862,55.40678689,0.5323529187,43.4473502443,60.9854680833,57.8787637645,STANDBY,0,0,121.1255210746
2024-01-29 01:00:00,RIG_ANOMALIES,1,29,0,40.0,50.28352839,52.2869958393,0.5762184985000001,41.6164874517,65.969573845,57.4010824487,STANDBY,0,0,121.1718388143
2024-01-29 02:00:00,RIG_ANOMALIES,2,29,0,40.0,34.21033603,46.5265751876,0.5838787712,40.6668777683,60.5941536849,49.8474510291,STANDBY,0,0,121.218156554
2024-01-29 03:00:00,RIG_ANOMALIES,3,29,0,40.0,56.6763394194,56.5966714319,0.5895937673,47.834044065,69.8051778614,54.0036481971,STANDBY,0,0,121.2644742937
2024-01-29 04:00:00,RIG_ANOMALIES,4,29,0,42.5,57.0877123762,60.4377045576,0.5172419529,47.3615177279,71.5391288934,64.0780861611,STANDBY,0,0,121.3107920333
2024-01-29 05:00:00,RIG_ANOMALIES,5,29,0,50.9413334214,57.432148421,64.8432746299,0.5584000095,44.3234213982,64.2692551832,69.7768109972,STANDBY,0,0,121.357109773
2024-01-29 06:00:00,RIG_ANOMALIES,6,29,0,60.0,64.5020896966,68.3519103468,0.6661574428,46.7615921416,72.9949554256,72.948594938,HIGH_PRODUCTION,0,0,121.4034275127
2024-01-29 07:00:00,RIG_ANOMALIES,7,29,0,69.0586665786,81.2160723383,81.3729371319,0.5422272562,49.6476982648,69.392358208,87.4883085331,HIGH_PRODUCTION,0,0,121.4497452524
2024-01-29 08:00:00,RIG_ANOMALIES,8,29,0,77.5,80.8814841104,82.3521637051,0.6210086239,48.9233072145,75.9723966802,90.3766898013,HIGH_PRODUCTION,0,0,121.4960629921
2024-01-29 09:00:00,RIG_ANOMALIES,9,29,0,84.7487373415,94.8217857942,92.8140441064,0.7010483134000001,54.8071816176,82.7887314664,100.5768439063,HIGH_PRODUCTION,0,0,121.5423807318
2024-01-29 10:00:00,RIG_ANOMALIES,10,29,0,90.3108891325,94.6926017066,95.0,0.7208354423000001,53.2015409818,75.1518355014,98.98732944220001,HIGH_PRODUCTION,0,0,121.5886984715
2024-01-29 11:00:00,RIG_ANOMALIES,11,29,0,93.8074039201,108.9299803745,95.0,0.7216177867,57.7096765238,84.1063727952,101.9250119094,HIGH_PRODUCTION,0,0,121.6350162112
2024-01-29 12:00:00,RIG_ANOMALIES,12,29,0,95.0,102.7507702752,95.0,0.8148949629000001,54.4505197093,78.8606241355,98.5095975547,HIGH_PRODUCTION,0,0,121.6813339509
2024-01-29 13:00:00,RIG_ANOMALIES,13,29,0,93.8074039201,103.4468553366,95.0,0.7404850380000001,53.6869200699,79.2804894251,98.4214852968,HIGH_PRODUCTION,0,0,121.7276516906
2024-01-29 14:00:00,RIG_ANOMALIES,14,29,0,90.3108891325,98.3595058118,95.0,0.6368128999,52.7762607144,82.0591039175,99.9797454658,HIGH_PRODUCTION,0,0,121.7739694303
2024-01-29 15:00:00,RIG_ANOMALIES,15,29,0,84.7487373415,99.4864571542,93.8854155422,0.7561076287,51.4933811128,80.1235235133,99.4547415733,HIGH_PRODUCTION,0,0,121.82028717
2024-01-29 16:00:00,RIG_ANOMALIES,16,29,0,77.5,89.9385150388,87.2805477256,0.6824415883,50.8106261139,73.379954148,92.2582856633,HIGH_PRODUCTION,0,0,121.8666049097
2024-01-29 17:00:00,RIG_ANOMALIES,17,29,0,69.0586665786,81.7165720534,78.581576098,0.6430318447000001,51.5796724745,76.3621326102,84.9624465208,HIGH_PRODUCTION,0,0,121.9129226494
2024-01-29 18:00:00,RIG_ANOMALIES,18,29,0,60.0,71.6056402914,75.163528155,0.608359749,46.5854726052,73.5934817443,81.7397053529,HIGH_PRODUCTION,0,0,121.9592403891
2024-01-29 19:00:00,RIG_ANOMALIES,19,29,0,50.9413334214,57.1020039068,66.386983456,0.5676865872,42.4823250053,69.7728737768,68.0998301097,HIGH_PRODUCTION,0,0,122.0055581288
2024-01-29 20:00:00,RIG_ANOMALIES,20,29,0,42.5,60.0095434408,61.991178597,0.6752514882,41.6612901086,66.1529323262,65.5584254588,HIGH_PRODUCTION,0,0,122.0518758685
2024-01-29 21:00:00,RIG_ANOMALIES,21,29,0,40.0,50.9944444372,56.6012736257,0.5671663483,43.9405786125,61.3449689271,61.6355520329,HIGH_PRODUCTION,0,0,122.0981936082
2024-01-29 22:00:00,RIG_ANOMALIES,22,29,0,40.0,48.1741575203,49.078708923,0.5606916545,45.5371231902,64.4093554084,54.5368555949,STANDBY,0,0,122.1445113478
2024-01-29 23:00:00,RIG_ANOMALIES,23,29,0,40.0,48.8422076516,51.4817368878,0.5071736956,44.5360704885,61.9186614653,56.7925368739,STANDBY,0,0,122.1908290875
2024-01-30 00:00:00,RIG_ANOMALIES,0,30,1,38.2644650435,34.4356771004,42.3758906499,0.6077852726,41.4050804816,62.9468734026,51.7166957376,STANDBY,0,0,122.2371468272
2024-01-30 01:00:00,RIG_ANOMALIES,1,30,1,38.2644650435,42.2524217265,45.7043296979,0.6409536836,40.7148227478,64.2113000642,44.5227932429,STANDBY,0,0,122.2834645669
2024-01-30 02:00:00,RIG_ANOMALIES,2,30,1,38.2644650435,44.7036303928,49.6326153112,0.5218836798,38.402456324,64.0767969367,54.6388092751,STANDBY,0,0,122.3297823066
2024-01-30 03:00:00,RIG_ANOMALIES,3,30,1,38.2644650435,49.9401639992,52.2719127905,0.5976272968,43.629987859,69.4521633091,61.0374701172,STANDBY,0,0,122.3761000463
2024-01-30 04:00:00,RIG_ANOMALIES,4,30,1,40.6559941088,46.7080879306,51.6379011079,0.5840531234,41.6674409196,64.5289563148,56.6024936968,STANDBY,0,0,122.422417786
2024-01-30 05:00:00,RIG_ANOMALIES,5,30,1,48.7310717994,62.6012692936,68.2317035514,0.6249405757000001,46.4074034933,73.1013981866,78.4316754705,STANDBY,0,0,122.4687355257
2024-01-30 06:00:00,RIG_ANOMALIES,6,30,1,57.3966975653,72.5583848177,70.280679225,0.6352026042000001,46.6702572677,76.5445740702,77.1012180792,HIGH_PRODUCTION,0,0,122.5150532654
2024-01-30 07:00:00,RIG_ANOMALIES,7,30,1,66.0623233312,77.3564318642,76.9270886717,0.6532226391,50.0466717575,74.578909549,81.7337065481,HIGH_PRODUCTION,0,0,122.5613710051
2024-01-30 08:00:00,RIG_ANOMALIES,8,30,1,74.1374010218,82.6545635246,80.1650399775,0.6871807484,47.9701648342,76.0185138393,87.4873191469,HIGH_PRODUCTION,0,0,122.6076887448
2024-01-30 09:00:00,RIG_ANOMALIES,9,30,1,81.0716274372,96.4105175988,92.4502096746,0.7464389006000001,53.1786202984,79.4831609251,100.8646604325,HIGH_PRODUCTION,0,0,122.6540064845
2024-01-30 10:00:00,RIG_ANOMALIES,10,30,1,86.3924465065,102.8798275513,95.0,0.7189607209000001,54.7855228078,79.6107931643,99.0875522706,HIGH_PRODUCTION,0,0,122.7003242242
2024-01-30 11:00:00,RIG_ANOMALIES,11,30,1,89.7372532031,96.4097225739,91.8046786026,0.7910705662,54.1025204822,76.5418764952,98.0128333744,HIGH_PRODUCTION,0,0,122.7466419639
2024-01-30 12:00:00,RIG_ANOMALIES,12,30,1,90.8781044784,96.1907836928,94.5202751851,0.800743273,53.3730251343,80.1115476218,95.8845587706,HIGH_PRODUCTION,0,0,122.7929597036
2024-01-30 13:00:00,RIG_ANOMALIES,13,30,1,89.7372532031,92.5896631649,93.4719184982,0.7474008457,51.2639260672,83.0524927088,93.8669616241,HIGH_PRODUCTION,0,0,122.8392774433
2024-01-30 14:00:00,RIG_ANOMALIES,14,30,1,86.3924465065,93.8062265893,91.2420410762,0.6768539688,52.5753739086,77.7523568568,97.5405074101,HIGH_PRODUCTION,0,0,122.885595183
2024-01-30 15:00:00,RIG_ANOMALIES,15,30,1,81.0716274372,88.9743355765,89.5817414653,0.7485541924,55.7123942412,79.0572462375,94.8241243923,HIGH_PRODUCTION,0,0,122.9319129226
2024-01-30 16:00:00,RIG_ANOMALIES,16,30,1,74.1374010218,88.5283083462,87.1154254922,0.6808534692,49.8940856766,80.8707040449,96.885493009,HIGH_PRODUCTION,0,0,122.9782306623
2024-01-30 17:00:00,RIG_ANOMALIES,17,30,1,66.0623233312,76.9637693946,81.9640229007,0.5717760769,48.2049932133,72.9203254938,84.9628306825,HIGH_PRODUCTION,0,0,123.024548402
2024-01-30 18:00:00,RIG_ANOMALIES,18,30,1,57.3966975653,75.3043919531,75.0608427854,0.6901185409,47.9930459417,70.863309169,78.4175394859,HIGH_PRODUCTION,0,0,123.0708661417
2024-01-30 19:00:00,RIG_ANOMALIES,19,30,1,48.7310717994,54.1704399176,60.6370674769,0.6627453931,47.8737160851,67.5237018104,62.4250420746,HIGH_PRODUCTION,0,0,123.1171838814
2024-01-30 20:00:00,RIG_ANOMALIES,20,30,1,40.6559941088,44.4339350434,53.6591480131,0.5103814494,40.8937590022,65.2260527337,59.7237694105,HIGH_PRODUCTION,0,0,123.1635016211
2024-01-30 21:00:00,RIG_ANOMALIES,21,30,1,38.2644650435,57.0825042289,59.175804409,0.5627793654000001,47.3528995853,73.2595506935,66.422973552,HIGH_PRODUCTION,0,0,123.2098193608
2024-01-30 22:00:00,RIG_ANOMALIES,22,30,1,38.2644650435,48.3812446255,51.6836427013,0.6356682571000001,41.0482177597,65.635150501,58.8787017591,STANDBY,0,0,123.2561371005
2024-01-30 23:00:00,RIG_ANOMALIES,23,30,1,38.2644650435,50.1725764144,53.4338662481,0.5541334259,41.450261351,60.3822942533,61.6551651772,STANDBY,0,0,123.3024548402
2024-01-31 00:00:00,RIG_ANOMALIES,0,31,2,36.8726740701,48.789453842,49.7548706876,0.6431729327,44.4890383302,60.3028679722,49.7928189002,STANDBY,0,0,123.3487725799
2024-01-31 01:00:00,RIG_ANOMALIES,1,31,2,36.8726740701,43.6584616213,47.7371945684,0.5224064121,36.4670925845,64.3258604209,57.2818757958,STANDBY,0,0,123.3950903196
2024-01-31 02:00:00,RIG_ANOMALIES,2,31,2,36.8726740701,47.6913666819,52.9950992731,0.5495562382,39.9809601377,66.0418714996,53.6091265689,STANDBY,0,0,123.4414080593
2024-01-31 03:00:00,RIG_ANOMALIES,3,31,2,36.8726740701,43.6158030997,51.9815451571,0.6009901999999999,42.803769372,71.5475985756,49.6800629148,STANDBY,0,0,123.487725799
2024-01-31 04:00:00,RIG_ANOMALIES,4,31,2,39.1772161995,45.9856563969,60.0458884763,0.49620960960000005,43.3210841007,61.6601880708,66.8876895076,STANDBY,0,0,123.5340435387
2024-01-31 05:00:00,RIG_ANOMALIES,5,31,2,46.9585795986,56.9965463954,61.936739814,0.6525761704,43.1162940652,67.7741271339,70.3084207141,STANDBY,0,0,123.5803612784
2024-01-31 06:00:00,RIG_ANOMALIES,6,31,2,55.3090111052,70.3439938664,73.99963322400001,0.6603684116,50.0076646625,65.8750774818,78.6186523983,HIGH_PRODUCTION,0,0,123.6266790181
2024-01-31 07:00:00,RIG_ANOMALIES,7,31,2,63.6594426117,77.7153948451,78.3014356197,0.7316882554,51.1608492118,72.597882776,81.393295465,HIGH_PRODUCTION,0,0,123.67299675780001
2024-01-31 08:00:00,RIG_ANOMALIES,8,31,2,71.4408060109,80.2061106663,76.8421146336,0.5948399161,54.6043228054,78.8632088506,81.7934874665,HIGH_PRODUCTION,0,0,123.7193144975
2024-01-31 09:00:00,RIG_ANOMALIES,9,31,2,78.1228142462,84.5794948675,84.6195253895,0.7664924430000001,53.8324056557,76.4770477507,84.9495334698,HIGH_PRODUCTION,0,0,123.7656322371
2024-01-31 10:00:00,RIG_ANOMALIES,10,31,2,83.2500994991,92.7214586859,90.4367764402,0.7675920917,52.3860127085,70.1572410344,96.5155880925,HIGH_PRODUCTION,0,0,123.8119499768
2024-01-31 11:00:00,RIG_ANOMALIES,11,31,2,86.4732457528,93.5137285657,94.5095813001,0.7109036938000001,54.47335156,73.7063786726,96.8309911244,HIGH_PRODUCTION,0,0,123.8582677165
2024-01-31 12:00:00,RIG_ANOMALIES,12,31,2,87.5726009166,96.1000194121,95.0,0.7944203761,50.977598606,79.7677181807,101.8382833393,HIGH_PRODUCTION,0,0,123.9045854562
2024-01-31 13:00:00,RIG_ANOMALIES,13,31,2,86.4732457528,101.0030021398,95.0,0.6482866540000001,55.822612711,79.2568177401,99.8694264533,HIGH_PRODUCTION,0,0,123.9509031959
2024-01-31 14:00:00,RIG_ANOMALIES,14,31,2,83.2500994991,89.1433786165,87.3983082079,0.6847734564,49.3056881353,76.074409571,95.8257514881,HIGH_PRODUCTION,0,0,123.9972209356
2024-01-31 15:00:00,RIG_ANOMALIES,15,31,2,78.1228142462,87.6315981048,90.8060124298,0.6413858587,50.2571481465,72.4935128078,97.505606971,HIGH_PRODUCTION,0,0,124.0435386753
2024-01-31 16:00:00,RIG_ANOMALIES,16,31,2,71.4408060109,87.2082812127,82.9095133772,0.7459615068000001,57.1640055176,79.1546299399,88.7301921356,HIGH_PRODUCTION,0,0,124.089856415
2024-01-31 17:00:00,RIG_ANOMALIES,17,31,2,63.6594426117,63.1058459411,71.3258461797,0.5606075959,47.3533913425,70.2555135256,73.5132646337,HIGH_PRODUCTION,0,0,124.1361741547
2024-01-31 18:00:00,RIG_ANOMALIES,18,31,2,55.3090111052,61.951150487,65.2397634078,0.6795259370000001,44.0709303983,74.2420546875,71.2764196408,HIGH_PRODUCTION,0,0,124.1824918944
2024-01-31 19:00:00,RIG_ANOMALIES,19,31,2,46.9585795986,56.0703861137,60.3513431453,0.6776007544,44.1226814454,67.0523071053,64.0102520982,HIGH_PRODUCTION,0,0,124.2288096341
2024-01-31 20:00:00,RIG_ANOMALIES,20,31,2,39.1772161995,45.9337186773,50.5947646867,0.5518204496,38.3351754369,56.1194283614,51.4331852251,HIGH_PRODUCTION,0,0,124.2751273738
2024-01-31 21:00:00,RIG_ANOMALIES,21,31,2,36.8726740701,42.8209262545,52.025971869,0.6185478026,38.6391288497,57.416225718,56.6596795918,HIGH_PRODUCTION,0,0,124.3214451135
2024-01-31 22:00:00,RIG_ANOMALIES,22,31,2,36.8726740701,43.6484210588,50.5392464647,0.5686161437,38.5819993947,67.4881006252,52.2396035601,STANDBY,0,0,124.3677628532
2024-01-31 23:00:00,RIG_ANOMALIES,23,31,2,36.8726740701,50.2804569535,50.1697625733,0.5915407133,37.5067348748,67.5507090863,56.9858681618,STANDBY,0,0,124.4140805929
2024-02-01 00:00:00,RIG_ANOMALIES,0,1,3,36.1002883513,40.9678326107,48.0902532687,0.5763366979,40.5348000381,63.386927874,50.0387098003,STANDBY,0,0,124.4603983326
2024-02-01 01:00:00,RIG_ANOMALIES,1,1,3,36.1002883513,52.1803380884,56.2519165853,0.5935107214,44.3570849991,67.7039232269,57.3822947968,STANDBY,0,0,124.5067160723
2024-02-01 02:00:00,RIG_ANOMALIES,2,1,3,36.1002883513,46.5416334359,49.6549732254,0.6061863847,45.2710456109,63.3461419692,56.2592284826,STANDBY,0,0,124.5530338119
2024-02-01 03:00:00,RIG_ANOMALIES,3,1,3,36.1002883513,41.5165315207,49.2707494188,0.5501008351000001,40.4679022295,63.3742494862,46.8853614573,STANDBY,0,0,124.5993515516
2024-02-01 04:00:00,RIG_ANOMALIES,4,1,3,38.3565563732,46.078065819,53.2764872935,0.6055790221,39.2369089436,61.2366919547,53.5176994647,STANDBY,0,0,124.6456692913
2024-02-01 05:00:00,RIG_ANOMALIES,5,1,3,45.9749206378,60.9065616006,68.5952931522,0.5967498028,45.6473181418,65.9527081654,73.5346509987,STANDBY,0,0,124.691987031
2024-02-01 06:00:00,RIG_ANOMALIES,6,1,3,54.1504325269,70.6163615794,67.2249024604,0.6319854013,45.6725523137,71.7781615157,68.2743487927,HIGH_PRODUCTION,0,0,124.7383047707
2024-02-01 07:00:00,RIG_ANOMALIES,7,1,3,62.325944416,74.3900032195,76.2057555434,0.7184208702,46.007684941,69.6293611729,84.5304881412,HIGH_PRODUCTION,0,0,124.7846225104
2024-02-01 08:00:00,RIG_ANOMALIES,8,1,3,69.9443086806,78.2402391754,78.7242417254,0.7698504832,51.8116144393,78.0940837835,82.3615282841,HIGH_PRODUCTION,0,0,124.8309402501
2024-02-01 09:00:00,RIG_ANOMALIES,9,1,3,76.4863463859,85.7183301492,87.6233843436,0.7306767882,52.7471496197,71.0182903195,96.4378201092,HIGH_PRODUCTION,0,0,124.8772579898
2024-02-01 10:00:00,RIG_ANOMALIES,10,1,3,81.5062284735,94.5069647237,94.8833962971,0.709721786,51.0010504514,86.082793351,98.0887899573,HIGH_PRODUCTION,0,0,124.9235757295
2024-02-01 11:00:00,RIG_ANOMALIES,11,1,3,84.661858275,93.1985934921,89.278724626,0.7203924905,55.6669522766,80.3558466161,92.429290137,HIGH_PRODUCTION,0,0,124.9698934692
2024-02-01 12:00:00,RIG_ANOMALIES,12,1,3,85.7381848343,91.2836000075,90.6214270858,0.7305798196000001,52.1195862532,73.9673833326,89.7008338593,HIGH_PRODUCTION,0,0,125.0162112089
2024-02-01 13:00:00,RIG_ANOMALIES,13,1,3,84.661858275,92.5280603115,92.7382108931,0.7558147615,53.3115492041,76.0921558099,104.4997570255,HIGH_PRODUCTION,0,0,125.0625289486
2024-02-01 14:00:00,RIG_ANOMALIES,14,1,3,81.5062284735,104.0104101496,95.0,0.7856992425,58.6896131624,84.6594753183,101.4554498583,HIGH_PRODUCTION,0,0,125.1088466883
2024-02-01 15:00:00,RIG_ANOMALIES,15,1,3,76.4863463859,87.4332387317,88.4036632922,0.6857206501,57.3437989585,79.2697888046,89.5605096738,HIGH_PRODUCTION,0,0,125.155164428
2024-02-01 16:00:00,RIG_ANOMALIES,16,1,3,69.9443086806,70.5762664383,78.216743649,0.7260396343000001,48.7415658635,70.8685729494,80.7250126168,HIGH_PRODUCTION,0,0,125.2014821677
2024-02-01 17:00:00,RIG_ANOMALIES,17,1,3,62.325944416,70.7328827268,72.4341682004,0.6787896176,45.7804595038,71.7694130299,73.8819317659,HIGH_PRODUCTION,0,0,125.2477999074
2024-02-01 18:00:00,RIG_ANOMALIES,18,1,3,54.1504325269,69.3096994243,69.0985599789,0.7442473013,47.4329676422,71.1854524905,73.8982924816,HIGH_PRODUCTION,0,0,125.2941176471
2024-02-01 19:00:00,RIG_ANOMALIES,19,1,3,45.9749206378,56.4205280124,60.2141318285,0.6188436332,46.0288326832,65.7549350485,64.3650290866,HIGH_PRODUCTION,0,0,125.3404353868
2024-02-01 20:00:00,RIG_ANOMALIES,20,1,3,38.3565563732,44.4220576962,53.7525440721,0.6017258139,37.9885772207,61.7470494915,61.6721169728,HIGH_PRODUCTION,0,0,125.3867531264
2024-02-01 21:00:00,RIG_ANOMALIES,21,1,3,36.1002883513,56.2605404225,57.9613199452,0.5740756343,44.3702823636,64.7481504537,60.6200865647,HIGH_PRODUCTION,0,0,125.4330708661
2024-02-01 22:00:00,RIG_ANOMALIES,22,1,3,36.1002883513,47.5186390476,55.2942673197,0.5528857014,39.8990888918,65.2573782055,61.6573948121,STANDBY,0,0,125.4793886058
2024-02-01 23:00:00,RIG_ANOMALIES,23,1,3,36.1002883513,39.7062431952,45.5099983493,0.5525347214,39.7590573481,64.6732959889,48.4772828314,STANDBY,0,0,125.5257063455
2024-02-02 00:00:00,RIG_ANOMALIES,0,2,4,36.1002883513,46.3020453861,47.7588390827,0.6204889164,41.6544493964,63.37857546,51.5862171699,STANDBY,0,0,125.5720240852
2024-02-02 01:00:00,RIG_ANOMALIES,1,2,4,36.1002883513,57.6071138189,55.0977768072,0.5907529819,45.6469394893,70.9294013132,62.5872605291,STANDBY,0,0,125.6183418249
2024-02-02 02:00:00,RIG_ANOMALIES,2,2,4,36.1002883513,52.7235318028,55.5430528569,0.6620910271,43.4988432403,63.1520826824,60.2947058641,STANDBY,0,0,125.6646595646
2024-02-02 03:00:00,RIG_ANOMALIES,3,2,4,36.1002883513,54.8020744679,59.8488081906,0.6004036669,40.4048183699,69.6326194175,60.4739760978,STANDBY,0,0,125.7109773043
2024-02-02 04:00:00,RIG_ANOMALIES,4,2,4,38.3565563732,43.4914267066,49.9803934838,0.5836057358,43.1303878178,61.7679058711,54.4292801595,STANDBY,0,0,125.757295044
2024-02-02 05:00:00,RIG_ANOMALIES,5,2,4,45.9749206378,57.7446365532,60.2664555101,0.5919236882000001,42.964353679,65.8321982446,61.6335474044,STANDBY,0,0,125.8036127837
2024-02-02 06:00:00,RIG_ANOMALIES,6,2,4,54.1504325269,55.251220686799996,64.9780770752,0.6591287757000001,45.7786443114,66.985152252,71.5783569698,HIGH_PRODUCTION,0,0,125.8499305234
2024-02-02 07:00:00,RIG_ANOMALIES,7,2,4,62.325944416,63.8338699768,71.7761524444,0.6422486299,46.0945809402,71.4238206639,81.774222161,HIGH_PRODUCTION,0,0,125.8962482631
2024-02-02 08:00:00,RIG_ANOMALIES,8,2,4,69.9443086806,82.4242327781,84.3115935843,0.6833690736,52.4375117044,72.9721614174,92.5207975358,HIGH_PRODUCTION,0,0,125.9425660028
2024-02-02 09:00:00,RIG_ANOMALIES,9,2,4,76.4863463859,86.0905715194,85.2386408461,0.6560079663,54.647957418,74.1291013813,90.0961953069,HIGH_PRODUCTION,0,0,125.9888837425
2024-02-02 10:00:00,RIG_ANOMALIES,10,2,4,81.5062284735,90.4676709825,94.3444857082,0.6994392505,51.3514727829,80.9411397479,98.6771741208,HIGH_PRODUCTION,0,0,126.0352014822
2024-02-02 11:00:00,RIG_ANOMALIES,11,2,4,84.661858275,98.9522150672,95.0,0.7118367672,55.8510701991,83.6130763133,96.1488413805,HIGH_PRODUCTION,0,0,126.0815192219
2024-02-02 12:00:00,RIG_ANOMALIES,12,2,4,85.7381848343,94.0021338059,95.0,0.7706953916,57.2081118217,80.3230359203,99.8799243588,HIGH_PRODUCTION,0,0,126.1278369616
2024-02-02 13:00:00,RIG_ANOMALIES,13,2,4,84.661858275,88.8403725181,90.498680422,0.6905325695,51.1363887051,78.7124792402,97.3539590031,HIGH_PRODUCTION,0,0,126.1741547013
2024-02-02 14:00:00,RIG_ANOMALIES,14,2,4,81.5062284735,89.4243876121,91.5095579198,0.7942633121,49.9889175105,80.0229891121,97.8061460852,HIGH_PRODUCTION,0,0,126.2204724409
2024-02-02 15:00:00,RIG_ANOMALIES,15,2,4,76.4863463859,84.0689445197,89.8055968994,0.7152521893,50.5199425332,74.253670907,96.2378254938,HIGH_PRODUCTION,0,0,126.2667901806
2024-02-02 16:00:00,RIG_ANOMALIES,16,2,4,69.9443086806,91.6179425259,89.7972693454,0.7249952596,52.0128107417,77.8295681162,97.2443809953,HIGH_PRODUCTION,0,0,126.3131079203
2024-02-02 17:00:00,RIG_ANOMALIES,17,2,4,62.325944416,66.0314561303,68.7001668072,0.6250492160000001,43.7841450293,69.2889961161,76.6019814461,HIGH_PRODUCTION,0,0,126.35942566
2024-02-02 18:00:00,RIG_ANOMALIES,18,2,4,54.1504325269,65.6255563938,71.8154383975,0.6147144682,45.4591491962,72.9893747771,76.1015164688,HIGH_PRODUCTION,0,0,126.4057433997
2024-02-02 19:00:00,RIG_ANOMALIES,19,2,4,45.9749206378,42.3331585923,52.425908411500004,0.5786050342,42.3129070059,67.8060108754,56.1651112034,HIGH_PRODUCTION,0,0,126.4520611394
2024-02-02 20:00:00,RIG_ANOMALIES,20,2,4,38.3565563732,50.1381858062,55.9949768224,0.6434091859000001,42.4630182376,65.7238901684,61.8282333635,HIGH_PRODUCTION,0,0,126.4983788791
2024-02-02 21:00:00,RIG_ANOMALIES,21,2,4,36.1002883513,48.0584570074,51.9275031455,0.5773445194,41.1278371044,64.4825130289,60.210226848,HIGH_PRODUCTION,0,0,126.5446966188
2024-02-02 22:00:00,RIG_ANOMALIES,22,2,4,36.1002883513,46.9177437018,51.5107927445,0.6396649192,44.6811271103,64.8678432487,59.9085163789,STANDBY,0,0,126.5910143585
2024-02-02 23:00:00,RIG_ANOMALIES,23,2,4,36.1002883513,45.5005097533,43.6748808846,0.5432015883,40.8460288752,64.3889432661,49.9364408017,STANDBY,0,0,126.6373320982
2024-02-03 00:00:00,RIG_ANOMALIES,0,3,5,36.8726740701,52.3499621616,52.9443021545,0.5949669550000001,41.3468310749,65.1389265846,58.9688111312,STANDBY,0,0,126.6836498379
2024-02-03 01:00:00,RIG_ANOMALIES,1,3,5,36.8726740701,53.2476040352,51.7474323508,0.6171671666,41.945891022,65.8818294758,56.6414308907,STANDBY,0,0,126.7299675776
2024-02-03 02:00:00,RIG_ANOMALIES,2,3,5,36.8726740701,54.8241659444,56.5190119571,0.7081209899,46.376768727,73.3195473497,61.3284782752,STANDBY,0,0,126.7762853173
2024-02-03 03:00:00,RIG_ANOMALIES,3,3,5,36.8726740701,42.551319668,52.7534910264,0.5279627932000001,41.2242230242,65.5889238043,59.138318294,STANDBY,0,0,126.822603057
2024-02-03 04:00:00,RIG_ANOMALIES,4,3,5,39.1772161995,43.4617481581,53.4526274609,0.6357104234000001,40.7171200117,62.8960042412,53.3064562525,STANDBY,0,0,126.8689207967
2024-02-03 05:00:00,RIG_ANOMALIES,5,3,5,46.9585795986,61.7884968122,70.3246372008,0.6442762875,44.045039005,67.4868926709,76.1464654771,STANDBY,0,0,126.9152385364
2024-02-03 06:00:00,RIG_ANOMALIES,6,3,5,55.3090111052,70.187139152,72.9143568394,0.586514945,46.5835444741,67.5390264839,75.5879562861,HIGH_PRODUCTION,0,0,126.9615562761
2024-02-03 07:00:00,RIG_ANOMALIES,7,3,5,63.6594426117,61.0500574184,69.8030786761,0.6497096241,45.1572154915,63.6444565573,76.5110223812,HIGH_PRODUCTION,0,0,127.0078740157
2024-02-03 08:00:00,RIG_ANOMALIES,8,3,5,71.4408060109,82.014374079,83.2577031274,0.6754753862,48.40021538,77.4280404499,90.5635932661,HIGH_PRODUCTION,0,0,127.0541917554
2024-02-03 09:00:00,RIG_ANOMALIES,9,3,5,78.1228142462,86.8235379977,87.4013378609,0.7662416548000001,54.8516060605,78.1692786219,94.383178512,HIGH_PRODUCTION,0,0,127.1005094951
2024-02-03 10:00:00,RIG_ANOMALIES,10,3,5,83.2500994991,95.21312052,95.0,0.7644279736,51.4723437379,78.8666853575,104.9405816561,HIGH_PRODUCTION,0,0,127.1468272348
2024-02-03 11:00:00,RIG_ANOMALIES,11,3,5,86.4732457528,88.4004421795,91.7941701071,0.7321606972,52.3538399971,77.7102317535,91.2841898107,HIGH_PRODUCTION,0,0,127.1931449745
2024-02-03 12:00:00,RIG_ANOMALIES,12,3,5,87.5726009166,104.5364833338,95.0,0.8574080983,53.9847098299,79.6194265388,100.7440388754,HIGH_PRODUCTION,0,0,127.2394627142
2024-02-03 13:00:00,RIG_ANOMALIES,13,3,5,86.4732457528,107.6846172161,95.0,0.7847067587000001,57.7060242952,84.9406849237,100.3172625561,HIGH_PRODUCTION,0,0,127.2857804539
2024-02-03 14:00:00,RIG_ANOMALIES,14,3,5,83.2500994991,94.6677289108,92.2888924279,0.7218245771,57.1123560798,78.6010311005,99.702091846,HIGH_PRODUCTION,0,0,127.3320981936
2024-02-03 15:00:00,RIG_ANOMALIES,15,3,5,78.1228142462,74.3680818611,76.04307151,0.761207077,49.8882938685,69.0126221686,86.6423212888,HIGH_PRODUCTION,0,0,127.3784159333
2024-02-03 16:00:00,RIG_ANOMALIES,16,3,5,71.4408060109,79.2702206126,83.8907401985,0.7518921285,47.9766485221,79.2657014846,85.953215172,HIGH_PRODUCTION,0,0,127.424733673
2024-02-03 17:00:00,RIG_ANOMALIES,17,3,5,63.6594426117,70.9822292231,76.5210047128,0.6532818882,49.9957137651,70.8969949377,82.6871013732,HIGH_PRODUCTION,0,0,127.4710514127
2024-02-03 18:00:00,RIG_ANOMALIES,18,3,5,55.3090111052,71.1027323582,73.2311036577,0.6518051947,52.1513444978,67.6215520938,75.7588665399,HIGH_PRODUCTION,0,0,127.5173691524
2024-02-03 19:00:00,RIG_ANOMALIES,19,3,5,46.9585795986,60.0526321725,64.9557285241,0.6434455707,41.9247933143,66.5617658808,65.270115414,HIGH_PRODUCTION,0,0,127.5636868921
2024-02-03 20:00:00,RIG_ANOMALIES,20,3,5,39.1772161995,58.7081743171,62.495690263,0.6405862924,44.7325626473,71.7486540304,68.089849911,HIGH_PRODUCTION,0,0,127.6100046318
2024-02-03 21:00:00,RIG_ANOMALIES,21,3,5,36.8726740701,39.8019920654,49.851840460700004,0.5677919478,38.8808041186,53.9374076428,48.9193826294,HIGH_PRODUCTION,0,0,127.6563223715
2024-02-03 22:00:00,RIG_ANOMALIES,22,3,5,36.8726740701,43.8027655448,49.677195111,0.5378549507,42.9591088302,68.2317897237,55.1579087668,STANDBY,0,0,127.7026401112
2024-02-03 23:00:00,RIG_ANOMALIES,23,3,5,36.8726740701,50.4948619624,52.6320065697,0.5771915409,46.1819567973,70.3422625503,57.4093894712,STANDBY,0,0,127.7489578509
2024-02-04 00:00:00,RIG_ANOMALIES,0,4,6,38.2644650435,53.2564240876,53.8296125025,0.5652738542,43.2923816324,64.0019351186,54.2834138745,STANDBY,0,0,127.7952755906
2024-02-04 01:00:00,RIG_ANOMALIES,1,4,6,38.2644650435,43.9809793756,47.9848839794,0.5680222361,40.7422611381,64.0627779572,55.5087501195,STANDBY,0,0,127.8415933302
2024-02-04 02:00:00,RIG_ANOMALIES,2,4,6,38.2644650435,49.9850892728,56.4614619075,0.667950562,42.1627445794,66.7828861203,65.7357928727,STANDBY,0,0,127.8879110699
2024-02-04 03:00:00,RIG_ANOMALIES,3,4,6,38.2644650435,55.8078075598,57.6694715436,0.6166025354,43.8735324769,67.0445544542,60.7617806789,STANDBY,0,0,127.9342288096
2024-02-04 04:00:00,RIG_ANOMALIES,4,4,6,40.6559941088,45.3388001853,55.6884318196,0.4605679069,40.9424244171,66.1464599184,55.7203519215,STANDBY,0,0,127.9805465493
2024-02-04 05:00:00,RIG_ANOMALIES,5,4,6,48.7310717994,61.6567518411,61.8363107439,0.5585080575,44.0015585958,70.3662965233,65.7410076504,STANDBY,0,0,128.026864289
2024-02-04 06:00:00,RIG_ANOMALIES,6,4,6,57.3966975653,75.3859256574,74.5853336615,0.660856404,50.8058190954,73.0971662794,78.7165249479,HIGH_PRODUCTION,0,0,128.0731820287
2024-02-04 07:00:00,RIG_ANOMALIES,7,4,6,66.0623233312,86.6174245576,84.5885597057,0.6313610335000001,51.2462148054,75.9247777806,88.6825443069,HIGH_PRODUCTION,0,0,128.1194997684
2024-02-04 08:00:00,RIG_ANOMALIES,8,4,6,74.1374010218,82.3213357612,83.1301966035,0.7460065802,51.1822261853,76.1180441242,88.6215724032,HIGH_PRODUCTION,0,0,128.1658175081
2024-02-04 09:00:00,RIG_ANOMALIES,9,4,6,81.0716274372,92.0241648322,90.8918781722,0.7979459339,52.1941989469,77.0283331032,97.6448123247,HIGH_PRODUCTION,0,0,128.2121352478
2024-02-04 10:00:00,RIG_ANOMALIES,10,4,6,86.3924465065,99.0208551919,95.0,0.7832486309000001,55.209176596,80.5995142265,99.3763151191,HIGH_PRODUCTION,0,0,128.2584529875
2024-02-04 11:00:00,RIG_ANOMALIES,11,4,6,89.7372532031,111.676390348,95.0,0.7855406242,59.5495389888,78.8556711121,105.3839712734,HIGH_PRODUCTION,0,0,128.3047707272
2024-02-04 12:00:00,RIG_ANOMALIES,12,4,6,90.8781044784,105.0006616508,95.0,0.7626437547,57.1137656092,80.5178578959,99.6408617751,HIGH_PRODUCTION,0,0,128.3510884669
2024-02-04 13:00:00,RIG_ANOMALIES,13,4,6,89.7372532031,101.0821590352,95.0,0.7404933515000001,53.3271974537,79.422906728,100.8800067536,HIGH_PRODUCTION,0,0,128.3974062066
2024-02-04 14:00:00,RIG_ANOMALIES,14,4,6,86.3924465065,101.4030716829,95.0,0.7655184151000001,56.6363268171,80.2082401842,98.5789903426,HIGH_PRODUCTION,0,0,128.4437239463
2024-02-04 15:00:00,RIG_ANOMALIES,15,4,6,81.0716274372,93.1518123646,92.3960065429,0.8288322124,49.88901253,76.5261172899,101.2792655438,HIGH_PRODUCTION,0,0,128.490041686
2024-02-04 16:00:00,RIG_ANOMALIES,16,4,6,74.1374010218,80.649426804,81.6252962701,0.7291863533,48.5360543347,70.1504565331,92.2275492775,HIGH_PRODUCTION,0,0,128.5363594257
2024-02-04 17:00:00,RIG_ANOMALIES,17,4,6,66.0623233312,80.5413954919,80.351002737,0.6473933645000001,50.4287622598,69.2182133107,84.8954289711,HIGH_PRODUCTION,0,0,128.5826771654
2024-02-04 18:00:00,RIG_ANOMALIES,18,4,6,57.3966975653,76.89576087,78.3033082513,0.7306287289000001,48.785500586,71.0049533757,87.1657531862,HIGH_PRODUCTION,0,0,128.628994905
2024-02-04 19:00:00,RIG_ANOMALIES,19,4,6,48.7310717994,62.0437474472,68.2565996106,0.6993717987,44.9475139034,71.3383116728,66.1712085176,HIGH_PRODUCTION,0,0,128.6753126447
2024-02-04 20:00:00,RIG_ANOMALIES,20,4,6,40.6559941088,49.6440763001,55.9037466298,0.6191013605,42.9564472141,64.3725586773,58.0364180588,HIGH_PRODUCTION,0,0,128.7216303844
2024-02-04 21:00:00,RIG_ANOMALIES,21,4,6,38.2644650435,51.3356061117,55.4644876159,0.6108329305,40.5537952135,66.1037844553,60.7684697476,HIGH_PRODUCTION,0,0,128.7679481241
2024-02-04 22:00:00,RIG_ANOMALIES,22,4,6,38.2644650435,43.9860176985,49.6981998697,0.5952287112,43.1920282536,57.8651799639,56.7435086417,STANDBY,0,0,128.8142658638
2024-02-04 23:00:00,RIG_ANOMALIES,23,4,6,38.2644650435,57.9772916651,51.383276707,0.6680627964,47.0578204897,71.4455691428,52.6661524217,STANDBY,0,0,128.8605836035
2024-02-05 00:00:00,RIG_ANOMALIES,0,5,0,40.0,53.3594915735,55.162896407,0.6025167203,44.9213008356,63.6596680494,57.7403668622,STANDBY,0,0,128.9069013432
2024-02-05 01:00:00,RIG_ANOMALIES,1,5,0,40.0,53.0088907771,56.943976441,0.5406465082,42.7401897969,70.7177616929,55.930208026,STANDBY,0,0,128.9532190829
2024-02-05 02:00:00,RIG_ANOMALIES,2,5,0,40.0,51.7413904362,51.838561784,0.6172841225,44.047916768,67.9890304519,56.3045213092,STANDBY,0,0,128.9995368226
2024-02-05 03:00:00,RIG_ANOMALIES,3,5,0,40.0,59.5123516565,58.4625290997,0.6260140406,46.7393637628,68.2353222079,61.9757638383,STANDBY,0,0,129.0458545623
2024-02-05 04:00:00,RIG_ANOMALIES,4,5,0,42.5,48.397579177,54.2390628853,0.6188146968,42.1156491971,59.4475521561,56.6300848608,STANDBY,0,0,129.092172302
2024-02-05 05:00:00,RIG_ANOMALIES,5,5,0,50.9413334214,62.6623061898,69.0239379011,0.6279183872,44.7730978895,67.7235379801,76.1817318044,STANDBY,0,0,129.1384900417
2024-02-05 06:00:00,RIG_ANOMALIES,6,5,0,60.0,64.0812668019,70.3535357356,0.768768855,45.3332570126,68.4447337597,79.4678046154,HIGH_PRODUCTION,0,0,129.1848077814
2024-02-05 07:00:00,RIG_ANOMALIES,7,5,0,69.0586665786,86.6089642769,82.9797935099,0.7402706682,52.472975838,76.2358263027,85.9471501263,HIGH_PRODUCTION,0,0,129.2311255211
2024-02-05 08:00:00,RIG_ANOMALIES,8,5,0,77.5,90.3414492234,90.2401419231,0.6490708545,51.4068822759,75.2275727592,96.8201272923,HIGH_PRODUCTION,0,0,129.2774432608
2024-02-05 09:00:00,RIG_ANOMALIES,9,5,0,84.7487373415,93.5292540325,90.4891186535,0.7543102405000001,51.7485741557,75.9637056809,94.3566928252,HIGH_PRODUCTION,0,0,129.3237610005
2024-02-05 10:00:00,RIG_ANOMALIES,10,5,0,90.3108891325,100.5972855448,95.0,0.7980148746,53.8180831729,77.9375797506,103.5089738372,HIGH_PRODUCTION,0,0,129.3700787402
2024-02-05 11:00:00,RIG_ANOMALIES,11,5,0,93.8074039201,105.9724628395,95.0,0.812733385,54.1630690377,78.9796323167,98.1452437538,HIGH_PRODUCTION,0,0,129.4163964799
2024-02-05 12:00:00,RIG_ANOMALIES,12,5,0,95.0,109.6095323258,95.0,0.7767466789,57.3874118276,83.016097787,103.788941537,HIGH_PRODUCTION,0,0,129.4627142195
2024-02-05 13:00:00,RIG_ANOMALIES,13,5,0,93.8074039201,101.1170215297,95.0,0.799796304,54.2272297443,76.8662335481,94.4438065219,HIGH_PRODUCTION,0,0,129.5090319592
2024-02-05 14:00:00,RIG_ANOMALIES,14,5,0,90.3108891325,98.2804759033,91.6903149245,0.8011488994,54.2298994859,76.4405309204,95.1813436299,HIGH_PRODUCTION,0,0,129.5553496989
2024-02-05 15:00:00,RIG_ANOMALIES,15,5,0,84.7487373415,102.0558694308,95.0,0.8581369882000001,56.5077480704,84.4068114278,99.188901821,HIGH_PRODUCTION,0,0,129.6016674386
2024-02-05 16:00:00,RIG_ANOMALIES,16,5,0,77.5,82.0045384801,81.9748856183,0.8029946462,51.6234575057,72.4096456812,86.1059921095,HIGH_PRODUCTION,0,0,129.6479851783
2024-02-05 17:00:00,RIG_ANOMALIES,17,5,0,69.0586665786,86.5805940568,87.4239946096,0.7665775973000001,50.8349103103,76.1344474436,96.2919221231,HIGH_PRODUCTION,0,0,129.694302918
2024-02-05 18:00:00,RIG_ANOMALIES,18,5,0,60.0,74.424406764,73.949448043,0.7266340236000001,44.0024943374,76.9508799488,76.2211468937,HIGH_PRODUCTION,0,0,129.7406206577
2024-02-05 19:00:00,RIG_ANOMALIES,19,5,0,50.9413334214,61.6629288569,63.8951290534,0.6934942219,46.8274798272,71.166729464,65.5783542971,HIGH_PRODUCTION,0,0,129.7869383974
2024-02-05 20:00:00,RIG_ANOMALIES,20,5,0,42.5,55.0218054584,60.5721564672,0.5759165243000001,45.4940242343,69.2002417426,62.3705118949,HIGH_PRODUCTION,0,0,129.8332561371
2024-02-05 21:00:00,RIG_ANOMALIES,21,5,0,40.0,60.9289311696,59.6356622988,0.6390800452000001,45.3855303974,68.6172049931,63.7529316039,HIGH_PRODUCTION,0,0,129.8795738768
2024-02-05 22:00:00,RIG_ANOMALIES,22,5,0,40.0,48.1417194913,54.2124133876,0.6910506237,43.2741694264,64.3780883802,55.7777195852,STANDBY,0,0,129.9258916165
2024-02-05 23:00:00,RIG_ANOMALIES,23,5,0,40.0,46.6049523262,49.6316358848,0.574596819,41.7515214926,67.038938525,55.1282644652,STANDBY,0,0,129.9722093562
2024-02-06 00:00:00,RIG_ANOMALIES,0,6,1,38.2644650435,50.7545052267,52.8895126059,0.6092554528,45.4407926078,61.561774529,60.5240386077,STANDBY,0,0,130.0185270959
2024-02-06 01:00:00,RIG_ANOMALIES,1,6,1,38.2644650435,54.413750335,56.6232338468,0.6670858705,40.8079398168,65.1201138364,59.4064714545,STANDBY,0,0,130.0648448356
2024-02-06 02:00:00,RIG_ANOMALIES,2,6,1,38.2644650435,39.8088813066,51.3884360528,0.6392799262000001,38.9204992087,59.2462754152,54.90837021,STANDBY,0,0,130.1111625753
2024-02-06 03:00:00,RIG_ANOMALIES,3,6,1,38.2644650435,53.5079719821,55.7168958451,0.5532451947,41.1178080721,66.5119205056,62.7017417559,STANDBY,0,0,130.157480315
2024-02-06 04:00:00,RIG_ANOMALIES,4,6,1,40.6559941088,52.7245633733,55.3763574556,0.6121472775,41.9315075203,64.6392594643,66.8592535882,STANDBY,0,0,130.2037980547
2024-02-06 05:00:00,RIG_ANOMALIES,5,6,1,48.7310717994,55.6540117477,57.4749554091,0.5715975367,43.234340472,67.1688155247,60.0638909617,STANDBY,0,0,130.2501157943
2024-02-06 06:00:00,RIG_ANOMALIES,6,6,1,57.3966975653,70.230878749,71.0394854903,0.6344459239,44.7089566495,73.0120637381,78.2451866855,HIGH_PRODUCTION,0,0,130.296433534
2024-02-06 07:00:00,RIG_ANOMALIES,7,6,1,66.0623233312,80.2529668882,81.7624557267,0.6641189552,52.2434693287,77.2560769306,88.1676664662,HIGH_PRODUCTION,0,0,130.3427512737
2024-02-06 08:00:00,RIG_ANOMALIES,8,6,1,74.1374010218,91.8055254503,88.9211242999,0.7757584150000001,50.4798740193,78.7597692251,89.7855221564,HIGH_PRODUCTION,0,0,130.3890690134
2024-02-06 09:00:00,RIG_ANOMALIES,9,6,1,81.0716274372,90.3664551388,89.7852834393,0.5956297030000001,52.8104482153,77.4300636032,95.651462689,HIGH_PRODUCTION,0,0,130.4353867531
2024-02-06 10:00:00,RIG_ANOMALIES,10,6,1,86.3924465065,96.8217296717,92.0126964591,0.7485861251,53.6809882177,76.1677414401,98.9440660871,HIGH_PRODUCTION,0,0,130.4817044928
2024-02-06 11:00:00,RIG_ANOMALIES,11,6,1,89.7372532031,104.7155270184,95.0,0.8317616377,52.721152600799996,77.5025165435,93.1712589407,HIGH_PRODUCTION,0,0,130.5280222325
2024-02-06 12:00:00,RIG_ANOMALIES,12,6,1,90.8781044784,108.2114473345,95.0,0.8149187533000001,57.3126114907,83.6575448255,101.3044348366,HIGH_PRODUCTION,0,0,130.5743399722
2024-02-06 13:00:00,RIG_ANOMALIES,13,6,1,89.7372532031,95.3610518048,94.0409854363,0.7994564043,52.5801330214,75.4267951469,100.4542574818,HIGH_PRODUCTION,0,0,130.6206577119
2024-02-06 14:00:00,RIG_ANOMALIES,14,6,1,86.3924465065,86.4063424408,90.9157556708,0.7493147523,50.9276271361,80.6074792052,91.6865876406,HIGH_PRODUCTION,0,0,130.6669754516
2024-02-06 15:00:00,RIG_ANOMALIES,15,6,1,81.0716274372,96.1390188071,93.3701292146,0.7617545378,54.7338024707,79.9032605896,101.8334444817,HIGH_PRODUCTION,0,0,130.7132931913
2024-02-06 16:00:00,RIG_ANOMALIES,16,6,1,74.1374010218,82.9597079402,82.4609277229,0.6758581651000001,50.6789671133,73.3090852056,83.4582976733,HIGH_PRODUCTION,0,0,130.759610931
2024-02-06 17:00:00,RIG_ANOMALIES,17,6,1,66.0623233312,73.4943671585,75.6901891285,0.7114978929,48.4649781055,69.1031796518,87.3629939405,HIGH_PRODUCTION,0,0,130.8059286707
2024-02-06 18:00:00,RIG_ANOMALIES,18,6,1,57.3966975653,68.0142564331,72.3627337993,0.6093306049,49.3961068957,70.7906077913,71.9842236764,HIGH_PRODUCTION,0,0,130.8522464104
2024-02-06 19:00:00,RIG_ANOMALIES,19,6,1,48.7310717994,60.0610974199,62.3094455217,0.7243001098,46.2698691422,72.7852728186,62.5613551557,HIGH_PRODUCTION,0,0,130.8985641501
2024-02-06 20:00:00,RIG_ANOMALIES,20,6,1,40.6559941088,52.9876090821,57.6475357328,0.6300760957,45.0439363687,65.3406096874,66.4135180795,HIGH_PRODUCTION,0,0,130.9448818898
2024-02-06 21:00:00,RIG_ANOMALIES,21,6,1,38.2644650435,46.7620677445,49.1926928633,0.5934903624,38.9768404083,62.165712875,54.9453600861,HIGH_PRODUCTION,0,0,130.9911996295
2024-02-06 22:00:00,RIG_ANOMALIES,22,6,1,38.2644650435,45.9412263155,51.348692399,0.5159245418,38.4778511094,68.4648112124,56.9553561484,STANDBY,0,0,131.0375173692
2024-02-06 23:00:00,RIG_ANOMALIES,23,6,1,38.2644650435,53.9952198019,52.9427134339,0.6354273573,40.7072688794,65.4960567264,60.9950852248,STANDBY,0,0,131.0838351088
2024-02-07 00:00:00,RIG_ANOMALIES,0,7,2,36.8726740701,46.5003489452,49.3972269373,0.5617914622,40.938245395,58.4830631848,59.9603095486,STANDBY,0,0,131.1301528485
2024-02-07 01:00:00,RIG_ANOMALIES,1,7,2,36.8726740701,55.1578091594,59.0550167846,0.676335884,44.1045763361,69.2149343385,64.2399197888,STANDBY,0,0,131.1764705882
2024-02-07 02:00:00,RIG_ANOMALIES,2,7,2,36.8726740701,47.948637871,51.2059322639,0.6675926213000001,35.8339369396,60.7467558567,57.0184770608,STANDBY,0,0,131.2227883279
2024-02-07 03:00:00,RIG_ANOMALIES,3,7,2,36.8726740701,56.2411680011,57.9757084475,0.6457797249,40.9086755487,62.4989646733,59.1343046104,STANDBY,0,0,131.2691060676
2024-02-07 04:00:00,RIG_ANOMALIES,4,7,2,39.1772161995,46.3879443396,54.1528523535,0.6045648023,37.6569500789,61.6659074357,60.3695616673,STANDBY,0,0,131.3154238073
2024-02-07 05:00:00,RIG_ANOMALIES,5,7,2,46.9585795986,52.5335783371,59.8024692554,0.5699542482000001,43.6935420325,63.5833548214,57.7801511104,STANDBY,0,0,131.361741547
2024-02-07 06:00:00,RIG_ANOMALIES,6,7,2,55.3090111052,66.121337919,70.046242338,0.6389433596,45.6606596532,70.6785612824,75.9046935081,HIGH_PRODUCTION,0,0,131.4080592867
2024-02-07 07:00:00,RIG_ANOMALIES,7,7,2,63.6594426117,76.4987496293,75.6528121116,0.6849793131,48.745606226,71.1443534514,84.8382436889,HIGH_PRODUCTION,0,0,131.4543770264
2024-02-07 08:00:00,RIG_ANOMALIES,8,7,2,71.4408060109,85.5645244502,87.7928717545,0.6496797592,52.0821452015,70.4666767024,92.5603280171,HIGH_PRODUCTION,0,0,131.5006947661
2024-02-07 09:00:00,RIG_ANOMALIES,9,7,2,78.1228142462,95.2817637082,92.4463364561,0.7965709094000001,52.2487632873,80.8193620356,100.0949214149,HIGH_PRODUCTION,0,0,131.5470125058
2024-02-07 10:00:00,RIG_ANOMALIES,10,7,2,83.2500994991,96.6787685852,93.0983054582,0.8092722638000001,57.2312989615,77.2222483292,99.8585790676,HIGH_PRODUCTION,0,0,131.5933302455
2024-02-07 11:00:00,RIG_ANOMALIES,11,7,2,86.4732457528,102.3514448765,95.0,0.7403868521,56.9700593329,79.4000912706,99.8718349652,HIGH_PRODUCTION,0,0,131.6396479852
2024-02-07 12:00:00,RIG_ANOMALIES,12,7,2,87.5726009166,103.3946036787,95.0,0.8977184397,57.4993721833,79.7215262825,96.9056631857,HIGH_PRODUCTION,0,0,131.6859657249
2024-02-07 13:00:00,RIG_ANOMALIES,13,7,2,86.4732457528,104.724379024,95.0,0.814367444,54.9840391157,79.7966965698,103.1650843132,HIGH_PRODUCTION,0,0,131.7322834646
2024-02-07 14:00:00,RIG_ANOMALIES,14,7,2,83.2500994991,101.5995952555,95.0,0.8028496031,54.8786705375,81.2126220396,99.4682936999,HIGH_PRODUCTION,0,0,131.7786012043
2024-02-07 15:00:00,RIG_ANOMALIES,15,7,2,78.1228142462,92.5750848079,89.9877380513,0.7201260885,54.317782273,76.8437927126,88.9562608332,HIGH_PRODUCTION,0,0,131.824918944
2024-02-07 16:00:00,RIG_ANOMALIES,16,7,2,71.4408060109,93.1465393552,89.5619908508,0.7135935519000001,51.3301407172,75.961608589,96.5124296523,HIGH_PRODUCTION,0,0,131.8712366836
2024-02-07 17:00:00,RIG_ANOMALIES,17,7,2,63.6594426117,65.0478645673,72.5556712306,0.7027579464,48.5779337586,71.6897523511,73.9411003134,HIGH_PRODUCTION,0,0,131.9175544233
2024-02-07 18:00:00,RIG_ANOMALIES,18,7,2,55.3090111052,66.0646539581,69.5108114015,0.7646211959,43.2236727823,71.7804193738,77.7212293634,HIGH_PRODUCTION,0,0,131.963872163
2024-02-07 19:00:00,RIG_ANOMALIES,19,7,2,46.9585795986,59.455258509,62.3277049062,0.637605987,45.9737736161,66.0415251741,61.6386746947,HIGH_PRODUCTION,0,0,132.0101899027
2024-02-07 20:00:00,RIG_ANOMALIES,20,7,2,39.1772161995,50.7407096627,53.5920911837,0.7209518599,44.725268719,64.7419397841,64.7091579299,HIGH_PRODUCTION,0,0,132.0565076424
2024-02-07 21:00:00,RIG_ANOMALIES,21,7,2,36.8726740701,62.9677671803,62.7533171878,0.5927579435,47.709020138,68.7011123348,68.5529588543,HIGH_PRODUCTION,0,0,132.1028253821
2024-02-07 22:00:00,RIG_ANOMALIES,22,7,2,36.8726740701,47.8380639975,52.4146655728,0.6472653398,44.6469463736,67.5940189917,62.4579915706,STANDBY,0,0,132.1491431218
2024-02-07 23:00:00,RIG_ANOMALIES,23,7,2,36.8726740701,46.1294375016,49.6258785599,0.6105186420000001,38.2289996674,66.047767907,55.0292810286,STANDBY,0,0,132.1954608615
2024-02-08 00:00:00,RIG_ANOMALIES,0,8,3,36.1002883513,42.3517539907,47.519604072,0.5826668993,38.2100635725,50.4630271009,56.1665925704,STANDBY,0,0,132.2417786012
2024-02-08 01:00:00,RIG_ANOMALIES,1,8,3,36.1002883513,38.210841701,42.2274033784,0.6391021367,37.9045603534,59.0016216069,42.8231719602,STANDBY,0,0,132.2880963409
2024-02-08 02:00:00,RIG_ANOMALIES,2,8,3,36.1002883513,40.1491002266,47.7035766063,0.6327705971,38.0553759989,62.7982996521,53.7180671179,STANDBY,0,0,132.3344140806
2024-02-08 03:00:00,RIG_ANOMALIES,3,8,3,36.1002883513,42.1568874523,51.6082526421,0.6577152963,40.0229559714,67.2237361926,56.139200557,STANDBY,0,0,132.3807318203
2024-02-08 04:00:00,RIG_ANOMALIES,4,8,3,38.3565563732,55.8787377223,60.8383517906,0.6294222099,43.0637961998,69.5266735422,65.2111065652,STANDBY,0,0,132.42704956
2024-02-08 05:00:00,RIG_ANOMALIES,5,8,3,45.9749206378,52.0009634966,63.6677963275,0.6389418067,44.69535692,66.9489486639,66.8450712809,STANDBY,0,0,132.4733672997
2024-02-08 06:00:00,RIG_ANOMALIES,6,8,3,54.1504325269,68.0187991998,74.8664724116,0.6549492421,43.7938081743,67.5237329373,76.1561945989,HIGH_PRODUCTION,0,0,132.5196850394
2024-02-08 07:00:00,RIG_ANOMALIES,7,8,3,62.325944416,76.9311417658,79.5737764082,0.7490073748,47.695477399,72.5749769085,86.8619907986,HIGH_PRODUCTION,0,0,132.5660027791
2024-02-08 08:00:00,RIG_ANOMALIES,8,8,3,69.9443086806,90.3480195512,90.8405242908,0.6399901499,54.2619910917,81.1867924336,92.3400422792,HIGH_PRODUCTION,0,0,132.6123205188
2024-02-08 09:00:00,RIG_ANOMALIES,9,8,3,76.4863463859,88.8888237564,85.0836680108,0.6998200238000001,49.9537448168,76.0807019965,90.6789100451,HIGH_PRODUCTION,0,0,132.6586382585
2024-02-08 10:00:00,RIG_ANOMALIES,10,8,3,81.5062284735,92.7016175637,94.7030317148,0.7462564802,54.1288400241,74.9056863612,105.321890517,HIGH_PRODUCTION,0,0,132.7049559981
2024-02-08 11:00:00,RIG_ANOMALIES,11,8,3,84.661858275,101.1541330292,95.0,0.8366860291,52.4248074625,82.5845249092,98.2902479227,HIGH_PRODUCTION,0,0,132.7512737378
2024-02-08 12:00:00,RIG_ANOMALIES,12,8,3,85.7381848343,95.3412785392,95.0,0.7418889462,54.6265935912,78.1077839676,100.7661951777,HIGH_PRODUCTION,0,0,132.7975914775
2024-02-08 13:00:00,RIG_ANOMALIES,13,8,3,84.661858275,97.0942238448,95.0,0.7299469369,55.5626897678,77.872115054,99.9354099902,HIGH_PRODUCTION,0,0,132.8439092172
2024-02-08 14:00:00,RIG_ANOMALIES,14,8,3,81.5062284735,97.1728845867,94.6489798438,0.7371407812,54.0004594625,80.7665504649,97.4934848127,HIGH_PRODUCTION,0,0,132.8902269569
2024-02-08 15:00:00,RIG_ANOMALIES,15,8,3,76.4863463859,85.2981026704,85.1116154332,0.6634435508000001,49.8749440988,73.65846367340001,93.4010251498,HIGH_PRODUCTION,0,0,132.9365446966
2024-02-08 16:00:00,RIG_ANOMALIES,16,8,3,69.9443086806,83.693270286,83.8874127318,0.7931598806,51.382368313,78.4655270848,91.834964314,HIGH_PRODUCTION,0,0,132.9828624363
2024-02-08 17:00:00,RIG_ANOMALIES,17,8,3,62.325944416,65.3064489523,69.2363481105,0.6586156742,47.3395069336,66.155479097,73.207275783,HIGH_PRODUCTION,0,0,133.029180176
2024-02-08 18:00:00,RIG_ANOMALIES,18,8,3,54.1504325269,61.509565308,67.364864101,0.6732200869,45.787178315,71.7721682084,76.2356415681,HIGH_PRODUCTION,0,0,133.0754979157
2024-02-08 19:00:00,RIG_ANOMALIES,19,8,3,45.9749206378,55.4966280295,59.1498538947,0.6477342020000001,44.3954808655,65.8374071618,63.9280985295,HIGH_PRODUCTION,0,0,133.1218156554
2024-02-08 20:00:00,RIG_ANOMALIES,20,8,3,38.3565563732,52.8749202629,55.8306802711,0.5312608677,44.2270469627,61.6568417183,60.6617162964,HIGH_PRODUCTION,0,0,133.1681333951
2024-02-08 21:00:00,RIG_ANOMALIES,21,8,3,36.1002883513,54.0748253196,55.7951631849,0.6688286648,43.6946585007,68.5527352951,60.4309439588,HIGH_PRODUCTION,0,0,133.2144511348
2024-02-08 22:00:00,RIG_ANOMALIES,22,8,3,36.1002883513,54.27960903,56.0773772191,0.5700561357,44.4935071626,69.2372337774,63.488016148,STANDBY,0,0,133.2607688745
2024-02-08 23:00:00,RIG_ANOMALIES,23,8,3,36.1002883513,47.6614972534,51.1932398087,0.4938886367,37.2951343782,59.5326219349,57.5797681114,STANDBY,0,0,133.3070866142
2024-02-09 00:00:00,RIG_ANOMALIES,0,9,4,36.1002883513,48.4612495005,49.2042462963,0.6109783948,39.3207901691,63.2455200212,52.0946524572,STANDBY,0,0,133.3534043539
2024-02-09 01:00:00,RIG_ANOMALIES,1,9,4,36.1002883513,47.8618222599,50.7818990377,0.6222119346,41.1571605023,63.4355163145,56.4411045198,STANDBY,0,0,133.3997220936
2024-02-09 02:00:00,RIG_ANOMALIES,2,9,4,36.1002883513,51.0668424881,54.7238696265,0.5604268062000001,44.8898355295,64.2375262229,59.0410731977,STANDBY,0,0,133.4460398333
2024-02-09 03:00:00,RIG_ANOMALIES,3,9,4,36.1002883513,55.5823825212,57.8005822211,0.7206899169000001,41.5109552222,65.6522336077,64.6193432859,STANDBY,0,0,133.492357573
2024-02-09 04:00:00,RIG_ANOMALIES,4,9,4,38.3565563732,54.8645566252,57.3267667155,0.6850070837000001,41.8890953013,68.8402678581,66.6461810232,STANDBY,0,0,133.5386753126
2024-02-09 05:00:00,RIG_ANOMALIES,5,9,4,45.9749206378,56.9016775074,61.295277574400004,0.6306565207,46.3137774832,64.041750225,68.0653800579,STANDBY,0,0,133.5849930523
2024-02-09 06:00:00,RIG_ANOMALIES,6,9,4,54.1504325269,61.4296324559,64.5427696427,0.7261463227,40.6179628827,66.2075844924,66.3943708721,HIGH_PRODUCTION,0,0,133.631310792
2024-02-09 07:00:00,RIG_ANOMALIES,7,9,4,62.325944416,72.3503296378,75.4534506087,0.7351193260000001,53.4268214556,71.665221778,86.8713770413,HIGH_PRODUCTION,0,0,133.6776285317
2024-02-09 08:00:00,RIG_ANOMALIES,8,9,4,69.9443086806,85.0648588773,86.6555860031,0.6905613946,49.0194456084,80.005676412,92.658175867,HIGH_PRODUCTION,0,0,133.7239462714
2024-02-09 09:00:00,RIG_ANOMALIES,9,9,4,76.4863463859,91.8109624476,93.1321400097,0.6510270369000001,52.3127742182,72.0598171125,95.9123411523,HIGH_PRODUCTION,0,0,133.7702640111
2024-02-09 10:00:00,RIG_ANOMALIES,10,9,4,81.5062284735,85.7070722559,87.3367607793,0.6453500333000001,51.9366256446,72.5458162969,95.5017814594,HIGH_PRODUCTION,0,0,133.8165817508
2024-02-09 11:00:00,RIG_ANOMALIES,11,9,4,84.661858275,99.5705806224,95.0,0.7565375678,53.2719756492,84.9997380247,102.0592724859,HIGH_PRODUCTION,0,0,133.8628994905
2024-02-09 12:00:00,RIG_ANOMALIES,12,9,4,85.7381848343,89.7686373298,89.4143739245,0.7533872252,50.3295739998,78.6573268469,94.0094026318,HIGH_PRODUCTION,0,0,133.9092172302
2024-02-09 13:00:00,RIG_ANOMALIES,13,9,4,84.661858275,94.8159617362,94.5963039109,0.7435311878,53.1223285715,79.540175633,99.95290855,HIGH_PRODUCTION,0,0,133.9555349699
2024-02-09 14:00:00,RIG_ANOMALIES,14,9,4,81.5062284735,97.475055136,95.0,0.7727105158,51.7853524184,78.6742632922,98.4604347846,HIGH_PRODUCTION,0,0,134.0018527096
2024-02-09 15:00:00,RIG_ANOMALIES,15,9,4,76.4863463859,84.1795565549,87.8356410002,0.7799261199,51.1897782766,70.3380436748,93.0472999449,HIGH_PRODUCTION,0,0,134.0481704493
2024-02-09 16:00:00,RIG_ANOMALIES,16,9,4,69.9443086806,84.8215106199,81.5503067015,0.7277072798,54.0903617464,76.1278943652,89.4964471273,HIGH_PRODUCTION,0,0,134.094488189
2024-02-09 17:00:00,RIG_ANOMALIES,17,9,4,62.325944416,73.8075674954,78.3335487179,0.6975700021,46.4953522919,68.9606986195,86.682687508,HIGH_PRODUCTION,0,0,134.1408059287
2024-02-09 18:00:00,RIG_ANOMALIES,18,9,4,54.1504325269,62.7309692823,65.3581922459,0.6956518063,45.7448429366,73.0485051607,70.0873108793,HIGH_PRODUCTION,0,0,134.1871236684
2024-02-09 19:00:00,RIG_ANOMALIES,19,9,4,45.9749206378,60.8962945072,64.8201383353,0.7384638963,44.9074485505,70.4928104688,69.5807224827,HIGH_PRODUCTION,0,0,134.2334414081
2024-02-09 20:00:00,RIG_ANOMALIES,20,9,4,38.3565563732,53.3500983248,59.0549031057,0.6321868675,47.0445806796,69.1932024931,61.2817158559,HIGH_PRODUCTION,0,0,134.2797591478
2024-02-09 21:00:00,RIG_ANOMALIES,21,9,4,36.1002883513,55.6572377123,55.4247460155,0.6686049384,44.0797081119,66.157705869,62.7902988107,HIGH_PRODUCTION,0,0,134.3260768874
2024-02-09 22:00:00,RIG_ANOMALIES,22,9,4,36.1002883513,46.6042965626,49.6896362542,0.5722333176000001,38.5812175806,59.2042807555,53.1985170419,STANDBY,0,0,134.3723946271
2024-02-09 23:00:00,RIG_ANOMALIES,23,9,4,36.1002883513,54.348763376,53.8884814849,0.7174222161,43.152518481,74.7143402954,55.4949286118,STANDBY,0,0,134.4187123668
2024-02-10 00:00:00,RIG_ANOMALIES,0,10,5,36.8726740701,52.33795437,53.9143795712,0.6286260683,43.7022927442,62.7726088123,61.7168107357,STANDBY,0,0,134.4650301065
2024-02-10 01:00:00,RIG_ANOMALIES,1,10,5,36.8726740701,56.3762823643,53.0267733984,0.6546721432,47.1635097453,70.0821023044,56.6668926695,STANDBY,0,0,134.5113478462
2024-02-10 02:00:00,RIG_ANOMALIES,2,10,5,36.8726740701,48.6255977131,51.4278665637,0.6612197834,43.8111532788,65.3817569106,57.1784974499,STANDBY,0,0,134.5576655859
2024-02-10 03:00:00,RIG_ANOMALIES,3,10,5,36.8726740701,41.5410654517,48.2272151788,0.5700535614000001,40.7099009749,56.8204310525,56.6473658908,STANDBY,0,0,134.6039833256
2024-02-10 04:00:00,RIG_ANOMALIES,4,10,5,39.1772161995,55.4584977728,58.9079718205,0.6083946466,44.6762832654,61.1075421959,68.1845562781,STANDBY,0,0,134.6503010653
2024-02-10 05:00:00,RIG_ANOMALIES,5,10,5,46.9585795986,53.1099973292,61.5524924532,0.7161354479,42.3775948841,61.6731491816,68.5452551879,STANDBY,0,0,134.696618805
2024-02-10 06:00:00,RIG_ANOMALIES,6,10,5,55.3090111052,75.9909813764,76.1377388368,0.6646537833,48.5438806075,69.3291592723,79.5464184769,HIGH_PRODUCTION,0,0,134.7429365447
2024-02-10 07:00:00,RIG_ANOMALIES,7,10,5,63.6594426117,63.8646891504,72.2249564421,0.6793507171000001,46.5293195052,72.2235550658,80.3942208263,HIGH_PRODUCTION,0,0,134.7892542844
2024-02-10 08:00:00,RIG_ANOMALIES,8,10,5,71.4408060109,81.8609781028,80.5096266441,0.7839313614000001,47.8841937554,79.298901174,89.327206386,HIGH_PRODUCTION,0,0,134.8355720241
2024-02-10 09:00:00,RIG_ANOMALIES,9,10,5,78.1228142462,94.1970066896,93.4220358785,0.7552421484,55.5115265834,75.7820164839,96.798810345,HIGH_PRODUCTION,0,0,134.8818897638
2024-02-10 10:00:00,RIG_ANOMALIES,10,10,5,83.2500994991,95.3312676359,93.903874329,0.7989012751,52.443714705,81.2006557881,101.947907606,HIGH_PRODUCTION,0,0,134.9282075035
2024-02-10 11:00:00,RIG_ANOMALIES,11,10,5,86.4732457528,97.0918251309,92.2765733463,0.80914434,53.1761572899,72.8125789346,94.4916015161,HIGH_PRODUCTION,0,0,134.9745252432
2024-02-10 12:00:00,RIG_ANOMALIES,12,10,5,87.5726009166,99.9324585864,95.0,0.7706891978,55.5775340045,80.3567282275,100.6976451748,HIGH_PRODUCTION,0,0,135.0208429829
2024-02-10 13:00:00,RIG_ANOMALIES,13,10,5,86.4732457528,95.7799098468,95.0,0.7946025023000001,55.9720164107,75.4835936341,100.3515726196,HIGH_PRODUCTION,0,0,135.0671607226
2024-02-10 14:00:00,RIG_ANOMALIES,14,10,5,83.2500994991,95.9484336717,95.0,0.7687941585,55.1355717198,79.9162532392,97.3383100301,HIGH_PRODUCTION,0,0,135.1134784623
2024-02-10 15:00:00,RIG_ANOMALIES,15,10,5,78.1228142462,101.1484376774,95.0,0.773901021,53.1558570397,79.2273140686,105.203727502,HIGH_PRODUCTION,0,0,135.1597962019
2024-02-10 16:00:00,RIG_ANOMALIES,16,10,5,71.4408060109,86.1262638197,85.968782125,0.666591779,48.1870677523,78.7518448804,91.1373944592,HIGH_PRODUCTION,0,0,135.2061139416
2024-02-10 17:00:00,RIG_ANOMALIES,17,10,5,63.6594426117,75.7675861583,78.4380291122,0.6813163255,48.6034917065,71.3773967821,82.1726702878,HIGH_PRODUCTION,0,0,135.2524316813
2024-02-10 18:00:00,RIG_ANOMALIES,18,10,5,55.3090111052,72.7713651174,72.7967560147,0.7014616467,46.9828085658,70.0163577062,78.9794444379,HIGH_PRODUCTION,0,0,135.298749421
2024-02-10 19:00:00,RIG_ANOMALIES,19,10,5,46.9585795986,61.3459190439,65.0333637716,0.6373628275000001,45.6858306268,69.3221489991,69.3232809514,HIGH_PRODUCTION,0,0,135.3450671607
2024-02-10 20:00:00,RIG_ANOMALIES,20,10,5,39.1772161995,48.1272980099,54.6863463912,0.5487991321,42.7730351582,68.2034519395,60.9235304818,HIGH_PRODUCTION,0,0,135.3913849004
2024-02-10 21:00:00,RIG_ANOMALIES,21,10,5,36.8726740701,53.2051080481,59.9363421212,0.5829421782,40.5140910871,65.2937876786,63.0391778124,HIGH_PRODUCTION,0,0,135.4377026401
2024-02-10 22:00:00,RIG_ANOMALIES,22,10,5,36.8726740701,54.6573234015,58.1595278404,0.6610078620000001,43.0814382574,61.2513053013,60.2315510327,STANDBY,0,0,135.4840203798
2024-02-10 23:00:00,RIG_ANOMALIES,23,10,5,36.8726740701,44.5360345044,50.2795647713,0.6021939998,44.2982180447,61.2588983064,54.3491584979,STANDBY,0,0,135.5303381195
2024-02-11 00:00:00,RIG_ANOMALIES,0,11,6,38.2644650435,62.4484276434,56.2226678935,0.6345245729,49.2295152442,69.9660051531,56.7022421846,STANDBY,0,0,135.5766558592
2024-02-11 01:00:00,RIG_ANOMALIES,1,11,6,38.2644650435,54.0584996234,55.170911726,0.6121367367,41.2676825022,64.9892530687,57.1816543518,STANDBY,0,0,135.6229735989
2024-02-11 02:00:00,RIG_ANOMALIES,2,11,6,38.2644650435,46.8612071514,51.7773972096,0.6071348416,38.948911736,65.7406124404,57.5962250596,STANDBY,0,0,135.6692913386
2024-02-11 03:00:00,RIG_ANOMALIES,3,11,6,38.2644650435,59.8230641072,60.8904452751,0.7301159569,45.293107489,70.5620733852,64.2925353191,STANDBY,0,0,135.7156090783
2024-02-11 04:00:00,RIG_ANOMALIES,4,11,6,40.6559941088,54.8274555039,58.1809090082,0.6306653013,46.807677717,64.8571880756,59.2736959579,STANDBY,0,0,135.761926818
2024-02-11 05:00:00,RIG_ANOMALIES,5,11,6,48.7310717994,64.0930130014,64.5096610294,0.7042561512000001,44.4143881717,71.3779063982,66.1620583896,STANDBY,0,0,135.8082445577
2024-02-11 06:00:00,RIG_ANOMALIES,6,11,6,57.3966975653,67.8068614759,71.2535289824,0.6639305353,46.056211181,65.680457378,74.0608129116,HIGH_PRODUCTION,0,0,135.8545622974
2024-02-11 07:00:00,RIG_ANOMALIES,7,11,6,66.0623233312,80.8350737785,81.2989861863,0.7436533251,47.4835557098,75.2397081307,84.9073346604,HIGH_PRODUCTION,0,0,135.9008800371
2024-02-11 08:00:00,RIG_ANOMALIES,8,11,6,74.1374010218,90.4477620616,85.7124414264,0.7837250954,53.1953959184,79.0199038724,87.2786868316,HIGH_PRODUCTION,0,0,135.9471977767
2024-02-11 09:00:00,RIG_ANOMALIES,9,11,6,81.0716274372,93.9468611839,95.0,0.750628776,53.9545079663,79.0323885321,102.3140169383,HIGH_PRODUCTION,0,0,135.9935155164
2024-02-11 10:00:00,RIG_ANOMALIES,10,11,6,86.3924465065,94.8370371683,93.8498548397,0.6920132609,53.979407857300004,84.3522216957,102.8744239764,HIGH_PRODUCTION,0,0,136.0398332561
2024-02-11 11:00:00,RIG_ANOMALIES,11,11,6,89.7372532031,99.5442266274,94.4936699471,0.8407365787000001,53.6824342786,80.1468988875,102.0391373515,HIGH_PRODUCTION,0,0,136.0861509958
2024-02-11 12:00:00,RIG_ANOMALIES,12,11,6,90.8781044784,103.9711226637,95.0,0.8391108150000001,57.0523288643,83.4488130573,96.704923366,HIGH_PRODUCTION,0,0,136.1324687355
2024-02-11 13:00:00,RIG_ANOMALIES,13,11,6,89.7372532031,103.0363282527,95.0,0.793893186,51.2139432439,79.6247280174,101.0064801646,HIGH_PRODUCTION,0,0,136.1787864752
2024-02-11 14:00:00,RIG_ANOMALIES,14,11,6,86.3924465065,107.9000259565,95.0,0.7944965713000001,53.983598854,84.7059402312,101.5031778881,HIGH_PRODUCTION,0,0,136.2251042149
2024-02-11 15:00:00,RIG_ANOMALIES,15,11,6,81.0716274372,91.4962899405,93.9750116533,0.7915790063,49.6785971044,79.2358918616,100.5796043771,HIGH_PRODUCTION,0,0,136.2714219546
2024-02-11 16:00:00,RIG_ANOMALIES,16,11,6,74.1374010218,94.9366133902,89.1017200793,0.8029946764,56.0244046515,80.2813132984,98.9379186239,HIGH_PRODUCTION,0,0,136.3177396943
2024-02-11 17:00:00,RIG_ANOMALIES,17,11,6,66.0623233312,79.7668932114,79.7110783889,0.7705318271,51.6399400216,80.4848528733,79.2869161627,HIGH_PRODUCTION,0,0,136.364057434
2024-02-11 18:00:00,RIG_ANOMALIES,18,11,6,57.3966975653,72.1975586158,75.4190930647,0.6974913859,47.3098162939,69.9864257158,80.0358524149,HIGH_PRODUCTION,0,0,136.4103751737
2024-02-11 19:00:00,RIG_ANOMALIES,19,11,6,48.7310717994,58.5692569779,64.9298253571,0.6598220758000001,43.9469155742,66.2166898593,72.8827517153,HIGH_PRODUCTION,0,0,136.4566929134
2024-02-11 20:00:00,RIG_ANOMALIES,20,11,6,40.6559941088,61.2914346332,62.8372930748,0.6985985269,44.36266208,61.208769061,68.9257442267,HIGH_PRODUCTION,0,0,136.5030106531
2024-02-11 21:00:00,RIG_ANOMALIES,21,11,6,38.2644650435,61.6387152009,65.3540831001,0.7346507983,47.0688181452,65.768354913,60.9936224336,HIGH_PRODUCTION,0,0,136.5493283928
2024-02-11 22:00:00,RIG_ANOMALIES,22,11,6,38.2644650435,54.8108329107,54.5600264916,0.5959946651,46.3880445055,64.2018374415,56.3480222882,STANDBY,0,0,136.5956461325
2024-02-11 23:00:00,RIG_ANOMALIES,23,11,6,38.2644650435,51.4435313423,51.5411233731,0.5994615768,44.0653704266,67.1043650435,58.8809231924,STANDBY,0,0,136.6419638722
2024-02-12 00:00:00,RIG_ANOMALIES,0,12,0,40.0,53.9561106293,54.7223914316,0.6827274139,44.9006945134,62.2382774435,57.9702310371,STANDBY,0,0,136.6882816119
2024-02-12 01:00:00,RIG_ANOMALIES,1,12,0,40.0,46.3505209022,49.5282581784,0.6162067058,43.1257329105,66.5379609955,52.6948189692,STANDBY,0,0,136.7345993516
2024-02-12 02:00:00,RIG_ANOMALIES,2,12,0,40.0,47.3348138143,51.3456926989,0.5516724874,42.7812403743,63.533144015,56.9801142756,STANDBY,0,0,136.7809170912
2024-02-12 03:00:00,RIG_ANOMALIES,3,12,0,40.0,62.213161445,62.5253515816,0.6496181838,45.2686661284,64.7928336978,72.0076189696,STANDBY,0,0,136.8272348309
2024-02-12 04:00:00,RIG_ANOMALIES,4,12,0,42.5,50.9002960193,57.725025942,0.6408739382,41.3808514206,64.4771380576,59.7628010968,STANDBY,0,0,136.8735525706
2024-02-12 05:00:00,RIG_ANOMALIES,5,12,0,50.9413334214,63.4484862566,67.91317449740001,0.6351805144,50.7052712977,72.9160320115,75.3192569492,STANDBY,0,0,136.9198703103
2024-02-12 06:00:00,RIG_ANOMALIES,6,12,0,60.0,83.0545099163,78.9938901912,0.7527517724,49.1216418171,72.9986577713,81.6429293489,HIGH_PRODUCTION,0,0,136.96618805
2024-02-12 07:00:00,RIG_ANOMALIES,7,12,0,69.0586665786,82.848005431,80.1588857432,0.7622125860000001,50.6136451716,72.1228409672,86.8169987243,HIGH_PRODUCTION,0,0,137.0125057897
2024-02-12 08:00:00,RIG_ANOMALIES,8,12,0,77.5,90.4859002802,88.807965134,0.8750808674,54.5076135145,80.2074730278,96.7527142777,HIGH_PRODUCTION,0,0,137.0588235294
2024-02-12 09:00:00,RIG_ANOMALIES,9,12,0,84.7487373415,96.5931675959,94.3690891227,0.8289802919,52.6749062521,80.07590847,99.7233059719,HIGH_PRODUCTION,0,0,137.1051412691
2024-02-12 10:00:00,RIG_ANOMALIES,10,12,0,90.3108891325,104.0184637803,95.0,0.7314705156,56.6751850903,80.1625105434,97.3543845082,HIGH_PRODUCTION,0,0,137.1514590088
2024-02-12 11:00:00,RIG_ANOMALIES,11,12,0,93.8074039201,111.4339628744,95.0,0.9441310828,57.3619704706,81.1855723001,103.7803352616,HIGH_PRODUCTION,0,0,137.1977767485
2024-02-12 12:00:00,RIG_ANOMALIES,12,12,0,95.0,110.6243901244,95.0,0.8153739821,56.880490033,85.8252173405,98.2626669201,HIGH_PRODUCTION,0,0,137.2440944882
2024-02-12 13:00:00,RIG_ANOMALIES,13,12,0,93.8074039201,108.5683553282,95.0,0.8674747081,55.9802844255,79.3995075938,102.4115321301,HIGH_PRODUCTION,0,0,137.2904122279
2024-02-12 14:00:00,RIG_ANOMALIES,14,12,0,90.3108891325,100.9044028153,95.0,0.7895807483,51.224638435,79.1862303281,100.5133949462,HIGH_PRODUCTION,0,0,137.3367299676
2024-02-12 15:00:00,RIG_ANOMALIES,15,12,0,84.7487373415,100.3895029934,95.0,0.8036950435,58.9878342839,81.6149340005,96.7101371529,HIGH_PRODUCTION,0,0,137.3830477073
2024-02-12 16:00:00,RIG_ANOMALIES,16,12,0,77.5,88.4271249077,88.4682834775,0.7458644185000001,53.2139991315,78.2109429231,88.2232721889,HIGH_PRODUCTION,0,0,137.429365447
2024-02-12 17:00:00,RIG_ANOMALIES,17,12,0,69.0586665786,90.1003905713,84.9052309147,0.7482339168000001,54.2721223801,74.0039604431,88.0559818468,HIGH_PRODUCTION,0,0,137.4756831867
2024-02-12 18:00:00,RIG_ANOMALIES,18,12,0,60.0,81.6586729643,74.8587249526,0.6707765881000001,49.9622172757,67.1317556192,81.1273149865,HIGH_PRODUCTION,0,0,137.5220009264
2024-02-12 19:00:00,RIG_ANOMALIES,19,12,0,50.9413334214,66.1082727482,65.7213056124,0.6903393043,44.1179635133,72.9297947803,68.6578478961,HIGH_PRODUCTION,0,0,137.568318666
2024-02-12 20:00:00,RIG_ANOMALIES,20,12,0,42.5,61.3711476919,65.5525591961,0.6203647496,46.3166793789,67.3169813227,77.1252956749,HIGH_PRODUCTION,0,0,137.6146364057
2024-02-12 21:00:00,RIG_ANOMALIES,21,12,0,40.0,52.4236556013,55.5490731796,0.6728721558,43.2206734405,67.0678992006,61.2189659546,HIGH_PRODUCTION,0,0,137.6609541454
2024-02-12 22:00:00,RIG_ANOMALIES,22,12,0,40.0,53.8009715932,57.7268446805,0.6452412357,43.8168510551,62.9703789698,67.005472561,STANDBY,0,0,137.7072718851
2024-02-12 23:00:00,RIG_ANOMALIES,23,12,0,40.0,52.3580876584,50.557357970300004,0.6681548351000001,41.6212422235,62.0883260369,58.8489581555,STANDBY,0,0,137.7535896248
2024-02-13 00:00:00,RIG_ANOMALIES,0,13,1,38.2644650435,54.6080056736,55.0852178246,0.6123539477000001,40.7642457166,68.1956805139,61.1719325849,STANDBY,0,0,137.7999073645
2024-02-13 01:00:00,RIG_ANOMALIES,1,13,1,38.2644650435,55.7747820427,53.6747661898,0.6579176607,44.3806912102,65.813519922,58.6157420706,STANDBY,0,0,137.8462251042
2024-02-13 02:00:00,RIG_ANOMALIES,2,13,1,38.2644650435,50.2396959173,50.6841481469,0.6397432871000001,39.0146967359,65.8886724411,56.4587122691,STANDBY,0,0,137.8925428439
2024-02-13 03:00:00,RIG_ANOMALIES,3,13,1,38.2644650435,56.4420896378,59.5190465721,0.6887873978,45.8881018649,70.4436297078,66.9630053138,STANDBY,0,0,137.9388605836
2024-02-13 04:00:00,RIG_ANOMALIES,4,13,1,40.6559941088,51.6057552526,60.4537622137,0.5917161622,40.8571706449,63.1530781385,66.5453741637,STANDBY,0,0,137.9851783233
2024-02-13 05:00:00,RIG_ANOMALIES,5,13,1,48.7310717994,59.8179688463,60.6606491664,0.6523740782,48.0933464796,68.6701324152,69.5001770103,STANDBY,0,0,138.031496063
2024-02-13 06:00:00,RIG_ANOMALIES,6,13,1,57.3966975653,71.3219632937,70.9367374833,0.7873495917000001,43.5510013805,74.2595325045,77.225372286,HIGH_PRODUCTION,0,0,138.0778138027
2024-02-13 07:00:00,RIG_ANOMALIES,7,13,1,66.0623233312,87.7964848426,83.9126832429,0.8141411383,49.0607903173,71.7157585185,86.5927974642,HIGH_PRODUCTION,0,0,138.1241315424
2024-02-13 08:00:00,RIG_ANOMALIES,8,13,1,74.1374010218,87.3948221975,86.2382569058,0.7783110368,50.8999734858,75.3013876243,93.5598362625,HIGH_PRODUCTION,0,0,138.1704492821
2024-02-13 09:00:00,RIG_ANOMALIES,9,13,1,81.0716274372,98.1171305834,93.8057755284,0.8655979793,58.4369360171,81.7708331178,96.8178427756,HIGH_PRODUCTION,0,0,138.2167670218
2024-02-13 10:00:00,RIG_ANOMALIES,10,13,1,86.3924465065,107.4460552445,95.0,0.8662560307,56.1730419914,81.1824817173,104.2150262238,HIGH_PRODUCTION,0,0,138.2630847615
2024-02-13 11:00:00,RIG_ANOMALIES,11,13,1,89.7372532031,108.6420007621,95.0,0.8163006281,56.2016672329,85.8334311095,99.2795903936,HIGH_PRODUCTION,0,0,138.3094025012
2024-02-13 12:00:00,RIG_ANOMALIES,12,13,1,90.8781044784,104.895036551,95.0,0.8382238556,57.1258958041,83.0861228323,101.2148324458,HIGH_PRODUCTION,0,0,138.3557202409
2024-02-13 13:00:00,RIG_ANOMALIES,13,13,1,89.7372532031,103.1992293883,95.0,0.7251465265,55.2003107,77.8810713152,98.9197598681,HIGH_PRODUCTION,0,0,138.4020379805
2024-02-13 14:00:00,RIG_ANOMALIES,14,13,1,86.3924465065,97.3282577534,92.105658271,0.7530260433,55.455151874,82.4639098977,102.4576593087,HIGH_PRODUCTION,0,0,138.4483557202
2024-02-13 15:00:00,RIG_ANOMALIES,15,13,1,81.0716274372,96.1530464995,93.0389464191,0.6917009708,53.6994945049,80.153863139,102.653107022,HIGH_PRODUCTION,0,0,138.4946734599
2024-02-13 16:00:00,RIG_ANOMALIES,16,13,1,74.1374010218,78.6017041154,84.2279653536,0.7466600625,52.4053301327,74.1442079443,84.390646843,HIGH_PRODUCTION,0,0,138.5409911996
2024-02-13 17:00:00,RIG_ANOMALIES,17,13,1,66.0623233312,86.8438690944,85.2851122642,0.72750495,48.7889242337,80.1590057374,91.4451935084,HIGH_PRODUCTION,0,0,138.5873089393
2024-02-13 18:00:00,RIG_ANOMALIES,18,13,1,57.3966975653,73.3166650175,74.7197243662,0.7098975887,46.1797655851,70.2159594122,78.5579197129,HIGH_PRODUCTION,0,0,138.633626679
2024-02-13 19:00:00,RIG_ANOMALIES,19,13,1,48.7310717994,53.8495702394,61.6641663017,0.59861715,43.0270091259,64.8096398778,67.6945355549,HIGH_PRODUCTION,0,0,138.6799444187
2024-02-13 20:00:00,RIG_ANOMALIES,20,13,1,40.6559941088,55.1694663752,57.9524437067,0.6455968355,43.8377470882,67.9202827,63.2990400556,HIGH_PRODUCTION,0,0,138.7262621584
2024-02-13 21:00:00,RIG_ANOMALIES,21,13,1,38.2644650435,49.7742385479,54.2341897114,0.6603439228,45.0368994744,63.9511902484,57.5812503299,HIGH_PRODUCTION,0,0,138.7725798981
2024-02-13 22:00:00,RIG_ANOMALIES,22,13,1,38.2644650435,48.5272437656,56.4487969727,0.6337644405,41.3823977824,63.319695926,58.9918880204,STANDBY,0,0,138.8188976378
2024-02-13 23:00:00,RIG_ANOMALIES,23,13,1,38.2644650435,48.1695096137,51.042996449,0.6125275541,41.1760200247,62.8729552149,61.6021757914,STANDBY,0,0,138.8652153775
2024-02-14 00:00:00,RIG_ANOMALIES,0,14,2,36.8726740701,71.3650284925,77.4595616888,1.0657493263,44.8916377357,73.1525818424,107.2241593677,STANDBY,0,0,138.9115331172
2024-02-14 01:00:00,RIG_ANOMALIES,1,14,2,36.8726740701,60.1060344129,82.7656645424,1.3796637292,41.5893867465,54.0424049296,110.0,STANDBY,0,0,138.9578508569
2024-02-14 02:00:00,RIG_ANOMALIES,2,14,2,36.8726740701,67.7676242523,78.8002282363,1.2604666581,37.2900164987,61.5977679301,110.0,STANDBY,0,0,139.0041685966
2024-02-14 03:00:00,RIG_ANOMALIES,3,14,2,36.8726740701,91.9476015319,91.0100178602,1.3234389502,49.2334757765,60.4018624782,110.0,STANDBY,0,0,139.0504863363
2024-02-14 04:00:00,RIG_ANOMALIES,4,14,2,39.1772161995,70.8288475261,90.2097119786,1.3285709622000001,42.09475492,61.8490669806,103.1842514407,STANDBY,0,0,139.096804076
2024-02-14 05:00:00,RIG_ANOMALIES,5,14,2,46.9585795986,102.006383485,95.0,1.0580149567,47.5302148484,72.0836510122,110.0,STANDBY,0,0,139.1431218157
2024-02-14 06:00:00,RIG_ANOMALIES,6,14,2,55.3090111052,92.3065077703,95.0,1.0749294319,45.2637774639,66.3173914699,110.0,HIGH_PRODUCTION,0,0,139.1894395553
2024-02-14 07:00:00,RIG_ANOMALIES,7,14,2,63.6594426117,81.3710165877,90.9074304711,1.2484864862,43.4380534212,66.1198838427,110.0,HIGH_PRODUCTION,0,0,139.235757295
2024-02-14 08:00:00,RIG_ANOMALIES,8,14,2,71.4408060109,105.6719672498,95.0,1.258085232,54.056459822,76.1812383427,110.0,HIGH_PRODUCTION,0,0,139.2820750347
2024-02-14 09:00:00,RIG_ANOMALIES,9,14,2,78.1228142462,110.4134575433,95.0,1.3136875263,50.6138256395,69.6632979221,108.6108255863,HIGH_PRODUCTION,0,0,139.3283927744
2024-02-14 10:00:00,RIG_ANOMALIES,10,14,2,83.2500994991,118.6862985832,95.0,1.4668571749,53.0010090724,84.1238296988,110.0,HIGH_PRODUCTION,0,0,139.3747105141
2024-02-14 11:00:00,RIG_ANOMALIES,11,14,2,86.4732457528,113.5506365313,95.0,1.3805744737,51.6335183964,77.5562538907,101.2792488057,HIGH_PRODUCTION,0,0,139.4210282538
2024-02-14 12:00:00,RIG_ANOMALIES,12,14,2,87.5726009166,125.5769314786,95.0,1.5981978406000001,56.539194062,73.1968456496,107.4358739324,HIGH_PRODUCTION,0,0,139.4673459935
2024-02-14 13:00:00,RIG_ANOMALIES,13,14,2,86.4732457528,117.6520724368,95.0,1.1577147848,53.3100958553,70.0825322617,98.0163281455,HIGH_PRODUCTION,0,0,139.5136637332
2024-02-14 14:00:00,RIG_ANOMALIES,14,14,2,83.2500994991,127.1832447438,95.0,1.3856704551,51.6795271917,81.6570324163,110.0,HIGH_PRODUCTION,0,0,139.5599814729
2024-02-14 15:00:00,RIG_ANOMALIES,15,14,2,78.1228142462,130.4402554322,95.0,1.36432265,52.5490042918,85.7471465853,110.0,HIGH_PRODUCTION,0,0,139.6062992126
2024-02-14 16:00:00,RIG_ANOMALIES,16,14,2,71.4408060109,99.9430967526,95.0,1.2051478058,46.2253037377,71.0528684831,96.5616271064,HIGH_PRODUCTION,0,0,139.6526169523
2024-02-14 17:00:00,RIG_ANOMALIES,17,14,2,63.6594426117,95.3980916998,95.0,1.365645155,46.6571906672,68.0015862469,110.0,HIGH_PRODUCTION,0,0,139.698934692
2024-02-14 18:00:00,RIG_ANOMALIES,18,14,2,55.3090111052,96.8953057866,95.0,1.6246035279000002,49.9920223277,66.7092520538,110.0,HIGH_PRODUCTION,0,0,139.7452524317
2024-02-14 19:00:00,RIG_ANOMALIES,19,14,2,46.9585795986,78.0164848377,95.0,1.0895047691,42.9580391599,61.4871033953,110.0,HIGH_PRODUCTION,0,0,139.7915701714
2024-02-14 20:00:00,RIG_ANOMALIES,20,14,2,39.1772161995,57.2666414345,73.1388499624,0.9807094103,38.7171316408,52.125567622,95.7120771182,HIGH_PRODUCTION,0,0,139.8378879111
2024-02-14 21:00:00,RIG_ANOMALIES,21,14,2,36.8726740701,70.7129607496,82.1301063195,1.2448391733,45.6644505173,73.4502309485,109.1394119602,HIGH_PRODUCTION,0,0,139.8842056508
2024-02-14 22:00:00,RIG_ANOMALIES,22,14,2,36.8726740701,70.9980454159,77.580544889,1.3489889461,41.8590870193,65.7924106408,97.4814517097,STANDBY,0,0,139.9305233905
2024-02-14 23:00:00,RIG_ANOMALIES,23,14,2,36.8726740701,57.9189625673,67.3433905402,1.0612863103,34.6617709229,54.8799984557,80.9650639492,STANDBY,0,0,139.9768411302
2024-02-15 00:00:00,RIG_ANOMALIES,0,15,3,36.1002883513,76.4247686843,86.1177975536,1.1296975422,41.7130885293,56.6243071038,110.0,STANDBY,0,0,140.0231588698
2024-02-15 01:00:00,RIG_ANOMALIES,1,15,3,36.1002883513,66.0257823633,78.1145318859,1.3347858713,40.5191288431,53.3327714169,93.8528843285,STANDBY,0,0,140.0694766095
2024-02-15 02:00:00,RIG_ANOMALIES,2,15,3,36.1002883513,90.1132004068,95.0,1.0008779248,47.9348511035,76.7030185459,110.0,STANDBY,0,0,140.1157943492
2024-02-15 03:00:00,RIG_ANOMALIES,3,15,3,36.1002883513,75.3460245187,84.58938993780001,1.1985599263,47.2094068295,62.0867284867,103.5215466483,STANDBY,0,0,140.1621120889
2024-02-15 04:00:00,RIG_ANOMALIES,4,15,3,38.3565563732,68.1094790147,84.1618426317,1.3285758652,35.8689180064,49.6467130623,109.043815196,STANDBY,0,0,140.2084298286
2024-02-15 05:00:00,RIG_ANOMALIES,5,15,3,45.9749206378,81.718509529,93.8420243145,0.9577145154000001,54.5088536584,70.9574905425,110.0,STANDBY,0,0,140.2547475683
2024-02-15 06:00:00,RIG_ANOMALIES,6,15,3,54.1504325269,93.472537917,95.0,1.2326357507,50.2160068721,73.1580256772,110.0,HIGH_PRODUCTION,0,0,140.301065308
2024-02-15 07:00:00,RIG_ANOMALIES,7,15,3,62.325944416,94.6375484674,95.0,1.1568787989,53.5751290437,70.8195756283,110.0,HIGH_PRODUCTION,0,0,140.3473830477
2024-02-15 08:00:00,RIG_ANOMALIES,8,15,3,69.9443086806,106.0063097174,95.0,1.1016685501,60.9768432491,62.7602546892,110.0,HIGH_PRODUCTION,0,0,140.3937007874
2024-02-15 09:00:00,RIG_ANOMALIES,9,15,3,76.4863463859,114.1752444473,95.0,1.3603106831,49.5145833377,74.5832723724,110.0,HIGH_PRODUCTION,0,0,140.4400185271
2024-02-15 10:00:00,RIG_ANOMALIES,10,15,3,81.5062284735,127.8420447187,95.0,1.339879005,58.0655841405,85.0224562835,110.0,HIGH_PRODUCTION,0,0,140.4863362668
2024-02-15 11:00:00,RIG_ANOMALIES,11,15,3,84.661858275,120.6690577855,95.0,1.3976929517,56.0589347416,66.7347885819,110.0,HIGH_PRODUCTION,0,0,140.5326540065
2024-02-15 12:00:00,RIG_ANOMALIES,12,15,3,85.7381848343,120.7734012763,95.0,1.2707063669,59.4957289643,73.6116674045,110.0,HIGH_PRODUCTION,0,0,140.5789717462
2024-02-15 13:00:00,RIG_ANOMALIES,13,15,3,84.661858275,127.352047963,95.0,1.6778199595,51.4479230016,88.0788141872,110.0,HIGH_PRODUCTION,0,0,140.6252894859
2024-02-15 14:00:00,RIG_ANOMALIES,14,15,3,81.5062284735,113.075706006,95.0,1.4620282246,52.8354755938,71.2638025442,110.0,HIGH_PRODUCTION,0,0,140.6716072256
2024-02-15 15:00:00,RIG_ANOMALIES,15,15,3,76.4863463859,122.7317988203,95.0,1.467984896,55.8278550883,80.3207947167,110.0,HIGH_PRODUCTION,0,0,140.7179249653
2024-02-15 16:00:00,RIG_ANOMALIES,16,15,3,69.9443086806,97.8552983023,95.0,1.0870292808,46.5289062379,76.9708297993,110.0,HIGH_PRODUCTION,0,0,140.764242705
2024-02-15 17:00:00,RIG_ANOMALIES,17,15,3,62.325944416,90.3475041892,91.3576307684,1.4521855468,53.4085641383,62.6007547493,109.6670096003,HIGH_PRODUCTION,0,0,140.8105604447
2024-02-15 18:00:00,RIG_ANOMALIES,18,15,3,54.1504325269,97.5487766835,93.9021107209,1.1407835144,49.5611856635,66.9887082281,110.0,HIGH_PRODUCTION,0,0,140.8568781843
2024-02-15 19:00:00,RIG_ANOMALIES,19,15,3,45.9749206378,70.9682713389,76.9028259256,1.2899536234,42.7089244682,57.1336885519,95.1317954606,HIGH_PRODUCTION,0,0,140.903195924
2024-02-15 20:00:00,RIG_ANOMALIES,20,15,3,38.3565563732,79.1622430666,89.8831360983,1.0445871672,41.9838756661,62.2923460205,110.0,HIGH_PRODUCTION,0,0,140.9495136637
2024-02-15 21:00:00,RIG_ANOMALIES,21,15,3,36.1002883513,79.4258266294,93.3445947335,1.191027357,44.6061535721,60.0896583021,110.0,HIGH_PRODUCTION,0,0,140.9958314034
2024-02-15 22:00:00,RIG_ANOMALIES,22,15,3,36.1002883513,68.3155556213,76.9925393591,1.359592077,40.8438060022,52.5343651643,105.7490297292,STANDBY,0,0,141.0421491431
2024-02-15 23:00:00,RIG_ANOMALIES,23,15,3,36.1002883513,78.5827812986,82.8190395421,1.1711164061,40.670692072,59.9690562515,110.0,STANDBY,0,0,141.0884668828
2024-02-16 00:00:00,RIG_ANOMALIES,0,16,4,36.1002883513,87.071798467,92.0631879017,1.2086072081,44.2043057447,54.9412707584,110.0,STANDBY,0,0,141.1347846225
2024-02-16 01:00:00,RIG_ANOMALIES,1,16,4,36.1002883513,84.1332686127,92.6962826971,1.451769281,49.0918276614,68.2592358914,110.0,STANDBY,0,0,141.1811023622
2024-02-16 02:00:00,RIG_ANOMALIES,2,16,4,36.1002883513,79.7159064473,83.1254526985,0.687885292,47.2710309893,65.7703883122,110.0,STANDBY,0,0,141.2274201019
2024-02-16 03:00:00,RIG_ANOMALIES,3,16,4,36.1002883513,66.2461949823,82.5586083738,1.0557312205,43.8038326106,57.3396174605,110.0,STANDBY,0,0,141.2737378416
2024-02-16 04:00:00,RIG_ANOMALIES,4,16,4,38.3565563732,70.5713319424,79.5251884285,1.4969008114,43.3067781428,62.7477601691,103.3164864225,STANDBY,0,0,141.3200555813
2024-02-16 05:00:00,RIG_ANOMALIES,5,16,4,45.9749206378,84.6418994089,95.0,1.4593744955,52.5972898551,64.5886602785,110.0,STANDBY,0,0,141.366373321
2024-02-16 06:00:00,RIG_ANOMALIES,6,16,4,54.1504325269,93.0507131841,95.0,1.5950699182,46.4671569471,59.4411838433,110.0,HIGH_PRODUCTION,0,0,141.4126910607
2024-02-16 07:00:00,RIG_ANOMALIES,7,16,4,62.325944416,89.7770063683,92.386241775,1.2905569418,47.3519824514,77.7783016638,110.0,HIGH_PRODUCTION,0,0,141.4590088004
2024-02-16 08:00:00,RIG_ANOMALIES,8,16,4,69.9443086806,98.4366113043,95.0,1.250930552,51.522448328,67.5566660188,110.0,HIGH_PRODUCTION,0,0,141.5053265401
2024-02-16 09:00:00,RIG_ANOMALIES,9,16,4,76.4863463859,103.8454583276,95.0,1.4507141057,53.7599073909,66.2740006038,110.0,HIGH_PRODUCTION,0,0,141.5516442798
2024-02-16 10:00:00,RIG_ANOMALIES,10,16,4,81.5062284735,118.8790212379,95.0,1.0774815969,53.4945112538,79.1477970098,110.0,HIGH_PRODUCTION,0,0,141.5979620195
2024-02-16 11:00:00,RIG_ANOMALIES,11,16,4,84.661858275,106.1747114476,95.0,1.2640117867,53.217902807,71.6984872644,110.0,HIGH_PRODUCTION,0,0,141.6442797591
2024-02-16 12:00:00,RIG_ANOMALIES,12,16,4,85.7381848343,122.5927574955,95.0,1.5951459317,52.146687288,82.9309425513,110.0,HIGH_PRODUCTION,0,0,141.6905974988
2024-02-16 13:00:00,RIG_ANOMALIES,13,16,4,84.661858275,135.545232707,95.0,1.3655020234,52.1532544439,85.8901235551,110.0,HIGH_PRODUCTION,0,0,141.7369152385
2024-02-16 14:00:00,RIG_ANOMALIES,14,16,4,81.5062284735,117.4711228709,95.0,1.5420433857,60.5640848947,78.8255078793,110.0,HIGH_PRODUCTION,0,0,141.7832329782
2024-02-16 15:00:00,RIG_ANOMALIES,15,16,4,76.4863463859,100.253890612,95.0,1.1969561219,51.5500082555,61.5077684577,110.0,HIGH_PRODUCTION,0,0,141.8295507179
2024-02-16 16:00:00,RIG_ANOMALIES,16,16,4,69.9443086806,94.1226820226,95.0,1.3329790491,48.3569337546,61.7155108446,110.0,HIGH_PRODUCTION,0,0,141.8758684576
2024-02-16 17:00:00,RIG_ANOMALIES,17,16,4,62.325944416,103.8334874717,95.0,1.2088451124,58.7804894375,68.7682124852,110.0,HIGH_PRODUCTION,0,0,141.9221861973
2024-02-16 18:00:00,RIG_ANOMALIES,18,16,4,54.1504325269,73.2947093772,94.0879894954,1.2596945225,42.6847262571,54.6793978432,108.6776896673,HIGH_PRODUCTION,0,0,141.968503937
2024-02-16 19:00:00,RIG_ANOMALIES,19,16,4,45.9749206378,65.1474629914,73.1337423969,1.0833345273,46.2097103817,52.9117895706,100.3597307605,HIGH_PRODUCTION,0,0,142.0148216767
2024-02-16 20:00:00,RIG_ANOMALIES,20,16,4,38.3565563732,76.9131342476,80.883490802,1.2637371791,46.7056086528,55.4965562291,95.2337434149,HIGH_PRODUCTION,0,0,142.0611394164
2024-02-16 21:00:00,RIG_ANOMALIES,21,16,4,36.1002883513,55.859155188,78.2944831564,1.2401404538,43.0842989111,58.4152166783,110.0,HIGH_PRODUCTION,0,0,142.1074571561
2024-02-16 22:00:00,RIG_ANOMALIES,22,16,4,36.1002883513,79.1594944132,91.1750081396,1.2664350818,48.0414702489,61.9749170081,110.0,STANDBY,0,0,142.1537748958
2024-02-16 23:00:00,RIG_ANOMALIES,23,16,4,36.1002883513,69.0692580126,75.327660393,1.0389033139,39.2843703865,52.7747522909,98.6403518901,STANDBY,0,0,142.2000926355
2024-02-17 00:00:00,RIG_ANOMALIES,0,17,5,36.8726740701,71.2222963422,78.6934077699,1.2738676643,41.7931039115,57.888858646,109.1497345637,STANDBY,0,0,142.2464103752
2024-02-17 01:00:00,RIG_ANOMALIES,1,17,5,36.8726740701,77.3063345344,85.2332261689,1.165018204,49.8550278112,57.275617812,110.0,STANDBY,0,0,142.2927281149
2024-02-17 02:00:00,RIG_ANOMALIES,2,17,5,36.8726740701,78.7792789928,85.050461103,1.3011236183000001,45.3454275883,70.0691134484,110.0,STANDBY,0,0,142.3390458546
2024-02-17 03:00:00,RIG_ANOMALIES,3,17,5,36.8726740701,61.5591853939,71.9993733772,1.1485167372,43.5295855447,52.538258158,105.9419330033,STANDBY,0,0,142.3853635943
2024-02-17 04:00:00,RIG_ANOMALIES,4,17,5,39.1772161995,70.5493399223,77.0409179365,1.286238374,44.180146454,52.3634032029,100.958410699,STANDBY,0,0,142.431681334
2024-02-17 05:00:00,RIG_ANOMALIES,5,17,5,46.9585795986,83.0516235666,85.7791773793,1.2286909508,36.5344594138,60.6141307281,110.0,STANDBY,0,0,142.4779990736
2024-02-17 06:00:00,RIG_ANOMALIES,6,17,5,55.3090111052,78.7595042592,95.0,1.2766777867,49.749691624,72.9756558989,110.0,HIGH_PRODUCTION,0,0,142.5243168133
2024-02-17 07:00:00,RIG_ANOMALIES,7,17,5,63.6594426117,98.4027612052,95.0,1.0287322926,51.3756585862,68.7568513242,99.0335565836,HIGH_PRODUCTION,0,0,142.570634553
2024-02-17 08:00:00,RIG_ANOMALIES,8,17,5,71.4408060109,110.2489239483,95.0,1.1315838595,51.8492707742,74.1532814792,110.0,HIGH_PRODUCTION,0,0,142.6169522927
2024-02-17 09:00:00,RIG_ANOMALIES,9,17,5,78.1228142462,100.7915418964,95.0,1.3238576175,57.1078550178,76.9635139461,110.0,HIGH_PRODUCTION,0,0,142.6632700324
2024-02-17 10:00:00,RIG_ANOMALIES,10,17,5,83.2500994991,130.4674327201,95.0,1.4477611501,48.6225469513,74.518445064,110.0,HIGH_PRODUCTION,0,0,142.7095877721
2024-02-17 11:00:00,RIG_ANOMALIES,11,17,5,86.4732457528,131.5048454485,95.0,1.4293788514,57.9508286821,77.5885121075,110.0,HIGH_PRODUCTION,0,0,142.7559055118
2024-02-17 12:00:00,RIG_ANOMALIES,12,17,5,87.5726009166,118.8361756899,95.0,1.0761524054,58.4863619751,84.1896390544,105.641418973,HIGH_PRODUCTION,0,0,142.8022232515
2024-02-17 13:00:00,RIG_ANOMALIES,13,17,5,86.4732457528,108.2181644287,95.0,1.2928041094,56.1867485762,79.0454315433,110.0,HIGH_PRODUCTION,0,0,142.8485409912
2024-02-17 14:00:00,RIG_ANOMALIES,14,17,5,83.2500994991,103.4085008522,95.0,1.2368686136,47.679546409,61.6039295925,110.0,HIGH_PRODUCTION,0,0,142.8948587309
2024-02-17 15:00:00,RIG_ANOMALIES,15,17,5,78.1228142462,100.3848584367,95.0,1.4739257398,48.5770331165,70.8150244934,110.0,HIGH_PRODUCTION,0,0,142.9411764706
2024-02-17 16:00:00,RIG_ANOMALIES,16,17,5,71.4408060109,109.6082064157,95.0,1.3302652665,53.5344810876,59.5692804843,110.0,HIGH_PRODUCTION,0,0,142.9874942103
2024-02-17 17:00:00,RIG_ANOMALIES,17,17,5,63.6594426117,81.6272146316,95.0,1.1071278975,52.2639987501,75.3192324089,110.0,HIGH_PRODUCTION,0,0,143.03381195
2024-02-17 18:00:00,RIG_ANOMALIES,18,17,5,55.3090111052,88.9871760039,95.0,1.0722497665,50.2496458825,60.3116384031,110.0,HIGH_PRODUCTION,0,0,143.0801296897
2024-02-17 19:00:00,RIG_ANOMALIES,19,17,5,46.9585795986,95.0414776968,95.0,1.344234157,50.0658058813,71.9845498331,110.0,HIGH_PRODUCTION,0,0,143.1264474294
2024-02-17 20:00:00,RIG_ANOMALIES,20,17,5,39.1772161995,87.8038827119,88.9803195588,1.222890985,38.9812432336,59.4571914556,110.0,HIGH_PRODUCTION,0,0,143.1727651691
2024-02-17 21:00:00,RIG_ANOMALIES,21,17,5,36.8726740701,68.7595911426,80.5742554262,1.141199505,43.2783849752,53.5452808008,97.5816035626,HIGH_PRODUCTION,0,0,143.2190829088
2024-02-17 22:00:00,RIG_ANOMALIES,22,17,5,36.8726740701,69.601667885,78.7223016176,1.2729517932,42.5492362723,69.0099326022,104.7613760812,STANDBY,0,0,143.2654006484
2024-02-17 23:00:00,RIG_ANOMALIES,23,17,5,36.8726740701,74.4751397131,80.2523348503,1.1144778665,43.4662679744,62.9892130737,104.5007129521,STANDBY,0,0,143.3117183881
2024-02-18 00:00:00,RIG_ANOMALIES,0,18,6,38.2644650435,58.1392370349,57.0834354043,0.7058178302,41.4607200236,60.8470698931,57.6150174124,STANDBY,0,0,143.3580361278
2024-02-18 01:00:00,RIG_ANOMALIES,1,18,6,38.2644650435,51.3474002748,50.5810043486,0.6315655187,42.3891510595,62.006739679,62.2912969719,STANDBY,0,0,143.4043538675
2024-02-18 02:00:00,RIG_ANOMALIES,2,18,6,38.2644650435,56.2468373394,58.4094228735,0.6735509688,47.4806630173,63.7953191485,61.4065907447,STANDBY,0,0,143.4506716072
2024-02-18 03:00:00,RIG_ANOMALIES,3,18,6,38.2644650435,62.5834173192,59.7210145542,0.6689527867,46.347252751,71.2478387428,66.5663400752,STANDBY,0,0,143.4969893469
2024-02-18 04:00:00,RIG_ANOMALIES,4,18,6,40.6559941088,64.6888577469,63.9964132182,0.7518088704,42.4897183352,64.8876743756,68.1780717861,STANDBY,0,0,143.5433070866
2024-02-18 05:00:00,RIG_ANOMALIES,5,18,6,48.7310717994,61.1563419672,63.9294410386,0.7734597696000001,45.2209416654,72.0257291672,64.8988959927,STANDBY,0,0,143.5896248263
2024-02-18 06:00:00,RIG_ANOMALIES,6,18,6,57.3966975653,72.7234667292,74.2421986068,0.7205524221,50.9809284342,76.3369130073,82.737820468,HIGH_PRODUCTION,0,0,143.635942566
2024-02-18 07:00:00,RIG_ANOMALIES,7,18,6,66.0623233312,86.2580025048,87.1623567635,0.732711784,53.4400500735,76.7453495025,95.5162866751,HIGH_PRODUCTION,0,0,143.6822603057
2024-02-18 08:00:00,RIG_ANOMALIES,8,18,6,74.1374010218,98.9122103576,94.5032161247,0.7926778572000001,51.6141357198,81.4108705794,98.8746179461,HIGH_PRODUCTION,0,0,143.7285780454
2024-02-18 09:00:00,RIG_ANOMALIES,9,18,6,81.0716274372,101.1709944011,94.7982748333,0.8266471757,56.2425938728,79.8307476261,97.6311654079,HIGH_PRODUCTION,0,0,143.7748957851
2024-02-18 10:00:00,RIG_ANOMALIES,10,18,6,86.3924465065,100.5501034209,94.8529405759,0.8157161419000001,58.1170994482,82.8665157573,99.9836767325,HIGH_PRODUCTION,0,0,143.8212135248
2024-02-18 11:00:00,RIG_ANOMALIES,11,18,6,89.7372532031,89.4273663634,92.2448255162,0.783739979,50.9235304711,75.9074646424,96.7402582525,HIGH_PRODUCTION,0,0,143.8675312645
2024-02-18 12:00:00,RIG_ANOMALIES,12,18,6,90.8781044784,106.9678127026,95.0,0.8414158047,57.1692229505,87.0967660186,104.6408369277,HIGH_PRODUCTION,0,0,143.9138490042
2024-02-18 13:00:00,RIG_ANOMALIES,13,18,6,89.7372532031,101.9651145498,95.0,0.7931152843,56.5064985579,75.3473113923,95.7604077421,HIGH_PRODUCTION,0,0,143.9601667439
2024-02-18 14:00:00,RIG_ANOMALIES,14,18,6,86.3924465065,102.7374647306,95.0,0.8490535274000001,53.4194572522,81.0944509196,101.1717850272,HIGH_PRODUCTION,0,0,144.0064844836
2024-02-18 15:00:00,RIG_ANOMALIES,15,18,6,81.0716274372,96.5288562605,94.0394096751,0.8026212158,52.3899450638,76.2093426381,96.5304804711,HIGH_PRODUCTION,0,0,144.0528022233
2024-02-18 16:00:00,RIG_ANOMALIES,16,18,6,74.1374010218,93.0430845411,87.5102594654,0.8648577684000001,45.3715652584,74.1258499733,96.2420871498,HIGH_PRODUCTION,0,0,144.0991199629
2024-02-18 17:00:00,RIG_ANOMALIES,17,18,6,66.0623233312,87.1376112772,90.0148453759,0.7624403275,52.2955471129,76.3708151925,94.8916159389,HIGH_PRODUCTION,0,0,144.1454377026
2024-02-18 18:00:00,RIG_ANOMALIES,18,18,6,57.3966975653,71.4936619121,71.2786460091,0.8034495467,47.9891248599,69.6073429321,78.7041656279,HIGH_PRODUCTION,0,0,144.1917554423
2024-02-18 19:00:00,RIG_ANOMALIES,19,18,6,48.7310717994,59.5983580386,65.2223090508,0.7238456860000001,44.8010198128,64.1299639309,68.9473058924,HIGH_PRODUCTION,0,0,144.238073182
2024-02-18 20:00:00,RIG_ANOMALIES,20,18,6,40.6559941088,58.1406194053,58.4231580077,0.6678250078,40.7792220107,71.4552176196,60.5099040846,HIGH_PRODUCTION,0,0,144.2843909217
2024-02-18 21:00:00,RIG_ANOMALIES,21,18,6,38.2644650435,56.9464633605,60.7336750626,0.7263925525,42.4384491978,65.6328264585,66.9628137999,HIGH_PRODUCTION,0,0,144.3307086614
2024-02-18 22:00:00,RIG_ANOMALIES,22,18,6,38.2644650435,55.9190489175,56.2581531834,0.7109646092,44.9884738314,62.1222466718,62.7895223923,STANDBY,0,0,144.3770264011
2024-02-18 23:00:00,RIG_ANOMALIES,23,18,6,38.2644650435,65.1240890115,61.4505047189,0.7525314362000001,45.7851885658,71.5051194027,67.0910592213,STANDBY,0,0,144.4233441408
2024-02-19 00:00:00,RIG_ANOMALIES,0,19,0,40.0,55.8848726222,54.8004464525,0.6061047927000001,41.9485113248,69.3343280969,58.4866012832,STANDBY,0,0,144.4696618805
2024-02-19 01:00:00,RIG_ANOMALIES,1,19,0,40.0,57.3279877123,60.1126999906,0.6600181092,41.4783076418,70.6613114702,63.6935905327,STANDBY,0,0,144.5159796202
2024-02-19 02:00:00,RIG_ANOMALIES,2,19,0,40.0,61.1489434784,61.3622431742,0.7689809344,41.8175475623,72.6774912057,62.1258740311,STANDBY,0,0,144.5622973599
2024-02-19 03:00:00,RIG_ANOMALIES,3,19,0,40.0,59.1814915868,58.9074817251,0.7822108423,42.8715811615,70.5987176968,64.0833682909,STANDBY,0,0,144.6086150996
2024-02-19 04:00:00,RIG_ANOMALIES,4,19,0,42.5,61.9350799799,62.0667216066,0.6266908552,46.5380344158,70.635835831,62.8379557683,STANDBY,0,0,144.6549328393
2024-02-19 05:00:00,RIG_ANOMALIES,5,19,0,50.9413334214,64.9301789644,68.4239642158,0.7567472077,46.6217273704,69.2041784968,75.8934087502,STANDBY,0,0,144.701250579
2024-02-19 06:00:00,RIG_ANOMALIES,6,19,0,60.0,73.2351124376,78.6568793226,0.7704107993,48.9863155637,69.0004898196,85.9912468208,HIGH_PRODUCTION,0,0,144.7475683187
2024-02-19 07:00:00,RIG_ANOMALIES,7,19,0,69.0586665786,85.118224942,82.8283451991,0.737698217,46.6716123366,78.7763166974,90.5366475942,HIGH_PRODUCTION,0,0,144.7938860584
2024-02-19 08:00:00,RIG_ANOMALIES,8,19,0,77.5,86.8773120965,87.3400770597,0.8354660072000001,51.1950663018,70.5206620436,91.0834680108,HIGH_PRODUCTION,0,0,144.8402037981
2024-02-19 09:00:00,RIG_ANOMALIES,9,19,0,84.7487373415,102.8217044854,95.0,0.852171094,56.067570116,79.9534348065,107.5868970804,HIGH_PRODUCTION,0,0,144.8865215377
2024-02-19 10:00:00,RIG_ANOMALIES,10,19,0,90.3108891325,105.1120163227,95.0,0.8325321442,58.7036070571,77.1515468958,100.8631637498,HIGH_PRODUCTION,0,0,144.9328392774
2024-02-19 11:00:00,RIG_ANOMALIES,11,19,0,93.8074039201,114.8907335234,95.0,0.7932831651000001,57.079754751,83.0815601534,100.0748589561,HIGH_PRODUCTION,0,0,144.9791570171
2024-02-19 12:00:00,RIG_ANOMALIES,12,19,0,95.0,113.9584937037,95.0,0.8777781622,56.257523796,82.9792968731,98.4296816343,HIGH_PRODUCTION,0,0,145.0254747568
2024-02-19 13:00:00,RIG_ANOMALIES,13,19,0,93.8074039201,110.114765974,95.0,0.9230373122000001,60.9276221953,86.7640689458,100.6094017851,HIGH_PRODUCTION,0,0,145.0717924965
2024-02-19 14:00:00,RIG_ANOMALIES,14,19,0,90.3108891325,105.5166782157,95.0,0.7656147983,57.4376495523,83.8027836126,95.2191662579,HIGH_PRODUCTION,0,0,145.1181102362
2024-02-19 15:00:00,RIG_ANOMALIES,15,19,0,84.7487373415,99.9200774866,94.0970603596,0.8258907040000001,54.744953671,78.0461319424,99.7111537531,HIGH_PRODUCTION,0,0,145.1644279759
2024-02-19 16:00:00,RIG_ANOMALIES,16,19,0,77.5,88.4501716736,84.8400522552,0.7772576583,57.120790042,71.0275012595,88.6572421953,HIGH_PRODUCTION,0,0,145.2107457156
2024-02-19 17:00:00,RIG_ANOMALIES,17,19,0,69.0586665786,85.7594223133,83.6392336702,0.7477405421000001,51.7735617209,74.5534329034,92.5197159014,HIGH_PRODUCTION,0,0,145.2570634553
2024-02-19 18:00:00,RIG_ANOMALIES,18,19,0,60.0,71.763500099,71.4640528344,0.7304794376,46.2646718314,68.6392220443,78.8902714549,HIGH_PRODUCTION,0,0,145.303381195
2024-02-19 19:00:00,RIG_ANOMALIES,19,19,0,50.9413334214,65.1034922077,67.6268988951,0.6808688462,49.5122365363,64.2163157123,70.5332875034,HIGH_PRODUCTION,0,0,145.3496989347
2024-02-19 20:00:00,RIG_ANOMALIES,20,19,0,42.5,55.8114762983,61.415102381,0.6691960964,41.3824594475,61.7138247115,66.3770636841,HIGH_PRODUCTION,0,0,145.3960166744
2024-02-19 21:00:00,RIG_ANOMALIES,21,19,0,40.0,55.7455687825,56.0408406201,0.6403060967,42.7239451435,64.8383705029,56.4816441205,HIGH_PRODUCTION,0,0,145.4423344141
2024-02-19 22:00:00,RIG_ANOMALIES,22,19,0,40.0,59.8913579325,60.2107779647,0.7541998903,41.9073899203,68.0102159975,63.5829804776,STANDBY,0,0,145.4886521538
2024-02-19 23:00:00,RIG_ANOMALIES,23,19,0,40.0,54.4802763856,55.5643157493,0.7426821003,40.8539976948,66.7031459562,61.7366197828,STANDBY,0,0,145.5349698935
2024-02-20 00:00:00,RIG_ANOMALIES,0,20,1,38.2644650435,60.2684793107,60.2053242676,0.7658529794000001,46.4974599232,60.3351625778,64.812981484,STANDBY,0,0,145.5812876332
2024-02-20 01:00:00,RIG_ANOMALIES,1,20,1,38.2644650435,53.094768897,54.5934999046,0.7080887535,42.2794916373,68.6597420535,55.9140050087,STANDBY,0,0,145.6276053729
2024-02-20 02:00:00,RIG_ANOMALIES,2,20,1,38.2644650435,52.7455616272,54.4268068446,0.6796020239,43.2795003644,64.7282966924,55.3283847878,STANDBY,0,0,145.6739231126
2024-02-20 03:00:00,RIG_ANOMALIES,3,20,1,38.2644650435,47.9165606708,55.3996113652,0.6780767233,43.0886034165,65.1428613542,61.1794373806,STANDBY,0,0,145.7202408522
2024-02-20 04:00:00,RIG_ANOMALIES,4,20,1,40.6559941088,54.2273152566,59.4488100086,0.7313430454000001,47.0971667768,64.746086925,66.2205090873,STANDBY,0,0,145.7665585919
2024-02-20 05:00:00,RIG_ANOMALIES,5,20,1,48.7310717994,62.5309879447,66.948377276,0.6216303957,46.8154922817,70.3789610676,75.7808449414,STANDBY,0,0,145.8128763316
2024-02-20 06:00:00,RIG_ANOMALIES,6,20,1,57.3966975653,68.4751746794,71.8005267903,0.6896395946,46.2047088501,72.675814763,76.4903307701,HIGH_PRODUCTION,0,0,145.8591940713
2024-02-20 07:00:00,RIG_ANOMALIES,7,20,1,66.0623233312,84.5985294478,80.3635386159,0.8376844024000001,52.8247022709,76.7262475256,91.8464009636,HIGH_PRODUCTION,0,0,145.905511811
2024-02-20 08:00:00,RIG_ANOMALIES,8,20,1,74.1374010218,97.1796419445,88.9288263001,0.8199949712,53.7451862674,84.1545221937,89.751982609,HIGH_PRODUCTION,0,0,145.9518295507
2024-02-20 09:00:00,RIG_ANOMALIES,9,20,1,81.0716274372,102.1968275654,95.0,0.8261166545,55.0970792953,80.5480405395,99.272984591,HIGH_PRODUCTION,0,0,145.9981472904
2024-02-20 10:00:00,RIG_ANOMALIES,10,20,1,86.3924465065,94.6887551006,92.6560397309,0.7928935771000001,56.2620785822,78.6293289835,98.3337855052,HIGH_PRODUCTION,0,0,146.0444650301
2024-02-20 11:00:00,RIG_ANOMALIES,11,20,1,89.7372532031,106.9560977076,95.0,0.8491745396,54.9693310918,82.8438491639,100.6174158604,HIGH_PRODUCTION,0,0,146.0907827698
2024-02-20 12:00:00,RIG_ANOMALIES,12,20,1,90.8781044784,105.4146898272,95.0,0.8396322755000001,56.3088500614,84.4324321325,98.8575085319,HIGH_PRODUCTION,0,0,146.1371005095
2024-02-20 13:00:00,RIG_ANOMALIES,13,20,1,89.7372532031,108.8529347189,95.0,0.8889251218,54.6346592707,81.9592858914,97.2296029582,HIGH_PRODUCTION,0,0,146.1834182492
2024-02-20 14:00:00,RIG_ANOMALIES,14,20,1,86.3924465065,94.3705796572,91.1870471747,0.758581857,53.2158260887,80.2871760938,92.1793201642,HIGH_PRODUCTION,0,0,146.2297359889
2024-02-20 15:00:00,RIG_ANOMALIES,15,20,1,81.0716274372,98.4230849551,95.0,0.8992787568,50.3920162937,78.5874346605,96.6803141524,HIGH_PRODUCTION,0,0,146.2760537286
2024-02-20 16:00:00,RIG_ANOMALIES,16,20,1,74.1374010218,90.9362476658,87.9249793669,0.8669193743,51.4679409701,78.0571077359,93.4728098216,HIGH_PRODUCTION,0,0,146.3223714683
2024-02-20 17:00:00,RIG_ANOMALIES,17,20,1,66.0623233312,87.9656695131,81.8645887959,0.8221447245,50.6229910323,75.8090012063,96.6497495244,HIGH_PRODUCTION,0,0,146.368689208
2024-02-20 18:00:00,RIG_ANOMALIES,18,20,1,57.3966975653,72.8275686084,73.8633802447,0.7682802341,47.5845948586,72.6551038427,78.3599805187,HIGH_PRODUCTION,0,0,146.4150069477
2024-02-20 19:00:00,RIG_ANOMALIES,19,20,1,48.7310717994,70.2397328042,70.8486028036,0.6696288276,46.3996572848,73.5457271638,76.8145905245,HIGH_PRODUCTION,0,0,146.4613246874
2024-02-20 20:00:00,RIG_ANOMALIES,20,20,1,40.6559941088,58.9989734096,64.6072969325,0.7047628208000001,47.5824553251,70.7754888133,69.0922936416,HIGH_PRODUCTION,0,0,146.507642427
2024-02-20 21:00:00,RIG_ANOMALIES,21,20,1,38.2644650435,47.5388921672,54.2530495017,0.5884827684,43.4681036142,62.086728375,60.5690454401,HIGH_PRODUCTION,0,0,146.5539601667
2024-02-20 22:00:00,RIG_ANOMALIES,22,20,1,38.2644650435,59.3409866153,59.0350822468,0.636370549,45.4192927936,69.8123540076,58.6900088591,STANDBY,0,0,146.6002779064
2024-02-20 23:00:00,RIG_ANOMALIES,23,20,1,38.2644650435,50.5166439543,48.4011474133,0.7423914197,41.7027348635,63.3890435116,49.5078411059,STANDBY,0,0,146.6465956461
2024-02-21 00:00:00,RIG_ANOMALIES,0,21,2,36.8726740701,55.5046322008,56.4229604397,0.6381717157,48.142062247,68.0368865104,58.0528297169,STANDBY,0,0,146.6929133858
2024-02-21 01:00:00,RIG_ANOMALIES,1,21,2,36.8726740701,45.7962720679,47.2624787763,0.5933496919,45.561736888,62.8652374852,56.0565881053,STANDBY,0,0,146.7392311255
2024-02-21 02:00:00,RIG_ANOMALIES,2,21,2,36.8726740701,61.672993622,59.2177057479,0.6514732493000001,44.7742775596,64.4749273397,61.7694750507,STANDBY,0,0,146.7855488652
2024-02-21 03:00:00,RIG_ANOMALIES,3,21,2,36.8726740701,56.5222573078,56.4570311491,0.7056033284000001,40.2761750293,67.2015875378,61.5873722659,STANDBY,0,0,146.8318666049
2024-02-21 04:00:00,RIG_ANOMALIES,4,21,2,39.1772161995,57.8358609003,60.635725087,0.7665185641000001,46.3671132596,61.7282678656,63.8630811772,STANDBY,0,0,146.8781843446
2024-02-21 05:00:00,RIG_ANOMALIES,5,21,2,46.9585795986,60.5526720601,63.654802334,0.6389344076,46.716185395,66.1978943236,73.0407626842,STANDBY,0,0,146.9245020843
2024-02-21 06:00:00,RIG_ANOMALIES,6,21,2,55.3090111052,67.1695550725,70.0198995233,0.7311099464,50.4020464429,69.9657513683,78.2067363342,HIGH_PRODUCTION,0,0,146.970819824
2024-02-21 07:00:00,RIG_ANOMALIES,7,21,2,63.6594426117,73.4278451773,76.6526975271,0.714489512,47.4828930317,71.7096313103,84.005343804,HIGH_PRODUCTION,0,0,147.0171375637
2024-02-21 08:00:00,RIG_ANOMALIES,8,21,2,71.4408060109,87.4976458721,87.5174300394,0.6938769177,52.8738219141,70.9353287952,95.7848213845,HIGH_PRODUCTION,0,0,147.0634553034
2024-02-21 09:00:00,RIG_ANOMALIES,9,21,2,78.1228142462,93.3374802576,92.6630084656,0.8206409506000001,53.8420978255,77.1662686347,99.3374471068,HIGH_PRODUCTION,0,0,147.1097730431
2024-02-21 10:00:00,RIG_ANOMALIES,10,21,2,83.2500994991,95.9368021191,95.0,0.6846225182,50.9979524201,76.1484546895,99.2027931563,HIGH_PRODUCTION,0,0,147.1560907828
2024-02-21 11:00:00,RIG_ANOMALIES,11,21,2,86.4732457528,106.8778602329,95.0,0.8865200463,55.8731298655,81.8247752385,101.9239704374,HIGH_PRODUCTION,0,0,147.2024085225
2024-02-21 12:00:00,RIG_ANOMALIES,12,21,2,87.5726009166,108.3070674079,95.0,0.8783182272000001,55.1830137482,80.8693085081,100.1861145805,HIGH_PRODUCTION,0,0,147.2487262622
2024-02-21 13:00:00,RIG_ANOMALIES,13,21,2,86.4732457528,92.3134325386,94.1595377156,0.9046949784,49.4031883724,78.2244375454,92.2634136832,HIGH_PRODUCTION,0,0,147.2950440019
2024-02-21 14:00:00,RIG_ANOMALIES,14,21,2,83.2500994991,101.8173849122,95.0,0.8079933344,54.9808569128,81.5111784757,102.0373410379,HIGH_PRODUCTION,0,0,147.3413617415
2024-02-21 15:00:00,RIG_ANOMALIES,15,21,2,78.1228142462,93.9009299461,92.5223241318,0.8466640980000001,53.1002621071,79.6314210342,98.9989091282,HIGH_PRODUCTION,0,0,147.3876794812
2024-02-21 16:00:00,RIG_ANOMALIES,16,21,2,71.4408060109,86.4636933875,88.2158811077,0.7683047703,51.1142611178,77.8725252754,97.2252660372,HIGH_PRODUCTION,0,0,147.4339972209
2024-02-21 17:00:00,RIG_ANOMALIES,17,21,2,63.6594426117,72.7591692436,73.4356993585,0.8096257327,49.186173109,72.8537572943,78.0532695029,HIGH_PRODUCTION,0,0,147.4803149606
2024-02-21 18:00:00,RIG_ANOMALIES,18,21,2,55.3090111052,69.5993247452,71.5621154131,0.752702667,47.7115823494,69.5820825105,73.8464130801,HIGH_PRODUCTION,0,0,147.5266327003
2024-02-21 19:00:00,RIG_ANOMALIES,19,21,2,46.9585795986,67.5787046656,69.2413633893,0.7132580402,47.5566204356,69.2091963828,76.3392015222,HIGH_PRODUCTION,0,0,147.57295044
2024-02-21 20:00:00,RIG_ANOMALIES,20,21,2,39.1772161995,58.3657801904,60.2782997507,0.7032452134,42.4362329394,66.2241463564,66.8002775842,HIGH_PRODUCTION,0,0,147.6192681797
2024-02-21 21:00:00,RIG_ANOMALIES,21,21,2,36.8726740701,66.0974376872,64.8043913597,0.6431979729,44.276024399,69.8090997186,72.8734767185,HIGH_PRODUCTION,0,0,147.6655859194
2024-02-21 22:00:00,RIG_ANOMALIES,22,21,2,36.8726740701,61.3918186345,60.768114394,0.7859732589,44.4207741304,69.3517860615,67.8479703195,STANDBY,0,0,147.7119036591
2024-02-21 23:00:00,RIG_ANOMALIES,23,21,2,36.8726740701,53.0035614813,50.5412585905,0.7276426213,39.7131452279,62.7695410728,54.3855121516,STANDBY,0,0,147.7582213988
2024-02-22 00:00:00,RIG_ANOMALIES,0,22,3,36.1002883513,57.0988422729,56.2111172944,0.5437049260000001,43.0670583244,61.1420418104,62.2846265821,STANDBY,0,0,147.8045391385
2024-02-22 01:00:00,RIG_ANOMALIES,1,22,3,36.1002883513,58.8338055313,59.9982666575,0.6784101349,44.5109700634,71.1960887487,64.8109641434,STANDBY,0,0,147.8508568782
2024-02-22 02:00:00,RIG_ANOMALIES,2,22,3,36.1002883513,53.0695287404,55.5199497448,0.7436993517,45.4632877104,62.7363610082,56.4433484934,STANDBY,0,0,147.8971746179
2024-02-22 03:00:00,RIG_ANOMALIES,3,22,3,36.1002883513,51.5817992565,57.2417373591,0.6973057296,42.3455819827,60.60363995,64.529769796,STANDBY,0,0,147.9434923576
2024-02-22 04:00:00,RIG_ANOMALIES,4,22,3,38.3565563732,56.284240187500004,60.1881282553,0.7077621226,41.2569489576,69.7638571675,63.9647642949,STANDBY,0,0,147.9898100973
2024-02-22 05:00:00,RIG_ANOMALIES,5,22,3,45.9749206378,56.3995920577,59.195744556,0.7231633732,43.0434906251,62.8956529238,64.4776073796,STANDBY,0,0,148.036127837
2024-02-22 06:00:00,RIG_ANOMALIES,6,22,3,54.1504325269,63.9967146547,69.5618916701,0.7538949022,47.2685562867,68.4947192678,73.1849279716,HIGH_PRODUCTION,0,0,148.0824455767
2024-02-22 07:00:00,RIG_ANOMALIES,7,22,3,62.325944416,82.4565826293,82.455797544,0.7577373889,46.5888368967,74.7163566709,86.1329884133,HIGH_PRODUCTION,0,0,148.1287633164
2024-02-22 08:00:00,RIG_ANOMALIES,8,22,3,69.9443086806,76.6369828216,79.2447160802,0.7739418669,49.0305926818,79.1166081759,84.4028524258,HIGH_PRODUCTION,0,0,148.175081056
2024-02-22 09:00:00,RIG_ANOMALIES,9,22,3,76.4863463859,90.3374209306,89.9685707833,0.8043361283,51.3142165442,77.43048649,94.6934070566,HIGH_PRODUCTION,0,0,148.2213987957
2024-02-22 10:00:00,RIG_ANOMALIES,10,22,3,81.5062284735,88.0914750026,88.0952100596,0.7705145259,54.5725063428,77.711377043,91.435367796,HIGH_PRODUCTION,0,0,148.2677165354
2024-02-22 11:00:00,RIG_ANOMALIES,11,22,3,84.661858275,102.3806939249,95.0,0.8152119072,56.1757581515,80.9480223642,106.4403065535,HIGH_PRODUCTION,0,0,148.3140342751
2024-02-22 12:00:00,RIG_ANOMALIES,12,22,3,85.7381848343,101.6868491478,95.0,0.8384707786000001,53.0633346848,75.4327574021,99.1040765565,HIGH_PRODUCTION,0,0,148.3603520148
2024-02-22 13:00:00,RIG_ANOMALIES,13,22,3,84.661858275,102.5298289163,95.0,0.8468358368000001,58.6715621844,80.5522434777,104.2786436716,HIGH_PRODUCTION,0,0,148.4066697545
2024-02-22 14:00:00,RIG_ANOMALIES,14,22,3,81.5062284735,94.099923746,94.9413254942,0.8273066488,54.2871248583,80.546381209,99.5029593888,HIGH_PRODUCTION,0,0,148.4529874942
2024-02-22 15:00:00,RIG_ANOMALIES,15,22,3,76.4863463859,87.3546118097,88.4864336592,0.8698506403,48.6307214747,74.0816700924,93.8323842214,HIGH_PRODUCTION,0,0,148.4993052339
2024-02-22 16:00:00,RIG_ANOMALIES,16,22,3,69.9443086806,86.925853148,84.0935985117,0.7807301814000001,51.4301666623,75.2182650728,88.4905280763,HIGH_PRODUCTION,0,0,148.5456229736
2024-02-22 17:00:00,RIG_ANOMALIES,17,22,3,62.325944416,74.4036213587,75.8069135427,0.7167488577000001,50.312108609,69.0908831526,83.2857624784,HIGH_PRODUCTION,0,0,148.5919407133
2024-02-22 18:00:00,RIG_ANOMALIES,18,22,3,54.1504325269,67.7860656528,72.778097753,0.7191888957,46.0997624453,74.204558847,74.3880759273,HIGH_PRODUCTION,0,0,148.638258453
2024-02-22 19:00:00,RIG_ANOMALIES,19,22,3,45.9749206378,55.0833192204,58.7409137475,0.7112078629,45.0380129708,67.795806232,64.044672361,HIGH_PRODUCTION,0,0,148.6845761927
2024-02-22 20:00:00,RIG_ANOMALIES,20,22,3,38.3565563732,62.1189085289,63.6839879454,0.6498395124,42.9026970599,73.2451611169,72.022175088,HIGH_PRODUCTION,0,0,148.7308939324
2024-02-22 21:00:00,RIG_ANOMALIES,21,22,3,36.1002883513,61.7599924134,60.1114889803,0.7128712162,41.1529220886,64.2646532954,65.5174853829,HIGH_PRODUCTION,0,0,148.7772116721
2024-02-22 22:00:00,RIG_ANOMALIES,22,22,3,36.1002883513,48.6716704082,54.2138802399,0.639315983,44.8296112061,61.6255507886,52.4342335612,STANDBY,0,0,148.8235294118
2024-02-22 23:00:00,RIG_ANOMALIES,23,22,3,36.1002883513,50.5971434715,55.0662296537,0.6775403398000001,43.3869497822,66.6769690395,62.8846326178,STANDBY,0,0,148.8698471515
2024-02-23 00:00:00,RIG_ANOMALIES,0,23,4,36.1002883513,55.7487771231,55.0373320636,0.6872499360000001,43.6772277387,73.3567296452,55.9460472089,STANDBY,0,0,148.9161648912
2024-02-23 01:00:00,RIG_ANOMALIES,1,23,4,36.1002883513,61.2407930205,57.0280384373,0.6456656758,46.7878223794,67.7873920179,60.034981748,STANDBY,0,0,148.9624826308
2024-02-23 02:00:00,RIG_ANOMALIES,2,23,4,36.1002883513,45.8429122037,48.9993899944,0.7403776409,39.5642165835,63.3072041292,52.507958423,STANDBY,0,0,149.0088003705
2024-02-23 03:00:00,RIG_ANOMALIES,3,23,4,36.1002883513,51.0451202083,56.8199922534,0.6556125266,42.5184474975,61.7464434314,65.5661856234,STANDBY,0,0,149.0551181102
2024-02-23 04:00:00,RIG_ANOMALIES,4,23,4,38.3565563732,58.6390100688,59.4680499033,0.6635927263,43.3467503055,68.1129264504,69.8032977541,STANDBY,0,0,149.1014358499
2024-02-23 05:00:00,RIG_ANOMALIES,5,23,4,45.9749206378,58.2269898036,61.5116942657,0.6770095638,47.8993775689,69.8993671633,62.2248660269,STANDBY,0,0,149.1477535896
2024-02-23 06:00:00,RIG_ANOMALIES,6,23,4,54.1504325269,75.9055887131,76.7602483961,0.7511446245000001,51.1384877886,76.3514517876,83.3237995969,HIGH_PRODUCTION,0,0,149.1940713293
2024-02-23 07:00:00,RIG_ANOMALIES,7,23,4,62.325944416,80.5644950972,83.5075892146,0.7774138361,53.453184766,73.5496812486,90.2238556308,HIGH_PRODUCTION,0,0,149.240389069
2024-02-23 08:00:00,RIG_ANOMALIES,8,23,4,69.9443086806,95.1660758303,92.8392456858,0.8327078184000001,53.6547220649,75.7783043449,102.0539551813,HIGH_PRODUCTION,0,0,149.2867068087
2024-02-23 09:00:00,RIG_ANOMALIES,9,23,4,76.4863463859,88.8564527718,90.9256527161,0.8219752044,52.3638575938,76.6393444776,93.5203787298,HIGH_PRODUCTION,0,0,149.3330245484
2024-02-23 10:00:00,RIG_ANOMALIES,10,23,4,81.5062284735,97.759306971,95.0,0.8846078392000001,50.0983130741,79.3147872895,97.6052952521,HIGH_PRODUCTION,0,0,149.3793422881
2024-02-23 11:00:00,RIG_ANOMALIES,11,23,4,84.661858275,100.5826498851,95.0,0.8318218331,54.4186978101,84.3192196429,107.6156249614,HIGH_PRODUCTION,0,0,149.4256600278
2024-02-23 12:00:00,RIG_ANOMALIES,12,23,4,85.7381848343,102.7767238316,95.0,0.8061891403,52.0159500918,85.55239916,102.5007580868,HIGH_PRODUCTION,0,0,149.4719777675
2024-02-23 13:00:00,RIG_ANOMALIES,13,23,4,84.661858275,102.3463351616,95.0,0.8474546229000001,56.7073490905,79.0997162689,102.1888349976,HIGH_PRODUCTION,0,0,149.5182955072
2024-02-23 14:00:00,RIG_ANOMALIES,14,23,4,81.5062284735,94.8810802927,95.0,0.8616833426,51.3115944169,83.6866324744,100.11190823,HIGH_PRODUCTION,0,0,149.5646132469
2024-02-23 15:00:00,RIG_ANOMALIES,15,23,4,76.4863463859,93.4803540401,94.5488609347,0.786438264,52.7575876933,82.296173886,104.0680329372,HIGH_PRODUCTION,0,0,149.6109309866
2024-02-23 16:00:00,RIG_ANOMALIES,16,23,4,69.9443086806,90.812006867,88.3903900928,0.8276293923,54.9166101933,76.9648408321,98.6552643487,HIGH_PRODUCTION,0,0,149.6572487263
2024-02-23 17:00:00,RIG_ANOMALIES,17,23,4,62.325944416,75.759484465,75.0402660515,0.7922992790000001,48.9226834021,75.8652482325,77.5419766924,HIGH_PRODUCTION,0,0,149.703566466
2024-02-23 18:00:00,RIG_ANOMALIES,18,23,4,54.1504325269,80.0414359424,76.6439399289,0.8010011588,49.3924890524,71.0442020851,80.855408709,HIGH_PRODUCTION,0,0,149.7498842057
2024-02-23 19:00:00,RIG_ANOMALIES,19,23,4,45.9749206378,61.5706551848,64.7153147499,0.6648954285,44.7154699307,65.0354995581,73.5386777869,HIGH_PRODUCTION,0,0,149.7962019453
2024-02-23 20:00:00,RIG_ANOMALIES,20,23,4,38.3565563732,57.9907892909,59.8803308861,0.7573784378,42.825977006,72.0143756241,63.2735257201,HIGH_PRODUCTION,0,0,149.842519685
2024-02-23 21:00:00,RIG_ANOMALIES,21,23,4,36.1002883513,48.6499013797,55.5309735629,0.7996589705,41.8295215838,64.8502317818,61.5252733343,HIGH_PRODUCTION,0,0,149.8888374247
2024-02-23 22:00:00,RIG_ANOMALIES,22,23,4,36.1002883513,38.227098448,41.5760586055,0.6447668010000001,38.4177003181,61.5980346779,49.2238453143,STANDBY,0,0,149.9351551644
2024-02-23 23:00:00,RIG_ANOMALIES,23,23,4,36.1002883513,56.2096267725,53.2739618891,0.6938647963,45.5812625784,66.9492165099,60.1508450313,STANDBY,0,0,149.9814729041
2024-02-24 00:00:00,RIG_ANOMALIES,0,24,5,36.8726740701,58.3682042704,58.0111089756,0.7719078756000001,41.6456708274,64.6976848314,61.7099302577,STANDBY,0,0,150.0277906438
2024-02-24 01:00:00,RIG_ANOMALIES,1,24,5,36.8726740701,56.996167014,55.2409164407,0.6871492417,43.48868046,63.2197691029,60.7277167605,STANDBY,0,0,150.0741083835
2024-02-24 02:00:00,RIG_ANOMALIES,2,24,5,36.8726740701,62.6583594199,57.3601931365,0.7176822368,47.7646498106,65.614888654,62.755096386,STANDBY,0,0,150.1204261232
2024-02-24 03:00:00,RIG_ANOMALIES,3,24,5,36.8726740701,57.8405172026,61.2468311093,0.7113092472,44.1103276304,69.9928955222,63.6871913644,STANDBY,0,0,150.1667438629
2024-02-24 04:00:00,RIG_ANOMALIES,4,24,5,39.1772161995,57.4904905403,59.1988199031,0.7290275141,43.0869264357,70.162009375,59.4487533565,STANDBY,0,0,150.2130616026
2024-02-24 05:00:00,RIG_ANOMALIES,5,24,5,46.9585795986,65.6432779021,66.3468621008,0.6857886694,45.3720284061,74.5564812754,72.740465664,STANDBY,0,0,150.2593793423
2024-02-24 06:00:00,RIG_ANOMALIES,6,24,5,55.3090111052,81.614444668,77.9846803982,0.787527066,52.1516593652,69.8601500582,87.4086836749,HIGH_PRODUCTION,0,0,150.305697082
2024-02-24 07:00:00,RIG_ANOMALIES,7,24,5,63.6594426117,82.2846664835,85.1682609002,0.7361099596,50.262612367,74.0467733927,85.3620517726,HIGH_PRODUCTION,0,0,150.3520148217
2024-02-24 08:00:00,RIG_ANOMALIES,8,24,5,71.4408060109,91.2181586153,86.2759790153,0.8282951101,50.4156309338,79.85771847070001,91.4662600359,HIGH_PRODUCTION,0,0,150.3983325614
2024-02-24 09:00:00,RIG_ANOMALIES,9,24,5,78.1228142462,101.9974439115,95.0,0.8622534581,52.2490726685,79.0627126102,98.470522193,HIGH_PRODUCTION,0,0,150.4446503011
2024-02-24 10:00:00,RIG_ANOMALIES,10,24,5,83.2500994991,99.6614974711,95.0,0.8170750132,54.6840375384,79.5996374824,102.716448489,HIGH_PRODUCTION,0,0,150.4909680408
2024-02-24 11:00:00,RIG_ANOMALIES,11,24,5,86.4732457528,105.6093985079,95.0,0.8550429379000001,58.3709063349,81.902213488,100.2005816473,HIGH_PRODUCTION,0,0,150.5372857805
2024-02-24 12:00:00,RIG_ANOMALIES,12,24,5,87.5726009166,105.7705837799,95.0,0.9072425511000001,53.6704514307,79.8938719529,99.8190043793,HIGH_PRODUCTION,0,0,150.5836035201
2024-02-24 13:00:00,RIG_ANOMALIES,13,24,5,86.4732457528,100.2738834991,95.0,0.7879307598,56.3635913741,77.9273614609,98.5485061801,HIGH_PRODUCTION,0,0,150.6299212598
2024-02-24 14:00:00,RIG_ANOMALIES,14,24,5,83.2500994991,110.4656450308,95.0,0.9007827020000001,62.2153464585,84.9394197268,104.1798793125,HIGH_PRODUCTION,0,0,150.6762389995
2024-02-24 15:00:00,RIG_ANOMALIES,15,24,5,78.1228142462,93.3015555749,92.9389023417,0.7880324030000001,53.276408914,74.3648228156,97.7443090434,HIGH_PRODUCTION,0,0,150.7225567392
2024-02-24 16:00:00,RIG_ANOMALIES,16,24,5,71.4408060109,93.5330581403,87.9170940429,0.8607177003,55.1138370844,77.3888229916,93.8722017377,HIGH_PRODUCTION,0,0,150.7688744789
2024-02-24 17:00:00,RIG_ANOMALIES,17,24,5,63.6594426117,78.0677512382,79.9662925694,0.7752602860000001,49.1091686709,72.6988842586,86.751884335,HIGH_PRODUCTION,0,0,150.8151922186
2024-02-24 18:00:00,RIG_ANOMALIES,18,24,5,55.3090111052,74.2933133505,75.9894602196,0.7362732078,50.1920188399,74.1086749502,80.1879347267,HIGH_PRODUCTION,0,0,150.8615099583
2024-02-24 19:00:00,RIG_ANOMALIES,19,24,5,46.9585795986,64.3265086902,70.21979092,0.7336728255,46.5044048069,72.2764776362,72.6968842844,HIGH_PRODUCTION,0,0,150.907827698
2024-02-24 20:00:00,RIG_ANOMALIES,20,24,5,39.1772161995,58.141837489,60.473877454,0.7399714524000001,45.5351380247,67.4187583512,66.3564691612,HIGH_PRODUCTION,0,0,150.9541454377
2024-02-24 21:00:00,RIG_ANOMALIES,21,24,5,36.8726740701,56.8900450287,59.5427167374,0.6806007351000001,43.7463808863,64.0649559086,62.5446936844,HIGH_PRODUCTION,0,0,151.0004631774
2024-02-24 22:00:00,RIG_ANOMALIES,22,24,5,36.8726740701,50.8257323511,54.6885691419,0.7020966620000001,43.4615061172,61.8435707295,59.1081065099,STANDBY,0,0,151.0467809171
2024-02-24 23:00:00,RIG_ANOMALIES,23,24,5,36.8726740701,60.8676479439,58.0546451356,0.707299925,47.668272608,70.059155972,59.4837975821,STANDBY,0,0,151.0930986568
2024-02-25 00:00:00,RIG_ANOMALIES,0,25,6,38.2644650435,43.2137764125,50.3933596867,0.6130832551000001,42.1562035932,60.4046289657,56.6467644573,STANDBY,0,0,151.1394163965
2024-02-25 01:00:00,RIG_ANOMALIES,1,25,6,38.2644650435,60.9350702951,57.3316547024,0.737283758,45.7585546804,64.7448032321,60.8578977379,STANDBY,0,0,151.1857341362
2024-02-25 02:00:00,RIG_ANOMALIES,2,25,6,38.2644650435,57.0072757877,54.0502956613,0.7771854321,45.1027323044,60.6848771739,62.2474213725,STANDBY,0,0,151.2320518759
2024-02-25 03:00:00,RIG_ANOMALIES,3,25,6,38.2644650435,62.2912150574,60.1531310723,0.5981850061,46.5413076518,69.3527994914,61.4657501527,STANDBY,0,0,151.2783696156
2024-02-25 04:00:00,RIG_ANOMALIES,4,25,6,40.6559941088,55.2158902395,63.6556135269,0.736826795,43.8661720176,64.2226945707,72.7947349178,STANDBY,0,0,151.3246873553
2024-02-25 05:00:00,RIG_ANOMALIES,5,25,6,48.7310717994,76.15212512,71.6126250229,0.7897733146,47.9596575787,68.8076908816,78.0427589993,STANDBY,0,0,151.371005095
2024-02-25 06:00:00,RIG_ANOMALIES,6,25,6,57.3966975653,69.5367424991,71.3117184219,0.7089677079000001,48.0758493273,71.4315208974,77.1348538795,HIGH_PRODUCTION,0,0,151.4173228346
2024-02-25 07:00:00,RIG_ANOMALIES,7,25,6,66.0623233312,74.9936240448,75.8173202068,0.8267778623,48.6959680416,74.9565684673,79.5116952118,HIGH_PRODUCTION,0,0,151.4636405743
2024-02-25 08:00:00,RIG_ANOMALIES,8,25,6,74.1374010218,89.9706367448,91.130872402,0.8525157714,49.9359206545,77.1306338015,96.4448265832,HIGH_PRODUCTION,0,0,151.509958314
2024-02-25 09:00:00,RIG_ANOMALIES,9,25,6,81.0716274372,98.0826966517,91.3754343213,0.8548063091,54.5275769179,76.0000044467,96.4095553407,HIGH_PRODUCTION,0,0,151.5562760537
2024-02-25 10:00:00,RIG_ANOMALIES,10,25,6,86.3924465065,108.6660792052,95.0,0.8670741343,56.548924596,78.4159743427,94.1905716722,HIGH_PRODUCTION,0,0,151.6025937934
2024-02-25 11:00:00,RIG_ANOMALIES,11,25,6,89.7372532031,110.7156694728,95.0,0.9207031155000001,59.7111912977,79.7825951101,104.7822668464,HIGH_PRODUCTION,0,0,151.6489115331
2024-02-25 12:00:00,RIG_ANOMALIES,12,25,6,90.8781044784,101.2667967273,95.0,0.8605411764,57.0415642616,84.1811342783,98.6858714825,HIGH_PRODUCTION,0,0,151.6952292728
2024-02-25 13:00:00,RIG_ANOMALIES,13,25,6,89.7372532031,110.0151585968,95.0,0.8962988234,57.7638299236,86.8027925587,104.8634710251,HIGH_PRODUCTION,0,0,151.7415470125
2024-02-25 14:00:00,RIG_ANOMALIES,14,25,6,86.3924465065,101.0460495645,95.0,0.7577534484,52.8934558617,78.7979809595,101.9225827547,HIGH_PRODUCTION,0,0,151.7878647522
2024-02-25 15:00:00,RIG_ANOMALIES,15,25,6,81.0716274372,99.9612741087,92.4928803715,0.8249015525000001,55.3915094407,82.0770507753,97.3971933484,HIGH_PRODUCTION,0,0,151.8341824919
2024-02-25 16:00:00,RIG_ANOMALIES,16,25,6,74.1374010218,92.7024837056,90.403638578,0.7935601753,53.7899415733,82.7800259803,91.9987480657,HIGH_PRODUCTION,0,0,151.8805002316
2024-02-25 17:00:00,RIG_ANOMALIES,17,25,6,66.0623233312,86.5640366112,80.3878727173,0.7854310229,51.2237911424,75.6467100615,86.8570658387,HIGH_PRODUCTION,0,0,151.9268179713
2024-02-25 18:00:00,RIG_ANOMALIES,18,25,6,57.3966975653,75.7868094137,75.4119746281,0.8544970313,47.3920400072,72.2057027564,77.7868010613,HIGH_PRODUCTION,0,0,151.973135711
2024-02-25 19:00:00,RIG_ANOMALIES,19,25,6,48.7310717994,75.1345199953,71.5602279388,0.8469641218,49.5371059636,72.925253438,74.6095621667,HIGH_PRODUCTION,0,0,152.0194534507
2024-02-25 20:00:00,RIG_ANOMALIES,20,25,6,40.6559941088,64.7927252107,64.7420320453,0.7580854067,43.3457170984,70.6276512544,69.2895650282,HIGH_PRODUCTION,0,0,152.0657711904
2024-02-25 21:00:00,RIG_ANOMALIES,21,25,6,38.2644650435,63.6198330614,61.9813827706,0.7227908015000001,45.7448286135,69.129540949,69.290932806,HIGH_PRODUCTION,0,0,152.1120889301
2024-02-25 22:00:00,RIG_ANOMALIES,22,25,6,38.2644650435,57.0310072464,54.4407158635,0.8023924771000001,44.7634474622,69.2029480719,61.1116767474,STANDBY,0,0,152.1584066698
2024-02-25 23:00:00,RIG_ANOMALIES,23,25,6,38.2644650435,49.5542227555,51.1982783492,0.7150087261,40.9788806845,62.9258392819,57.5047216744,STANDBY,0,0,152.2047244094
2024-02-26 00:00:00,RIG_ANOMALIES,0,26,0,40.0,53.9658875959,56.4545089063,0.7106261904000001,41.8482167855,65.7710011908,70.269358212,STANDBY,0,0,152.2510421491
2024-02-26 01:00:00,RIG_ANOMALIES,1,26,0,40.0,57.6499106863,57.0258273378,0.7422330850000001,45.0779613471,71.2929810094,65.3946113457,STANDBY,0,0,152.2973598888
2024-02-26 02:00:00,RIG_ANOMALIES,2,26,0,40.0,59.9898030017,59.4102582323,0.769664965,46.1041148888,67.9502985639,59.6029534477,STANDBY,0,0,152.3436776285
2024-02-26 03:00:00,RIG_ANOMALIES,3,26,0,40.0,57.7614655507,62.897777752,0.7925254081,48.3443851649,63.1235354293,66.9118636564,STANDBY,0,0,152.3899953682
2024-02-26 04:00:00,RIG_ANOMALIES,4,26,0,42.5,56.4301763761,57.8557469948,0.6921702366,40.4403396478,62.991487953000004,64.8733828976,STANDBY,0,0,152.4363131079
2024-02-26 05:00:00,RIG_ANOMALIES,5,26,0,50.9413334214,72.0622860636,69.6745129734,0.6471464814,49.6059518518,74.3800028143,73.2477915294,STANDBY,0,0,152.4826308476
2024-02-26 06:00:00,RIG_ANOMALIES,6,26,0,60.0,70.93390125170001,72.0424330802,0.7221457694000001,46.1667820565,71.1261915745,82.1883624225,HIGH_PRODUCTION,0,0,152.5289485873
2024-02-26 07:00:00,RIG_ANOMALIES,7,26,0,69.0586665786,89.4715044965,87.2307460761,0.8161299082,52.1786014154,73.8930831892,89.9240993052,HIGH_PRODUCTION,0,0,152.575266327
2024-02-26 08:00:00,RIG_ANOMALIES,8,26,0,77.5,97.3752409831,91.7107532521,0.8935055082000001,59.3441961857,81.4193240364,101.4391870146,HIGH_PRODUCTION,0,0,152.6215840667
2024-02-26 09:00:00,RIG_ANOMALIES,9,26,0,84.7487373415,105.1904975359,95.0,0.8658277471,55.3437400833,81.0302331252,96.2125147834,HIGH_PRODUCTION,0,0,152.6679018064
2024-02-26 10:00:00,RIG_ANOMALIES,10,26,0,90.3108891325,113.6289477222,95.0,0.8424923654,59.9106526292,93.0125695167,106.0744588634,HIGH_PRODUCTION,0,0,152.7142195461
2024-02-26 11:00:00,RIG_ANOMALIES,11,26,0,93.8074039201,112.2984831193,95.0,0.9016172486,56.6797698292,82.1177125393,97.3524615778,HIGH_PRODUCTION,0,0,152.7605372858
2024-02-26 12:00:00,RIG_ANOMALIES,12,26,0,95.0,110.6229072807,95.0,0.8392813316000001,56.7114739096,85.7878711196,99.4876674947,HIGH_PRODUCTION,0,0,152.8068550255
2024-02-26 13:00:00,RIG_ANOMALIES,13,26,0,93.8074039201,112.7539408416,95.0,0.87438485,59.6749839636,83.2679019107,103.8402984741,HIGH_PRODUCTION,0,0,152.8531727652
2024-02-26 14:00:00,RIG_ANOMALIES,14,26,0,90.3108891325,106.5384775156,95.0,0.9015544295000001,51.8084670789,84.0547524101,101.7311242085,HIGH_PRODUCTION,0,0,152.8994905049
2024-02-26 15:00:00,RIG_ANOMALIES,15,26,0,84.7487373415,103.8920219073,95.0,0.8835940193,56.4398097089,81.0483182515,96.0478331831,HIGH_PRODUCTION,0,0,152.9458082446
2024-02-26 16:00:00,RIG_ANOMALIES,16,26,0,77.5,99.0990274646,94.5389434512,0.9220750419,53.6233418151,74.5873483031,100.419900912,HIGH_PRODUCTION,0,0,152.9921259843
2024-02-26 17:00:00,RIG_ANOMALIES,17,26,0,69.0586665786,82.7481569483,80.3195268309,0.8190335230000001,52.2247396766,68.9242947553,87.886774783,HIGH_PRODUCTION,0,0,153.0384437239
2024-02-26 18:00:00,RIG_ANOMALIES,18,26,0,60.0,84.0097311676,86.4165685873,0.8215980711,51.4070783873,76.9564171899,89.0947373224,HIGH_PRODUCTION,0,0,153.0847614636
2024-02-26 19:00:00,RIG_ANOMALIES,19,26,0,50.9413334214,70.4571637185,70.1994618111,0.7991725049,51.9951113659,68.7733767126,78.3249441732,HIGH_PRODUCTION,0,0,153.1310792033
2024-02-26 20:00:00,RIG_ANOMALIES,20,26,0,42.5,67.5797056184,66.2694682201,0.7009826434,46.0582060447,68.8950577789,72.5040661967,HIGH_PRODUCTION,0,0,153.177396943
2024-02-26 21:00:00,RIG_ANOMALIES,21,26,0,40.0,56.9693939114,57.999873431,0.6176164645000001,45.821233519,69.7249737663,60.8840151382,HIGH_PRODUCTION,0,0,153.2237146827
2024-02-26 22:00:00,RIG_ANOMALIES,22,26,0,40.0,51.4089737254,55.5158674338,0.7178851374,40.9843613741,69.5920960783,59.495042981,STANDBY,0,0,153.2700324224
2024-02-26 23:00:00,RIG_ANOMALIES,23,26,0,40.0,54.4881799767,54.7748586144,0.6998755600000001,41.463466206,65.7212849582,64.2349131993,STANDBY,0,0,153.3163501621
2024-02-27 00:00:00,RIG_ANOMALIES,0,27,1,38.2644650435,52.2049511736,50.653058153,0.6113654779000001,40.1303421333,68.2427703482,51.7546715172,STANDBY,0,0,153.3626679018
2024-02-27 01:00:00,RIG_ANOMALIES,1,27,1,38.2644650435,65.0854374766,62.3145940603,0.6756564193,42.6991842476,66.5825661248,67.4129302569,STANDBY,0,0,153.4089856415
2024-02-27 02:00:00,RIG_ANOMALIES,2,27,1,38.2644650435,56.8706337178,55.176696641,0.6598311060000001,45.0128040496,68.6225621325,57.6245147929,STANDBY,0,0,153.4553033812
2024-02-27 03:00:00,RIG_ANOMALIES,3,27,1,38.2644650435,57.8250836153,62.071027493,0.7035622675000001,40.9082862501,66.0145710992,68.7952432569,STANDBY,0,0,153.5016211209
2024-02-27 04:00:00,RIG_ANOMALIES,4,27,1,40.6559941088,65.6588020341,68.8299641098,0.7688247834,48.2057300097,67.3590882048,70.7713982108,STANDBY,0,0,153.5479388606
2024-02-27 05:00:00,RIG_ANOMALIES,5,27,1,48.7310717994,65.3523721874,65.9600842228,0.7773350308,46.8816479754,68.7670592749,63.997454356,STANDBY,0,0,153.5942566003
2024-02-27 06:00:00,RIG_ANOMALIES,6,27,1,57.3966975653,78.6329923291,78.750602041,0.811168419,53.1159004807,74.2290983153,85.3875786064,HIGH_PRODUCTION,0,0,153.64057434
2024-02-27 07:00:00,RIG_ANOMALIES,7,27,1,66.0623233312,87.5022091997,84.4630140846,0.823612247,50.5471694382,73.5323235704,90.7013602113,HIGH_PRODUCTION,0,0,153.6868920797
2024-02-27 08:00:00,RIG_ANOMALIES,8,27,1,74.1374010218,90.3726349615,87.8755733315,0.7961047816,54.798877524,75.6086027886,90.8189981376,HIGH_PRODUCTION,0,0,153.7332098194
2024-02-27 09:00:00,RIG_ANOMALIES,9,27,1,81.0716274372,100.8105329204,95.0,0.9021797688000001,56.5903199688,79.0704738081,101.2924874727,HIGH_PRODUCTION,0,0,153.7795275591
2024-02-27 10:00:00,RIG_ANOMALIES,10,27,1,86.3924465065,101.4511196577,95.0,0.8711814437000001,49.8641616562,83.0700166286,103.3175140772,HIGH_PRODUCTION,0,0,153.8258452987
2024-02-27 11:00:00,RIG_ANOMALIES,11,27,1,89.7372532031,107.1658382837,95.0,0.9512046663,55.1820453608,79.0829979422,97.8951727274,HIGH_PRODUCTION,0,0,153.8721630384
2024-02-27 12:00:00,RIG_ANOMALIES,12,27,1,90.8781044784,105.1870450686,95.0,0.9308416450000001,54.1427903751,73.67188976,99.4557966636,HIGH_PRODUCTION,0,0,153.9184807781
2024-02-27 13:00:00,RIG_ANOMALIES,13,27,1,89.7372532031,114.2997006263,95.0,0.8144149117,58.1494400301,81.9242254513,97.367182338,HIGH_PRODUCTION,0,0,153.9647985178
2024-02-27 14:00:00,RIG_ANOMALIES,14,27,1,86.3924465065,96.3864861461,93.8438198086,0.8885475499000001,52.4268146378,77.3163393423,97.3133837586,HIGH_PRODUCTION,0,0,154.0111162575
2024-02-27 15:00:00,RIG_ANOMALIES,15,27,1,81.0716274372,99.2918422532,95.0,0.8861622477000001,56.4352993691,87.9849167307,103.2046952101,HIGH_PRODUCTION,0,0,154.0574339972
2024-02-27 16:00:00,RIG_ANOMALIES,16,27,1,74.1374010218,84.4851905532,83.5326693688,0.8578672332,52.5335375177,78.0995902317,87.9194768057,HIGH_PRODUCTION,0,0,154.1037517369
2024-02-27 17:00:00,RIG_ANOMALIES,17,27,1,66.0623233312,82.9337911543,83.6432131221,0.8246312342000001,51.3601961372,74.2934577539,87.4521061426,HIGH_PRODUCTION,0,0,154.1500694766
2024-02-27 18:00:00,RIG_ANOMALIES,18,27,1,57.3966975653,81.6088947027,78.9902983624,0.7647616948,48.0789865603,77.1589907682,81.777512776,HIGH_PRODUCTION,0,0,154.1963872163
2024-02-27 19:00:00,RIG_ANOMALIES,19,27,1,48.7310717994,68.1743779158,67.6915678544,0.8305569652,44.0710457656,67.0849405308,72.637347145,HIGH_PRODUCTION,0,0,154.242704956
2024-02-27 20:00:00,RIG_ANOMALIES,20,27,1,40.6559941088,58.4312105697,62.4017186279,0.6209428394000001,45.0754305617,67.855340761,71.5657184135,HIGH_PRODUCTION,0,0,154.2890226957
2024-02-27 21:00:00,RIG_ANOMALIES,21,27,1,38.2644650435,61.7640311463,61.6414198766,0.7686114252,46.0891876061,69.964306036,62.5593324103,HIGH_PRODUCTION,0,0,154.3353404354
2024-02-27 22:00:00,RIG_ANOMALIES,22,27,1,38.2644650435,57.8411894324,57.3889959352,0.7025892917000001,44.5133249277,68.2768691077,62.2828181919,STANDBY,0,0,154.3816581751
2024-02-27 23:00:00,RIG_ANOMALIES,23,27,1,38.2644650435,58.6465460008,53.4592420015,0.7848509096,46.9484292125,64.9578525783,59.5851387475,STANDBY,0,0,154.4279759148
2024-02-28 00:00:00,RIG_ANOMALIES,0,28,2,36.8726740701,43.3752520949,47.900405474,0.6948185104,43.7585437401,59.9031500126,54.8922646637,STANDBY,0,0,154.4742936545
2024-02-28 01:00:00,RIG_ANOMALIES,1,28,2,36.8726740701,55.2066641599,55.5108159814,0.6969318164,41.6698649372,66.9460925468,66.8988897578,STANDBY,0,0,154.5206113942
2024-02-28 02:00:00,RIG_ANOMALIES,2,28,2,36.8726740701,57.8414819101,59.4185043174,0.6848165695,45.3515435377,67.8793703022,67.4220538437,STANDBY,0,0,154.5669291339
2024-02-28 03:00:00,RIG_ANOMALIES,3,28,2,36.8726740701,58.6182061432,56.5267492736,0.8416654932000001,41.5697306483,63.6614812035,57.9050396627,STANDBY,0,0,154.6132468736
2024-02-28 04:00:00,RIG_ANOMALIES,4,28,2,39.1772161995,59.8567437762,67.7433927051,0.7329089514,44.5411113026,63.6359128403,73.4333102576,STANDBY,0,0,154.6595646132
2024-02-28 05:00:00,RIG_ANOMALIES,5,28,2,46.9585795986,65.8848316805,65.0009312719,0.7625671256000001,50.6690094057,61.9099261885,71.2596670383,STANDBY,0,0,154.7058823529
2024-02-28 06:00:00,RIG_ANOMALIES,6,28,2,55.3090111052,76.5553956565,72.7604729112,0.773878395,51.0341137077,70.6776695496,80.5937040175,HIGH_PRODUCTION,0,0,154.7522000926
2024-02-28 07:00:00,RIG_ANOMALIES,7,28,2,63.6594426117,75.5657988943,78.0450953837,0.8562617455,49.5117215399,76.6771540014,83.2290161075,HIGH_PRODUCTION,0,0,154.7985178323
2024-02-28 08:00:00,RIG_ANOMALIES,8,28,2,71.4408060109,86.6006452666,82.8436944668,0.8384334236000001,52.1926211252,74.7128402889,88.843973318,HIGH_PRODUCTION,0,0,154.844835572
2024-02-28 09:00:00,RIG_ANOMALIES,9,28,2,78.1228142462,86.746895998,89.8131506229,0.7613560301000001,53.5252941859,73.547779335,96.2362478199,HIGH_PRODUCTION,0,0,154.8911533117
2024-02-28 10:00:00,RIG_ANOMALIES,10,28,2,83.2500994991,98.2362722106,95.0,0.8962938245000001,57.8994899007,78.8841980855,102.3997329556,HIGH_PRODUCTION,0,0,154.9374710514
2024-02-28 11:00:00,RIG_ANOMALIES,11,28,2,86.4732457528,100.9165916718,95.0,0.9089242969,58.5301210092,82.1152640457,101.0925155555,HIGH_PRODUCTION,0,0,154.9837887911
2024-02-28 12:00:00,RIG_ANOMALIES,12,28,2,87.5726009166,104.7968875315,95.0,0.9541453388000001,57.1570058813,82.9142492049,97.8935214928,HIGH_PRODUCTION,0,0,155.0301065308
2024-02-28 13:00:00,RIG_ANOMALIES,13,28,2,86.4732457528,93.540627575,93.0881368364,0.8995671477,57.0753001084,78.6086650454,97.6866774045,HIGH_PRODUCTION,0,0,155.0764242705
2024-02-28 14:00:00,RIG_ANOMALIES,14,28,2,83.2500994991,109.0159352281,95.0,0.8686462292,56.5330453223,85.6806044536,101.6618143754,HIGH_PRODUCTION,0,0,155.1227420102
2024-02-28 15:00:00,RIG_ANOMALIES,15,28,2,78.1228142462,99.227375099,93.0477336935,0.9394799419000001,57.5440850359,81.6063621247,96.6383090915,HIGH_PRODUCTION,0,0,155.1690597499
2024-02-28 16:00:00,RIG_ANOMALIES,16,28,2,71.4408060109,95.6072634713,94.1875530427,0.8789113939000001,57.3297008313,73.1895666145,101.9636127368,HIGH_PRODUCTION,0,0,155.2153774896
2024-02-28 17:00:00,RIG_ANOMALIES,17,28,2,63.6594426117,81.901742532,81.6222943744,0.8043371011,52.1816098941,76.1531376931,84.9934814162,HIGH_PRODUCTION,0,0,155.2616952293
2024-02-28 18:00:00,RIG_ANOMALIES,18,28,2,55.3090111052,71.8625163079,75.4193428993,0.7572183316000001,47.3482584336,76.0565333911,71.2361303255,HIGH_PRODUCTION,0,0,155.308012969
2024-02-28 19:00:00,RIG_ANOMALIES,19,28,2,46.9585795986,60.8239288062,63.4312664957,0.8297270517,48.323956061,72.4128695653,70.6371453179,HIGH_PRODUCTION,0,0,155.3543307087
2024-02-28 20:00:00,RIG_ANOMALIES,20,28,2,39.1772161995,59.4504419062,57.2148429689,0.7856157588,44.0704044604,67.636686469,62.1377343613,HIGH_PRODUCTION,0,0,155.4006484484
2024-02-28 21:00:00,RIG_ANOMALIES,21,28,2,36.8726740701,50.6721097349,54.048872412,0.6084526228,40.6072548157,65.3595566817,56.9059848247,HIGH_PRODUCTION,0,0,155.4469661881
2024-02-28 22:00:00,RIG_ANOMALIES,22,28,2,36.8726740701,51.352804173,54.3841115239,0.6695464479000001,44.2374680145,61.6560355048,56.2078319958,STANDBY,0,0,155.4932839277
2024-02-28 23:00:00,RIG_ANOMALIES,23,28,2,36.8726740701,58.3135863273,55.6673726397,0.7889803538,44.6807234518,70.4776663011,57.6074373878,STANDBY,0,0,155.5396016674
2024-02-29 00:00:00,RIG_ANOMALIES,0,29,3,36.1002883513,52.2077677384,51.1738721359,0.6970699811000001,42.5379818092,66.74788830520001,53.093059551,STANDBY,0,0,155.5859194071
2024-02-29 01:00:00,RIG_ANOMALIES,1,29,3,36.1002883513,47.4189239275,53.7209318384,0.7284884313000001,43.7440422568,64.3239810611,57.7418438701,STANDBY,0,0,155.6322371468
2024-02-29 02:00:00,RIG_ANOMALIES,2,29,3,36.1002883513,52.4818298759,53.7593417225,0.7011855611000001,46.175007688,65.7970028827,60.3786239829,STANDBY,0,0,155.6785548865
2024-02-29 03:00:00,RIG_ANOMALIES,3,29,3,36.1002883513,60.9647612891,59.273798052,0.778972474,42.9106441925,64.2373853116,60.6938472741,STANDBY,0,0,155.7248726262
2024-02-29 04:00:00,RIG_ANOMALIES,4,29,3,38.3565563732,61.9505764343,62.5741932745,0.7503160386000001,48.2381169972,68.7277826161,70.2826726276,STANDBY,0,0,155.7711903659
2024-02-29 05:00:00,RIG_ANOMALIES,5,29,3,45.9749206378,76.2942083901,71.8366760585,0.8284912759,46.8252699505,78.993890591,75.063540392,STANDBY,0,0,155.8175081056
2024-02-29 06:00:00,RIG_ANOMALIES,6,29,3,54.1504325269,78.038948529,75.0533119207,0.8027065966,46.945387276,69.6448159474,83.6229065069,HIGH_PRODUCTION,0,0,155.8638258453
2024-02-29 07:00:00,RIG_ANOMALIES,7,29,3,62.325944416,82.4122326806,83.8772767602,0.7009321079,50.0016792761,76.8278793732,88.14533853,HIGH_PRODUCTION,0,0,155.910143585
2024-02-29 08:00:00,RIG_ANOMALIES,8,29,3,69.9443086806,83.1319489831,84.4685720345,0.8164032915,49.7237970766,74.45412757,88.9289339788,HIGH_PRODUCTION,0,0,155.9564613247
2024-02-29 09:00:00,RIG_ANOMALIES,9,29,3,76.4863463859,89.5842533126,86.9428991676,0.8367054339000001,53.1034431074,74.5777942109,85.1058027053,HIGH_PRODUCTION,0,0,156.0027790644
2024-02-29 10:00:00,RIG_ANOMALIES,10,29,3,81.5062284735,98.5291498722,95.0,0.8044587165,53.7260789467,86.9387957119,100.7352753075,HIGH_PRODUCTION,0,0,156.0490968041
2024-02-29 11:00:00,RIG_ANOMALIES,11,29,3,84.661858275,102.0743232325,95.0,0.7897947464,54.3262482361,80.0583238989,102.4001593703,HIGH_PRODUCTION,0,0,156.0954145438
2024-02-29 12:00:00,RIG_ANOMALIES,12,29,3,85.7381848343,106.8897339998,95.0,0.9533282171,61.1405114267,81.3726660202,99.0441400963,HIGH_PRODUCTION,0,0,156.1417322835
2024-02-29 13:00:00,RIG_ANOMALIES,13,29,3,84.661858275,98.6792084167,95.0,0.8500887283,55.3192589523,79.3344638845,96.3960055345,HIGH_PRODUCTION,0,0,156.1880500232
2024-02-29 14:00:00,RIG_ANOMALIES,14,29,3,81.5062284735,99.0187177522,95.0,0.8238159639,54.0195985866,79.3056956566,99.7504217401,HIGH_PRODUCTION,0,0,156.2343677629
2024-02-29 15:00:00,RIG_ANOMALIES,15,29,3,76.4863463859,97.6429429998,92.0903176253,0.8503540507,52.7174576751,76.7806460128,95.3530154712,HIGH_PRODUCTION,0,0,156.2806855025
2024-02-29 16:00:00,RIG_ANOMALIES,16,29,3,69.9443086806,85.8046340776,88.6281279242,0.8744778067000001,48.8901223773,73.9231410374,94.74061987,HIGH_PRODUCTION,0,0,156.3270032422
2024-02-29 17:00:00,RIG_ANOMALIES,17,29,3,62.325944416,78.5287897612,79.0305619216,0.7759329696,52.9123576257,78.2195978615,79.3262864982,HIGH_PRODUCTION,0,0,156.3733209819
2024-02-29 18:00:00,RIG_ANOMALIES,18,29,3,54.1504325269,74.6907614405,79.406049234,0.8023221086000001,48.9380296694,77.5831610137,87.7104045523,HIGH_PRODUCTION,0,0,156.4196387216
2024-02-29 19:00:00,RIG_ANOMALIES,19,29,3,45.9749206378,61.2002952517,65.8800626051,0.8814138348,43.0728693915,63.2329476052,72.7416619657,HIGH_PRODUCTION,0,0,156.4659564613
2024-02-29 20:00:00,RIG_ANOMALIES,20,29,3,38.3565563732,58.1192401982,59.6440938896,0.7149127053000001,43.7386777117,70.9876972804,62.8585971111,HIGH_PRODUCTION,0,0,156.512274201
2024-02-29 21:00:00,RIG_ANOMALIES,21,29,3,36.1002883513,59.7738124,59.203562499,0.769629377,45.2060977185,65.5992340953,64.5174765502,HIGH_PRODUCTION,0,0,156.5585919407
2024-02-29 22:00:00,RIG_ANOMALIES,22,29,3,36.1002883513,59.0034187361,59.2704829176,0.8028899853,38.8731311322,68.6851027684,60.6997557981,STANDBY,0,0,156.6049096804
2024-02-29 23:00:00,RIG_ANOMALIES,23,29,3,36.1002883513,61.1560960354,61.0525881045,0.7629774564,45.4183922091,70.628105835,71.6032045829,STANDBY,0,0,156.6512274201
2024-03-01 00:00:00,RIG_ANOMALIES,0,1,4,36.1002883513,56.3858450741,55.7183140444,0.6366589108,44.0529652307,68.5164248917,58.2245914283,STANDBY,0,0,156.6975451598
2024-03-01 01:00:00,RIG_ANOMALIES,1,1,4,36.1002883513,58.5002116934,56.1126952409,0.8155620714,44.1845272486,68.617170502,63.6481531842,STANDBY,0,0,156.7438628995
2024-03-01 02:00:00,RIG_ANOMALIES,2,1,4,36.1002883513,44.326326966,49.745634048,0.6234821567000001,38.0835232701,63.9151249575,54.1074046297,STANDBY,0,0,156.7901806392
2024-03-01 03:00:00,RIG_ANOMALIES,3,1,4,36.1002883513,62.4903660923,62.884139359,0.7750531741000001,46.3365500848,66.7342113856,67.7245245524,STANDBY,0,0,156.8364983789
2024-03-01 04:00:00,RIG_ANOMALIES,4,1,4,38.3565563732,58.1915205972,58.5237854988,0.723460477,44.3687693302,70.0786411345,63.2229243647,STANDBY,0,0,156.8828161186
2024-03-01 05:00:00,RIG_ANOMALIES,5,1,4,45.9749206378,72.6593507951,70.8532118125,0.8614160244,49.0325064638,69.2519141336,79.1002910406,STANDBY,0,0,156.9291338583
2024-03-01 06:00:00,RIG_ANOMALIES,6,1,4,54.1504325269,63.5371797196,70.0748658067,0.8007114544,46.3955746465,62.533041014,80.5627927192,HIGH_PRODUCTION,0,0,156.975451598
2024-03-01 07:00:00,RIG_ANOMALIES,7,1,4,62.325944416,84.7157459807,82.7646642662,0.7877826945,48.0214742947,77.9472341936,87.8691126432,HIGH_PRODUCTION,0,0,157.0217693377
2024-03-01 08:00:00,RIG_ANOMALIES,8,1,4,69.9443086806,86.5009850515,85.9940628277,0.8389415928,51.0643347157,77.3961856551,89.3232707963,HIGH_PRODUCTION,0,0,157.0680870774
2024-03-01 09:00:00,RIG_ANOMALIES,9,1,4,76.4863463859,96.1260906023,94.5750948545,0.8747425621,56.7610637175,82.1498431099,92.2828630173,HIGH_PRODUCTION,0,0,157.114404817
2024-03-01 10:00:00,RIG_ANOMALIES,10,1,4,81.5062284735,102.5064472455,95.0,0.8939851435,57.3482994558,85.3769054039,100.1012071807,HIGH_PRODUCTION,0,0,157.1607225567
2024-03-01 11:00:00,RIG_ANOMALIES,11,1,4,84.661858275,102.2112141819,95.0,0.8616910023000001,59.6444020501,78.8928102249,99.2812892253,HIGH_PRODUCTION,0,0,157.2070402964
2024-03-01 12:00:00,RIG_ANOMALIES,12,1,4,85.7381848343,114.1642091503,95.0,0.9070051645,58.6471404024,81.1752314292,101.0756968892,HIGH_PRODUCTION,0,0,157.2533580361
2024-03-01 13:00:00,RIG_ANOMALIES,13,1,4,84.661858275,98.5339790681,95.0,0.8546944884000001,54.0864984591,83.4544666415,99.9384688897,HIGH_PRODUCTION,0,0,157.2996757758
2024-03-01 14:00:00,RIG_ANOMALIES,14,1,4,81.5062284735,105.7908761794,95.0,0.9499936385000001,53.5990798189,81.4893841178,107.8024206626,HIGH_PRODUCTION,0,0,157.3459935155
2024-03-01 15:00:00,RIG_ANOMALIES,15,1,4,76.4863463859,87.3493478888,83.6948909074,0.7896979067000001,52.0544175823,77.969629675,88.176892584,HIGH_PRODUCTION,0,0,157.3923112552
2024-03-01 16:00:00,RIG_ANOMALIES,16,1,4,69.9443086806,88.5486954155,85.6508680874,0.8180371213000001,50.9121581672,78.0046289954,94.9294813994,HIGH_PRODUCTION,0,0,157.4386289949
2024-03-01 17:00:00,RIG_ANOMALIES,17,1,4,62.325944416,74.4021104972,79.0522587192,0.8607323405,49.9050708832,79.7306009556,80.9567905935,HIGH_PRODUCTION,0,0,157.4849467346
2024-03-01 18:00:00,RIG_ANOMALIES,18,1,4,54.1504325269,70.1159581954,69.5635407381,0.7682832326,47.5081058994,70.4431504307,71.0541580255,HIGH_PRODUCTION,0,0,157.5312644743
2024-03-01 19:00:00,RIG_ANOMALIES,19,1,4,45.9749206378,67.7208193199,67.7548966025,0.7117045162000001,50.9484972953,72.4767848881,74.2926609842,HIGH_PRODUCTION,0,0,157.577582214
2024-03-01 20:00:00,RIG_ANOMALIES,20,1,4,38.3565563732,47.4036755538,55.6359530026,0.7536839505,41.1595406805,59.475123715,63.050143751,HIGH_PRODUCTION,0,0,157.6238999537
2024-03-01 21:00:00,RIG_ANOMALIES,21,1,4,36.1002883513,55.921799184,56.3671210652,0.7002405454,44.7373670039,66.6338196326,62.9348068892,HIGH_PRODUCTION,0,0,157.6702176934
2024-03-01 22:00:00,RIG_ANOMALIES,22,1,4,36.1002883513,52.349092736,60.3441037428,0.7984101075000001,43.571207226,66.4697558706,66.6402905469,STANDBY,0,0,157.7165354331
2024-03-01 23:00:00,RIG_ANOMALIES,23,1,4,36.1002883513,51.1394283004,54.155024954,0.7196339256000001,41.2364588803,60.3485481001,63.2743981339,STANDBY,0,0,157.7628531728
2024-03-02 00:00:00,RIG_ANOMALIES,0,2,5,36.8726740701,51.1062895598,55.0849170992,0.7104300915,42.6908008632,68.9854203056,57.1589724444,STANDBY,0,0,157.8091709125
2024-03-02 01:00:00,RIG_ANOMALIES,1,2,5,36.8726740701,48.2730241751,50.8075999535,0.7276141747,43.429556738,66.0694975577,55.1829328249,STANDBY,0,0,157.8554886522
2024-03-02 02:00:00,RIG_ANOMALIES,2,2,5,36.8726740701,54.1851526525,59.5203642873,0.7189093482000001,47.0399021236,65.6333049352,69.2750597176,STANDBY,0,0,157.9018063918
2024-03-02 03:00:00,RIG_ANOMALIES,3,2,5,36.8726740701,55.4997812591,59.4569178675,0.7543228521,46.8458019353,69.3821800675,65.0604679053,STANDBY,0,0,157.9481241315
2024-03-02 04:00:00,RIG_ANOMALIES,4,2,5,39.1772161995,57.0470440881,63.762065114,0.6877693022,42.7275901153,70.4455468794,69.5405105194,STANDBY,0,0,157.9944418712
2024-03-02 05:00:00,RIG_ANOMALIES,5,2,5,46.9585795986,63.2306688761,64.4859242965,0.7278124913,45.2526800653,69.9443199507,70.5430479752,STANDBY,0,0,158.0407596109
2024-03-02 06:00:00,RIG_ANOMALIES,6,2,5,55.3090111052,78.2280605296,78.5313812292,0.854950112,47.7999260946,71.6995907558,83.5716837183,HIGH_PRODUCTION,0,0,158.0870773506
2024-03-02 07:00:00,RIG_ANOMALIES,7,2,5,63.6594426117,78.8155603287,74.019644916,0.8349016797000001,45.5785483507,77.0705063414,73.4605501744,HIGH_PRODUCTION,0,0,158.1333950903
2024-03-02 08:00:00,RIG_ANOMALIES,8,2,5,71.4408060109,86.9148875103,90.1429536355,0.7988693781,51.8380875296,73.9109324605,93.0896020457,HIGH_PRODUCTION,0,0,158.17971283
2024-03-02 09:00:00,RIG_ANOMALIES,9,2,5,78.1228142462,91.3600503229,88.9377649874,0.8811937672,53.2615412643,81.8258191097,99.2780362323,HIGH_PRODUCTION,0,0,158.2260305697
2024-03-02 10:00:00,RIG_ANOMALIES,10,2,5,83.2500994991,104.2425361662,95.0,0.841083655,53.2625239473,84.5426028036,96.7942175974,HIGH_PRODUCTION,0,0,158.2723483094
2024-03-02 11:00:00,RIG_ANOMALIES,11,2,5,86.4732457528,107.4560334667,95.0,0.8651952465,53.166942825,84.9446322723,98.7000371963,HIGH_PRODUCTION,0,0,158.3186660491
2024-03-02 12:00:00,RIG_ANOMALIES,12,2,5,87.5726009166,109.1057668168,95.0,1.0349423276,59.3757283151,87.0847650281,103.3622951795,HIGH_PRODUCTION,0,0,158.3649837888
2024-03-02 13:00:00,RIG_ANOMALIES,13,2,5,86.4732457528,116.428370776,95.0,0.9929537236,60.3850419987,83.6845134142,100.7278608543,HIGH_PRODUCTION,0,0,158.4113015285
2024-03-02 14:00:00,RIG_ANOMALIES,14,2,5,83.2500994991,99.8960330223,95.0,0.8613503284,54.5336943402,78.1170476628,99.194459258,HIGH_PRODUCTION,0,0,158.4576192682
2024-03-02 15:00:00,RIG_ANOMALIES,15,2,5,78.1228142462,102.302353244,95.0,1.0217992408,55.5999503146,82.221931676,100.69678161,HIGH_PRODUCTION,0,0,158.5039370079
2024-03-02 16:00:00,RIG_ANOMALIES,16,2,5,71.4408060109,95.8230782676,93.4697411339,0.8360140661000001,56.3341421943,78.9848132557,99.2011565662,HIGH_PRODUCTION,0,0,158.5502547476
2024-03-02 17:00:00,RIG_ANOMALIES,17,2,5,63.6594426117,83.4691871211,83.3032813177,0.876356745,49.0178992424,80.2926019862,88.4192075697,HIGH_PRODUCTION,0,0,158.5965724873
2024-03-02 18:00:00,RIG_ANOMALIES,18,2,5,55.3090111052,75.7090867529,77.0796445295,0.8886237373,47.7306236836,76.8621444102,80.9188987647,HIGH_PRODUCTION,0,0,158.642890227
2024-03-02 19:00:00,RIG_ANOMALIES,19,2,5,46.9585795986,68.5532438324,65.9597719832,0.7145107844,49.3801971421,65.9690770655,71.801234955,HIGH_PRODUCTION,0,0,158.6892079667
2024-03-02 20:00:00,RIG_ANOMALIES,20,2,5,39.1772161995,52.8321783612,57.9398478058,0.6801289196,42.2031753001,64.617166646,60.8840790894,HIGH_PRODUCTION,0,0,158.7355257063
2024-03-02 21:00:00,RIG_ANOMALIES,21,2,5,36.8726740701,57.0600349527,56.1858363238,0.6751786811,46.0676411866,64.0352840145,67.2868159459,HIGH_PRODUCTION,0,0,158.781843446
2024-03-02 22:00:00,RIG_ANOMALIES,22,2,5,36.8726740701,55.4166178272,53.8651853472,0.788969397,46.5917892528,67.4059980309,56.8203644971,STANDBY,0,0,158.8281611857
2024-03-02 23:00:00,RIG_ANOMALIES,23,2,5,36.8726740701,52.4996571283,56.4033827249,0.8297145215,44.9822821907,65.8368521157,63.6073448753,STANDBY,0,0,158.8744789254
2024-03-03 00:00:00,RIG_ANOMALIES,0,3,6,38.2644650435,57.4939965156,58.9942959796,0.7074970244000001,43.3488280572,73.7180190977,58.6013662881,STANDBY,0,0,158.9207966651
2024-03-03 01:00:00,RIG_ANOMALIES,1,3,6,38.2644650435,53.7133365029,54.5565841322,0.7387220684,40.296382458,72.4631240469,61.8681279781,STANDBY,0,0,158.9671144048
2024-03-03 02:00:00,RIG_ANOMALIES,2,3,6,38.2644650435,65.5761944471,62.6814955726,0.814855752,46.4911760532,68.7895756811,71.8884857389,STANDBY,0,0,159.0134321445
2024-03-03 03:00:00,RIG_ANOMALIES,3,3,6,38.2644650435,54.2679250285,56.7763725679,0.7602869816000001,42.6744876653,66.6907686798,62.8684379923,STANDBY,0,0,159.0597498842
2024-03-03 04:00:00,RIG_ANOMALIES,4,3,6,40.6559941088,69.6717865957,69.6693909861,0.7949717314,49.4476243882,69.0126942299,77.3211068968,STANDBY,0,0,159.1060676239
2024-03-03 05:00:00,RIG_ANOMALIES,5,3,6,48.7310717994,66.9485008848,68.7718879284,0.7623886989,44.6350892246,67.1238498782,67.2400314829,STANDBY,0,0,159.1523853636
2024-03-03 06:00:00,RIG_ANOMALIES,6,3,6,57.3966975653,72.3899343701,75.3811085042,0.7972933427000001,51.2908604211,71.4220799634,73.6650084871,HIGH_PRODUCTION,0,0,159.1987031033
2024-03-03 07:00:00,RIG_ANOMALIES,7,3,6,66.0623233312,82.6972602007,83.1435194967,0.7442514687,53.3714443692,78.6368573733,86.3723037322,HIGH_PRODUCTION,0,0,159.245020843
2024-03-03 08:00:00,RIG_ANOMALIES,8,3,6,74.1374010218,98.7870752018,90.4456570311,0.9315470739,56.6855269382,81.8356396664,96.2192483948,HIGH_PRODUCTION,0,0,159.2913385827
2024-03-03 09:00:00,RIG_ANOMALIES,9,3,6,81.0716274372,103.3085785269,95.0,0.8430375171000001,57.888479592,88.5549513267,104.4031017629,HIGH_PRODUCTION,0,0,159.3376563224
2024-03-03 10:00:00,RIG_ANOMALIES,10,3,6,86.3924465065,104.4543342077,95.0,0.9145663396,56.9798160883,86.2016517138,98.6080502597,HIGH_PRODUCTION,0,0,159.3839740621
2024-03-03 11:00:00,RIG_ANOMALIES,11,3,6,89.7372532031,108.7660788292,95.0,0.9824735162,56.5836948089,80.9782415776,105.9205738635,HIGH_PRODUCTION,0,0,159.4302918018
2024-03-03 12:00:00,RIG_ANOMALIES,12,3,6,90.8781044784,107.6440934028,95.0,0.8753922816,58.4185007427,75.5738278478,100.9753052612,HIGH_PRODUCTION,0,0,159.4766095415
2024-03-03 13:00:00,RIG_ANOMALIES,13,3,6,89.7372532031,108.1915590772,95.0,0.8911636753000001,54.9497697714,81.3336775639,104.7584820958,HIGH_PRODUCTION,0,0,159.5229272811
2024-03-03 14:00:00,RIG_ANOMALIES,14,3,6,86.3924465065,105.5800464498,95.0,0.8681995650000001,55.7773637146,81.5784967419,99.3362541388,HIGH_PRODUCTION,0,0,159.5692450208
2024-03-03 15:00:00,RIG_ANOMALIES,15,3,6,81.0716274372,94.8629430079,92.4250268146,0.8698948001,53.0678574258,84.8725852939,96.7735590794,HIGH_PRODUCTION,0,0,159.6155627605
2024-03-03 16:00:00,RIG_ANOMALIES,16,3,6,74.1374010218,99.2285665732,89.8063723684,0.7372265948000001,53.3933557129,75.2009226269,95.4922419129,HIGH_PRODUCTION,0,0,159.6618805002
2024-03-03 17:00:00,RIG_ANOMALIES,17,3,6,66.0623233312,83.2333582298,82.1127910274,0.7676955738,50.0303714791,80.5722574956,90.173013333,HIGH_PRODUCTION,0,0,159.7081982399
2024-03-03 18:00:00,RIG_ANOMALIES,18,3,6,57.3966975653,74.0302783782,75.5735001055,0.7588820448,47.41849178,69.0870290791,80.6309636411,HIGH_PRODUCTION,0,0,159.7545159796
2024-03-03 19:00:00,RIG_ANOMALIES,19,3,6,48.7310717994,71.5525365385,70.8480367228,0.8417443234,46.7588280303,71.2523377553,76.3267482726,HIGH_PRODUCTION,0,0,159.8008337193
2024-03-03 20:00:00,RIG_ANOMALIES,20,3,6,40.6559941088,51.8298446446,55.2403642963,0.7164465357,43.6850365142,63.6986980224,61.6394582816,HIGH_PRODUCTION,0,0,159.847151459
2024-03-03 21:00:00,RIG_ANOMALIES,21,3,6,38.2644650435,59.1838396408,55.5175049511,0.7476063394,40.5604458566,73.6154948212,57.7218077467,HIGH_PRODUCTION,0,0,159.8934691987
2024-03-03 22:00:00,RIG_ANOMALIES,22,3,6,38.2644650435,54.1616310962,53.3307879502,0.7305676223,42.8905747549,62.3037128345,57.9530226689,STANDBY,0,0,159.9397869384
2024-03-03 23:00:00,RIG_ANOMALIES,23,3,6,38.2644650435,52.9386547689,53.6164535769,0.7011089845,44.0162534758,65.549659428,57.3357886548,STANDBY,0,0,159.9861046781
2024-03-04 00:00:00,RIG_ANOMALIES,0,4,0,40.0,62.848990733,60.0794604097,0.7738809354,47.3826972228,61.5704404895,63.7757367854,STANDBY,0,0,160.0324224178
2024-03-04 01:00:00,RIG_ANOMALIES,1,4,0,40.0,61.1699854666,61.5562603032,0.7220428222,47.5433226262,72.0290987292,69.6275736664,STANDBY,0,0,160.0787401575
2024-03-04 02:00:00,RIG_ANOMALIES,2,4,0,40.0,69.3958873366,62.9647260218,0.8251396873,50.2926658913,74.1156444148,68.6701754501,STANDBY,0,0,160.1250578972
2024-03-04 03:00:00,RIG_ANOMALIES,3,4,0,40.0,64.7693815464,64.360399244,0.8167938311,45.4646358026,66.1153160659,70.0562283776,STANDBY,0,0,160.1713756369
2024-03-04 04:00:00,RIG_ANOMALIES,4,4,0,42.5,59.2581374229,65.0218828161,0.7604035201,47.5482208761,68.9852803135,72.0692411428,STANDBY,0,0,160.2176933766
2024-03-04 05:00:00,RIG_ANOMALIES,5,4,0,50.9413334214,75.0528145736,71.8641491557,0.8511156255000001,47.3712104368,72.6693193376,76.8358624576,STANDBY,0,0,160.2640111163
2024-03-04 06:00:00,RIG_ANOMALIES,6,4,0,60.0,80.8781905061,77.330518764,0.8325278156,50.1628511547,79.0402569833,74.6404523825,HIGH_PRODUCTION,0,0,160.310328856
2024-03-04 07:00:00,RIG_ANOMALIES,7,4,0,69.0586665786,98.1530014867,90.8687700052,0.8413715152,52.9417344887,79.8168434387,94.4938631648,HIGH_PRODUCTION,0,0,160.3566465956
2024-03-04 08:00:00,RIG_ANOMALIES,8,4,0,77.5,96.7073238058,90.5123025473,0.8557574116000001,52.315931264,79.4875821615,100.8620954848,HIGH_PRODUCTION,0,0,160.4029643353
2024-03-04 09:00:00,RIG_ANOMALIES,9,4,0,84.7487373415,99.4019795313,95.0,0.8814524635000001,57.4731417313,80.3230835082,99.5130768343,HIGH_PRODUCTION,0,0,160.449282075
2024-03-04 10:00:00,RIG_ANOMALIES,10,4,0,90.3108891325,116.6306566636,95.0,0.89018179,61.0031908301,83.2183695264,100.194900308,HIGH_PRODUCTION,0,0,160.4955998147
2024-03-04 11:00:00,RIG_ANOMALIES,11,4,0,93.8074039201,121.7625258148,95.0,1.0056183668,60.4902357747,88.8940266755,99.2154482088,HIGH_PRODUCTION,0,0,160.5419175544
2024-03-04 12:00:00,RIG_ANOMALIES,12,4,0,95.0,112.7388201943,95.0,0.9676061162,59.0680320339,84.3878484072,100.6184336385,HIGH_PRODUCTION,0,0,160.5882352941
2024-03-04 13:00:00,RIG_ANOMALIES,13,4,0,93.8074039201,121.4034174191,95.0,0.8832719005,58.7576683561,86.537131477,102.1789445062,HIGH_PRODUCTION,0,0,160.6345530338
2024-03-04 14:00:00,RIG_ANOMALIES,14,4,0,90.3108891325,106.1492365261,95.0,0.9261293142,56.631262627699996,81.1382338002,99.9059297314,HIGH_PRODUCTION,0,0,160.6808707735
2024-03-04 15:00:00,RIG_ANOMALIES,15,4,0,84.7487373415,114.5685635287,95.0,0.9415617129,58.2487305639,84.8283745017,99.4605301786,HIGH_PRODUCTION,0,0,160.7271885132
2024-03-04 16:00:00,RIG_ANOMALIES,16,4,0,77.5,101.4676032854,93.5657823716,0.7753215734000001,55.7773374393,75.2188641993,100.0446674754,HIGH_PRODUCTION,0,0,160.7735062529
2024-03-04 17:00:00,RIG_ANOMALIES,17,4,0,69.0586665786,85.0661521951,78.4557703953,0.8964533938,53.2540460315,73.5871034886,84.3662515075,HIGH_PRODUCTION,0,0,160.8198239926
2024-03-04 18:00:00,RIG_ANOMALIES,18,4,0,60.0,79.6128669951,75.0706655606,0.8086398004,47.0987219904,77.9305638919,75.7324459227,HIGH_PRODUCTION,0,0,160.8661417323
2024-03-04 19:00:00,RIG_ANOMALIES,19,4,0,50.9413334214,78.4050117089,75.7665086382,0.8652240357000001,49.4007724438,68.0825356096,81.36102464,HIGH_PRODUCTION,0,0,160.912459472
2024-03-04 20:00:00,RIG_ANOMALIES,20,4,0,42.5,57.5969218455,56.6740974564,0.6322977401000001,43.2307526707,63.2804652506,65.1109558146,HIGH_PRODUCTION,0,0,160.9587772117
2024-03-04 21:00:00,RIG_ANOMALIES,21,4,0,40.0,59.7514663257,59.66505694,0.7333030143,43.9598937407,62.2254702628,61.917732367,HIGH_PRODUCTION,0,0,161.0050949514
2024-03-04 22:00:00,RIG_ANOMALIES,22,4,0,40.0,62.7867551956,64.9628975993,0.8286556537,41.7852766188,71.6471269533,70.4607934593,STANDBY,0,0,161.0514126911
2024-03-04 23:00:00,RIG_ANOMALIES,23,4,0,40.0,59.1543545224,55.3605264263,0.8147413697,44.2358783134,68.5176006366,55.1335700609,STANDBY,0,0,161.0977304308
2024-03-05 00:00:00,RIG_ANOMALIES,0,5,1,38.2644650435,53.9277543713,52.8769894863,0.8483146591,38.6625481489,64.735790806,61.7757870861,STANDBY,0,0,161.1440481704
2024-03-05 01:00:00,RIG_ANOMALIES,1,5,1,38.2644650435,63.3157230628,60.0099745716,0.8132763961,52.9312902996,66.8297173684,61.793423291,STANDBY,0,0,161.1903659101
2024-03-05 02:00:00,RIG_ANOMALIES,2,5,1,38.2644650435,55.8866940865,54.8378276662,0.7670394884,42.7830242852,66.6143581918,57.2284810987,STANDBY,0,0,161.2366836498
2024-03-05 03:00:00,RIG_ANOMALIES,3,5,1,38.2644650435,55.7682960178,57.2558586201,0.7351921961,42.0827519801,69.9400027439,59.7610672532,STANDBY,0,0,161.2830013895
2024-03-05 04:00:00,RIG_ANOMALIES,4,5,1,40.6559941088,65.840756052,64.7402983623,0.7637613067,48.6963184766,69.9609565416,70.5795106711,STANDBY,0,0,161.3293191292
2024-03-05 05:00:00,RIG_ANOMALIES,5,5,1,48.7310717994,71.7684154704,72.4399642126,0.8124002144,45.8783847645,73.0991307971,70.9237781032,STANDBY,0,0,161.3756368689
2024-03-05 06:00:00,RIG_ANOMALIES,6,5,1,57.3966975653,79.1959783983,75.9715635521,0.7402231498,50.8386641436,75.0406773102,85.5728630914,HIGH_PRODUCTION,0,0,161.4219546086
2024-03-05 07:00:00,RIG_ANOMALIES,7,5,1,66.0623233312,81.6485171324,80.4319629167,0.8670141212,52.0315434409,78.5062089428,78.3313191078,HIGH_PRODUCTION,0,0,161.4682723483
2024-03-05 08:00:00,RIG_ANOMALIES,8,5,1,74.1374010218,100.2553203463,94.5632871675,0.8984145241,54.9911059693,81.7333316554,96.551262931,HIGH_PRODUCTION,0,0,161.514590088
2024-03-05 09:00:00,RIG_ANOMALIES,9,5,1,81.0716274372,104.5796854944,95.0,0.8661503333,53.0371821679,83.4006217638,97.79187625,HIGH_PRODUCTION,0,0,161.5609078277
2024-03-05 10:00:00,RIG_ANOMALIES,10,5,1,86.3924465065,103.003408481,95.0,0.8684282495000001,59.078392738,81.7026233667,94.4054825622,HIGH_PRODUCTION,0,0,161.6072255674
2024-03-05 11:00:00,RIG_ANOMALIES,11,5,1,89.7372532031,106.7331358302,95.0,0.9354668093,61.6980113397,78.0495626026,100.1613450484,HIGH_PRODUCTION,0,0,161.6535433071
2024-03-05 12:00:00,RIG_ANOMALIES,12,5,1,90.8781044784,122.3520763295,95.0,0.9644247484,59.3543142124,82.8271830864,99.9449200423,HIGH_PRODUCTION,0,0,161.6998610468
2024-03-05 13:00:00,RIG_ANOMALIES,13,5,1,89.7372532031,109.6097156452,95.0,0.8474832161,59.2314745283,84.487163555,100.3562320254,HIGH_PRODUCTION,0,0,161.7461787865
2024-03-05 14:00:00,RIG_ANOMALIES,14,5,1,86.3924465065,110.6127364511,95.0,0.9043877813000001,60.4904769185,84.2855247553,101.427019511,HIGH_PRODUCTION,0,0,161.7924965262
2024-03-05 15:00:00,RIG_ANOMALIES,15,5,1,81.0716274372,94.8599627603,93.7195636052,0.8107055269000001,51.4446117156,80.7061209613,107.7504648665,HIGH_PRODUCTION,0,0,161.8388142659
2024-03-05 16:00:00,RIG_ANOMALIES,16,5,1,74.1374010218,97.7615776223,94.1454422263,0.8528598616,55.452718918,77.8972580065,93.9446374225,HIGH_PRODUCTION,0,0,161.8851320056
2024-03-05 17:00:00,RIG_ANOMALIES,17,5,1,66.0623233312,88.1257375714,84.2114938895,0.7336638222,53.7896504613,78.4974931644,85.9304003485,HIGH_PRODUCTION,0,0,161.9314497453
2024-03-05 18:00:00,RIG_ANOMALIES,18,5,1,57.3966975653,73.7253559687,74.0394858926,0.7909890839,50.1406268271,69.344252017,78.0274370131,HIGH_PRODUCTION,0,0,161.9777674849
2024-03-05 19:00:00,RIG_ANOMALIES,19,5,1,48.7310717994,65.2504244409,67.100576329,0.8200394229,48.6308078695,65.4620843803,71.9180508934,HIGH_PRODUCTION,0,0,162.0240852246
2024-03-05 20:00:00,RIG_ANOMALIES,20,5,1,40.6559941088,59.512353597,60.5557557119,0.7336204161000001,46.7237400478,70.3695211451,70.7619932313,HIGH_PRODUCTION,0,0,162.0704029643
2024-03-05 21:00:00,RIG_ANOMALIES,21,5,1,38.2644650435,53.2416085275,56.011568948,0.8147733049,44.1706401714,63.0835805305,61.2209655975,HIGH_PRODUCTION,0,0,162.116720704
2024-03-05 22:00:00,RIG_ANOMALIES,22,5,1,38.2644650435,50.6504383653,53.1238286105,0.7307418317000001,45.5751151011,75.7654003869,58.702434623,STANDBY,0,0,162.1630384437
2024-03-05 23:00:00,RIG_ANOMALIES,23,5,1,38.2644650435,59.751052282,57.9032012008,0.7903583434,46.5827734573,71.8690260497,65.6142639597,STANDBY,0,0,162.2093561834
2024-03-06 00:00:00,RIG_ANOMALIES,0,6,2,36.8726740701,58.493346098,56.7672733848,0.7895556283,47.7158846809,62.6629127496,62.7858244422,STANDBY,0,0,162.2556739231
2024-03-06 01:00:00,RIG_ANOMALIES,1,6,2,36.8726740701,46.5312381847,51.4657997051,0.7059321665,39.6412229304,63.8846866248,58.4561873365,STANDBY,0,0,162.3019916628
2024-03-06 02:00:00,RIG_ANOMALIES,2,6,2,36.8726740701,53.5524360845,53.2174954043,0.7992131100000001,39.6481528534,67.8748184479,56.4906490766,STANDBY,0,0,162.3483094025
2024-03-06 03:00:00,RIG_ANOMALIES,3,6,2,36.8726740701,57.659534391,58.5184440814,0.6975051847,46.3259867336,69.5551216626,65.9862018234,STANDBY,0,0,162.3946271422
2024-03-06 04:00:00,RIG_ANOMALIES,4,6,2,39.1772161995,58.9435184901,57.2404056365,0.6968404541000001,43.3729904624,66.8201905162,58.4621332771,STANDBY,0,0,162.4409448819
2024-03-06 05:00:00,RIG_ANOMALIES,5,6,2,46.9585795986,60.0677671816,63.8621582676,0.7742512098000001,43.7857078947,70.9502788589,71.7715025357,STANDBY,0,0,162.4872626216
2024-03-06 06:00:00,RIG_ANOMALIES,6,6,2,55.3090111052,69.2102060171,75.6734647606,0.8367888202,46.7907822106,70.988616181,78.3956407889,HIGH_PRODUCTION,0,0,162.5335803613
2024-03-06 07:00:00,RIG_ANOMALIES,7,6,2,63.6594426117,75.7487043926,78.1869870377,0.9002294294000001,48.1808947318,69.8958868287,83.3951382659,HIGH_PRODUCTION,0,0,162.579898101
2024-03-06 08:00:00,RIG_ANOMALIES,8,6,2,71.4408060109,82.0785934083,85.2841870587,0.8522560338,47.9268506689,76.0161715192,87.6904336162,HIGH_PRODUCTION,0,0,162.6262158407
2024-03-06 09:00:00,RIG_ANOMALIES,9,6,2,78.1228142462,95.8291724674,95.0,0.7414241027,55.5420037283,80.9521623124,102.9541198388,HIGH_PRODUCTION,0,0,162.6725335804
2024-03-06 10:00:00,RIG_ANOMALIES,10,6,2,83.2500994991,97.4756045585,95.0,0.8808636697000001,56.4728840877,78.3295017027,101.3627515897,HIGH_PRODUCTION,0,0,162.7188513201
2024-03-06 11:00:00,RIG_ANOMALIES,11,6,2,86.4732457528,96.7920532653,95.0,0.8517921445000001,53.6275036658,78.0364121935,97.4888391815,HIGH_PRODUCTION,0,0,162.7651690597
2024-03-06 12:00:00,RIG_ANOMALIES,12,6,2,87.5726009166,112.6359867365,95.0,0.9410590636,57.6964237058,83.5434571516,97.3706737909,HIGH_PRODUCTION,0,0,162.8114867994
2024-03-06 13:00:00,RIG_ANOMALIES,13,6,2,86.4732457528,111.5344125308,95.0,0.8615693087,57.241100507,84.8023893314,98.1938940247,HIGH_PRODUCTION,0,0,162.8578045391
2024-03-06 14:00:00,RIG_ANOMALIES,14,6,2,83.2500994991,100.7327287197,95.0,0.8354141286000001,53.349903714,77.35484636,106.5464350198,HIGH_PRODUCTION,0,0,162.9041222788
2024-03-06 15:00:00,RIG_ANOMALIES,15,6,2,78.1228142462,94.0815120215,92.1267191216,0.8776129526,55.4139371858,79.6591167501,97.6877940173,HIGH_PRODUCTION,0,0,162.9504400185
2024-03-06 16:00:00,RIG_ANOMALIES,16,6,2,71.4408060109,80.8545143478,85.6203675713,0.8518971707,51.5307188938,69.9021516512,90.3404130976,HIGH_PRODUCTION,0,0,162.9967577582
2024-03-06 17:00:00,RIG_ANOMALIES,17,6,2,63.6594426117,80.2942525338,80.460906488,0.7735021671000001,47.7122918269,75.7592221706,86.3580975182,HIGH_PRODUCTION,0,0,163.0430754979
2024-03-06 18:00:00,RIG_ANOMALIES,18,6,2,55.3090111052,75.4490568521,75.7752414985,0.932067029,48.3290080824,72.7439178264,80.771205368,HIGH_PRODUCTION,0,0,163.0893932376
2024-03-06 19:00:00,RIG_ANOMALIES,19,6,2,46.9585795986,67.6550904991,69.4304743924,0.7889684783,46.5243434873,71.3263265323,78.5123192747,HIGH_PRODUCTION,0,0,163.1357109773
2024-03-06 20:00:00,RIG_ANOMALIES,20,6,2,39.1772161995,57.5040841088,61.1439102265,0.8032431209,45.2378533469,70.6660625123,68.5745301641,HIGH_PRODUCTION,0,0,163.182028717
2024-03-06 21:00:00,RIG_ANOMALIES,21,6,2,36.8726740701,58.494258384,57.4984527672,0.7278245592,42.7784049094,63.1535958721,59.1095942846,HIGH_PRODUCTION,0,0,163.2283464567
2024-03-06 22:00:00,RIG_ANOMALIES,22,6,2,36.8726740701,51.634850722,54.6670608087,0.7454901774,42.5494367501,62.283944898,64.8012538908,STANDBY,0,0,163.2746641964
2024-03-06 23:00:00,RIG_ANOMALIES,23,6,2,36.8726740701,58.0741743788,57.4893936345,0.7468998719000001,42.5872858909,74.5575042672,61.3612255879,STANDBY,0,0,163.3209819361
2024-03-07 00:00:00,RIG_ANOMALIES,0,7,3,36.1002883513,54.2385703949,51.5490767132,0.7922591084,44.6408913978,65.6849260256,56.9859250716,STANDBY,0,0,163.3672996758
2024-03-07 01:00:00,RIG_ANOMALIES,1,7,3,36.1002883513,57.868212273,55.3640477772,0.7612170218000001,43.7444714724,66.7564292768,57.9610508948,STANDBY,0,0,163.4136174155
2024-03-07 02:00:00,RIG_ANOMALIES,2,7,3,36.1002883513,62.9078121453,59.5967006529,0.8296304931,43.6529590999,69.9508547632,63.9185903598,STANDBY,0,0,163.4599351552
2024-03-07 03:00:00,RIG_ANOMALIES,3,7,3,36.1002883513,56.6308640704,54.9883394345,0.7783268131000001,44.1482913683,67.659221333,60.9544514404,STANDBY,0,0,163.5062528949
2024-03-07 04:00:00,RIG_ANOMALIES,4,7,3,38.3565563732,56.239740479700004,58.5940275857,0.7077092746,41.0143075077,65.0341126619,65.1727801544,STANDBY,0,0,163.5525706346
2024-03-07 05:00:00,RIG_ANOMALIES,5,7,3,45.9749206378,72.1656129417,73.5992066009,0.8975723062000001,47.9402280312,74.0861992463,76.711208616,STANDBY,0,0,163.5988883742
2024-03-07 06:00:00,RIG_ANOMALIES,6,7,3,54.1504325269,79.2044614334,78.3553585043,0.8306623261,49.9945714403,73.3404280207,84.2808631567,HIGH_PRODUCTION,0,0,163.6452061139
2024-03-07 07:00:00,RIG_ANOMALIES,7,7,3,62.325944416,77.7779766941,76.3911148619,0.8330351413,49.1528186468,74.6884412538,82.189836105,HIGH_PRODUCTION,0,0,163.6915238536
2024-03-07 08:00:00,RIG_ANOMALIES,8,7,3,69.9443086806,86.5114967101,87.2763116682,0.8003412112,51.9828796452,73.2974102035,90.2387373489,HIGH_PRODUCTION,0,0,163.7378415933
2024-03-07 09:00:00,RIG_ANOMALIES,9,7,3,76.4863463859,90.2547976402,90.0050307522,0.8553326915,52.6230274908,78.731655128,90.764702385,HIGH_PRODUCTION,0,0,163.784159333
2024-03-07 10:00:00,RIG_ANOMALIES,10,7,3,81.5062284735,99.3473334798,95.0,0.8857151028,54.7131725636,79.277619436,98.8749577771,HIGH_PRODUCTION,0,0,163.8304770727
2024-03-07 11:00:00,RIG_ANOMALIES,11,7,3,84.661858275,105.2908874352,95.0,0.9247971551,51.5262483201,83.3164357364,98.4170194947,HIGH_PRODUCTION,0,0,163.8767948124
2024-03-07 12:00:00,RIG_ANOMALIES,12,7,3,85.7381848343,112.0659017049,95.0,0.941915312,58.5221395431,83.8452846364,98.1400631256,HIGH_PRODUCTION,0,0,163.9231125521
2024-03-07 13:00:00,RIG_ANOMALIES,13,7,3,84.661858275,102.6518513723,95.0,0.9919385819000001,55.1206971688,83.0746679551,95.441584126,HIGH_PRODUCTION,0,0,163.9694302918
2024-03-07 14:00:00,RIG_ANOMALIES,14,7,3,81.5062284735,105.0381575334,95.0,0.917941945,54.92966047,80.7134924985,100.5917771041,HIGH_PRODUCTION,0,0,164.0157480315
2024-03-07 15:00:00,RIG_ANOMALIES,15,7,3,76.4863463859,92.4089987199,90.028618265,0.9149268416,51.500533673,83.5488382389,91.7941552104,HIGH_PRODUCTION,0,0,164.0620657712
2024-03-07 16:00:00,RIG_ANOMALIES,16,7,3,69.9443086806,91.4376077909,87.6130944061,0.9251070056,53.4352589907,79.8868413716,91.4121011341,HIGH_PRODUCTION,0,0,164.1083835109
2024-03-07 17:00:00,RIG_ANOMALIES,17,7,3,62.325944416,80.253664518,80.3267637632,0.9157154454,51.1187996075,74.8657595584,86.442361032,HIGH_PRODUCTION,0,0,164.1547012506
2024-03-07 18:00:00,RIG_ANOMALIES,18,7,3,54.1504325269,77.8350126285,78.7408530802,0.7710823532000001,48.1302200441,74.4768328128,87.5675797868,HIGH_PRODUCTION,0,0,164.2010189903
2024-03-07 19:00:00,RIG_ANOMALIES,19,7,3,45.9749206378,67.6862716264,69.9360656137,0.8571896691,46.6143756468,65.4177946735,77.1915182818,HIGH_PRODUCTION,0,0,164.24733673
2024-03-07 20:00:00,RIG_ANOMALIES,20,7,3,38.3565563732,66.2033745262,66.2381127803,0.8060747071000001,49.4962424226,72.5988269226,72.5821007862,HIGH_PRODUCTION,0,0,164.2936544697
2024-03-07 21:00:00,RIG_ANOMALIES,21,7,3,36.1002883513,55.1949702574,57.0734057405,0.7742475021,43.2370192736,66.8341203907,65.2893140913,HIGH_PRODUCTION,0,0,164.3399722094
2024-03-07 22:00:00,RIG_ANOMALIES,22,7,3,36.1002883513,57.742835969,57.5407892915,0.7139879147,44.4994857411,64.7967817015,66.6712596881,STANDBY,0,0,164.3862899491
2024-03-07 23:00:00,RIG_ANOMALIES,23,7,3,36.1002883513,63.9862439957,62.2967683162,0.8228152547,43.2436256759,67.7686204262,68.0827953283,STANDBY,0,0,164.4326076887
2024-03-08 00:00:00,RIG_ANOMALIES,0,8,4,36.1002883513,52.8644689247,53.2762889551,0.6125841536000001,44.4985803144,64.8900361324,53.6989887109,STANDBY,0,0,164.4789254284
2024-03-08 01:00:00,RIG_ANOMALIES,1,8,4,36.1002883513,56.5686752827,57.4882349973,0.7514915451,43.8617832767,67.0296993842,66.1504581322,STANDBY,0,0,164.5252431681
2024-03-08 02:00:00,RIG_ANOMALIES,2,8,4,36.1002883513,51.1105326978,54.9148724198,0.6911546465,44.836322554,65.6053969094,60.4149928078,STANDBY,0,0,164.5715609078
2024-03-08 03:00:00,RIG_ANOMALIES,3,8,4,36.1002883513,53.9740552665,56.6507955936,0.8274261603,43.3822444873,64.1418381094,61.7557540891,STANDBY,0,0,164.6178786475
2024-03-08 04:00:00,RIG_ANOMALIES,4,8,4,38.3565563732,56.6613630208,61.1195081887,0.8307422149,42.5234026332,66.9155078574,62.4522093176,STANDBY,0,0,164.6641963872
2024-03-08 05:00:00,RIG_ANOMALIES,5,8,4,45.9749206378,69.7928750268,73.6769523491,0.7963548699,49.6126976607,72.3935643656,75.0182463439,STANDBY,0,0,164.7105141269
2024-03-08 06:00:00,RIG_ANOMALIES,6,8,4,54.1504325269,76.3114097921,78.3693484628,0.7795707012,47.2670397764,76.8859838856,80.6388295569,HIGH_PRODUCTION,0,0,164.7568318666
2024-03-08 07:00:00,RIG_ANOMALIES,7,8,4,62.325944416,93.0657067904,90.3458974809,0.8496589872,51.6178558817,79.8658202574,99.0408393549,HIGH_PRODUCTION,0,0,164.8031496063
2024-03-08 08:00:00,RIG_ANOMALIES,8,8,4,69.9443086806,89.0433908177,85.1399498982,0.7948386206,51.3959998601,78.2344765612,96.65569017,HIGH_PRODUCTION,0,0,164.849467346
2024-03-08 09:00:00,RIG_ANOMALIES,9,8,4,76.4863463859,99.086561531,94.8082415902,0.8615539470000001,53.5615535055,80.4364331174,94.5182190984,HIGH_PRODUCTION,0,0,164.8957850857
2024-03-08 10:00:00,RIG_ANOMALIES,10,8,4,81.5062284735,110.9640454307,95.0,0.9056915386000001,52.3505733322,82.2033113626,102.980285635,HIGH_PRODUCTION,0,0,164.9421028254
2024-03-08 11:00:00,RIG_ANOMALIES,11,8,4,84.661858275,103.1071391648,95.0,0.9433351569,56.3490217876,80.2182836869,102.3182696289,HIGH_PRODUCTION,0,0,164.9884205651
2024-03-08 12:00:00,RIG_ANOMALIES,12,8,4,85.7381848343,100.6800407672,95.0,0.8751069529000001,51.3841906208,76.19492721,102.1554575406,HIGH_PRODUCTION,0,0,165.0347383048
2024-03-08 13:00:00,RIG_ANOMALIES,13,8,4,84.661858275,109.2092264872,95.0,0.9122257519,57.4813250118,83.0592179646,97.3909594036,HIGH_PRODUCTION,0,0,165.0810560445
2024-03-08 14:00:00,RIG_ANOMALIES,14,8,4,81.5062284735,95.8504903635,95.0,0.8573473563,56.30975887,81.7819979554,100.7811200681,HIGH_PRODUCTION,0,0,165.1273737842
2024-03-08 15:00:00,RIG_ANOMALIES,15,8,4,76.4863463859,94.6840053817,95.0,0.8861951436000001,56.4327381583,81.3895772041,98.3971071387,HIGH_PRODUCTION,0,0,165.1736915239
2024-03-08 16:00:00,RIG_ANOMALIES,16,8,4,69.9443086806,87.3978489971,84.8424104302,0.9454318872,52.7870397831,76.1193151959,91.1488973307,HIGH_PRODUCTION,0,0,165.2200092635
2024-03-08 17:00:00,RIG_ANOMALIES,17,8,4,62.325944416,75.1882177316,74.2680618827,0.8042831340000001,53.6117255094,70.0409088309,76.7293538617,HIGH_PRODUCTION,0,0,165.2663270032
2024-03-08 18:00:00,RIG_ANOMALIES,18,8,4,54.1504325269,78.2673686998,73.8288549063,0.8019792956,48.0557182074,75.5158441646,77.8995260846,HIGH_PRODUCTION,0,0,165.3126447429
2024-03-08 19:00:00,RIG_ANOMALIES,19,8,4,45.9749206378,63.5916154171,69.8076368919,0.812378798,45.2362115328,72.2526450332,73.6268521513,HIGH_PRODUCTION,0,0,165.3589624826
2024-03-08 20:00:00,RIG_ANOMALIES,20,8,4,38.3565563732,58.6895270288,58.6118734074,0.8338503037,45.2744852582,72.1512228683,62.0350517158,HIGH_PRODUCTION,0,0,165.4052802223
2024-03-08 21:00:00,RIG_ANOMALIES,21,8,4,36.1002883513,50.6714556649,54.2278620025,0.7224454648,43.5702410443,60.9065230105,55.8627586766,HIGH_PRODUCTION,0,0,165.451597962
2024-03-08 22:00:00,RIG_ANOMALIES,22,8,4,36.1002883513,47.7314678166,52.7476860787,0.726304633,45.1688257842,66.2427492147,60.820848149,STANDBY,0,0,165.4979157017
2024-03-08 23:00:00,RIG_ANOMALIES,23,8,4,36.1002883513,63.8734801252,60.8682435395,0.7704449434,45.0206154347,72.9192845997,67.8114641629,STANDBY,0,0,165.5442334414
2024-03-09 00:00:00,RIG_ANOMALIES,0,9,5,36.8726740701,64.2723618351,56.6116535676,0.7440818219,49.7174955683,62.6460022504,65.8725979227,STANDBY,0,0,165.5905511811
2024-03-09 01:00:00,RIG_ANOMALIES,1,9,5,36.8726740701,63.5059291889,59.6971111357,0.8425768013,47.1358512822,67.9458381751,64.7121048706,STANDBY,0,0,165.6368689208
2024-03-09 02:00:00,RIG_ANOMALIES,2,9,5,36.8726740701,57.3222603142,56.2615638525,0.7432132292,45.8424873365,65.275868937,57.923444489,STANDBY,0,0,165.6831866605
2024-03-09 03:00:00,RIG_ANOMALIES,3,9,5,36.8726740701,63.8601966535,62.8875437727,0.9030300191,46.4368440844,72.1949866903,70.4298185708,STANDBY,0,0,165.7295044002
2024-03-09 04:00:00,RIG_ANOMALIES,4,9,5,39.1772161995,57.0445281535,61.8527685401,0.7493004999999999,43.3710198228,70.2288729961,71.6819921397,STANDBY,0,0,165.7758221399
2024-03-09 05:00:00,RIG_ANOMALIES,5,9,5,46.9585795986,72.8204859558,71.8126072268,0.8114476926,48.2956406162,75.0627179371,73.9357980044,STANDBY,0,0,165.8221398796
2024-03-09 06:00:00,RIG_ANOMALIES,6,9,5,55.3090111052,83.8248482749,82.1334450941,0.9476315786,47.5121904585,79.9485924323,89.7262455303,HIGH_PRODUCTION,0,0,165.8684576193
2024-03-09 07:00:00,RIG_ANOMALIES,7,9,5,63.6594426117,89.1753294685,86.9482806953,1.0248513878,54.7502286181,77.2172606627,92.1268467935,HIGH_PRODUCTION,0,0,165.914775359
2024-03-09 08:00:00,RIG_ANOMALIES,8,9,5,71.4408060109,100.2255553868,94.5551458214,0.8649019452000001,60.9043303627,75.4667172809,95.7427373619,HIGH_PRODUCTION,0,0,165.9610930987
2024-03-09 09:00:00,RIG_ANOMALIES,9,9,5,78.1228142462,104.0763574536,95.0,0.9446420642000001,59.2429286337,82.0769837521,96.8508107974,HIGH_PRODUCTION,0,0,166.0074108384
2024-03-09 10:00:00,RIG_ANOMALIES,10,9,5,83.2500994991,111.9865645835,95.0,0.9549213406,53.4825708228,82.7101297888,100.3112929779,HIGH_PRODUCTION,0,0,166.053728578
2024-03-09 11:00:00,RIG_ANOMALIES,11,9,5,86.4732457528,108.5165926407,95.0,0.9492008661,55.2935675074,86.723171319,100.7236021573,HIGH_PRODUCTION,0,0,166.1000463177
2024-03-09 12:00:00,RIG_ANOMALIES,12,9,5,87.5726009166,102.4531354137,95.0,1.0033592686,54.476331265,81.7432201102,100.6714197212,HIGH_PRODUCTION,0,0,166.1463640574
2024-03-09 13:00:00,RIG_ANOMALIES,13,9,5,86.4732457528,110.227689474,95.0,1.0031470148,60.2242638549,85.6977253462,100.4853812122,HIGH_PRODUCTION,0,0,166.1926817971
2024-03-09 14:00:00,RIG_ANOMALIES,14,9,5,83.2500994991,99.2035075369,94.7076370166,0.8698328581,54.3973272419,78.8179857305,95.8023564106,HIGH_PRODUCTION,0,0,166.2389995368
2024-03-09 15:00:00,RIG_ANOMALIES,15,9,5,78.1228142462,103.753541087,94.8742378826,0.9042388693000001,55.9698306765,79.6668610802,102.4165457511,HIGH_PRODUCTION,0,0,166.2853172765
2024-03-09 16:00:00,RIG_ANOMALIES,16,9,5,71.4408060109,91.7840665798,87.1844097766,0.9165947424,52.7379713009,72.5500753937,94.82889697,HIGH_PRODUCTION,0,0,166.3316350162
2024-03-09 17:00:00,RIG_ANOMALIES,17,9,5,63.6594426117,80.7632413929,80.392036657,0.8041388431000001,50.2366682609,69.9159772918,85.8850654537,HIGH_PRODUCTION,0,0,166.3779527559
2024-03-09 18:00:00,RIG_ANOMALIES,18,9,5,55.3090111052,84.6025041972,80.8927330577,0.8684172440000001,52.0770320982,77.8668760909,83.097957019,HIGH_PRODUCTION,0,0,166.4242704956
2024-03-09 19:00:00,RIG_ANOMALIES,19,9,5,46.9585795986,70.668372479,73.1200797887,0.8281316512,48.1233326825,70.5645299764,75.32131929,HIGH_PRODUCTION,0,0,166.4705882353
2024-03-09 20:00:00,RIG_ANOMALIES,20,9,5,39.1772161995,60.3791245988,63.6179752551,0.7973387587,44.8513126727,65.4662342097,68.229107311,HIGH_PRODUCTION,0,0,166.516905975
2024-03-09 21:00:00,RIG_ANOMALIES,21,9,5,36.8726740701,51.4598447434,52.403636566,0.8319537143,41.8003311049,65.177917764,57.7404105676,HIGH_PRODUCTION,0,0,166.5632237147
2024-03-09 22:00:00,RIG_ANOMALIES,22,9,5,36.8726740701,55.83472406,59.4396906579,0.7848890052,40.2947080842,65.0851278745,61.6033622319,STANDBY,0,0,166.6095414544
2024-03-09 23:00:00,RIG_ANOMALIES,23,9,5,36.8726740701,58.5511843824,56.699210566,0.8488263658,42.7716767473,62.1043880122,58.6297938002,STANDBY,0,0,166.6558591941
2024-03-10 00:00:00,RIG_ANOMALIES,0,10,6,38.2644650435,57.6384730973,51.3462595131,0.8021068442,43.4161196641,63.613919906,53.9351284626,STANDBY,0,0,166.7021769338
2024-03-10 01:00:00,RIG_ANOMALIES,1,10,6,38.2644650435,59.8149752212,58.1516731197,0.7834990399,43.952509798,65.8040527459,56.9167056249,STANDBY,0,0,166.7484946735
2024-03-10 02:00:00,RIG_ANOMALIES,2,10,6,38.2644650435,58.4509584206,59.2241232413,0.7346882016,45.1716161469,70.3311390401,68.3763648023,STANDBY,0,0,166.7948124132
2024-03-10 03:00:00,RIG_ANOMALIES,3,10,6,38.2644650435,52.7466928572,55.4191836982,0.7168293016,38.6607406078,65.2482177463,57.8934095475,STANDBY,0,0,166.8411301528
2024-03-10 04:00:00,RIG_ANOMALIES,4,10,6,40.6559941088,55.8651583656,57.8094697501,0.7477175899,44.4191033425,61.2792134984,68.1525201672,STANDBY,0,0,166.8874478925
2024-03-10 05:00:00,RIG_ANOMALIES,5,10,6,48.7310717994,74.5895429202,73.4719328691,0.8491028654,48.3668170405,69.2418753227,82.5279937038,STANDBY,0,0,166.9337656322
2024-03-10 06:00:00,RIG_ANOMALIES,6,10,6,57.3966975653,77.5002931851,74.9716424273,0.895829186,47.6428331985,78.6228434629,80.8742320231,HIGH_PRODUCTION,0,0,166.9800833719
2024-03-10 07:00:00,RIG_ANOMALIES,7,10,6,66.0623233312,77.9118669445,77.3002573302,0.8661503060000001,49.3122842944,70.8861608232,86.4151989129,HIGH_PRODUCTION,0,0,167.0264011116
2024-03-10 08:00:00,RIG_ANOMALIES,8,10,6,74.1374010218,95.9754757467,90.4941250682,0.8236787990000001,52.5918526185,84.1275376426,102.8261663832,HIGH_PRODUCTION,0,0,167.0727188513
2024-03-10 09:00:00,RIG_ANOMALIES,9,10,6,81.0716274372,99.7786951511,95.0,0.9041603056,52.4626162415,78.4499341673,101.8996421447,HIGH_PRODUCTION,0,0,167.119036591
2024-03-10 10:00:00,RIG_ANOMALIES,10,10,6,86.3924465065,106.3363767796,95.0,0.9328061009,55.584026321,75.9911922687,98.3210643311,HIGH_PRODUCTION,0,0,167.1653543307
2024-03-10 11:00:00,RIG_ANOMALIES,11,10,6,89.7372532031,117.8245265241,95.0,0.9306464934,60.0102175707,83.8572091599,96.7769067389,HIGH_PRODUCTION,0,0,167.2116720704
2024-03-10 12:00:00,RIG_ANOMALIES,12,10,6,90.8781044784,105.5217469381,95.0,0.8852147064,57.223687528,86.904977821,102.2709278746,HIGH_PRODUCTION,0,0,167.2579898101
2024-03-10 13:00:00,RIG_ANOMALIES,13,10,6,89.7372532031,108.34849605470001,95.0,0.9234179247000001,54.925409406200004,80.4398703852,103.9801260413,HIGH_PRODUCTION,0,0,167.3043075498
2024-03-10 14:00:00,RIG_ANOMALIES,14,10,6,86.3924465065,114.1854396187,95.0,0.9872087068000001,60.9992307313,84.6668157288,105.7805612939,HIGH_PRODUCTION,0,0,167.3506252895
2024-03-10 15:00:00,RIG_ANOMALIES,15,10,6,81.0716274372,107.5428302194,95.0,0.9687241069,54.1121317314,80.8225241042,100.6653916235,HIGH_PRODUCTION,0,0,167.3969430292
2024-03-10 16:00:00,RIG_ANOMALIES,16,10,6,74.1374010218,95.9551681541,89.0208148258,0.8727181038,50.6387982757,86.3691800102,95.0996450231,HIGH_PRODUCTION,0,0,167.4432607689
2024-03-10 17:00:00,RIG_ANOMALIES,17,10,6,66.0623233312,94.6600044331,91.3668295592,0.9879328570000001,54.62819436,77.7900670308,94.5221910959,HIGH_PRODUCTION,0,0,167.4895785086
2024-03-10 18:00:00,RIG_ANOMALIES,18,10,6,57.3966975653,71.7917524711,70.0935274026,0.7456316912000001,51.2641908778,68.1013711935,75.7846107543,HIGH_PRODUCTION,0,0,167.5358962483
2024-03-10 19:00:00,RIG_ANOMALIES,19,10,6,48.7310717994,67.180144728,68.0988691936,0.8434000850000001,48.5862372534,70.7113895281,70.6330147576,HIGH_PRODUCTION,0,0,167.582213988
2024-03-10 20:00:00,RIG_ANOMALIES,20,10,6,40.6559941088,69.6536253877,64.6757425082,0.8394386099000001,48.584602001,71.9648964832,72.7657969461,HIGH_PRODUCTION,0,0,167.6285317277
2024-03-10 21:00:00,RIG_ANOMALIES,21,10,6,38.2644650435,57.044837508,57.289825467200004,0.7037317653,42.1489357462,67.2796802494,65.1824800181,HIGH_PRODUCTION,0,0,167.6748494673
2024-03-10 22:00:00,RIG_ANOMALIES,22,10,6,38.2644650435,56.715854408,57.8113157838,0.7393835377,44.9565302809,68.0611024201,66.8070755666,STANDBY,0,0,167.721167207
2024-03-10 23:00:00,RIG_ANOMALIES,23,10,6,38.2644650435,58.0925695852,58.0766750355,0.7457309472,39.6233710904,65.73504198,64.184252198,STANDBY,0,0,167.7674849467
2024-03-11 00:00:00,RIG_ANOMALIES,0,11,0,40.0,63.4711744503,58.6711302308,0.8465867419,44.7117229059,67.4973305248,62.808408730400004,STANDBY,0,0,167.8138026864
2024-03-11 01:00:00,RIG_ANOMALIES,1,11,0,40.0,62.6303626696,61.4763939882,0.7497912067,45.3584492483,70.9098912922,67.3374220818,STANDBY,0,0,167.8601204261
2024-03-11 02:00:00,RIG_ANOMALIES,2,11,0,40.0,58.1771832773,57.3302622195,0.6833283571000001,40.245079712,65.3220297529,63.2641076811,STANDBY,0,0,167.9064381658
2024-03-11 03:00:00,RIG_ANOMALIES,3,11,0,40.0,53.0100035028,55.0253474425,0.7186323524,43.7561032151,62.56979165,64.5432482338,STANDBY,0,0,167.9527559055
2024-03-11 04:00:00,RIG_ANOMALIES,4,11,0,42.5,61.2242334481,60.8836026166,0.8214296576000001,43.30451593,68.2155252742,71.7791106352,STANDBY,0,0,167.9990736452
2024-03-11 05:00:00,RIG_ANOMALIES,5,11,0,50.9413334214,65.8217958199,71.6161862492,0.8317858724,41.2414476636,70.9783530412,80.1765769813,STANDBY,0,0,168.0453913849
2024-03-11 06:00:00,RIG_ANOMALIES,6,11,0,60.0,73.2239699188,73.8105331014,0.7594978881000001,47.828654164,70.3252058416,78.2077905258,HIGH_PRODUCTION,0,0,168.0917091246
2024-03-11 07:00:00,RIG_ANOMALIES,7,11,0,69.0586665786,91.3934070595,83.6558705803,0.8780878834,54.8923673217,78.9062554979,86.2594345652,HIGH_PRODUCTION,0,0,168.1380268643
2024-03-11 08:00:00,RIG_ANOMALIES,8,11,0,77.5,105.4373871388,95.0,0.9785238827,54.9478585902,81.0967089982,99.9189013404,HIGH_PRODUCTION,0,0,168.184344604
2024-03-11 09:00:00,RIG_ANOMALIES,9,11,0,84.7487373415,103.1867159707,95.0,0.8841224175,52.8400475904,78.7356589314,105.2648343658,HIGH_PRODUCTION,0,0,168.2306623437
2024-03-11 10:00:00,RIG_ANOMALIES,10,11,0,90.3108891325,115.8979151534,95.0,0.9596194931,60.0729221604,89.7590884636,100.8625950128,HIGH_PRODUCTION,0,0,168.2769800834
2024-03-11 11:00:00,RIG_ANOMALIES,11,11,0,93.8074039201,109.4590805588,95.0,0.8923323498,58.530691549,84.8357559928,97.4933312261,HIGH_PRODUCTION,0,0,168.3232978231
2024-03-11 12:00:00,RIG_ANOMALIES,12,11,0,95.0,112.8846404537,95.0,0.9518515367,56.8999782162,82.9852967044,94.3691617534,HIGH_PRODUCTION,0,0,168.3696155628
2024-03-11 13:00:00,RIG_ANOMALIES,13,11,0,93.8074039201,114.7138060199,95.0,0.9476519318000001,60.8319039517,85.2490199055,104.4052805287,HIGH_PRODUCTION,0,0,168.4159333025
2024-03-11 14:00:00,RIG_ANOMALIES,14,11,0,90.3108891325,115.8661452769,95.0,1.0238916125,61.0372994217,86.5192335646,102.7610586507,HIGH_PRODUCTION,0,0,168.4622510421
2024-03-11 15:00:00,RIG_ANOMALIES,15,11,0,84.7487373415,110.539121273,95.0,0.8982211398000001,57.7133380371,85.2677190059,95.0629565592,HIGH_PRODUCTION,0,0,168.5085687818
2024-03-11 16:00:00,RIG_ANOMALIES,16,11,0,77.5,105.7808316631,95.0,0.9072873434000001,56.5421223551,84.8867001984,98.2428021232,HIGH_PRODUCTION,0,0,168.5548865215
2024-03-11 17:00:00,RIG_ANOMALIES,17,11,0,69.0586665786,85.9560331389,87.3344461739,0.9036550666000001,46.6090796809,76.0640441372,86.7876662276,HIGH_PRODUCTION,0,0,168.6012042612
2024-03-11 18:00:00,RIG_ANOMALIES,18,11,0,60.0,77.6880533342,78.8689392963,0.9055953123,47.2817901523,69.2532869074,82.2242402969,HIGH_PRODUCTION,0,0,168.6475220009
2024-03-11 19:00:00,RIG_ANOMALIES,19,11,0,50.9413334214,70.5644172593,69.825098651,0.9274729288,47.2123482499,74.217670712,75.8664805606,HIGH_PRODUCTION,0,0,168.6938397406
2024-03-11 20:00:00,RIG_ANOMALIES,20,11,0,42.5,64.5267577923,65.8461819256,0.7281567136,46.1974000563,72.5729260135,74.0097012744,HIGH_PRODUCTION,0,0,168.7401574803
2024-03-11 21:00:00,RIG_ANOMALIES,21,11,0,40.0,63.9675849109,65.0793007738,0.8034784947,48.4892708236,64.7469985693,71.3916136033,HIGH_PRODUCTION,0,0,168.78647522
2024-03-11 22:00:00,RIG_ANOMALIES,22,11,0,40.0,60.163572955,59.9993154068,0.8817336647,44.9828597234,65.5036246973,58.7567749546,STANDBY,0,0,168.8327929597
2024-03-11 23:00:00,RIG_ANOMALIES,23,11,0,40.0,59.8509937021,57.9597282964,0.8639779809,47.4399816855,70.7249459541,63.3041197621,STANDBY,0,0,168.8791106994
2024-03-12 00:00:00,RIG_ANOMALIES,0,12,1,38.2644650435,64.5732515483,60.1942141843,0.7853411223000001,50.898576369,75.381427177,61.5140399075,STANDBY,0,0,168.9254284391
2024-03-12 01:00:00,RIG_ANOMALIES,1,12,1,38.2644650435,63.5717690332,58.5345733773,0.8586832434,41.8320843734,73.782832249,68.2977249586,STANDBY,0,0,168.9717461788
2024-03-12 02:00:00,RIG_ANOMALIES,2,12,1,38.2644650435,62.9725264325,59.228498695,0.8260039867000001,42.2547772224,70.1667532672,63.687284389,STANDBY,0,0,169.0180639185
2024-03-12 03:00:00,RIG_ANOMALIES,3,12,1,38.2644650435,55.1858261069,60.0666431738,0.8072833989,41.2876319095,71.2791694724,64.3279484261,STANDBY,0,0,169.0643816582
2024-03-12 04:00:00,RIG_ANOMALIES,4,12,1,40.6559941088,65.6253059342,69.7282132379,0.7972046849000001,47.3185038945,76.6438940571,75.5633901158,STANDBY,0,0,169.1106993979
2024-03-12 05:00:00,RIG_ANOMALIES,5,12,1,48.7310717994,71.7011542679,71.331575641,0.8473053132,47.141864258,80.2779319213,78.9555177229,STANDBY,0,0,169.1570171376
2024-03-12 06:00:00,RIG_ANOMALIES,6,12,1,57.3966975653,80.9920713551,79.7182500702,0.880248353,51.925258814,71.1122631506,80.2300722485,HIGH_PRODUCTION,0,0,169.2033348773
2024-03-12 07:00:00,RIG_ANOMALIES,7,12,1,66.0623233312,84.0994634646,83.2818467411,0.8501080440000001,48.6041965549,83.5521061025,88.0325530352,HIGH_PRODUCTION,0,0,169.249652617
2024-03-12 08:00:00,RIG_ANOMALIES,8,12,1,74.1374010218,89.6004682799,89.9463295823,0.9846643625,49.0462936057,72.7636280251,94.4767166026,HIGH_PRODUCTION,0,0,169.2959703566
2024-03-12 09:00:00,RIG_ANOMALIES,9,12,1,81.0716274372,95.3513261717,90.427751511,0.9492483340000001,52.8665836522,74.8681625835,91.99661615,HIGH_PRODUCTION,0,0,169.3422880963
2024-03-12 10:00:00,RIG_ANOMALIES,10,12,1,86.3924465065,112.6469318663,95.0,1.0484506711,55.8626391851,84.1480848756,95.6950265587,HIGH_PRODUCTION,0,0,169.388605836
2024-03-12 11:00:00,RIG_ANOMALIES,11,12,1,89.7372532031,111.8187535081,95.0,0.9470461392,58.8901080897,82.5964095605,99.962125029,HIGH_PRODUCTION,0,0,169.4349235757
2024-03-12 12:00:00,RIG_ANOMALIES,12,12,1,90.8781044784,108.2198820088,95.0,0.8973261712,59.1498719653,83.555509694,99.1690884671,HIGH_PRODUCTION,0,0,169.4812413154
2024-03-12 13:00:00,RIG_ANOMALIES,13,12,1,89.7372532031,111.8434201543,95.0,0.9616146659,60.1878978484,85.0315451107,104.3038905483,HIGH_PRODUCTION,0,0,169.5275590551
2024-03-12 14:00:00,RIG_ANOMALIES,14,12,1,86.3924465065,102.3627199643,95.0,0.9447519472,55.8258061471,83.5922632357,94.8836763476,HIGH_PRODUCTION,0,0,169.5738767948
2024-03-12 15:00:00,RIG_ANOMALIES,15,12,1,81.0716274372,110.5340542234,95.0,0.9397482981,53.1553643772,85.4556442666,98.9194813737,HIGH_PRODUCTION,0,0,169.6201945345
2024-03-12 16:00:00,RIG_ANOMALIES,16,12,1,74.1374010218,90.1675231682,87.3617820981,0.8201040122000001,52.5129712317,74.7524956538,92.5188998192,HIGH_PRODUCTION,0,0,169.6665122742
2024-03-12 17:00:00,RIG_ANOMALIES,17,12,1,66.0623233312,84.1728828495,83.739096551,0.8593500126,53.8988593275,81.4327791416,90.7809765152,HIGH_PRODUCTION,0,0,169.7128300139
2024-03-12 18:00:00,RIG_ANOMALIES,18,12,1,57.3966975653,70.3999693834,71.9065278158,0.7606919893,48.747148109,69.8903964521,70.1192408487,HIGH_PRODUCTION,0,0,169.7591477536
2024-03-12 19:00:00,RIG_ANOMALIES,19,12,1,48.7310717994,76.6140392369,71.7912560569,0.8061012177,50.2738650193,73.5261845252,78.2588530157,HIGH_PRODUCTION,0,0,169.8054654933
2024-03-12 20:00:00,RIG_ANOMALIES,20,12,1,40.6559941088,60.9422305884,59.3243026988,0.8408128831,42.0922641878,71.7843840335,63.4626830519,HIGH_PRODUCTION,0,0,169.851783233
2024-03-12 21:00:00,RIG_ANOMALIES,21,12,1,38.2644650435,58.1512212547,62.8809351182,0.8964025886,45.6292912875,68.1183003421,67.7322500158,HIGH_PRODUCTION,0,0,169.8981009727
2024-03-12 22:00:00,RIG_ANOMALIES,22,12,1,38.2644650435,63.749274363,60.0648771636,0.8769818754,50.0336290796,68.0624150729,63.6342052385,STANDBY,0,0,169.9444187124
2024-03-12 23:00:00,RIG_ANOMALIES,23,12,1,38.2644650435,57.7721224445,59.9795923445,0.7441649833,46.2640730625,63.9930037348,62.9609459519,STANDBY,0,0,169.9907364521
2024-03-13 00:00:00,RIG_ANOMALIES,0,13,2,36.8726740701,63.3191487785,61.5459724772,0.8322259647,43.9728162629,60.435860881,66.1262609681,STANDBY,0,0,170.0370541918
2024-03-13 01:00:00,RIG_ANOMALIES,1,13,2,36.8726740701,53.0659230316,55.4517500322,0.7772661781,41.5153001582,64.0210166761,64.9699418662,STANDBY,0,0,170.0833719314
2024-03-13 02:00:00,RIG_ANOMALIES,2,13,2,36.8726740701,55.0186239338,51.7004620817,0.7977727290000001,42.5062510527,65.0048969832,55.2381596069,STANDBY,0,0,170.1296896711
2024-03-13 03:00:00,RIG_ANOMALIES,3,13,2,36.8726740701,56.2721389753,57.2094605076,0.7933190010000001,44.7350763826,68.464376149,60.0694622321,STANDBY,0,0,170.1760074108
2024-03-13 04:00:00,RIG_ANOMALIES,4,13,2,39.1772161995,66.8124317051,67.2000423765,0.8404574643,41.8336990481,72.9727983484,72.1599456933,STANDBY,0,0,170.2223251505
2024-03-13 05:00:00,RIG_ANOMALIES,5,13,2,46.9585795986,71.2962361641,69.7863240491,0.9007875833000001,43.6527057626,66.4551911817,75.2079176389,STANDBY,0,0,170.2686428902
2024-03-13 06:00:00,RIG_ANOMALIES,6,13,2,55.3090111052,84.5585268354,81.0081035398,0.9467415195000001,49.9606123137,72.0341157855,88.4045666409,HIGH_PRODUCTION,0,0,170.3149606299
2024-03-13 07:00:00,RIG_ANOMALIES,7,13,2,63.6594426117,82.2235783488,80.9564199446,0.9161334165,52.1037311652,74.5732898331,85.8513046805,HIGH_PRODUCTION,0,0,170.3612783696
2024-03-13 08:00:00,RIG_ANOMALIES,8,13,2,71.4408060109,91.1220561441,86.4688025663,0.8652011027000001,53.6891501004,70.7784848285,86.1833291062,HIGH_PRODUCTION,0,0,170.4075961093
2024-03-13 09:00:00,RIG_ANOMALIES,9,13,2,78.1228142462,94.3311278458,90.4182266304,0.9168618495,51.9374877344,78.1596277794,96.1647447715,HIGH_PRODUCTION,0,0,170.453913849
2024-03-13 10:00:00,RIG_ANOMALIES,10,13,2,83.2500994991,102.6161624872,95.0,0.854702968,59.5177834921,77.202737266,103.4205176023,HIGH_PRODUCTION,0,0,170.5002315887
2024-03-13 11:00:00,RIG_ANOMALIES,11,13,2,86.4732457528,111.9304447521,95.0,1.0012221311,60.7558830674,84.7245737482,98.0017167882,HIGH_PRODUCTION,0,0,170.5465493284
2024-03-13 12:00:00,RIG_ANOMALIES,12,13,2,87.5726009166,113.9287397372,95.0,0.9314299527000001,55.2811740249,86.6465702989,99.301663016,HIGH_PRODUCTION,0,0,170.5928670681
2024-03-13 13:00:00,RIG_ANOMALIES,13,13,2,86.4732457528,106.0812626115,95.0,0.9300590002,54.9881161595,83.7395821296,101.1264761262,HIGH_PRODUCTION,0,0,170.6391848078
2024-03-13 14:00:00,RIG_ANOMALIES,14,13,2,83.2500994991,109.626338895,95.0,0.9123704082,59.1665569493,83.1099364012,100.7197689384,HIGH_PRODUCTION,0,0,170.6855025475
2024-03-13 15:00:00,RIG_ANOMALIES,15,13,2,78.1228142462,109.4800491025,95.0,1.0026571907,59.5130394288,84.0072996525,100.3986338131,HIGH_PRODUCTION,0,0,170.7318202872
2024-03-13 16:00:00,RIG_ANOMALIES,16,13,2,71.4408060109,94.7720752973,92.6272504198,0.9886166888000001,54.4992272785,81.8909376253,96.9611321889,HIGH_PRODUCTION,0,0,170.7781380269
2024-03-13 17:00:00,RIG_ANOMALIES,17,13,2,63.6594426117,78.379436583,76.710544705,0.8027951367,50.5542957986,74.6202769294,86.2696214404,HIGH_PRODUCTION,0,0,170.8244557666
2024-03-13 18:00:00,RIG_ANOMALIES,18,13,2,55.3090111052,73.9417264158,77.7833073627,0.8381062713,50.8989611509,76.4778925462,82.1331565559,HIGH_PRODUCTION,0,0,170.8707735063
2024-03-13 19:00:00,RIG_ANOMALIES,19,13,2,46.9585795986,71.6363318287,73.6356387198,0.8201942628000001,48.4746973866,74.6095781716,72.4039940532,HIGH_PRODUCTION,0,0,170.9170912459
2024-03-13 20:00:00,RIG_ANOMALIES,20,13,2,39.1772161995,56.2128413953,58.5920564454,0.8134405421,45.3845233304,72.1425998656,63.840419358,HIGH_PRODUCTION,0,0,170.9634089856
2024-03-13 21:00:00,RIG_ANOMALIES,21,13,2,36.8726740701,54.6236566502,57.3303328412,0.8016224996,40.7667562304,65.3981990762,56.9397623087,HIGH_PRODUCTION,0,0,171.0097267253
2024-03-13 22:00:00,RIG_ANOMALIES,22,13,2,36.8726740701,47.7986818002,51.7094994953,0.7526152063,44.2349176048,64.2783554947,56.2009957164,STANDBY,0,0,171.056044465
2024-03-13 23:00:00,RIG_ANOMALIES,23,13,2,36.8726740701,59.7869064367,56.3689214909,0.7668519529000001,43.5358345401,69.6823353809,64.2426972515,STANDBY,0,0,171.1023622047
2024-03-14 00:00:00,RIG_ANOMALIES,0,14,3,36.1002883513,55.4369296708,54.1394654597,0.7311441683000001,44.2093748419,64.0519857156,61.4503268404,STANDBY,0,0,171.1486799444
2024-03-14 01:00:00,RIG_ANOMALIES,1,14,3,36.1002883513,56.1920444243,55.8667766048,0.7541297213,44.7484250556,70.981056639,56.4687225273,STANDBY,0,0,171.1949976841
2024-03-14 02:00:00,RIG_ANOMALIES,2,14,3,36.1002883513,50.9193792744,52.4387267486,0.7846023148,40.7035978043,61.4589103978,53.8067657431,STANDBY,0,0,171.2413154238
2024-03-14 03:00:00,RIG_ANOMALIES,3,14,3,36.1002883513,65.4227744202,64.1533299633,0.9133615487000001,44.6377695473,68.9882678043,67.1786181567,STANDBY,0,0,171.2876331635
2024-03-14 04:00:00,RIG_ANOMALIES,4,14,3,38.3565563732,61.5136799999,63.1144714468,0.7231958326,46.0597857081,71.9760312809,65.2539068938,STANDBY,0,0,171.3339509032
2024-03-14 05:00:00,RIG_ANOMALIES,5,14,3,45.9749206378,68.5920582301,68.9642376144,0.8190688835000001,45.7774350776,74.3933661741,73.9964378202,STANDBY,0,0,171.3802686429
2024-03-14 06:00:00,RIG_ANOMALIES,6,14,3,54.1504325269,82.3026333791,77.8119640718,0.8866654018000001,50.624728097,75.3815982706,88.2386930744,HIGH_PRODUCTION,0,0,171.4265863826
2024-03-14 07:00:00,RIG_ANOMALIES,7,14,3,62.325944416,80.944404152,84.1717353937,0.7899772126,50.7848917309,77.626991403,89.7320231866,HIGH_PRODUCTION,0,0,171.4729041223
2024-03-14 08:00:00,RIG_ANOMALIES,8,14,3,69.9443086806,94.6699020853,92.5803326258,0.9009683706,51.8379913679,76.9775030635,92.0355006141,HIGH_PRODUCTION,0,0,171.519221862
2024-03-14 09:00:00,RIG_ANOMALIES,9,14,3,76.4863463859,97.4232362473,92.1099524317,0.7969297083,55.8470052947,72.8794866099,95.3737103348,HIGH_PRODUCTION,0,0,171.5655396017
2024-03-14 10:00:00,RIG_ANOMALIES,10,14,3,81.5062284735,103.1717951694,95.0,0.9784124175000001,53.5234057197,81.8342437801,96.7623846421,HIGH_PRODUCTION,0,0,171.6118573414
2024-03-14 11:00:00,RIG_ANOMALIES,11,14,3,84.661858275,97.199909401,95.0,0.9418198421,53.1843334363,76.5631712332,99.769511289,HIGH_PRODUCTION,0,0,171.6581750811
2024-03-14 12:00:00,RIG_ANOMALIES,12,14,3,85.7381848343,109.9067284523,95.0,1.0448928664,57.9285158209,82.5617612075,109.0229869856,HIGH_PRODUCTION,0,0,171.7044928208
2024-03-14 13:00:00,RIG_ANOMALIES,13,14,3,84.661858275,102.6747704602,95.0,0.9052339598,55.1347350197,80.8586668991,102.9801264073,HIGH_PRODUCTION,0,0,171.7508105604
2024-03-14 14:00:00,RIG_ANOMALIES,14,14,3,81.5062284735,104.1435442448,95.0,0.8896252739,52.5297015316,86.403981157,97.8072547703,HIGH_PRODUCTION,0,0,171.7971283001
2024-03-14 15:00:00,RIG_ANOMALIES,15,14,3,76.4863463859,94.8829605774,94.332602881,0.8945920919,53.345297055,82.6412300699,96.2432804066,HIGH_PRODUCTION,0,0,171.8434460398
2024-03-14 16:00:00,RIG_ANOMALIES,16,14,3,69.9443086806,94.6223570794,90.0944246723,0.8549960219,54.4579937453,80.0075854598,97.4018249889,HIGH_PRODUCTION,0,0,171.8897637795
2024-03-14 17:00:00,RIG_ANOMALIES,17,14,3,62.325944416,81.0519706482,80.3717718516,0.8502469157,50.1519210137,76.4431929468,82.7534498166,HIGH_PRODUCTION,0,0,171.9360815192
2024-03-14 18:00:00,RIG_ANOMALIES,18,14,3,54.1504325269,81.5879661716,76.8326708483,0.9305083737000001,50.2154950897,73.0457096927,82.2262449973,HIGH_PRODUCTION,0,0,171.9823992589
2024-03-14 19:00:00,RIG_ANOMALIES,19,14,3,45.9749206378,70.9013440972,72.2403145388,0.8065407161,47.5941497287,68.6119139159,79.0548506071,HIGH_PRODUCTION,0,0,172.0287169986
2024-03-14 20:00:00,RIG_ANOMALIES,20,14,3,38.3565563732,61.6690222057,61.6522217387,0.8018303817,45.034043122,66.6906372699,67.5698926732,HIGH_PRODUCTION,0,0,172.0750347383
2024-03-14 21:00:00,RIG_ANOMALIES,21,14,3,36.1002883513,55.6308005988,55.4969852693,0.7387508304,45.0364570213,69.0702706731,62.2183045949,HIGH_PRODUCTION,0,0,172.121352478
2024-03-14 22:00:00,RIG_ANOMALIES,22,14,3,36.1002883513,64.871665907,60.7258181932,0.8439084607,46.1823436295,70.6740073907,66.0346838474,STANDBY,0,0,172.1676702177
2024-03-14 23:00:00,RIG_ANOMALIES,23,14,3,36.1002883513,48.871015205,48.967215755,0.7477270413,41.3651790849,65.0617205668,51.0566393218,STANDBY,0,0,172.2139879574
2024-03-15 00:00:00,RIG_ANOMALIES,0,15,4,36.1002883513,66.8923930843,79.3152865686,1.4405583258,38.512103798,56.5525668357,101.2720852228,STANDBY,0,0,172.2603056971
2024-03-15 01:00:00,RIG_ANOMALIES,1,15,4,36.1002883513,73.9446396601,90.9059330575,1.629921842,41.3718260537,56.8652067967,110.0,STANDBY,0,0,172.3066234368
2024-03-15 02:00:00,RIG_ANOMALIES,2,15,4,36.1002883513,86.0589139222,79.1298416131,1.4579968557,48.4435740257,58.4986554914,104.5456381756,STANDBY,0,0,172.3529411765
2024-03-15 03:00:00,RIG_ANOMALIES,3,15,4,36.1002883513,75.1748057706,92.3797261264,1.4138206919,49.4871112686,68.5767327324,110.0,STANDBY,0,0,172.3992589162
2024-03-15 04:00:00,RIG_ANOMALIES,4,15,4,38.3565563732,86.6835879296,92.3477154077,1.4354672838,45.0253871676,52.8704830158,106.7661489308,STANDBY,0,0,172.4455766559
2024-03-15 05:00:00,RIG_ANOMALIES,5,15,4,45.9749206378,85.8525494354,94.3492004743,1.3085848123,49.3358719882,65.7262353859,110.0,STANDBY,0,0,172.4918943956
2024-03-15 06:00:00,RIG_ANOMALIES,6,15,4,54.1504325269,88.8244001601,95.0,1.1658692413,47.1010808016,72.5352148581,110.0,HIGH_PRODUCTION,0,0,172.5382121352
2024-03-15 07:00:00,RIG_ANOMALIES,7,15,4,62.325944416,114.0290108553,95.0,1.5854605252,53.1561390867,69.3914852391,110.0,HIGH_PRODUCTION,0,0,172.5845298749
2024-03-15 08:00:00,RIG_ANOMALIES,8,15,4,69.9443086806,97.9022459433,95.0,1.6450565619000002,48.7890701828,69.3838582002,110.0,HIGH_PRODUCTION,0,0,172.6308476146
2024-03-15 09:00:00,RIG_ANOMALIES,9,15,4,76.4863463859,125.6622912288,95.0,1.6429409834,52.5920299924,72.2652518,110.0,HIGH_PRODUCTION,0,0,172.6771653543
2024-03-15 10:00:00,RIG_ANOMALIES,10,15,4,81.5062284735,118.6986254768,95.0,1.5314837137000001,55.5386355595,76.9500308672,110.0,HIGH_PRODUCTION,0,0,172.723483094
2024-03-15 11:00:00,RIG_ANOMALIES,11,15,4,84.661858275,146.5385746986,95.0,1.3119079369,63.8986513983,89.6872471952,110.0,HIGH_PRODUCTION,0,0,172.7698008337
2024-03-15 12:00:00,RIG_ANOMALIES,12,15,4,85.7381848343,119.1139677324,95.0,1.4308912025,63.1543249023,75.7304123649,106.3091498278,HIGH_PRODUCTION,0,0,172.8161185734
2024-03-15 13:00:00,RIG_ANOMALIES,13,15,4,84.661858275,120.8437851535,95.0,1.6688803813000002,56.8582449177,72.7539743411,110.0,HIGH_PRODUCTION,0,0,172.8624363131
2024-03-15 14:00:00,RIG_ANOMALIES,14,15,4,81.5062284735,137.3380112716,95.0,1.4870237832,66.3011194271,86.1309548507,110.0,HIGH_PRODUCTION,0,0,172.9087540528
2024-03-15 15:00:00,RIG_ANOMALIES,15,15,4,76.4863463859,111.4836097128,95.0,1.5199251809,54.0142085289,78.8819272838,110.0,HIGH_PRODUCTION,0,0,172.9550717925
2024-03-15 16:00:00,RIG_ANOMALIES,16,15,4,69.9443086806,110.9482796997,95.0,1.3044306123,50.94641908,83.7279502396,110.0,HIGH_PRODUCTION,0,0,173.0013895322
2024-03-15 17:00:00,RIG_ANOMALIES,17,15,4,62.325944416,123.5189494475,95.0,1.5118130172000002,55.3840541842,79.249618198,110.0,HIGH_PRODUCTION,0,0,173.0477072719
2024-03-15 18:00:00,RIG_ANOMALIES,18,15,4,54.1504325269,109.0847192319,95.0,1.6505247867000001,50.4399576669,65.3719779079,110.0,HIGH_PRODUCTION,0,0,173.0940250116
2024-03-15 19:00:00,RIG_ANOMALIES,19,15,4,45.9749206378,89.5858892652,92.5491016925,1.6303126627,46.8619863418,55.2953712318,110.0,HIGH_PRODUCTION,0,0,173.1403427513
2024-03-15 20:00:00,RIG_ANOMALIES,20,15,4,38.3565563732,78.1794720505,90.0829625824,1.1613855062,43.9289330585,53.0311646298,100.1963265809,HIGH_PRODUCTION,0,0,173.186660491
2024-03-15 21:00:00,RIG_ANOMALIES,21,15,4,36.1002883513,92.4702537133,95.0,1.5283234742,43.6433324635,63.0369163165,102.8046832891,HIGH_PRODUCTION,0,0,173.2329782307
2024-03-15 22:00:00,RIG_ANOMALIES,22,15,4,36.1002883513,95.890529409,94.4418744235,1.7473560349000001,48.6252725671,67.3773831413,110.0,STANDBY,0,0,173.2792959704
2024-03-15 23:00:00,RIG_ANOMALIES,23,15,4,36.1002883513,63.3259726634,82.5872212216,1.0564125403,36.672811859,59.673706857,110.0,STANDBY,0,0,173.3256137101
2024-03-16 00:00:00,RIG_ANOMALIES,0,16,5,36.8726740701,80.0500088105,90.3679771323,1.160295308,40.4139632054,64.7821058972,110.0,STANDBY,0,0,173.3719314497
2024-03-16 01:00:00,RIG_ANOMALIES,1,16,5,36.8726740701,70.3611066289,79.3617063029,1.3853110660999999,40.0907269802,61.1794195112,94.5651574202,STANDBY,0,0,173.4182491894
2024-03-16 02:00:00,RIG_ANOMALIES,2,16,5,36.8726740701,90.0174500402,86.0007373445,1.6530291115,46.8026272513,69.6523811871,110.0,STANDBY,0,0,173.4645669291
2024-03-16 03:00:00,RIG_ANOMALIES,3,16,5,36.8726740701,81.763229703,80.2674684078,1.5218471032,49.5269652978,64.8050304719,101.8633769602,STANDBY,0,0,173.5108846688
2024-03-16 04:00:00,RIG_ANOMALIES,4,16,5,39.1772161995,80.1738262084,92.8274993053,1.3006402086,51.1359671354,65.1072236692,110.0,STANDBY,0,0,173.5572024085
2024-03-16 05:00:00,RIG_ANOMALIES,5,16,5,46.9585795986,93.4192968076,95.0,1.4139608564000001,48.6388578137,71.1753341452,110.0,STANDBY,0,0,173.6035201482
2024-03-16 06:00:00,RIG_ANOMALIES,6,16,5,55.3090111052,105.9754290528,95.0,1.4924459993,56.1071028948,73.1271829999,97.7320850227,HIGH_PRODUCTION,0,0,173.6498378879
2024-03-16 07:00:00,RIG_ANOMALIES,7,16,5,63.6594426117,99.8197299725,95.0,1.2321536479,44.8027882414,66.578313629,110.0,HIGH_PRODUCTION,0,0,173.6961556276
2024-03-16 08:00:00,RIG_ANOMALIES,8,16,5,71.4408060109,131.2198484542,95.0,1.7488197319,67.1222520969,78.837862015,110.0,HIGH_PRODUCTION,0,0,173.7424733673
2024-03-16 09:00:00,RIG_ANOMALIES,9,16,5,78.1228142462,114.2384801965,95.0,1.6507660227,59.0253109536,76.8797235546,110.0,HIGH_PRODUCTION,0,0,173.788791107
2024-03-16 10:00:00,RIG_ANOMALIES,10,16,5,83.2500994991,147.9343081215,95.0,1.893396982,55.9107014891,78.1760196238,110.0,HIGH_PRODUCTION,0,0,173.8351088467
2024-03-16 11:00:00,RIG_ANOMALIES,11,16,5,86.4732457528,111.678615382,95.0,1.7462327837,56.1219604489,69.7297067187,110.0,HIGH_PRODUCTION,0,0,173.8814265864
2024-03-16 12:00:00,RIG_ANOMALIES,12,16,5,87.5726009166,135.3258473054,95.0,1.6725146922,55.622638057,89.0965809226,109.1620667726,HIGH_PRODUCTION,0,0,173.9277443261
2024-03-16 13:00:00,RIG_ANOMALIES,13,16,5,86.4732457528,119.2345395059,95.0,1.3809728625,56.8821009422,74.0590093697,105.5233384824,HIGH_PRODUCTION,0,0,173.9740620658
2024-03-16 14:00:00,RIG_ANOMALIES,14,16,5,83.2500994991,115.711555861,95.0,1.7419372001,56.6823425633,66.8918870754,110.0,HIGH_PRODUCTION,0,0,174.0203798055
2024-03-16 15:00:00,RIG_ANOMALIES,15,16,5,78.1228142462,113.94418139,95.0,1.5608824925,52.1444518556,67.1198173158,110.0,HIGH_PRODUCTION,0,0,174.0666975452
2024-03-16 16:00:00,RIG_ANOMALIES,16,16,5,71.4408060109,126.8725472752,95.0,1.3034318409,59.6308493371,75.1984120342,110.0,HIGH_PRODUCTION,0,0,174.1130152849
2024-03-16 17:00:00,RIG_ANOMALIES,17,16,5,63.6594426117,128.5101009481,95.0,1.2478251527,58.0734177975,68.4948813696,110.0,HIGH_PRODUCTION,0,0,174.1593330245
2024-03-16 18:00:00,RIG_ANOMALIES,18,16,5,55.3090111052,98.9389081479,95.0,1.4486853947,51.9606858436,68.4708669352,110.0,HIGH_PRODUCTION,0,0,174.2056507642
2024-03-16 19:00:00,RIG_ANOMALIES,19,16,5,46.9585795986,90.7328684412,89.9965098339,1.3376862181,45.4344617834,81.0204758466,108.9117848441,HIGH_PRODUCTION,0,0,174.2519685039
2024-03-16 20:00:00,RIG_ANOMALIES,20,16,5,39.1772161995,80.2687401653,88.0349505151,1.1827891039,45.6897214818,59.6896567655,110.0,HIGH_PRODUCTION,0,0,174.2982862436
2024-03-16 21:00:00,RIG_ANOMALIES,21,16,5,36.8726740701,81.2133821448,94.9596247173,1.1730008137,43.2224930243,58.9943185853,110.0,HIGH_PRODUCTION,0,0,174.3446039833
2024-03-16 22:00:00,RIG_ANOMALIES,22,16,5,36.8726740701,79.2903259594,91.8022527345,1.3314732981000001,43.4181235211,67.1062904601,110.0,STANDBY,0,0,174.390921723
2024-03-16 23:00:00,RIG_ANOMALIES,23,16,5,36.8726740701,77.3154599731,90.7014333178,1.4578920068,48.3200972361,63.9515536105,110.0,STANDBY,0,0,174.4372394627
2024-03-17 00:00:00,RIG_ANOMALIES,0,17,6,38.2644650435,72.2937727821,89.5478954781,1.2590122844,50.5687907739,63.2791795271,110.0,STANDBY,0,0,174.4835572024
2024-03-17 01:00:00,RIG_ANOMALIES,1,17,6,38.2644650435,85.3181088252,91.8068595089,1.4038715355,47.3228710705,64.8149520423,110.0,STANDBY,0,0,174.5298749421
2024-03-17 02:00:00,RIG_ANOMALIES,2,17,6,38.2644650435,78.9777452095,88.0363738175,1.2539361945,45.0142809622,57.7749765411,98.7024770902,STANDBY,0,0,174.5761926818
2024-03-17 03:00:00,RIG_ANOMALIES,3,17,6,38.2644650435,99.85584125,95.0,1.2696653234,50.6230550466,70.2756241893,110.0,STANDBY,0,0,174.6225104215
2024-03-17 04:00:00,RIG_ANOMALIES,4,17,6,40.6559941088,75.3886364796,78.1116657547,1.553391368,45.4412882287,64.6798204813,105.4879189519,STANDBY,0,0,174.6688281612
2024-03-17 05:00:00,RIG_ANOMALIES,5,17,6,48.7310717994,79.5234452607,90.1430230325,1.3902276177,46.038241308,62.9899563928,110.0,STANDBY,0,0,174.7151459009
2024-03-17 06:00:00,RIG_ANOMALIES,6,17,6,57.3966975653,98.3230813965,94.0472055279,1.5408155784000002,56.5700090011,70.5007760015,110.0,HIGH_PRODUCTION,0,0,174.7614636406
2024-03-17 07:00:00,RIG_ANOMALIES,7,17,6,66.0623233312,126.3394834312,95.0,1.3787433237,60.072098849,85.6087305334,110.0,HIGH_PRODUCTION,0,0,174.8077813803
2024-03-17 08:00:00,RIG_ANOMALIES,8,17,6,74.1374010218,115.2394046271,95.0,1.1852355466,56.3017283596,71.5595120311,110.0,HIGH_PRODUCTION,0,0,174.85409912
2024-03-17 09:00:00,RIG_ANOMALIES,9,17,6,81.0716274372,133.4874227257,95.0,1.3496496393,50.7685496888,80.0905997058,110.0,HIGH_PRODUCTION,0,0,174.9004168597
2024-03-17 10:00:00,RIG_ANOMALIES,10,17,6,86.3924465065,148.2959376162,95.0,1.6684259874,59.846639652,90.353872422,98.5530560143,HIGH_PRODUCTION,0,0,174.9467345994
2024-03-17 11:00:00,RIG_ANOMALIES,11,17,6,89.7372532031,136.9609510554,95.0,1.3037571045,59.5724928552,90.6486061123,104.1169805104,HIGH_PRODUCTION,0,0,174.993052339
2024-03-17 12:00:00,RIG_ANOMALIES,12,17,6,90.8781044784,133.4784159056,95.0,1.7181065698,62.265411608,75.3329095099,110.0,HIGH_PRODUCTION,0,0,175.0393700787
2024-03-17 13:00:00,RIG_ANOMALIES,13,17,6,89.7372532031,132.8349260958,95.0,1.4643229596,61.088305359,83.2781689364,106.4130146991,HIGH_PRODUCTION,0,0,175.0856878184
2024-03-17 14:00:00,RIG_ANOMALIES,14,17,6,86.3924465065,124.4207829475,95.0,1.8540426913,53.2938979088,75.8875592798,110.0,HIGH_PRODUCTION,0,0,175.1320055581
2024-03-17 15:00:00,RIG_ANOMALIES,15,17,6,81.0716274372,127.63762328,95.0,1.3702572754,55.2428948242,83.6367339421,110.0,HIGH_PRODUCTION,0,0,175.1783232978
2024-03-17 16:00:00,RIG_ANOMALIES,16,17,6,74.1374010218,134.9667156452,95.0,1.6231740281,58.0654354496,80.8089947678,110.0,HIGH_PRODUCTION,0,0,175.2246410375
2024-03-17 17:00:00,RIG_ANOMALIES,17,17,6,66.0623233312,100.4423630228,95.0,1.6457040333,51.071286153,59.2022994263,108.7242208792,HIGH_PRODUCTION,0,0,175.2709587772
2024-03-17 18:00:00,RIG_ANOMALIES,18,17,6,57.3966975653,98.7750534765,95.0,1.4939364649,56.618588682,69.4367285673,110.0,HIGH_PRODUCTION,0,0,175.3172765169
2024-03-17 19:00:00,RIG_ANOMALIES,19,17,6,48.7310717994,81.8685474202,89.4870989831,1.8915962237000001,45.1562400149,60.1087414186,110.0,HIGH_PRODUCTION,0,0,175.3635942566
2024-03-17 20:00:00,RIG_ANOMALIES,20,17,6,40.6559941088,76.741599701,84.8281370098,1.1810824067,48.7744539726,56.8302401006,110.0,HIGH_PRODUCTION,0,0,175.4099119963
2024-03-17 21:00:00,RIG_ANOMALIES,21,17,6,38.2644650435,79.7605788426,86.7118754366,1.448896514,50.0138217249,71.3525126093,110.0,HIGH_PRODUCTION,0,0,175.456229736
2024-03-17 22:00:00,RIG_ANOMALIES,22,17,6,38.2644650435,87.2562407456,89.8886748966,1.663151516,47.2705701977,75.537063132,107.9883585711,STANDBY,0,0,175.5025474757
2024-03-17 23:00:00,RIG_ANOMALIES,23,17,6,38.2644650435,69.5780497037,76.2567051449,1.3669776323,44.3561247356,56.9273736562,94.3305315583,STANDBY,0,0,175.5488652154
2024-03-18 00:00:00,RIG_ANOMALIES,0,18,0,40.0,93.0506171349,88.428220653,1.5133190336,50.8682189769,64.6352597283,110.0,STANDBY,0,0,175.5951829551
2024-03-18 01:00:00,RIG_ANOMALIES,1,18,0,40.0,76.6541064477,83.8687898022,1.6029561844,44.0929010955,65.3802786244,101.6792763015,STANDBY,0,0,175.6415006948
2024-03-18 02:00:00,RIG_ANOMALIES,2,18,0,40.0,84.0165343791,81.6449907924,1.1113361865,47.5585354295,77.2640373284,106.2600541588,STANDBY,0,0,175.6878184345
2024-03-18 03:00:00,RIG_ANOMALIES,3,18,0,40.0,72.9047969008,83.2426189041,1.5584873806,40.2444474947,68.3967031913,110.0,STANDBY,0,0,175.7341361742
2024-03-18 04:00:00,RIG_ANOMALIES,4,18,0,42.5,97.4003493028,95.0,1.4874923211,51.0773771365,64.3108445004,110.0,STANDBY,0,0,175.7804539138
2024-03-18 05:00:00,RIG_ANOMALIES,5,18,0,50.9413334214,86.406820743,92.2232044989,1.3088152349,42.9751354092,61.8961144397,106.3096311263,STANDBY,0,0,175.8267716535
2024-03-18 06:00:00,RIG_ANOMALIES,6,18,0,60.0,99.0427074549,95.0,1.3639192357,49.271449142,70.5372215096,108.6352901351,HIGH_PRODUCTION,0,0,175.8730893932
2024-03-18 07:00:00,RIG_ANOMALIES,7,18,0,69.0586665786,91.1640471825,95.0,1.3380284025,48.7213533661,62.3642352651,110.0,HIGH_PRODUCTION,0,0,175.9194071329
2024-03-18 08:00:00,RIG_ANOMALIES,8,18,0,77.5,106.8323781901,95.0,1.295367569,53.5897219581,74.4378157861,110.0,HIGH_PRODUCTION,0,0,175.9657248726
2024-03-18 09:00:00,RIG_ANOMALIES,9,18,0,84.7487373415,115.2836007916,95.0,1.4972892174,50.0171625441,65.8801666903,110.0,HIGH_PRODUCTION,0,0,176.0120426123
2024-03-18 10:00:00,RIG_ANOMALIES,10,18,0,90.3108891325,146.7603923115,95.0,1.6696807541,59.1362355658,74.0360058662,110.0,HIGH_PRODUCTION,0,0,176.058360352
2024-03-18 11:00:00,RIG_ANOMALIES,11,18,0,93.8074039201,150.0,95.0,1.7842361369000002,63.1945801426,79.8100673288,105.0228776503,HIGH_PRODUCTION,0,0,176.1046780917
2024-03-18 12:00:00,RIG_ANOMALIES,12,18,0,95.0,143.7971401898,95.0,1.622937838,59.5242954545,93.9945838244,110.0,HIGH_PRODUCTION,0,0,176.1509958314
2024-03-18 13:00:00,RIG_ANOMALIES,13,18,0,93.8074039201,124.6920256061,95.0,1.5781213177,56.3634382811,75.0904505608,110.0,HIGH_PRODUCTION,0,0,176.1973135711
2024-03-18 14:00:00,RIG_ANOMALIES,14,18,0,90.3108891325,134.3298882646,95.0,1.5989143078999999,56.6081127995,75.2947234969,110.0,HIGH_PRODUCTION,0,0,176.2436313108
2024-03-18 15:00:00,RIG_ANOMALIES,15,18,0,84.7487373415,120.3912915226,95.0,1.616042544,53.1501254975,72.6453794143,110.0,HIGH_PRODUCTION,0,0,176.2899490505
2024-03-18 16:00:00,RIG_ANOMALIES,16,18,0,77.5,117.1337252549,95.0,1.3151126547,56.5104094612,65.4640511055,110.0,HIGH_PRODUCTION,0,0,176.3362667902
2024-03-18 17:00:00,RIG_ANOMALIES,17,18,0,69.0586665786,119.5424882736,95.0,1.3302031244,53.6788797673,71.2211205899,110.0,HIGH_PRODUCTION,0,0,176.3825845299
2024-03-18 18:00:00,RIG_ANOMALIES,18,18,0,60.0,107.6427542962,95.0,1.6166971028,55.7501817606,74.9657360453,110.0,HIGH_PRODUCTION,0,0,176.4289022696
2024-03-18 19:00:00,RIG_ANOMALIES,19,18,0,50.9413334214,101.8561002164,95.0,1.2600213786,52.4974296591,64.4214110141,110.0,HIGH_PRODUCTION,0,0,176.4752200093
2024-03-18 20:00:00,RIG_ANOMALIES,20,18,0,42.5,70.6831812415,77.2609399064,1.3619598965,46.5886589741,57.8316349667,107.3738657452,HIGH_PRODUCTION,0,0,176.521537749
2024-03-18 21:00:00,RIG_ANOMALIES,21,18,0,40.0,90.8285296191,95.0,1.4091852668,49.3371187973,60.7090199887,110.0,HIGH_PRODUCTION,0,0,176.5678554887
2024-03-18 22:00:00,RIG_ANOMALIES,22,18,0,40.0,75.3074225562,76.4716395309,1.0616206401,46.9936437068,57.2784408681,89.4492843762,STANDBY,0,0,176.6141732283
2024-03-18 23:00:00,RIG_ANOMALIES,23,18,0,40.0,78.5321139385,82.4929437189,1.4368951585,39.3963975137,71.789121976,110.0,STANDBY,0,0,176.660490968
2024-03-19 00:00:00,RIG_ANOMALIES,0,19,1,38.2644650435,65.1544770804,63.2399600573,0.8602612956000001,48.0446633638,68.255653216,63.2128819305,STANDBY,0,0,176.7068087077
2024-03-19 01:00:00,RIG_ANOMALIES,1,19,1,38.2644650435,58.4530383475,57.967017602,0.8003567201,45.1427625466,67.847074464,63.3049951413,STANDBY,0,0,176.7531264474
2024-03-19 02:00:00,RIG_ANOMALIES,2,19,1,38.2644650435,58.5697046335,58.0253082534,0.8851957512,45.5882289966,72.8905483995,65.8515576729,STANDBY,0,0,176.7994441871
2024-03-19 03:00:00,RIG_ANOMALIES,3,19,1,38.2644650435,59.8217195491,59.5737735216,0.8644752722,45.6786904728,69.3417087892,63.8657909077,STANDBY,0,0,176.8457619268
2024-03-19 04:00:00,RIG_ANOMALIES,4,19,1,40.6559941088,68.7064592492,63.8061661925,0.8627222123,53.394465794,72.3368757433,66.0784745197,STANDBY,0,0,176.8920796665
2024-03-19 05:00:00,RIG_ANOMALIES,5,19,1,48.7310717994,81.7243769976,74.7061985811,0.9489633617000001,51.6543902752,72.7222265551,77.8478021989,STANDBY,0,0,176.9383974062
2024-03-19 06:00:00,RIG_ANOMALIES,6,19,1,57.3966975653,79.9560777117,77.8761847168,0.8274753707,49.4741070466,75.6647944407,83.289337557,HIGH_PRODUCTION,0,0,176.9847151459
2024-03-19 07:00:00,RIG_ANOMALIES,7,19,1,66.0623233312,98.7317710378,93.3805086938,0.8702804946,50.6226269337,82.0618772461,102.8984378424,HIGH_PRODUCTION,0,0,177.0310328856
2024-03-19 08:00:00,RIG_ANOMALIES,8,19,1,74.1374010218,88.4829823149,87.6119383357,0.9073328665,50.5540440838,77.4848724551,93.0029750466,HIGH_PRODUCTION,0,0,177.0773506253
2024-03-19 09:00:00,RIG_ANOMALIES,9,19,1,81.0716274372,100.051592465,95.0,1.0052168886,58.9420292864,77.1225493895,99.71939995,HIGH_PRODUCTION,0,0,177.123668365
2024-03-19 10:00:00,RIG_ANOMALIES,10,19,1,86.3924465065,106.6915894464,95.0,1.0046918419,60.0991151972,80.6528871769,100.0108675532,HIGH_PRODUCTION,0,0,177.1699861047
2024-03-19 11:00:00,RIG_ANOMALIES,11,19,1,89.7372532031,117.8177041321,95.0,0.9552614186,59.9979110879,84.6918283047,101.851134802,HIGH_PRODUCTION,0,0,177.2163038444
2024-03-19 12:00:00,RIG_ANOMALIES,12,19,1,90.8781044784,117.4364158635,95.0,0.9309983856,53.5228381074,87.923887482,102.2131741158,HIGH_PRODUCTION,0,0,177.2626215841
2024-03-19 13:00:00,RIG_ANOMALIES,13,19,1,89.7372532031,115.7284392465,95.0,1.0266524383,60.80601852,84.8017617088,100.6304443591,HIGH_PRODUCTION,0,0,177.3089393238
2024-03-19 14:00:00,RIG_ANOMALIES,14,19,1,86.3924465065,102.4417353521,95.0,0.9785838578,55.0591710231,82.2623845312,101.4125897975,HIGH_PRODUCTION,0,0,177.3552570635
2024-03-19 15:00:00,RIG_ANOMALIES,15,19,1,81.0716274372,95.9524557809,94.7806432262,0.9077142945000001,54.675310065,74.7301748643,98.3388298951,HIGH_PRODUCTION,0,0,177.4015748031
2024-03-19 16:00:00,RIG_ANOMALIES,16,19,1,74.1374010218,94.8709750114,88.260735854,0.9637966486,57.7454780711,81.0559070265,94.0042352447,HIGH_PRODUCTION,0,0,177.4478925428
2024-03-19 17:00:00,RIG_ANOMALIES,17,19,1,66.0623233312,83.4488859474,83.9623029064,0.8578215436000001,53.9355677216,75.7640109423,91.3950839021,HIGH_PRODUCTION,0,0,177.4942102825
2024-03-19 18:00:00,RIG_ANOMALIES,18,19,1,57.3966975653,84.3718185495,82.7640099587,0.8997547847,47.8089329134,71.3398819594,92.337274078,HIGH_PRODUCTION,0,0,177.5405280222
2024-03-19 19:00:00,RIG_ANOMALIES,19,19,1,48.7310717994,68.7647980795,69.4884661857,0.8468472896,47.0703718791,71.0996572465,76.8452791139,HIGH_PRODUCTION,0,0,177.5868457619
2024-03-19 20:00:00,RIG_ANOMALIES,20,19,1,40.6559941088,68.9058802348,66.9854231204,0.8095782385,45.2972769167,70.7527747972,67.0040205643,HIGH_PRODUCTION,0,0,177.6331635016
2024-03-19 21:00:00,RIG_ANOMALIES,21,19,1,38.2644650435,59.3345649411,58.8451501699,0.7283803971,47.2990148487,66.234465552,62.3085313803,HIGH_PRODUCTION,0,0,177.6794812413
2024-03-19 22:00:00,RIG_ANOMALIES,22,19,1,38.2644650435,60.0194203501,62.6394199804,0.7714766377000001,42.0013574499,63.0965337607,67.235795888,STANDBY,0,0,177.725798981
2024-03-19 23:00:00,RIG_ANOMALIES,23,19,1,38.2644650435,55.0790926558,55.7713951109,0.8222968954000001,41.5096383482,63.8988231576,64.7185047522,STANDBY,0,0,177.7721167207
2024-03-20 00:00:00,RIG_ANOMALIES,0,20,2,36.8726740701,51.5186136661,54.3853008912,0.9045158130000001,45.7201438254,68.8634878668,61.2331795089,STANDBY,0,0,177.8184344604
2024-03-20 01:00:00,RIG_ANOMALIES,1,20,2,36.8726740701,65.9766615663,60.67899187,0.85549771,43.6274424219,73.8631153491,66.0471176572,STANDBY,0,0,177.8647522001
2024-03-20 02:00:00,RIG_ANOMALIES,2,20,2,36.8726740701,57.6354563021,56.1870531055,0.7916656999,43.5424339314,65.9198538472,60.5326122736,STANDBY,0,0,177.9110699398
2024-03-20 03:00:00,RIG_ANOMALIES,3,20,2,36.8726740701,59.847829982,60.7772038742,0.8917646735,45.6338644348,67.3340572428,69.0469026513,STANDBY,0,0,177.9573876795
2024-03-20 04:00:00,RIG_ANOMALIES,4,20,2,39.1772161995,62.9109634053,66.3283692026,0.9018357381000001,44.2216150449,66.4592425813,74.7762908227,STANDBY,0,0,178.0037054192
2024-03-20 05:00:00,RIG_ANOMALIES,5,20,2,46.9585795986,68.9509123737,71.4516898214,0.8555795541000001,50.5125067304,68.8704661009,81.332151731,STANDBY,0,0,178.0500231589
2024-03-20 06:00:00,RIG_ANOMALIES,6,20,2,55.3090111052,71.1025096451,74.5542948163,0.8581747945,49.3043175753,71.2342634226,84.310788941,HIGH_PRODUCTION,0,0,178.0963408986
2024-03-20 07:00:00,RIG_ANOMALIES,7,20,2,63.6594426117,84.0074107844,85.6246933244,0.9456694934000001,50.5983954921,77.4868352643,93.0815902641,HIGH_PRODUCTION,0,0,178.1426586383
2024-03-20 08:00:00,RIG_ANOMALIES,8,20,2,71.4408060109,100.1946802974,93.0217721051,0.9420186382,53.3725460526,78.6485971066,94.4441887333,HIGH_PRODUCTION,0,0,178.188976378
2024-03-20 09:00:00,RIG_ANOMALIES,9,20,2,78.1228142462,98.6806020227,95.0,0.9123805574,57.0457797582,83.8208481202,97.6627334162,HIGH_PRODUCTION,0,0,178.2352941176
2024-03-20 10:00:00,RIG_ANOMALIES,10,20,2,83.2500994991,105.0138531161,95.0,0.9723913803,55.4150781855,84.0255092411,105.4320383762,HIGH_PRODUCTION,0,0,178.2816118573
2024-03-20 11:00:00,RIG_ANOMALIES,11,20,2,86.4732457528,106.5829490198,95.0,0.9761746301,58.4715575718,82.8821790775,94.107783027,HIGH_PRODUCTION,0,0,178.327929597
2024-03-20 12:00:00,RIG_ANOMALIES,12,20,2,87.5726009166,104.1351497314,95.0,0.9029834445,59.2106853488,88.1384127115,101.5128239834,HIGH_PRODUCTION,0,0,178.3742473367
2024-03-20 13:00:00,RIG_ANOMALIES,13,20,2,86.4732457528,113.8491203754,95.0,1.0108458427,60.8689105147,82.7234859111,101.4502660668,HIGH_PRODUCTION,0,0,178.4205650764
2024-03-20 14:00:00,RIG_ANOMALIES,14,20,2,83.2500994991,115.1324044098,95.0,1.000504792,61.8188302324,81.8162011941,103.2247378004,HIGH_PRODUCTION,0,0,178.4668828161
2024-03-20 15:00:00,RIG_ANOMALIES,15,20,2,78.1228142462,98.0310128753,94.1908120111,0.9513010545,55.2661093047,81.0102713684,101.4448852472,HIGH_PRODUCTION,0,0,178.5132005558
2024-03-20 16:00:00,RIG_ANOMALIES,16,20,2,71.4408060109,103.0599337294,95.0,0.9587199553,55.1786921702,79.7690464668,97.2157491236,HIGH_PRODUCTION,0,0,178.5595182955
2024-03-20 17:00:00,RIG_ANOMALIES,17,20,2,63.6594426117,86.5851983686,83.1993016483,0.8869566029,54.376908023,74.1205026292,85.2327556523,HIGH_PRODUCTION,0,0,178.6058360352
2024-03-20 18:00:00,RIG_ANOMALIES,18,20,2,55.3090111052,78.4969236679,77.8736882832,0.9104502090000001,47.3594770083,71.4894872301,81.8553492572,HIGH_PRODUCTION,0,0,178.6521537749
2024-03-20 19:00:00,RIG_ANOMALIES,19,20,2,46.9585795986,62.7074599458,64.3810564806,0.8603438959,43.391797892,68.7529515048,66.8939182087,HIGH_PRODUCTION,0,0,178.6984715146
2024-03-20 20:00:00,RIG_ANOMALIES,20,20,2,39.1772161995,65.3000339208,65.4268091534,0.9042768739,42.4866947386,66.6999497131,73.5656754859,HIGH_PRODUCTION,0,0,178.7447892543
2024-03-20 21:00:00,RIG_ANOMALIES,21,20,2,36.8726740701,65.250463499,65.3452165763,0.9604504191000001,46.9071467644,68.2564285532,66.4273181199,HIGH_PRODUCTION,0,0,178.791106994
2024-03-20 22:00:00,RIG_ANOMALIES,22,20,2,36.8726740701,50.9523959033,54.1474920535,0.7804259221000001,46.0478097802,62.7660874185,63.5139647366,STANDBY,0,0,178.8374247337
2024-03-20 23:00:00,RIG_ANOMALIES,23,20,2,36.8726740701,59.5831145413,57.3551738988,0.8026526648000001,45.4235182187,65.4021991804,58.3139606053,STANDBY,0,0,178.8837424734
2024-03-21 00:00:00,RIG_ANOMALIES,0,21,3,36.1002883513,57.3340769075,55.526794783,0.8749376386000001,44.2990250006,63.0227325853,64.7439931294,STANDBY,0,0,178.9300602131
2024-03-21 01:00:00,RIG_ANOMALIES,1,21,3,36.1002883513,52.7576759649,54.4783373686,0.9024226109000001,41.6655501518,66.3670204358,59.8032005727,STANDBY,0,0,178.9763779528
2024-03-21 02:00:00,RIG_ANOMALIES,2,21,3,36.1002883513,63.5973985841,59.2406097893,0.8711384578,47.2745813299,69.9929333962,64.4333257578,STANDBY,0,0,179.0226956925
2024-03-21 03:00:00,RIG_ANOMALIES,3,21,3,36.1002883513,58.3270137808,58.4540639205,0.8814720305,45.1147453043,66.738859521,70.7889784665,STANDBY,0,0,179.0690134321
2024-03-21 04:00:00,RIG_ANOMALIES,4,21,3,38.3565563732,60.3971491707,61.2607930977,0.8058844903,46.1733522942,64.9899096545,67.6438069449,STANDBY,0,0,179.1153311718
2024-03-21 05:00:00,RIG_ANOMALIES,5,21,3,45.9749206378,66.381080012,67.697500768,0.8692268325,49.1089187129,78.0069197817,76.672949247,STANDBY,0,0,179.1616489115
2024-03-21 06:00:00,RIG_ANOMALIES,6,21,3,54.1504325269,86.3901930959,82.0114376738,0.8806717878,50.2700994236,73.9211977698,85.4511003844,HIGH_PRODUCTION,0,0,179.2079666512
2024-03-21 07:00:00,RIG_ANOMALIES,7,21,3,62.325944416,89.2688577844,88.9553319903,0.8357823230000001,55.0882196633,78.2304632284,91.4815048797,HIGH_PRODUCTION,0,0,179.2542843909
2024-03-21 08:00:00,RIG_ANOMALIES,8,21,3,69.9443086806,92.5592501818,89.2410077573,0.7973735196,53.6530308542,76.6211243238,92.4706773702,HIGH_PRODUCTION,0,0,179.3006021306
2024-03-21 09:00:00,RIG_ANOMALIES,9,21,3,76.4863463859,93.1553994335,94.8265823802,1.0066667322,51.9385063619,72.3912861718,98.8939018098,HIGH_PRODUCTION,0,0,179.3469198703
2024-03-21 10:00:00,RIG_ANOMALIES,10,21,3,81.5062284735,98.7581234387,95.0,0.9634377715,57.0838143761,78.4472868002,103.3728381971,HIGH_PRODUCTION,0,0,179.39323761
2024-03-21 11:00:00,RIG_ANOMALIES,11,21,3,84.661858275,110.0941753289,95.0,0.9388963554,58.0236779486,84.1056102299,98.9324328962,HIGH_PRODUCTION,0,0,179.4395553497
2024-03-21 12:00:00,RIG_ANOMALIES,12,21,3,85.7381848343,99.0248002112,95.0,1.0880672294,55.2002312179,79.304024804,99.4968831874,HIGH_PRODUCTION,0,0,179.4858730894
2024-03-21 13:00:00,RIG_ANOMALIES,13,21,3,84.661858275,114.2724263334,95.0,1.0134784646,59.081748957,85.7025029248,97.2779645284,HIGH_PRODUCTION,0,0,179.5321908291
2024-03-21 14:00:00,RIG_ANOMALIES,14,21,3,81.5062284735,114.3094928819,95.0,0.9487320014,54.7139655771,84.3911286232,96.5996104779,HIGH_PRODUCTION,0,0,179.5785085688
2024-03-21 15:00:00,RIG_ANOMALIES,15,21,3,76.4863463859,103.4130063002,95.0,0.9733561354,54.6272415173,81.8514221622,105.1176604344,HIGH_PRODUCTION,0,0,179.6248263085
2024-03-21 16:00:00,RIG_ANOMALIES,16,21,3,69.9443086806,75.5672169084,78.0786718984,0.9442843999999999,48.2320289614,77.0454309202,80.2436002153,HIGH_PRODUCTION,0,0,179.6711440482
2024-03-21 17:00:00,RIG_ANOMALIES,17,21,3,62.325944416,79.7177430681,79.4002286108,0.874997313,52.0761073586,68.2762971328,84.781442944,HIGH_PRODUCTION,0,0,179.7174617879
2024-03-21 18:00:00,RIG_ANOMALIES,18,21,3,54.1504325269,72.9281849681,74.6371227923,0.8528894244,44.2746260848,67.4943618047,77.3183415978,HIGH_PRODUCTION,0,0,179.7637795276
2024-03-21 19:00:00,RIG_ANOMALIES,19,21,3,45.9749206378,68.0324847246,70.4707710465,0.9371959034,47.6506654884,68.2365197875,75.9200231537,HIGH_PRODUCTION,0,0,179.8100972673
2024-03-21 20:00:00,RIG_ANOMALIES,20,21,3,38.3565563732,59.3617952578,63.6893951099,0.8374816744,47.9034738819,62.1491736142,68.6290933481,HIGH_PRODUCTION,0,0,179.8564150069
2024-03-21 21:00:00,RIG_ANOMALIES,21,21,3,36.1002883513,56.3278875764,57.1852326723,0.8029702107000001,46.6420978734,66.9466651789,59.5576807285,HIGH_PRODUCTION,0,0,179.9027327466
2024-03-21 22:00:00,RIG_ANOMALIES,22,21,3,36.1002883513,57.1185295168,57.7526877329,0.7855573358,46.2536475856,66.716178962,63.1064873381,STANDBY,0,0,179.9490504863
2024-03-21 23:00:00,RIG_ANOMALIES,23,21,3,36.1002883513,65.8980953301,63.9819792136,0.8018954113000001,47.3404326537,71.9915072602,67.7624877745,STANDBY,0,0,179.995368226
2024-03-22 00:00:00,RIG_ANOMALIES,0,22,4,36.1002883513,63.284591694,60.3138854993,0.7726765878,44.9284755147,66.6148545932,66.5715402551,STANDBY,0,0,180.0416859657
2024-03-22 01:00:00,RIG_ANOMALIES,1,22,4,36.1002883513,64.227756259,59.5511144964,0.8565456901,47.475822976,63.785110272,66.1260805077,STANDBY,0,0,180.0880037054
2024-03-22 02:00:00,RIG_ANOMALIES,2,22,4,36.1002883513,64.0307221385,62.6317461573,0.8986684810000001,44.8171004356,74.9559589543,70.6447524213,STANDBY,0,0,180.1343214451
2024-03-22 03:00:00,RIG_ANOMALIES,3,22,4,36.1002883513,64.5832950406,64.3841466317,0.8546649026,47.9164875653,66.427550483,65.3357371523,STANDBY,0,0,180.1806391848
2024-03-22 04:00:00,RIG_ANOMALIES,4,22,4,38.3565563732,67.9421920949,65.5752868564,0.8394222375,43.902301284,68.8672921037,74.6459872448,STANDBY,0,0,180.2269569245
2024-03-22 05:00:00,RIG_ANOMALIES,5,22,4,45.9749206378,64.9953731975,70.1191528283,0.7671577901000001,47.6013282183,62.9949389571,75.2041702077,STANDBY,0,0,180.2732746642
2024-03-22 06:00:00,RIG_ANOMALIES,6,22,4,54.1504325269,84.0790998644,79.0920886664,0.9578798927000001,51.4744867584,66.5059700893,84.2717131119,HIGH_PRODUCTION,0,0,180.3195924039
2024-03-22 07:00:00,RIG_ANOMALIES,7,22,4,62.325944416,76.7543134473,75.5921588153,0.826621684,50.2802603298,75.7781004536,79.7234729873,HIGH_PRODUCTION,0,0,180.3659101436
2024-03-22 08:00:00,RIG_ANOMALIES,8,22,4,69.9443086806,96.4465134103,91.0596744494,0.879115434,55.2961499514,83.1068782869,98.6377503153,HIGH_PRODUCTION,0,0,180.4122278833
2024-03-22 09:00:00,RIG_ANOMALIES,9,22,4,76.4863463859,100.2975827057,95.0,1.0223317543,51.6826720115,79.0687714294,100.6728007167,HIGH_PRODUCTION,0,0,180.458545623
2024-03-22 10:00:00,RIG_ANOMALIES,10,22,4,81.5062284735,110.8581945494,95.0,1.0506053895,58.5096956131,82.6581224081,97.0543425226,HIGH_PRODUCTION,0,0,180.5048633627
2024-03-22 11:00:00,RIG_ANOMALIES,11,22,4,84.661858275,112.7329288807,95.0,0.972410278,58.5948575483,77.4095523813,98.8309628203,HIGH_PRODUCTION,0,0,180.5511811024
2024-03-22 12:00:00,RIG_ANOMALIES,12,22,4,85.7381848343,101.3339597685,95.0,0.9891017318,52.8351048642,83.9970529795,96.8550443941,HIGH_PRODUCTION,0,0,180.5974988421
2024-03-22 13:00:00,RIG_ANOMALIES,13,22,4,84.661858275,104.4683426818,95.0,0.9954379261,56.1527070668,77.4617063776,98.3776330426,HIGH_PRODUCTION,0,0,180.6438165818
2024-03-22 14:00:00,RIG_ANOMALIES,14,22,4,81.5062284735,104.0338394956,95.0,1.0596824053,56.0092032769,78.3206052066,100.6040782353,HIGH_PRODUCTION,0,0,180.6901343214
2024-03-22 15:00:00,RIG_ANOMALIES,15,22,4,76.4863463859,107.2250875702,95.0,0.9240181666,55.5700628032,80.114318024,94.3052409501,HIGH_PRODUCTION,0,0,180.7364520611
2024-03-22 16:00:00,RIG_ANOMALIES,16,22,4,69.9443086806,96.9649813724,92.6700242764,0.9722903501000001,57.6788235576,80.5316946023,99.77093367250001,HIGH_PRODUCTION,0,0,180.7827698008
2024-03-22 17:00:00,RIG_ANOMALIES,17,22,4,62.325944416,80.1197315793,78.4784236563,0.8500316594,49.420459547,73.5130829316,80.597966739,HIGH_PRODUCTION,0,0,180.8290875405
2024-03-22 18:00:00,RIG_ANOMALIES,18,22,4,54.1504325269,76.8252070324,75.9140730713,0.9543432323000001,48.1511125871,73.3717651658,78.0909061722,HIGH_PRODUCTION,0,0,180.8754052802
2024-03-22 19:00:00,RIG_ANOMALIES,19,22,4,45.9749206378,76.8143366997,74.1296134614,0.974894511,48.7861258793,69.967937174,78.1503617644,HIGH_PRODUCTION,0,0,180.9217230199
2024-03-22 20:00:00,RIG_ANOMALIES,20,22,4,38.3565563732,51.3023896733,57.2799063306,0.8773805351,41.5836204217,61.4376751878,61.8575178804,HIGH_PRODUCTION,0,0,180.9680407596
2024-03-22 21:00:00,RIG_ANOMALIES,21,22,4,36.1002883513,58.5596199174,59.4493600089,0.770742876,40.132755104,71.1263120798,67.4403444188,HIGH_PRODUCTION,0,0,181.0143584993
2024-03-22 22:00:00,RIG_ANOMALIES,22,22,4,36.1002883513,58.8332316266,61.5331457609,0.8018808187,40.8360638946,68.95199484,68.1451972273,STANDBY,0,0,181.060676239
2024-03-22 23:00:00,RIG_ANOMALIES,23,22,4,36.1002883513,57.4497856534,55.3331083714,0.8335799028,47.7859179749,69.6821618831,56.4719570897,STANDBY,0,0,181.1069939787
2024-03-23 00:00:00,RIG_ANOMALIES,0,23,5,36.8726740701,57.8720297452,60.0393007624,0.8938072032000001,42.995646953,65.732242994,68.9875285739,STANDBY,0,0,181.1533117184
2024-03-23 01:00:00,RIG_ANOMALIES,1,23,5,36.8726740701,54.2612839045,52.6927090306,0.8990564484,43.3613992514,63.9252372577,63.5767818012,STANDBY,0,0,181.1996294581
2024-03-23 02:00:00,RIG_ANOMALIES,2,23,5,36.8726740701,57.7434979895,56.0028841973,0.7957829714,42.0984346821,60.9803318794,56.9753165298,STANDBY,0,0,181.2459471978
2024-03-23 03:00:00,RIG_ANOMALIES,3,23,5,36.8726740701,66.98760585,61.3767134898,0.8529509907,45.4295260821,70.2378684468,61.3825974761,STANDBY,0,0,181.2922649375
2024-03-23 04:00:00,RIG_ANOMALIES,4,23,5,39.1772161995,63.4925932854,61.9943231311,0.9163646375000001,45.2668126719,69.1453680257,66.8737431882,STANDBY,0,0,181.3385826772
2024-03-23 05:00:00,RIG_ANOMALIES,5,23,5,46.9585795986,69.2262001501,65.1771149657,0.8519824294,46.0222991509,74.2360225524,66.7539932048,STANDBY,0,0,181.3849004169
2024-03-23 06:00:00,RIG_ANOMALIES,6,23,5,55.3090111052,81.7364902203,82.3573230759,0.8555348916000001,51.4458118153,74.2109322143,85.441784089,HIGH_PRODUCTION,0,0,181.4312181566
2024-03-23 07:00:00,RIG_ANOMALIES,7,23,5,63.6594426117,88.9596595149,85.1315664117,0.9782500540000001,53.571507503,74.0559412197,92.1532619308,HIGH_PRODUCTION,0,0,181.4775358962
2024-03-23 08:00:00,RIG_ANOMALIES,8,23,5,71.4408060109,83.1723434982,82.189012673,0.9525024753,48.987905828,74.8636280178,85.0356615644,HIGH_PRODUCTION,0,0,181.5238536359
2024-03-23 09:00:00,RIG_ANOMALIES,9,23,5,78.1228142462,105.6084359574,95.0,1.0341300519,55.4851840551,83.2866207081,105.8526562578,HIGH_PRODUCTION,0,0,181.5701713756
2024-03-23 10:00:00,RIG_ANOMALIES,10,23,5,83.2500994991,113.0586926688,95.0,0.9965805193,60.364565877,86.3150021398,96.9981420726,HIGH_PRODUCTION,0,0,181.6164891153
2024-03-23 11:00:00,RIG_ANOMALIES,11,23,5,86.4732457528,118.1588686916,95.0,1.046255039,57.5692715161,87.3933809632,100.8012788502,HIGH_PRODUCTION,0,0,181.662806855
2024-03-23 12:00:00,RIG_ANOMALIES,12,23,5,87.5726009166,111.0035687786,95.0,0.9498862290000001,58.2658466171,83.224916137,102.7904656811,HIGH_PRODUCTION,0,0,181.7091245947
2024-03-23 13:00:00,RIG_ANOMALIES,13,23,5,86.4732457528,108.8256902789,95.0,0.9602202786,52.8447507807,81.2903720163,97.5930562642,HIGH_PRODUCTION,0,0,181.7554423344
2024-03-23 14:00:00,RIG_ANOMALIES,14,23,5,83.2500994991,101.1953833927,95.0,0.992230224,55.3821817334,81.3085620481,92.9582567281,HIGH_PRODUCTION,0,0,181.8017600741
2024-03-23 15:00:00,RIG_ANOMALIES,15,23,5,78.1228142462,105.6364313547,95.0,1.0090982491,57.4828448254,78.092395985,95.4521308822,HIGH_PRODUCTION,0,0,181.8480778138
2024-03-23 16:00:00,RIG_ANOMALIES,16,23,5,71.4408060109,97.3058318763,92.5071340881,0.9979761784000001,57.9328936283,79.7266278268,103.4923368065,HIGH_PRODUCTION,0,0,181.8943955535
2024-03-23 17:00:00,RIG_ANOMALIES,17,23,5,63.6594426117,82.5611156324,79.1126138016,0.8874018546,49.8438735131,68.9077574513,82.701065535,HIGH_PRODUCTION,0,0,181.9407132932
2024-03-23 18:00:00,RIG_ANOMALIES,18,23,5,55.3090111052,78.6918163949,76.6748976743,0.946026432,48.1930240304,77.4556159438,80.8760728757,HIGH_PRODUCTION,0,0,181.9870310329
2024-03-23 19:00:00,RIG_ANOMALIES,19,23,5,46.9585795986,76.4058197432,75.3939196323,0.9129710802000001,45.0927204339,72.8449930597,83.9849378037,HIGH_PRODUCTION,0,0,182.0333487726
2024-03-23 20:00:00,RIG_ANOMALIES,20,23,5,39.1772161995,66.8106655055,68.1855488358,0.9369486806,47.5387188743,69.3125426246,74.6606471771,HIGH_PRODUCTION,0,0,182.0796665123
2024-03-23 21:00:00,RIG_ANOMALIES,21,23,5,36.8726740701,63.0852501388,62.1708467536,0.8742302906,46.379381616,67.906752609,67.3795773791,HIGH_PRODUCTION,0,0,182.125984252
2024-03-23 22:00:00,RIG_ANOMALIES,22,23,5,36.8726740701,60.2347384252,59.8300771832,0.9255287403,44.5490060224,64.860141754,67.8779276959,STANDBY,0,0,182.1723019917
2024-03-23 23:00:00,RIG_ANOMALIES,23,23,5,36.8726740701,65.9292804285,62.0555689112,0.8897738167,48.8890379772,73.7251593562,65.7878929514,STANDBY,0,0,182.2186197314
2024-03-24 00:00:00,RIG_ANOMALIES,0,24,6,38.2644650435,62.8637148448,58.4407639895,0.8457411614,46.8387679954,68.6415052941,63.6820729734,STANDBY,0,0,182.2649374711
2024-03-24 01:00:00,RIG_ANOMALIES,1,24,6,38.2644650435,61.7856614476,53.8765844031,0.8597101958000001,41.8992142405,68.7466793928,64.6523204474,STANDBY,0,0,182.3112552107
2024-03-24 02:00:00,RIG_ANOMALIES,2,24,6,38.2644650435,60.5297844127,58.5929470914,0.8035219299,43.1566911592,67.6141567353,64.5350360254,STANDBY,0,0,182.3575729504
2024-03-24 03:00:00,RIG_ANOMALIES,3,24,6,38.2644650435,53.2023148382,57.6127216248,0.8158914131,42.7913433321,71.4972884426,61.9536810462,STANDBY,0,0,182.4038906901
2024-03-24 04:00:00,RIG_ANOMALIES,4,24,6,40.6559941088,57.4368349532,59.1764815595,0.8653694472000001,39.887513989,67.1222361877,67.6089013466,STANDBY,0,0,182.4502084298
2024-03-24 05:00:00,RIG_ANOMALIES,5,24,6,48.7310717994,77.7966400843,71.0869069935,0.9827412581,49.6496778834,71.4858627041,75.0235251421,STANDBY,0,0,182.4965261695
2024-03-24 06:00:00,RIG_ANOMALIES,6,24,6,57.3966975653,74.669723465,73.0959224106,0.8813214144,47.2635847468,72.3770105284,82.7167294586,HIGH_PRODUCTION,0,0,182.5428439092
2024-03-24 07:00:00,RIG_ANOMALIES,7,24,6,66.0623233312,95.2218988304,90.0969993554,1.0318585577,52.5388837107,77.0188320683,90.4812216939,HIGH_PRODUCTION,0,0,182.5891616489
2024-03-24 08:00:00,RIG_ANOMALIES,8,24,6,74.1374010218,95.4146678032,88.6381839157,0.9516520136000001,54.4249593754,81.2676218185,97.1662789616,HIGH_PRODUCTION,0,0,182.6354793886
2024-03-24 09:00:00,RIG_ANOMALIES,9,24,6,81.0716274372,112.8160604446,95.0,1.0418143277,61.4337730008,77.9881060178,96.9531899141,HIGH_PRODUCTION,0,0,182.6817971283
2024-03-24 10:00:00,RIG_ANOMALIES,10,24,6,86.3924465065,109.7444159129,95.0,0.8595862046,57.9080770076,82.5704240713,101.720171962,HIGH_PRODUCTION,0,0,182.728114868
2024-03-24 11:00:00,RIG_ANOMALIES,11,24,6,89.7372532031,114.4643773607,95.0,1.0483872509,60.9965494431,85.8589983856,95.1290510931,HIGH_PRODUCTION,0,0,182.7744326077
2024-03-24 12:00:00,RIG_ANOMALIES,12,24,6,90.8781044784,109.3732694176,95.0,1.1286507605,59.6290867256,89.007164965,97.9963271412,HIGH_PRODUCTION,0,0,182.8207503474
2024-03-24 13:00:00,RIG_ANOMALIES,13,24,6,89.7372532031,107.7072953914,95.0,1.0682866471,58.3056769357,80.3223171335,98.9159627312,HIGH_PRODUCTION,0,0,182.8670680871
2024-03-24 14:00:00,RIG_ANOMALIES,14,24,6,86.3924465065,100.5992203749,95.0,0.9830368556,54.8789686416,79.3862526678,98.8804041894,HIGH_PRODUCTION,0,0,182.9133858268
2024-03-24 15:00:00,RIG_ANOMALIES,15,24,6,81.0716274372,98.7217396851,91.6758630949,0.9486677766,52.6529632575,80.3459928566,96.5220457977,HIGH_PRODUCTION,0,0,182.9597035665
2024-03-24 16:00:00,RIG_ANOMALIES,16,24,6,74.1374010218,97.5241284924,90.8206917519,0.9972083764,55.8945144564,82.9359622513,97.4258576993,HIGH_PRODUCTION,0,0,183.0060213062
2024-03-24 17:00:00,RIG_ANOMALIES,17,24,6,66.0623233312,86.5470150557,82.9173652016,0.9364701933,50.8526487019,74.3034163969,91.7835139188,HIGH_PRODUCTION,0,0,183.0523390459
2024-03-24 18:00:00,RIG_ANOMALIES,18,24,6,57.3966975653,85.2773463846,81.9595370803,0.8935489532,51.6839734661,73.878474767,87.9254277379,HIGH_PRODUCTION,0,0,183.0986567855
2024-03-24 19:00:00,RIG_ANOMALIES,19,24,6,48.7310717994,70.8026896512,72.5297876986,0.8819536212,47.5926477925,65.1467461394,70.9275413627,HIGH_PRODUCTION,0,0,183.1449745252
2024-03-24 20:00:00,RIG_ANOMALIES,20,24,6,40.6559941088,74.011508068,68.9383120971,0.9110033853,48.9993917036,65.876528902,74.123872124,HIGH_PRODUCTION,0,0,183.1912922649
2024-03-24 21:00:00,RIG_ANOMALIES,21,24,6,38.2644650435,59.4277582636,59.0510623011,0.8794659226,42.0565875036,68.2055690182,61.8338616386,HIGH_PRODUCTION,0,0,183.2376100046
2024-03-24 22:00:00,RIG_ANOMALIES,22,24,6,38.2644650435,48.2643422629,53.4639903397,0.7931026524,44.7857099932,62.4794869361,53.6662891053,STANDBY,0,0,183.2839277443
2024-03-24 23:00:00,RIG_ANOMALIES,23,24,6,38.2644650435,60.3283748373,56.9204891811,0.8453842553,47.4221881982,71.2601224391,63.6954238212,STANDBY,0,0,183.330245484
2024-03-25 00:00:00,RIG_ANOMALIES,0,25,0,40.0,62.4247260018,60.7241532828,0.9375666311,45.1282470273,65.7597196387,68.4160385636,STANDBY,0,0,183.3765632237
2024-03-25 01:00:00,RIG_ANOMALIES,1,25,0,40.0,65.6048269982,60.1747746143,0.8450346833,43.0003278118,74.1860179621,69.031172954,STANDBY,0,0,183.4228809634
2024-03-25 02:00:00,RIG_ANOMALIES,2,25,0,40.0,64.8989725628,62.6727063128,0.8774477329,46.2354719152,68.333147566,64.4477432367,STANDBY,0,0,183.4691987031
2024-03-25 03:00:00,RIG_ANOMALIES,3,25,0,40.0,65.6191342281,60.3546934918,0.9040198380000001,45.9578503025,72.099915504,59.2915411081,STANDBY,0,0,183.5155164428
2024-03-25 04:00:00,RIG_ANOMALIES,4,25,0,42.5,65.681530227,66.9173823268,0.7649238636,46.1824726204,68.9260558695,68.8319712638,STANDBY,0,0,183.5618341825
2024-03-25 05:00:00,RIG_ANOMALIES,5,25,0,50.9413334214,72.9664722868,70.544791113,0.949630347,45.0238184543,68.3899366378,75.3846342188,STANDBY,0,0,183.6081519222
2024-03-25 06:00:00,RIG_ANOMALIES,6,25,0,60.0,80.438641588,78.0049724168,1.0376299802,48.7458357201,73.4060779446,82.335313946,HIGH_PRODUCTION,0,0,183.6544696619
2024-03-25 07:00:00,RIG_ANOMALIES,7,25,0,69.0586665786,91.6782025407,88.9372018029,0.9200851263000001,59.413798178,72.8860327627,94.2643106772,HIGH_PRODUCTION,0,0,183.7007874016
2024-03-25 08:00:00,RIG_ANOMALIES,8,25,0,77.5,99.0617515685,92.0217080133,1.0310069668,56.7794153391,80.214786292,93.3234410599,HIGH_PRODUCTION,0,0,183.7471051413
2024-03-25 09:00:00,RIG_ANOMALIES,9,25,0,84.7487373415,113.6803199591,95.0,1.0866210102,58.7936489721,85.6179334285,94.5970202258,HIGH_PRODUCTION,0,0,183.793422881
2024-03-25 10:00:00,RIG_ANOMALIES,10,25,0,90.3108891325,120.9213518157,95.0,1.0259969041,58.5290924114,87.8755352749,97.7102774705,HIGH_PRODUCTION,0,0,183.8397406207
2024-03-25 11:00:00,RIG_ANOMALIES,11,25,0,93.8074039201,113.4011151658,95.0,1.0410573667,61.0213530503,91.2460261903,98.7110852182,HIGH_PRODUCTION,0,0,183.8860583604
2024-03-25 12:00:00,RIG_ANOMALIES,12,25,0,95.0,125.4383619361,95.0,1.0430161949,64.3682900974,86.7244256806,101.1964886895,HIGH_PRODUCTION,0,0,183.9323761
2024-03-25 13:00:00,RIG_ANOMALIES,13,25,0,93.8074039201,126.668377836,95.0,1.122762472,67.3205576211,91.7832853429,104.2211164603,HIGH_PRODUCTION,0,0,183.9786938397
2024-03-25 14:00:00,RIG_ANOMALIES,14,25,0,90.3108891325,114.545648009,95.0,1.0810945419,57.5875277449,82.1712081179,103.4419897864,HIGH_PRODUCTION,0,0,184.0250115794
2024-03-25 15:00:00,RIG_ANOMALIES,15,25,0,84.7487373415,116.9175840374,95.0,1.0980087501,51.5215827538,83.0862225793,100.1452250136,HIGH_PRODUCTION,0,0,184.0713293191
2024-03-25 16:00:00,RIG_ANOMALIES,16,25,0,77.5,111.1278029053,95.0,1.0419233595,58.7641420629,82.3664969222,102.5704171364,HIGH_PRODUCTION,0,0,184.1176470588
2024-03-25 17:00:00,RIG_ANOMALIES,17,25,0,69.0586665786,98.5940029116,92.4624147786,0.9024132397,49.0274905453,78.2908512211,95.3814965179,HIGH_PRODUCTION,0,0,184.1639647985
2024-03-25 18:00:00,RIG_ANOMALIES,18,25,0,60.0,88.7034774356,82.3572206642,0.9352301919,52.8701517348,80.4508148598,85.0433409042,HIGH_PRODUCTION,0,0,184.2102825382
2024-03-25 19:00:00,RIG_ANOMALIES,19,25,0,50.9413334214,75.5569559403,71.6729003939,0.8105539824,49.2250424057,75.9603947704,78.7036612936,HIGH_PRODUCTION,0,0,184.2566002779
2024-03-25 20:00:00,RIG_ANOMALIES,20,25,0,42.5,68.8572593045,66.7247070354,0.8293738391000001,48.0469504614,70.0848151394,70.6811326174,HIGH_PRODUCTION,0,0,184.3029180176
2024-03-25 21:00:00,RIG_ANOMALIES,21,25,0,40.0,62.6580392451,58.9154863378,0.9253499616,46.4053657788,66.4010676761,64.1180823889,HIGH_PRODUCTION,0,0,184.3492357573
2024-03-25 22:00:00,RIG_ANOMALIES,22,25,0,40.0,60.988665447,63.7632655161,0.9117374017000001,42.6512362304,68.85694066,66.7827673323,STANDBY,0,0,184.395553497
2024-03-25 23:00:00,RIG_ANOMALIES,23,25,0,40.0,64.0436187035,63.6757653328,0.8357825615000001,43.8158003543,71.5882208301,68.7443610754,STANDBY,0,0,184.4418712367
2024-03-26 00:00:00,RIG_ANOMALIES,0,26,1,38.2644650435,68.072187478,62.8883804822,0.8620732210000001,47.3150433042,67.2968045868,67.2868960876,STANDBY,0,0,184.4881889764
2024-03-26 01:00:00,RIG_ANOMALIES,1,26,1,38.2644650435,70.1368733565,67.1074950715,0.9357193275000001,49.5743202795,70.9322726784,78.1919981745,STANDBY,0,0,184.5345067161
2024-03-26 02:00:00,RIG_ANOMALIES,2,26,1,38.2644650435,59.9607533746,61.0661596246,0.8893594962,42.2179739158,62.2568087407,65.9885337492,STANDBY,0,0,184.5808244558
2024-03-26 03:00:00,RIG_ANOMALIES,3,26,1,38.2644650435,64.4492082498,63.7671094231,0.8445673961,46.4164065983,68.2873471008,68.4972298212,STANDBY,0,0,184.6271421955
2024-03-26 04:00:00,RIG_ANOMALIES,4,26,1,40.6559941088,68.5735323641,69.87239999089999,0.8388326574,47.3192436856,70.1330763049,75.3978092808,STANDBY,0,0,184.6734599352
2024-03-26 05:00:00,RIG_ANOMALIES,5,26,1,48.7310717994,71.9002254493,71.2183476732,0.9800795019,47.5727442921,73.5138808329,75.3851959029,STANDBY,0,0,184.7197776748
2024-03-26 06:00:00,RIG_ANOMALIES,6,26,1,57.3966975653,82.0155674112,77.4683654065,0.9317326571000001,50.1509316259,77.1738647745,78.4981498909,HIGH_PRODUCTION,0,0,184.7660954145
2024-03-26 07:00:00,RIG_ANOMALIES,7,26,1,66.0623233312,85.6632347554,84.7522891423,0.9398757002,50.3616698792,71.19955203,97.8809064118,HIGH_PRODUCTION,0,0,184.8124131542
2024-03-26 08:00:00,RIG_ANOMALIES,8,26,1,74.1374010218,94.8818472547,91.6502023883,1.0179976718,51.4258215446,80.7436848873,98.6305307912,HIGH_PRODUCTION,0,0,184.8587308939
2024-03-26 09:00:00,RIG_ANOMALIES,9,26,1,81.0716274372,107.3387437733,95.0,0.9769865265000001,53.4590598473,83.4391245187,102.6764149379,HIGH_PRODUCTION,0,0,184.9050486336
2024-03-26 10:00:00,RIG_ANOMALIES,10,26,1,86.3924465065,107.4942293536,95.0,0.9458411765,57.4483878545,84.2730053561,104.3757292252,HIGH_PRODUCTION,0,0,184.9513663733
2024-03-26 11:00:00,RIG_ANOMALIES,11,26,1,89.7372532031,119.7285944197,95.0,1.0481500663,60.0311393213,88.2135213656,102.5429576697,HIGH_PRODUCTION,0,0,184.997684113
2024-03-26 12:00:00,RIG_ANOMALIES,12,26,1,90.8781044784,119.4848088762,95.0,1.0192641939,62.7573849294,84.0177772365,101.9231575449,HIGH_PRODUCTION,0,0,185.0440018527
2024-03-26 13:00:00,RIG_ANOMALIES,13,26,1,89.7372532031,112.3141119377,95.0,1.0156483731,57.5898617057,81.3207921743,99.3238260344,HIGH_PRODUCTION,0,0,185.0903195924
2024-03-26 14:00:00,RIG_ANOMALIES,14,26,1,86.3924465065,106.1285988478,95.0,1.0252770259,54.6574355882,80.0476933292,99.7970138516,HIGH_PRODUCTION,0,0,185.1366373321
2024-03-26 15:00:00,RIG_ANOMALIES,15,26,1,81.0716274372,100.8676568565,95.0,1.0493566776,54.9975546447,77.187546177,99.863628024,HIGH_PRODUCTION,0,0,185.1829550718
2024-03-26 16:00:00,RIG_ANOMALIES,16,26,1,74.1374010218,95.5210990945,93.0966493779,0.9688963985000001,50.9110581479,78.5721478846,96.779548334,HIGH_PRODUCTION,0,0,185.2292728115
2024-03-26 17:00:00,RIG_ANOMALIES,17,26,1,66.0623233312,91.935555279,86.2459014407,0.918041874,54.9574281237,81.303834767,96.5333022681,HIGH_PRODUCTION,0,0,185.2755905512
2024-03-26 18:00:00,RIG_ANOMALIES,18,26,1,57.3966975653,82.3110925373,78.5887354975,0.9263005481000001,47.5360447955,79.378638523,84.430849338,HIGH_PRODUCTION,0,0,185.3219082909
2024-03-26 19:00:00,RIG_ANOMALIES,19,26,1,48.7310717994,79.5882117118,75.4674749238,0.8608902372,51.0729889763,76.1130403116,80.1977965488,HIGH_PRODUCTION,0,0,185.3682260306
2024-03-26 20:00:00,RIG_ANOMALIES,20,26,1,40.6559941088,71.9013307709,70.0083104156,0.8947746046,48.6076358929,68.1115865395,76.2108393364,HIGH_PRODUCTION,0,0,185.4145437703
2024-03-26 21:00:00,RIG_ANOMALIES,21,26,1,38.2644650435,59.3637431288,59.9653712405,0.8800553825,40.0654274719,67.5344820544,61.6353413554,HIGH_PRODUCTION,0,0,185.46086151
2024-03-26 22:00:00,RIG_ANOMALIES,22,26,1,38.2644650435,64.9693980296,60.0986008669,0.8151781713,47.0115450576,71.4046509741,63.4969117901,STANDBY,0,0,185.5071792497
2024-03-26 23:00:00,RIG_ANOMALIES,23,26,1,38.2644650435,59.6862734381,59.7471999626,0.8069086026000001,44.6535734485,62.2280604635,65.2986945508,STANDBY,0,0,185.5534969893
2024-03-27 00:00:00,RIG_ANOMALIES,0,27,2,36.8726740701,63.4817423786,58.5524638844,0.9106952021,47.1169625912,64.8033889154,61.3607879891,STANDBY,0,0,185.599814729
2024-03-27 01:00:00,RIG_ANOMALIES,1,27,2,36.8726740701,66.4245384669,64.0953389279,0.9064706983,46.7882300094,71.3765909449,67.5723364645,STANDBY,0,0,185.6461324687
2024-03-27 02:00:00,RIG_ANOMALIES,2,27,2,36.8726740701,48.9474288006,50.9896200825,0.8143052246,41.5106236612,62.5395281313,56.3524598116,STANDBY,0,0,185.6924502084
2024-03-27 03:00:00,RIG_ANOMALIES,3,27,2,36.8726740701,60.1998396504,63.6020445488,0.7895891686000001,43.3243484644,69.7119654778,66.7899816786,STANDBY,0,0,185.7387679481
2024-03-27 04:00:00,RIG_ANOMALIES,4,27,2,39.1772161995,61.0762393496,62.3318600303,0.8075296944,47.3314271199,69.9834026444,63.7545449299,STANDBY,0,0,185.7850856878
2024-03-27 05:00:00,RIG_ANOMALIES,5,27,2,46.9585795986,59.4817742615,62.5743509911,0.8418232426000001,44.9480485271,66.9336092569,68.7598241957,STANDBY,0,0,185.8314034275
2024-03-27 06:00:00,RIG_ANOMALIES,6,27,2,55.3090111052,73.6843847971,75.4948792152,0.940784637,51.9848199024,69.6775715028,76.7605875585,HIGH_PRODUCTION,0,0,185.8777211672
2024-03-27 07:00:00,RIG_ANOMALIES,7,27,2,63.6594426117,84.1643053062,81.6452624729,0.9754374651000001,49.9638500556,76.932059741,89.4104070612,HIGH_PRODUCTION,0,0,185.9240389069
2024-03-27 08:00:00,RIG_ANOMALIES,8,27,2,71.4408060109,92.7787495928,89.1505167887,0.9508934661,55.1373949542,76.1021769329,93.54832407480001,HIGH_PRODUCTION,0,0,185.9703566466
2024-03-27 09:00:00,RIG_ANOMALIES,9,27,2,78.1228142462,102.5393250955,95.0,0.8986940206,59.349907729,79.8709498556,102.0339929507,HIGH_PRODUCTION,0,0,186.0166743863
2024-03-27 10:00:00,RIG_ANOMALIES,10,27,2,83.2500994991,111.5320935395,95.0,1.015762381,58.5711015131,82.0958741704,101.029453423,HIGH_PRODUCTION,0,0,186.062992126
2024-03-27 11:00:00,RIG_ANOMALIES,11,27,2,86.4732457528,105.5559135051,95.0,1.1154533039,52.4359624327,84.7696467264,98.7032638437,HIGH_PRODUCTION,0,0,186.1093098657
2024-03-27 12:00:00,RIG_ANOMALIES,12,27,2,87.5726009166,118.8929746517,95.0,0.9489598224,61.0484252597,86.0531946815,103.0956951828,HIGH_PRODUCTION,0,0,186.1556276054
2024-03-27 13:00:00,RIG_ANOMALIES,13,27,2,86.4732457528,114.0533513633,95.0,0.999725135,59.4366125123,83.908563062,100.3565792117,HIGH_PRODUCTION,0,0,186.2019453451
2024-03-27 14:00:00,RIG_ANOMALIES,14,27,2,83.2500994991,107.5986720035,95.0,0.9788092557,62.2159811669,83.0914705966,101.767498301,HIGH_PRODUCTION,0,0,186.2482630848
2024-03-27 15:00:00,RIG_ANOMALIES,15,27,2,78.1228142462,107.7033217827,95.0,1.0341952975,58.3398316207,82.2132997245,100.603102722,HIGH_PRODUCTION,0,0,186.2945808245
2024-03-27 16:00:00,RIG_ANOMALIES,16,27,2,71.4408060109,101.4915963618,95.0,0.9424554746,55.2106526684,85.4279084647,101.3543593666,HIGH_PRODUCTION,0,0,186.3408985642
2024-03-27 17:00:00,RIG_ANOMALIES,17,27,2,63.6594426117,87.3342680238,87.2057600682,1.0408545776,51.3850288565,72.6474174716,92.1744108147,HIGH_PRODUCTION,0,0,186.3872163038
2024-03-27 18:00:00,RIG_ANOMALIES,18,27,2,55.3090111052,87.313575201,83.8132459576,0.9592924661000001,53.8619775267,77.3971509255,88.3670325736,HIGH_PRODUCTION,0,0,186.4335340435
2024-03-27 19:00:00,RIG_ANOMALIES,19,27,2,46.9585795986,70.2725974072,67.8942116577,0.908465645,49.4288886876,75.044511299,69.6279950055,HIGH_PRODUCTION,0,0,186.4798517832
2024-03-27 20:00:00,RIG_ANOMALIES,20,27,2,39.1772161995,65.6338093907,67.1199126278,0.9340463589,45.7386316929,67.3100244628,71.7343363678,HIGH_PRODUCTION,0,0,186.5261695229
2024-03-27 21:00:00,RIG_ANOMALIES,21,27,2,36.8726740701,60.542523065,61.3840667844,0.9018089416,45.5267374283,70.4002491933,65.8204820835,HIGH_PRODUCTION,0,0,186.5724872626
2024-03-27 22:00:00,RIG_ANOMALIES,22,27,2,36.8726740701,58.4648438922,58.3082632327,0.8388795231,42.2554090404,64.0268141222,65.6817913176,STANDBY,0,0,186.6188050023
2024-03-27 23:00:00,RIG_ANOMALIES,23,27,2,36.8726740701,67.964001327,59.8900004984,0.8987262497,48.8459428816,70.8197383289,61.1083272092,STANDBY,0,0,186.665122742
2024-03-28 00:00:00,RIG_ANOMALIES,0,28,3,36.1002883513,68.8516363454,63.0115279511,0.8004628831,47.4081591871,74.378569858,67.2580213165,STANDBY,0,0,186.7114404817
2024-03-28 01:00:00,RIG_ANOMALIES,1,28,3,36.1002883513,60.9684455447,57.5700292017,0.9222977758,47.892123947900004,65.8444787725,65.9800335303,STANDBY,0,0,186.7577582214
2024-03-28 02:00:00,RIG_ANOMALIES,2,28,3,36.1002883513,68.7017504706,65.4850278655,0.8628993509,48.699565983,69.5823847553,70.5923068024,STANDBY,0,0,186.8040759611
2024-03-28 03:00:00,RIG_ANOMALIES,3,28,3,36.1002883513,62.2761027714,60.8377003824,0.8740458777000001,43.8620534387,64.2353406047,64.5871470189,STANDBY,0,0,186.8503937008
2024-03-28 04:00:00,RIG_ANOMALIES,4,28,3,38.3565563732,56.8643956616,57.9610604454,0.8715796741,46.1957918672,68.2909307127,61.0865057289,STANDBY,0,0,186.8967114405
2024-03-28 05:00:00,RIG_ANOMALIES,5,28,3,45.9749206378,77.0004078585,73.3744214464,0.9738281387000001,46.7123471618,73.8108108903,78.6777487066,STANDBY,0,0,186.9430291802
2024-03-28 06:00:00,RIG_ANOMALIES,6,28,3,54.1504325269,82.6729575688,78.8645867121,0.9338597567,51.0195447617,76.567942656,87.4417295463,HIGH_PRODUCTION,0,0,186.9893469199
2024-03-28 07:00:00,RIG_ANOMALIES,7,28,3,62.325944416,84.3750405537,83.0381725509,1.0068241134,58.1151940532,73.7884808852,87.4446367223,HIGH_PRODUCTION,0,0,187.0356646596
2024-03-28 08:00:00,RIG_ANOMALIES,8,28,3,69.9443086806,96.4026918332,89.7280237387,0.9728387982000001,55.8534200334,79.4437268079,93.8726215971,HIGH_PRODUCTION,0,0,187.0819823993
2024-03-28 09:00:00,RIG_ANOMALIES,9,28,3,76.4863463859,100.4187175962,95.0,1.0617166336,56.8530873753,78.908462198,103.180538157,HIGH_PRODUCTION,0,0,187.128300139
2024-03-28 10:00:00,RIG_ANOMALIES,10,28,3,81.5062284735,110.2687997984,95.0,0.9991329351,55.4595446229,82.6105326773,97.4597760114,HIGH_PRODUCTION,0,0,187.1746178786
2024-03-28 11:00:00,RIG_ANOMALIES,11,28,3,84.661858275,111.9045662408,95.0,1.0655173939,58.3879849181,87.5909479645,96.4400274983,HIGH_PRODUCTION,0,0,187.2209356183
2024-03-28 12:00:00,RIG_ANOMALIES,12,28,3,85.7381848343,108.9666216564,95.0,1.0925455775,57.96930119,81.741465948,99.205330109,HIGH_PRODUCTION,0,0,187.267253358
2024-03-28 13:00:00,RIG_ANOMALIES,13,28,3,84.661858275,114.092477205,95.0,1.1597697822,58.3843266552,85.6711971823,98.259032629,HIGH_PRODUCTION,0,0,187.3135710977
2024-03-28 14:00:00,RIG_ANOMALIES,14,28,3,81.5062284735,99.0700915998,95.0,1.0023400167,53.3233252454,81.9059115415,102.7248167792,HIGH_PRODUCTION,0,0,187.3598888374
2024-03-28 15:00:00,RIG_ANOMALIES,15,28,3,76.4863463859,95.2878946818,92.9678910016,1.0903228763,52.2764016978,81.2637682775,99.4084885356,HIGH_PRODUCTION,0,0,187.4062065771
2024-03-28 16:00:00,RIG_ANOMALIES,16,28,3,69.9443086806,91.7499514255,87.1681280476,0.9928660136,51.3029407479,75.5329623253,94.2251455579,HIGH_PRODUCTION,0,0,187.4525243168
2024-03-28 17:00:00,RIG_ANOMALIES,17,28,3,62.325944416,87.1882663668,86.2606922858,0.9599507201,50.0968266997,79.1407543923,88.9077153579,HIGH_PRODUCTION,0,0,187.4988420565
2024-03-28 18:00:00,RIG_ANOMALIES,18,28,3,54.1504325269,83.5152361687,79.8790225255,0.9899246774,52.3305971269,74.6235938563,87.1912383169,HIGH_PRODUCTION,0,0,187.5451597962
2024-03-28 19:00:00,RIG_ANOMALIES,19,28,3,45.9749206378,61.8204470607,65.0416534417,0.8282276431000001,45.0941386108,68.3695602938,73.9636910186,HIGH_PRODUCTION,0,0,187.5914775359
2024-03-28 20:00:00,RIG_ANOMALIES,20,28,3,38.3565563732,65.6592314237,69.08307725,0.9853183041,46.2943860041,72.7717855267,69.8427997312,HIGH_PRODUCTION,0,0,187.6377952756
2024-03-28 21:00:00,RIG_ANOMALIES,21,28,3,36.1002883513,54.075533477,57.761290944,0.9145910048,40.4466412526,61.7836173437,60.612579608,HIGH_PRODUCTION,0,0,187.6841130153
2024-03-28 22:00:00,RIG_ANOMALIES,22,28,3,36.1002883513,62.8546341607,61.179585096,0.7682219655,46.6993588895,68.6079629152,64.5403677938,STANDBY,0,0,187.730430755
2024-03-28 23:00:00,RIG_ANOMALIES,23,28,3,36.1002883513,64.8350539307,59.9136030211,0.8527208531,47.5717897191,69.2661554914,65.1481442224,STANDBY,0,0,187.7767484947
2024-03-29 00:00:00,RIG_ANOMALIES,0,29,4,36.1002883513,60.6001930176,56.4393182592,0.7936025167,46.8790613078,70.3609961544,57.6401501654,STANDBY,0,0,187.8230662344
2024-03-29 01:00:00,RIG_ANOMALIES,1,29,4,36.1002883513,57.0724021598,54.6289235866,0.7882995557,42.3837965191,62.0323819018,59.1948223059,STANDBY,0,0,187.8693839741
2024-03-29 02:00:00,RIG_ANOMALIES,2,29,4,36.1002883513,61.7991877434,62.4366905141,0.86102415,44.4125461471,67.7191081569,67.9389423128,STANDBY,0,0,187.9157017138
2024-03-29 03:00:00,RIG_ANOMALIES,3,29,4,36.1002883513,59.3465885877,57.7730359177,0.8850285568,49.1651638338,65.8463867807,63.056910471,STANDBY,0,0,187.9620194535
2024-03-29 04:00:00,RIG_ANOMALIES,4,29,4,38.3565563732,62.2191638284,62.724452878,0.8303301614,42.9327909594,64.7641021507,66.0702179817,STANDBY,0,0,188.0083371931
2024-03-29 05:00:00,RIG_ANOMALIES,5,29,4,45.9749206378,69.822743235,68.3928548597,0.8644942543,48.8485042901,72.5232889403,69.8769097952,STANDBY,0,0,188.0546549328
2024-03-29 06:00:00,RIG_ANOMALIES,6,29,4,54.1504325269,75.6075410903,72.7565539294,1.0242491976,52.4429087699,73.2785740108,80.3242216234,HIGH_PRODUCTION,0,0,188.1009726725
2024-03-29 07:00:00,RIG_ANOMALIES,7,29,4,62.325944416,89.6549189903,84.490625914,0.9726506386,52.5218503037,72.5277372228,90.5241292434,HIGH_PRODUCTION,0,0,188.1472904122
2024-03-29 08:00:00,RIG_ANOMALIES,8,29,4,69.9443086806,98.5483497684,95.0,1.0184144879,55.81985144,79.0368115715,100.9223259833,HIGH_PRODUCTION,0,0,188.1936081519
2024-03-29 09:00:00,RIG_ANOMALIES,9,29,4,76.4863463859,102.8394410542,94.2828831395,0.9809975994000001,57.1928358863,81.1584097007,100.1370658245,HIGH_PRODUCTION,0,0,188.2399258916
2024-03-29 10:00:00,RIG_ANOMALIES,10,29,4,81.5062284735,104.5682355385,95.0,1.005716175,54.3169174525,80.4239043209,107.0294922377,HIGH_PRODUCTION,0,0,188.2862436313
2024-03-29 11:00:00,RIG_ANOMALIES,11,29,4,84.661858275,111.8598246399,95.0,0.9731080347000001,58.9844943135,84.0683334918,103.851863484,HIGH_PRODUCTION,0,0,188.332561371
2024-03-29 12:00:00,RIG_ANOMALIES,12,29,4,85.7381848343,99.0453652542,93.8185498249,0.9617511478,54.9558358107,77.8086181513,98.9165838666,HIGH_PRODUCTION,0,0,188.3788791107
2024-03-29 13:00:00,RIG_ANOMALIES,13,29,4,84.661858275,108.8136517792,95.0,0.9005669032,58.9675561899,86.0783257232,103.5741924455,HIGH_PRODUCTION,0,0,188.4251968504
2024-03-29 14:00:00,RIG_ANOMALIES,14,29,4,81.5062284735,114.4056937305,95.0,0.9834784587000001,60.7804417231,78.0913202058,94.5775821972,HIGH_PRODUCTION,0,0,188.4715145901
2024-03-29 15:00:00,RIG_ANOMALIES,15,29,4,76.4863463859,105.1038866275,95.0,1.0787784933,57.285309984,84.4298657336,97.8519593229,HIGH_PRODUCTION,0,0,188.5178323298
2024-03-29 16:00:00,RIG_ANOMALIES,16,29,4,69.9443086806,95.2633775512,84.733972423,0.9376958157,56.3002571268,81.2165557629,90.1733334126,HIGH_PRODUCTION,0,0,188.5641500695
2024-03-29 17:00:00,RIG_ANOMALIES,17,29,4,62.325944416,89.678622586,88.179393134,0.9741145478000001,52.7635460934,75.2619462077,92.5354390484,HIGH_PRODUCTION,0,0,188.6104678092
2024-03-29 18:00:00,RIG_ANOMALIES,18,29,4,54.1504325269,84.845109123,77.5990712701,0.9736176183,51.5932290418,71.9589027017,82.8285751992,HIGH_PRODUCTION,0,0,188.6567855489
2024-03-29 19:00:00,RIG_ANOMALIES,19,29,4,45.9749206378,67.5935351511,69.7839164386,0.896895261,49.1257071555,72.264283914,75.2777474766,HIGH_PRODUCTION,0,0,188.7031032886
2024-03-29 20:00:00,RIG_ANOMALIES,20,29,4,38.3565563732,61.9801817338,65.4121731677,0.892848041,50.8859839933,66.3628356037,67.6819909539,HIGH_PRODUCTION,0,0,188.7494210283
2024-03-29 21:00:00,RIG_ANOMALIES,21,29,4,36.1002883513,59.8937248325,60.3037528202,0.8235712213,43.4739874397,68.124145372,62.7058815558,HIGH_PRODUCTION,0,0,188.7957387679
2024-03-29 22:00:00,RIG_ANOMALIES,22,29,4,36.1002883513,57.1183065124,55.7526399669,0.9252195993000001,45.2167074863,71.3237629616,68.7204282757,STANDBY,0,0,188.8420565076
2024-03-29 23:00:00,RIG_ANOMALIES,23,29,4,36.1002883513,66.6275694559,60.46535476,0.8483836987000001,48.4325767043,70.9964006051,65.9808658051,STANDBY,0,0,188.8883742473
2024-03-30 00:00:00,RIG_ANOMALIES,0,30,5,36.8726740701,68.4853967975,62.9806341344,0.8939684889,46.0470923516,72.4060714907,69.6125689319,STANDBY,0,0,188.934691987
2024-03-30 01:00:00,RIG_ANOMALIES,1,30,5,36.8726740701,57.9402853845,57.3562097171,0.8391531801000001,44.7850321083,72.5220763551,60.2118691931,STANDBY,0,0,188.9810097267
2024-03-30 02:00:00,RIG_ANOMALIES,2,30,5,36.8726740701,68.1009382256,67.2319817127,0.8544106646,52.5593981419,68.87167744999999,73.7961884682,STANDBY,0,0,189.0273274664
2024-03-30 03:00:00,RIG_ANOMALIES,3,30,5,36.8726740701,60.6074048001,58.5548758,0.8405604334000001,44.488293892,70.9027423096,61.3849063922,STANDBY,0,0,189.0736452061
2024-03-30 04:00:00,RIG_ANOMALIES,4,30,5,39.1772161995,61.6483246013,57.4522115926,0.9444784211,44.195303118,63.0293294606,66.2588321564,STANDBY,0,0,189.1199629458
2024-03-30 05:00:00,RIG_ANOMALIES,5,30,5,46.9585795986,72.4232327129,70.3104944856,0.9918520120000001,49.191503657,71.1198080019,78.3448646793,STANDBY,0,0,189.1662806855
2024-03-30 06:00:00,RIG_ANOMALIES,6,30,5,55.3090111052,75.3112918949,78.9624393734,0.9372132845000001,46.5260845922,73.5103176301,84.0429412283,HIGH_PRODUCTION,0,0,189.2125984252
2024-03-30 07:00:00,RIG_ANOMALIES,7,30,5,63.6594426117,89.3411397035,84.8665373373,0.8391934748000001,56.8636831769,69.371680857,91.7280985492,HIGH_PRODUCTION,0,0,189.2589161649
2024-03-30 08:00:00,RIG_ANOMALIES,8,30,5,71.4408060109,97.0181504654,91.8410600488,0.9699856541,53.945186005,77.1139964163,95.471309442,HIGH_PRODUCTION,0,0,189.3052339046
2024-03-30 09:00:00,RIG_ANOMALIES,9,30,5,78.1228142462,109.7421682282,95.0,0.9388160335,59.2700855314,82.3311846851,94.0884159737,HIGH_PRODUCTION,0,0,189.3515516443
2024-03-30 10:00:00,RIG_ANOMALIES,10,30,5,83.2500994991,103.4160139776,95.0,0.9731625136000001,58.9498877115,81.9080507325,96.7009525347,HIGH_PRODUCTION,0,0,189.397869384
2024-03-30 11:00:00,RIG_ANOMALIES,11,30,5,86.4732457528,105.6968965607,95.0,1.0626815028,56.1864110553,80.8655569596,101.4624222014,HIGH_PRODUCTION,0,0,189.4441871237
2024-03-30 12:00:00,RIG_ANOMALIES,12,30,5,87.5726009166,113.0507100402,95.0,1.0813999075,57.8819667412,81.7509570196,101.8704614634,HIGH_PRODUCTION,0,0,189.4905048634
2024-03-30 13:00:00,RIG_ANOMALIES,13,30,5,86.4732457528,111.2226119625,95.0,0.9631498628,55.5736961255,81.6289911441,97.2465129751,HIGH_PRODUCTION,0,0,189.5368226031
2024-03-30 14:00:00,RIG_ANOMALIES,14,30,5,83.2500994991,111.0605021388,95.0,1.0531145091,57.621725555,94.6342301915,99.9138140881,HIGH_PRODUCTION,0,0,189.5831403428
2024-03-30 15:00:00,RIG_ANOMALIES,15,30,5,78.1228142462,103.4550722315,95.0,1.0306023542,56.3273678128,84.0439519085,95.7835932756,HIGH_PRODUCTION,0,0,189.6294580824
2024-03-30 16:00:00,RIG_ANOMALIES,16,30,5,71.4408060109,100.2245986716,95.0,0.9650961901,54.5475078097,80.4542129553,100.140857661,HIGH_PRODUCTION,0,0,189.6757758221
2024-03-30 17:00:00,RIG_ANOMALIES,17,30,5,63.6594426117,90.8111290135,87.4017140101,0.9616374793,57.5141708994,79.6004402312,97.3867028093,HIGH_PRODUCTION,0,0,189.7220935618
2024-03-30 18:00:00,RIG_ANOMALIES,18,30,5,55.3090111052,89.6009694317,85.1945158834,0.9448551650000001,52.9850860876,77.8452109603,87.5588503679,HIGH_PRODUCTION,0,0,189.7684113015
2024-03-30 19:00:00,RIG_ANOMALIES,19,30,5,46.9585795986,75.0345758549,70.4902272191,0.9025016775,50.4509884796,75.3736290133,70.9017379259,HIGH_PRODUCTION,0,0,189.8147290412
2024-03-30 20:00:00,RIG_ANOMALIES,20,30,5,39.1772161995,63.7938552106,63.1724015247,0.9447426019,43.3034064966,64.6223959384,74.5776225253,HIGH_PRODUCTION,0,0,189.8610467809
2024-03-30 21:00:00,RIG_ANOMALIES,21,30,5,36.8726740701,61.1339703848,61.2935212685,0.7908222228,44.0392166696,66.9888881478,64.7729831886,HIGH_PRODUCTION,0,0,189.9073645206
2024-03-30 22:00:00,RIG_ANOMALIES,22,30,5,36.8726740701,61.9316431381,63.3023658072,0.9271658746,45.7857248022,65.5174503357,61.3969121619,STANDBY,0,0,189.9536822603
2024-03-30 23:00:00,RIG_ANOMALIES,23,30,5,36.8726740701,66.7693144643,64.5410152932,0.8932013338,48.1359334367,71.0464729804,66.9691239696,STANDBY,0,0,190.0
