timestamp,rig_id,hour,day,day_of_week,base_load,power_consumption,temperature,vibration,pressure,flow_rate,bearing_temperature,operational_mode,failure_indicator,failure_flag,estimated_rul
2024-01-01 00:00:00,RIG_001,0,1,0,40.0,43.4105762521,49.0427892482,0.4912458736,39.0805635691,66.4532574662,54.9130529471,STANDBY,0,0,90.0
2024-01-01 01:00:00,RIG_001,1,1,0,40.0,47.7942305046,53.2294297695,0.38973400610000003,41.2833988664,64.8928451135,58.3611313688,STANDBY,0,0,90.0463177397
2024-01-01 02:00:00,RIG_001,2,1,0,40.0,39.0152620098,49.6420353488,0.37929036600000005,41.1600958969,62.4611631657,57.4336353067,STANDBY,0,0,90.0926354794
2024-01-01 03:00:00,RIG_001,3,1,0,40.0,39.0222917597,45.7263324227,0.4694378328,44.7524339074,55.7957617838,48.7438088324,STANDBY,0,0,90.1389532191
2024-01-01 04:00:00,RIG_001,4,1,0,42.5,50.5959882829,54.7358779473,0.4227523019,42.1929856171,58.5700564253,58.0103185984,STANDBY,0,0,90.1852709588
2024-01-01 05:00:00,RIG_001,5,1,0,50.9413334214,54.9853789335,58.4055192815,0.5109091455,40.932389809200004,65.8339158592,63.3698168122,STANDBY,0,0,90.2315886985
2024-01-01 06:00:00,RIG_001,6,1,0,60.0,57.8664475976,64.2518288404,0.5596827677,45.2711480538,68.1006524695,67.3313893251,HIGH_PRODUCTION,0,0,90.2779064382
2024-01-01 07:00:00,RIG_001,7,1,0,69.0586665786,71.9922339848,76.1986095006,0.49718384730000004,50.6400500753,68.2220767122,82.7226463737,HIGH_PRODUCTION,0,0,90.3242241779
2024-01-01 08:00:00,RIG_001,8,1,0,77.5,75.4106263851,81.2210448643,0.5617821632000001,49.0686848382,69.3571076841,84.0814679512,HIGH_PRODUCTION,0,0,90.3705419176
2024-01-01 09:00:00,RIG_001,9,1,0,84.7487373415,82.6547510838,85.0978028525,0.4919470778,48.8503906806,76.4808432146,90.7767154757,HIGH_PRODUCTION,0,0,90.4168596572
2024-01-01 10:00:00,RIG_001,10,1,0,90.3108891325,91.7623106614,91.3458945806,0.6148763065,54.8565655483,79.2172566398,96.0453762742,HIGH_PRODUCTION,0,0,90.4631773969
2024-01-01 11:00:00,RIG_001,11,1,0,93.8074039201,84.4895605289,88.7246589121,0.5654778614,52.4494813692,74.9336449775,94.3694368065,HIGH_PRODUCTION,0,0,90.5094951366
2024-01-01 12:00:00,RIG_001,12,1,0,95.0,86.6309163304,88.308263995,0.5857679146,49.6055673942,78.3298800627,91.9290398098,HIGH_PRODUCTION,0,0,90.5558128763
2024-01-01 13:00:00,RIG_001,13,1,0,93.8074039201,91.2584194279,95.0,0.5439051771,53.577456092,73.8549189412,98.9827351164,HIGH_PRODUCTION,0,0,90.602130616
2024-01-01 14:00:00,RIG_001,14,1,0,90.3108891325,85.5161343457,85.0225617835,0.47608802570000003,53.3735647217,74.5870355524,90.3105895875,HIGH_PRODUCTION,0,0,90.6484483557
2024-01-01 15:00:00,RIG_001,15,1,0,84.7487373415,86.5963224804,87.9841288955,0.5877306351,54.0128607052,80.9225295615,93.590352414,HIGH_PRODUCTION,0,0,90.6947660954
2024-01-01 16:00:00,RIG_001,16,1,0,77.5,73.2431757592,81.993117894,0.419523705,48.1778959892,72.1779191176,86.9805121478,HIGH_PRODUCTION,0,0,90.7410838351
2024-01-01 17:00:00,RIG_001,17,1,0,69.0586665786,62.2873918697,69.4565871718,0.47414425730000004,44.8556890751,69.0651551047,79.5726742413,HIGH_PRODUCTION,0,0,90.7874015748
2024-01-01 18:00:00,RIG_001,18,1,0,60.0,67.6254353033,70.195183112,0.5532702765,49.36090647,77.2054703489,72.2229723558,HIGH_PRODUCTION,0,0,90.8337193145
2024-01-01 19:00:00,RIG_001,19,1,0,50.9413334214,50.1165910387,57.2845114168,0.4634648081,40.1088267537,60.8369508141,62.0919000319,HIGH_PRODUCTION,0,0,90.8800370542
2024-01-01 20:00:00,RIG_001,20,1,0,42.5,43.1487278041,51.5284533189,0.5305687348,41.6643405329,65.3339094412,51.8075662526,HIGH_PRODUCTION,0,0,90.9263547939
2024-01-01 21:00:00,RIG_001,21,1,0,40.0,33.1942935105,47.0054188062,0.4547290283,35.5585201229,64.9502468926,53.1216632422,HIGH_PRODUCTION,0,0,90.9726725336
2024-01-01 22:00:00,RIG_001,22,1,0,40.0,37.6030684799,41.209914035,0.3841902471,41.5315196645,60.3063467645,42.8641744259,STANDBY,0,0,91.0189902733
2024-01-01 23:00:00,RIG_001,23,1,0,40.0,40.8865427121,49.8713864195,0.4282865292,39.7055446468,64.8448551742,54.0364556519,STANDBY,0,0,91.065308013
2024-01-02 00:00:00,RIG_001,0,2,1,38.2644650435,33.0204571355,38.9643599764,0.4011393393,40.7922807552,56.960078649,42.8481670004,STANDBY,0,0,91.1116257527
2024-01-02 01:00:00,RIG_001,1,2,1,38.2644650435,40.660862775300004,46.1358063964,0.3475055241,41.1480412065,60.1380616459,51.9784797762,STANDBY,0,0,91.1579434924
2024-01-02 02:00:00,RIG_001,2,2,1,38.2644650435,35.786126895,43.6849840661,0.3651554798,36.5000912636,61.8907373166,47.0266113135,STANDBY,0,0,91.2042612321
2024-01-02 03:00:00,RIG_001,3,2,1,38.2644650435,37.3377992566,47.922931844,0.3889776683,42.1837052783,63.5970397963,51.1370147509,STANDBY,0,0,91.2505789717
2024-01-02 04:00:00,RIG_001,4,2,1,40.6559941088,38.1862116705,45.7154782986,0.31793519670000003,42.6490434505,64.8186730384,55.0230476908,STANDBY,0,0,91.2968967114
2024-01-02 05:00:00,RIG_001,5,2,1,48.7310717994,58.5381610058,63.9766895748,0.4833620142,46.3991132366,72.2703340626,69.8303899462,STANDBY,0,0,91.3432144511
2024-01-02 06:00:00,RIG_001,6,2,1,57.3966975653,57.8818573865,68.7777336784,0.4667501087,42.9472886165,67.1622175403,72.0945811224,HIGH_PRODUCTION,0,0,91.3895321908
2024-01-02 07:00:00,RIG_001,7,2,1,66.0623233312,61.3333622923,66.144221727,0.4060987915,44.7213126643,71.9808439532,70.3917207116,HIGH_PRODUCTION,0,0,91.4358499305
2024-01-02 08:00:00,RIG_001,8,2,1,74.1374010218,78.8166668491,81.6694124447,0.5625893145,49.9950211471,72.6180855244,91.6054773015,HIGH_PRODUCTION,0,0,91.4821676702
2024-01-02 09:00:00,RIG_001,9,2,1,81.0716274372,75.5408981151,79.6574287629,0.5685302732,47.4778037301,75.3685433693,83.9519341282,HIGH_PRODUCTION,0,0,91.5284854099
2024-01-02 10:00:00,RIG_001,10,2,1,86.3924465065,88.0172010702,90.5902982848,0.5817025398,55.3889934125,77.0276267146,93.5224684153,HIGH_PRODUCTION,0,0,91.5748031496
2024-01-02 11:00:00,RIG_001,11,2,1,89.7372532031,80.5262868334,86.0814742652,0.5318599353,50.4202246518,75.4949197713,89.0264858148,HIGH_PRODUCTION,0,0,91.6211208893
2024-01-02 12:00:00,RIG_001,12,2,1,90.8781044784,84.8315061445,87.6159298686,0.5907363805,45.8011804419,76.7199754654,90.9685504256,HIGH_PRODUCTION,0,0,91.667438629
2024-01-02 13:00:00,RIG_001,13,2,1,89.7372532031,91.322838954,93.4968545525,0.6148345604000001,53.509421364,72.5827366568,96.7133613852,HIGH_PRODUCTION,0,0,91.7137563687
2024-01-02 14:00:00,RIG_001,14,2,1,86.3924465065,90.6930066389,94.9527034332,0.5944894948,51.9769368661,73.8355364151,96.1137598882,HIGH_PRODUCTION,0,0,91.7600741084
2024-01-02 15:00:00,RIG_001,15,2,1,81.0716274372,82.5436437366,84.801232908,0.5136258861,50.4860578219,75.0707174404,86.4286326172,HIGH_PRODUCTION,0,0,91.8063918481
2024-01-02 16:00:00,RIG_001,16,2,1,74.1374010218,74.1812821643,79.9482851829,0.5437847231,47.8080818095,67.1925474104,82.4603240598,HIGH_PRODUCTION,0,0,91.8527095878
2024-01-02 17:00:00,RIG_001,17,2,1,66.0623233312,65.1858750686,68.5955314863,0.5629277671,47.9105616004,72.0493958302,75.3702445416,HIGH_PRODUCTION,0,0,91.8990273275
2024-01-02 18:00:00,RIG_001,18,2,1,57.3966975653,50.6401054898,58.4711905402,0.4298702438,44.8994019295,67.8066995458,62.3274786784,HIGH_PRODUCTION,0,0,91.9453450672
2024-01-02 19:00:00,RIG_001,19,2,1,48.7310717994,45.7748162946,56.3391499717,0.5501880671,42.0098103982,64.713956547,60.7176649044,HIGH_PRODUCTION,0,0,91.9916628069
2024-01-02 20:00:00,RIG_001,20,2,1,40.6559941088,39.0027134522,52.3698601284,0.3988785158,39.0720559888,58.3374119974,61.1801242041,HIGH_PRODUCTION,0,0,92.0379805465
2024-01-02 21:00:00,RIG_001,21,2,1,38.2644650435,44.2069370338,51.5785346684,0.4425783549,40.9690598488,67.4024979267,60.4635561182,HIGH_PRODUCTION,0,0,92.0842982862
2024-01-02 22:00:00,RIG_001,22,2,1,38.2644650435,40.6463650115,46.8334997156,0.3968372793,40.200790486,68.3055414226,50.9871248862,STANDBY,0,0,92.1306160259
2024-01-02 23:00:00,RIG_001,23,2,1,38.2644650435,30.1200204478,40.3431884692,0.4102313382,35.9251450322,59.4772366167,43.4505979372,STANDBY,0,0,92.1769337656
2024-01-03 00:00:00,RIG_001,0,3,2,36.8726740701,39.3427783151,43.1048515211,0.3398102563,40.9935518759,63.3344396299,45.5115605801,STANDBY,0,0,92.2232515053
2024-01-03 01:00:00,RIG_001,1,3,2,36.8726740701,35.803894727,44.9639608786,0.38918787120000004,39.8710583295,61.3463843825,52.0422881877,STANDBY,0,0,92.269569245
2024-01-03 02:00:00,RIG_001,2,3,2,36.8726740701,34.3516437885,45.4474491675,0.35771241930000003,41.6687934267,61.8966007036,49.8333274669,STANDBY,0,0,92.3158869847
2024-01-03 03:00:00,RIG_001,3,3,2,36.8726740701,40.8015828952,47.919914822,0.438620485,42.7110952844,61.8817985987,51.760430151,STANDBY,0,0,92.3622047244
2024-01-03 04:00:00,RIG_001,4,3,2,39.1772161995,45.2096888538,52.1857290168,0.4949855252,39.9310723783,63.4592139366,54.7447352914,STANDBY,0,0,92.4085224641
2024-01-03 05:00:00,RIG_001,5,3,2,46.9585795986,52.499402897,59.9608458367,0.49961787890000003,44.7654474733,68.4669736706,62.6518466097,STANDBY,0,0,92.4548402038
2024-01-03 06:00:00,RIG_001,6,3,2,55.3090111052,52.0042938528,60.3291368396,0.3474345453,41.099166697,72.6381606415,66.2893114141,HIGH_PRODUCTION,0,0,92.5011579435
2024-01-03 07:00:00,RIG_001,7,3,2,63.6594426117,63.0116987572,69.7453063859,0.6013284817,47.1447888912,64.703295924,70.7989915882,HIGH_PRODUCTION,0,0,92.5474756832
2024-01-03 08:00:00,RIG_001,8,3,2,71.4408060109,74.0023888536,82.6008768905,0.5471463373000001,47.4673688159,71.8892792029,90.5854829718,HIGH_PRODUCTION,0,0,92.5937934229
2024-01-03 09:00:00,RIG_001,9,3,2,78.1228142462,83.9127532285,85.5104547851,0.5234737473000001,48.9316818604,71.6324445128,88.9089208536,HIGH_PRODUCTION,0,0,92.6401111626
2024-01-03 10:00:00,RIG_001,10,3,2,83.2500994991,81.7733893175,85.2755565167,0.5639222795000001,51.0034380148,79.308091491,89.826648684,HIGH_PRODUCTION,0,0,92.6864289023
2024-01-03 11:00:00,RIG_001,11,3,2,86.4732457528,86.471059538,88.3149587218,0.5791536563,46.2686306282,74.1781039534,89.3040248474,HIGH_PRODUCTION,0,0,92.732746642
2024-01-03 12:00:00,RIG_001,12,3,2,87.5726009166,82.973982376,89.2727733686,0.5266957688,47.2415444452,70.5625923314,94.2356755539,HIGH_PRODUCTION,0,0,92.7790643817
2024-01-03 13:00:00,RIG_001,13,3,2,86.4732457528,81.4322166228,86.2242882376,0.5654940117,50.0030703882,76.3442259834,90.2393254095,HIGH_PRODUCTION,0,0,92.8253821214
2024-01-03 14:00:00,RIG_001,14,3,2,83.2500994991,88.2596802625,88.5852653111,0.5458922259,52.2298035989,81.710837423,93.4350235145,HIGH_PRODUCTION,0,0,92.871699861
2024-01-03 15:00:00,RIG_001,15,3,2,78.1228142462,85.8579137014,89.8142105349,0.5490277119,50.725840885,77.7481677161,99.22933723,HIGH_PRODUCTION,0,0,92.9180176007
2024-01-03 16:00:00,RIG_001,16,3,2,71.4408060109,72.0416023763,80.0641674348,0.49366819170000004,44.8515279966,72.2268743447,85.5972615722,HIGH_PRODUCTION,0,0,92.9643353404
2024-01-03 17:00:00,RIG_001,17,3,2,63.6594426117,69.6449017355,72.6566462706,0.449343753,45.7754417496,72.120893289,75.2726687182,HIGH_PRODUCTION,0,0,93.0106530801
2024-01-03 18:00:00,RIG_001,18,3,2,55.3090111052,58.0919335256,61.1220802127,0.4937955074,45.3054020359,71.6721020462,63.988120481,HIGH_PRODUCTION,0,0,93.0569708198
2024-01-03 19:00:00,RIG_001,19,3,2,46.9585795986,44.7146707818,56.7732774879,0.47582213840000004,42.3422312367,60.7918034245,63.5586710457,HIGH_PRODUCTION,0,0,93.1032885595
2024-01-03 20:00:00,RIG_001,20,3,2,39.1772161995,41.9728318442,49.814439455,0.4642611005,40.4607617258,62.256308241,58.710519328,HIGH_PRODUCTION,0,0,93.1496062992
2024-01-03 21:00:00,RIG_001,21,3,2,36.8726740701,45.5584421805,53.2594622571,0.49045528530000004,43.7032781072,62.3094622086,59.1052163194,HIGH_PRODUCTION,0,0,93.1959240389
2024-01-03 22:00:00,RIG_001,22,3,2,36.8726740701,37.6960768136,41.7492352225,0.4422742081,40.2188132503,57.8052271222,48.8153734561,STANDBY,0,0,93.2422417786
2024-01-03 23:00:00,RIG_001,23,3,2,36.8726740701,45.7053729492,51.4810118358,0.423634082,39.9314319294,62.7264861065,58.3102250058,STANDBY,0,0,93.2885595183
2024-01-04 00:00:00,RIG_001,0,4,3,36.1002883513,24.1898186875,34.091547354,0.4278921583,35.4864505651,60.5801088942,43.348740594,STANDBY,0,0,93.334877258
2024-01-04 01:00:00,RIG_001,1,4,3,36.1002883513,41.4050043908,48.5771242623,0.36986391620000003,37.5455187833,64.1213077624,47.7283537441,STANDBY,0,0,93.3811949977
2024-01-04 02:00:00,RIG_001,2,4,3,36.1002883513,37.7376748711,45.7429478281,0.3818895064,39.218140737,63.2542339617,52.744604646,STANDBY,0,0,93.4275127374
2024-01-04 03:00:00,RIG_001,3,4,3,36.1002883513,35.8143504385,43.9238771748,0.3731283697,41.1777888481,61.1837319665,51.8750853065,STANDBY,0,0,93.4738304771
2024-01-04 04:00:00,RIG_001,4,4,3,38.3565563732,40.0314067564,49.204771428,0.48817761610000004,41.3784318585,63.5793933751,50.1886003096,STANDBY,0,0,93.5201482168
2024-01-04 05:00:00,RIG_001,5,4,3,45.9749206378,37.2600702263,51.6581266889,0.4731855002,42.1190362084,58.7762500408,54.0011221368,STANDBY,0,0,93.5664659565
2024-01-04 06:00:00,RIG_001,6,4,3,54.1504325269,54.2820149102,62.7809978523,0.5016624414,42.9647332399,65.3560748153,65.2286496064,HIGH_PRODUCTION,0,0,93.6127836962
2024-01-04 07:00:00,RIG_001,7,4,3,62.325944416,65.348396757,72.448416376,0.5642780893,49.0292987783,70.180531738,75.2620457868,HIGH_PRODUCTION,0,0,93.6591014358
2024-01-04 08:00:00,RIG_001,8,4,3,69.9443086806,78.5776160487,85.0994507982,0.5065903857,49.2577955593,74.4058323912,88.6542996454,HIGH_PRODUCTION,0,0,93.7054191755
2024-01-04 09:00:00,RIG_001,9,4,3,76.4863463859,75.1457800998,77.615839086,0.5578740440000001,51.7296151901,73.5042975947,83.3436475251,HIGH_PRODUCTION,0,0,93.7517369152
2024-01-04 10:00:00,RIG_001,10,4,3,81.5062284735,78.7214929253,87.3955241354,0.545097976,49.6366597364,73.2014420316,94.9925480889,HIGH_PRODUCTION,0,0,93.7980546549
2024-01-04 11:00:00,RIG_001,11,4,3,84.661858275,83.4177531843,87.9867703959,0.6079748543,52.2689010437,73.8930557519,96.2307212692,HIGH_PRODUCTION,0,0,93.8443723946
2024-01-04 12:00:00,RIG_001,12,4,3,85.7381848343,91.586823211,91.1545258299,0.5845620185,55.8469305314,86.9493608124,93.6410566464,HIGH_PRODUCTION,0,0,93.8906901343
2024-01-04 13:00:00,RIG_001,13,4,3,84.661858275,87.5841892724,87.6172929223,0.5592534549,51.5091920609,78.9956186005,90.0831839262,HIGH_PRODUCTION,0,0,93.937007874
2024-01-04 14:00:00,RIG_001,14,4,3,81.5062284735,80.1429505648,84.6357327876,0.5834075801,50.4725156163,75.2823275973,93.5831983076,HIGH_PRODUCTION,0,0,93.9833256137
2024-01-04 15:00:00,RIG_001,15,4,3,76.4863463859,80.3451543225,85.7072470668,0.6009624947000001,52.664015431,73.4039208021,92.6474788731,HIGH_PRODUCTION,0,0,94.0296433534
2024-01-04 16:00:00,RIG_001,16,4,3,69.9443086806,71.7291148593,76.7823706748,0.49807392920000004,47.666272387,70.165077977,82.0309652004,HIGH_PRODUCTION,0,0,94.0759610931
2024-01-04 17:00:00,RIG_001,17,4,3,62.325944416,68.4755354616,76.1781834983,0.5188619381,44.4770993004,70.1502588573,82.598193525,HIGH_PRODUCTION,0,0,94.1222788328
2024-01-04 18:00:00,RIG_001,18,4,3,54.1504325269,51.9534808114,58.2697371067,0.41961279700000004,47.274384312,66.4645307742,63.1803257612,HIGH_PRODUCTION,0,0,94.1685965725
2024-01-04 19:00:00,RIG_001,19,4,3,45.9749206378,45.6568713196,55.2993925353,0.3289272203,40.4746889012,58.0557547637,61.8731465844,HIGH_PRODUCTION,0,0,94.2149143122
2024-01-04 20:00:00,RIG_001,20,4,3,38.3565563732,37.7232246834,46.1291479212,0.4402375838,39.7483182727,56.6087986189,50.1209478317,HIGH_PRODUCTION,0,0,94.2612320519
2024-01-04 21:00:00,RIG_001,21,4,3,36.1002883513,30.1168703474,43.1405317242,0.43802607800000004,39.8412309257,57.1244139374,48.9469465275,HIGH_PRODUCTION,0,0,94.3075497916
2024-01-04 22:00:00,RIG_001,22,4,3,36.1002883513,38.9219941343,48.1987680305,0.447284793,38.5135107261,62.2980165506,48.6671298794,STANDBY,0,0,94.3538675313
2024-01-04 23:00:00,RIG_001,23,4,3,36.1002883513,38.7536167708,44.6832398648,0.3363835055,37.6726683663,60.9082655898,47.6198869804,STANDBY,0,0,94.400185271
2024-01-05 00:00:00,RIG_001,0,5,4,36.1002883513,37.6524790735,39.3830597308,0.41320097780000004,39.9205943619,65.7301074003,42.3520262004,STANDBY,0,0,94.4465030107
2024-01-05 01:00:00,RIG_001,1,5,4,36.1002883513,36.4609237843,44.5470439539,0.3164366664,35.5290781503,56.4910867743,48.4238738543,STANDBY,0,0,94.4928207503
2024-01-05 02:00:00,RIG_001,2,5,4,36.1002883513,30.5639534019,42.2836459143,0.4783334695,37.0651761967,56.9151496118,44.50410615,STANDBY,0,0,94.53913849
2024-01-05 03:00:00,RIG_001,3,5,4,36.1002883513,35.5445281593,46.478452156,0.3706726803,39.3762093685,65.2236336708,49.8778212785,STANDBY,0,0,94.5854562297
2024-01-05 04:00:00,RIG_001,4,5,4,38.3565563732,38.1973978734,51.3900031077,0.49588947,39.0094456747,61.852577336,51.8467609205,STANDBY,0,0,94.6317739694
2024-01-05 05:00:00,RIG_001,5,5,4,45.9749206378,43.5248960354,51.9022779011,0.4965805371,37.7943221225,65.711996559,58.5483793303,STANDBY,0,0,94.6780917091
2024-01-05 06:00:00,RIG_001,6,5,4,54.1504325269,54.9123133733,64.3078202349,0.4386050603,46.9164342557,72.6274348418,69.0602796781,HIGH_PRODUCTION,0,0,94.7244094488
2024-01-05 07:00:00,RIG_001,7,5,4,62.325944416,65.9214557658,74.0084408452,0.46020802850000003,46.6874402493,67.695023476,73.8928180219,HIGH_PRODUCTION,0,0,94.7707271885
2024-01-05 08:00:00,RIG_001,8,5,4,69.9443086806,80.9574429132,79.0172905799,0.5796590193,53.1016649638,73.9892898606,81.5128008483,HIGH_PRODUCTION,0,0,94.8170449282
2024-01-05 09:00:00,RIG_001,9,5,4,76.4863463859,78.9483878376,83.6651906039,0.5140824123000001,49.217024459,72.8672356485,89.6749948866,HIGH_PRODUCTION,0,0,94.8633626679
2024-01-05 10:00:00,RIG_001,10,5,4,81.5062284735,84.3900804757,86.5538918537,0.5779331952,49.3374961555,69.4532451292,89.9248260145,HIGH_PRODUCTION,0,0,94.9096804076
2024-01-05 11:00:00,RIG_001,11,5,4,84.661858275,85.8926764057,89.0999671075,0.5533606423,52.0115309419,74.8366125104,92.0091427271,HIGH_PRODUCTION,0,0,94.9559981473
2024-01-05 12:00:00,RIG_001,12,5,4,85.7381848343,77.7543241282,85.347947444,0.4642143152,49.0070067794,75.9694838006,90.124169413,HIGH_PRODUCTION,0,0,95.002315887
2024-01-05 13:00:00,RIG_001,13,5,4,84.661858275,86.1462319291,88.4406886396,0.4671098293,49.1810350663,77.4656382042,94.4714812451,HIGH_PRODUCTION,0,0,95.0486336267
2024-01-05 14:00:00,RIG_001,14,5,4,81.5062284735,83.4312702156,85.6355492013,0.5820078285,53.7973860715,76.8866305728,86.3264918302,HIGH_PRODUCTION,0,0,95.0949513664
2024-01-05 15:00:00,RIG_001,15,5,4,76.4863463859,90.4333953016,89.9851962654,0.5637873750000001,51.3638083796,76.0034916486,96.6355817091,HIGH_PRODUCTION,0,0,95.1412691061
2024-01-05 16:00:00,RIG_001,16,5,4,69.9443086806,70.6202898709,74.1976820448,0.5049567262,43.9745396981,69.2177952533,76.7968022,HIGH_PRODUCTION,0,0,95.1875868458
2024-01-05 17:00:00,RIG_001,17,5,4,62.325944416,65.4784148029,69.1859509848,0.5521640547000001,49.0259358086,73.4512914566,74.13216708,HIGH_PRODUCTION,0,0,95.2339045855
2024-01-05 18:00:00,RIG_001,18,5,4,54.1504325269,55.6285550145,64.7358795746,0.5466786682,42.898542722,65.1966150653,69.6296191526,HIGH_PRODUCTION,0,0,95.2802223252
2024-01-05 19:00:00,RIG_001,19,5,4,45.9749206378,41.7901594468,50.7059552369,0.4330494025,39.2318920765,63.4192939504,54.1247568822,HIGH_PRODUCTION,0,0,95.3265400648
2024-01-05 20:00:00,RIG_001,20,5,4,38.3565563732,45.7362471039,54.7743732641,0.44167023720000004,37.9032866019,64.2108781732,56.7033940257,HIGH_PRODUCTION,0,0,95.3728578045
2024-01-05 21:00:00,RIG_001,21,5,4,36.1002883513,41.5324778337,50.1878150364,0.4712812873,43.8650024316,66.8448943989,54.3307553922,HIGH_PRODUCTION,0,0,95.4191755442
2024-01-05 22:00:00,RIG_001,22,5,4,36.1002883513,41.7349200665,44.661135352,0.3792199549,37.8547688422,65.434713093,54.5371262792,STANDBY,0,0,95.4654932839
2024-01-05 23:00:00,RIG_001,23,5,4,36.1002883513,33.2397707182,40.8613265159,0.432924209,38.426841641,56.0861553535,41.7763014246,STANDBY,0,0,95.5118110236
2024-01-06 00:00:00,RIG_001,0,6,5,36.8726740701,45.7513819138,51.8390479544,0.4870809594,43.2630861235,60.1627550738,61.9159870117,STANDBY,0,0,95.5581287633
2024-01-06 01:00:00,RIG_001,1,6,5,36.8726740701,31.7351027061,39.3513239511,0.4516346046,38.7772095425,61.257260266,43.5721604378,STANDBY,0,0,95.604446503
2024-01-06 02:00:00,RIG_001,2,6,5,36.8726740701,41.68559115,47.1543429351,0.35082219530000003,40.3020891635,62.3126644029,52.2604571864,STANDBY,0,0,95.6507642427
2024-01-06 03:00:00,RIG_001,3,6,5,36.8726740701,49.710531471,55.0935864196,0.4338521589,39.0243011512,63.5476440894,56.8334539855,STANDBY,0,0,95.6970819824
2024-01-06 04:00:00,RIG_001,4,6,5,39.1772161995,36.1170615066,49.2370179226,0.3874116208,37.4098157051,63.882002104,51.9232096725,STANDBY,0,0,95.7433997221
2024-01-06 05:00:00,RIG_001,5,6,5,46.9585795986,46.0265655444,55.0423091937,0.4662329142,41.8822420622,64.3703478096,58.5335802436,STANDBY,0,0,95.7897174618
2024-01-06 06:00:00,RIG_001,6,6,5,55.3090111052,57.7136901853,63.4331937218,0.5205224404000001,42.8540744064,67.4714792163,65.2961088092,HIGH_PRODUCTION,0,0,95.8360352015
2024-01-06 07:00:00,RIG_001,7,6,5,63.6594426117,63.0554342568,72.7485526383,0.5875312349,46.1705774842,71.2561161993,77.1217987662,HIGH_PRODUCTION,0,0,95.8823529412
2024-01-06 08:00:00,RIG_001,8,6,5,71.4408060109,65.6078064321,76.8424831869,0.49578982800000004,47.7654384257,68.5570149448,80.6214355115,HIGH_PRODUCTION,0,0,95.9286706809
2024-01-06 09:00:00,RIG_001,9,6,5,78.1228142462,80.3928943578,85.8503069657,0.5402000118,52.0232293611,78.8234252638,96.4026503931,HIGH_PRODUCTION,0,0,95.9749884206
2024-01-06 10:00:00,RIG_001,10,6,5,83.2500994991,79.872793829,85.0225158128,0.6211872071,47.5158397416,71.597695279,86.5245932558,HIGH_PRODUCTION,0,0,96.0213061603
2024-01-06 11:00:00,RIG_001,11,6,5,86.4732457528,90.7823684654,90.5802962463,0.6114464479,57.0888842263,79.2054977387,95.8883677965,HIGH_PRODUCTION,0,0,96.0676239
2024-01-06 12:00:00,RIG_001,12,6,5,87.5726009166,84.9235879658,87.2932639664,0.642609106,52.7658556806,79.7785749057,93.0368028121,HIGH_PRODUCTION,0,0,96.1139416396
2024-01-06 13:00:00,RIG_001,13,6,5,86.4732457528,96.1779736592,95.0,0.6276113586000001,54.0410651075,74.72150563,96.789038354,HIGH_PRODUCTION,0,0,96.1602593793
2024-01-06 14:00:00,RIG_001,14,6,5,83.2500994991,81.2958365798,86.5425016199,0.5108579873,52.5030323111,73.3587454464,93.6029841063,HIGH_PRODUCTION,0,0,96.206577119
2024-01-06 15:00:00,RIG_001,15,6,5,78.1228142462,78.4814578685,85.5489261565,0.49379953530000004,54.3511800111,76.9710595392,89.3539451178,HIGH_PRODUCTION,0,0,96.2528948587
2024-01-06 16:00:00,RIG_001,16,6,5,71.4408060109,77.484290962,81.7914747622,0.4800741108,46.4936325384,76.7170209318,79.3143058075,HIGH_PRODUCTION,0,0,96.2992125984
2024-01-06 17:00:00,RIG_001,17,6,5,63.6594426117,59.4879675548,64.7571722902,0.5369486158,44.4214666037,67.3319034653,71.7367211265,HIGH_PRODUCTION,0,0,96.3455303381
2024-01-06 18:00:00,RIG_001,18,6,5,55.3090111052,58.4361049644,67.1655582141,0.5603055484,39.8521629213,65.3268182083,68.8147355618,HIGH_PRODUCTION,0,0,96.3918480778
2024-01-06 19:00:00,RIG_001,19,6,5,46.9585795986,55.4910352171,59.2279475148,0.584693876,44.2580618696,69.5151180321,61.0846226764,HIGH_PRODUCTION,0,0,96.4381658175
2024-01-06 20:00:00,RIG_001,20,6,5,39.1772161995,33.1434895348,45.118151177,0.4675236694,39.0166608675,63.4936941682,52.1818574256,HIGH_PRODUCTION,0,0,96.4844835572
2024-01-06 21:00:00,RIG_001,21,6,5,36.8726740701,39.8064805318,48.7274344821,0.5036845757,39.8732959021,58.447954114,52.6859500348,HIGH_PRODUCTION,0,0,96.5308012969
2024-01-06 22:00:00,RIG_001,22,6,5,36.8726740701,40.1896728713,51.1769354721,0.4178766781,38.7383510758,58.4451609145,58.9302519237,STANDBY,0,0,96.5771190366
2024-01-06 23:00:00,RIG_001,23,6,5,36.8726740701,42.8063209199,54.1762230537,0.397091919,36.6025511976,63.5176663219,62.8067213398,STANDBY,0,0,96.6234367763
2024-01-07 00:00:00,RIG_001,0,7,6,38.2644650435,34.2822551155,43.7827991876,0.47202975,39.3176311457,62.1727584349,46.8480138066,STANDBY,0,0,96.669754516
2024-01-07 01:00:00,RIG_001,1,7,6,38.2644650435,33.8716732655,42.2292041115,0.44936334640000003,41.3787872842,59.2642947239,49.6089915994,STANDBY,0,0,96.7160722557
2024-01-07 02:00:00,RIG_001,2,7,6,38.2644650435,43.0906118199,49.9951751586,0.4616936142,39.5906160435,64.9650650059,52.7287927545,STANDBY,0,0,96.7623899954
2024-01-07 03:00:00,RIG_001,3,7,6,38.2644650435,41.9727750189,51.3021216136,0.47252173000000003,41.3733136128,60.4614226852,63.001469365,STANDBY,0,0,96.8087077351
2024-01-07 04:00:00,RIG_001,4,7,6,40.6559941088,44.1387926307,51.8419403273,0.47599575390000004,37.8984095308,56.897556992,54.7630693137,STANDBY,0,0,96.8550254748
2024-01-07 05:00:00,RIG_001,5,7,6,48.7310717994,52.700594778,63.1402272178,0.5498980002,44.0895748219,64.5384752164,71.2184895407,STANDBY,0,0,96.9013432145
2024-01-07 06:00:00,RIG_001,6,7,6,57.3966975653,56.2408035495,64.2046236481,0.5612623337,43.2734362919,67.0619375044,71.7359937257,HIGH_PRODUCTION,0,0,96.9476609541
2024-01-07 07:00:00,RIG_001,7,7,6,66.0623233312,69.4747690701,74.7508999811,0.5636112396,45.8438563663,70.0149108413,80.6991634474,HIGH_PRODUCTION,0,0,96.9939786938
2024-01-07 08:00:00,RIG_001,8,7,6,74.1374010218,77.8608883024,82.0483814855,0.6040339943,47.9444947932,69.8824566997,85.0367520013,HIGH_PRODUCTION,0,0,97.0402964335
2024-01-07 09:00:00,RIG_001,9,7,6,81.0716274372,79.7649429221,84.358993224,0.5933444131,49.1540125664,68.482535949,88.9048007481,HIGH_PRODUCTION,0,0,97.0866141732
2024-01-07 10:00:00,RIG_001,10,7,6,86.3924465065,97.9933392981,95.0,0.5994532589,55.2632014559,77.8557353763,93.5392356612,HIGH_PRODUCTION,0,0,97.1329319129
2024-01-07 11:00:00,RIG_001,11,7,6,89.7372532031,94.3853857046,93.12413166,0.6497013895,50.9720200238,81.0085830263,98.7973917751,HIGH_PRODUCTION,0,0,97.1792496526
2024-01-07 12:00:00,RIG_001,12,7,6,90.8781044784,87.2075025502,89.2078980222,0.5208000238,51.0076449744,79.9308430833,95.2567440153,HIGH_PRODUCTION,0,0,97.2255673923
2024-01-07 13:00:00,RIG_001,13,7,6,89.7372532031,95.3128844651,92.7148288234,0.6677207715,53.7452775603,82.1570054919,98.1153270806,HIGH_PRODUCTION,0,0,97.271885132
2024-01-07 14:00:00,RIG_001,14,7,6,86.3924465065,83.8188490351,88.0985151126,0.5210032116000001,48.7566338097,72.6979261051,84.1785965987,HIGH_PRODUCTION,0,0,97.3182028717
2024-01-07 15:00:00,RIG_001,15,7,6,81.0716274372,87.3138089966,89.6030126545,0.6056896738,55.4217826525,72.7330237281,90.8061033192,HIGH_PRODUCTION,0,0,97.3645206114
2024-01-07 16:00:00,RIG_001,16,7,6,74.1374010218,82.2440851185,84.2619968034,0.5341179108,48.8540303195,76.1631293805,87.0177238549,HIGH_PRODUCTION,0,0,97.4108383511
2024-01-07 17:00:00,RIG_001,17,7,6,66.0623233312,64.2795656021,73.9872765888,0.5503367703,44.7310175733,71.1891697154,79.8622533883,HIGH_PRODUCTION,0,0,97.4571560908
2024-01-07 18:00:00,RIG_001,18,7,6,57.3966975653,64.5411797351,68.7135158034,0.5219411732,44.1786790341,70.5628627361,74.5815325203,HIGH_PRODUCTION,0,0,97.5034738305
2024-01-07 19:00:00,RIG_001,19,7,6,48.7310717994,53.1295256186,61.1446463215,0.4098499452,46.8793415789,59.8966678629,65.6339749456,HIGH_PRODUCTION,0,0,97.5497915702
2024-01-07 20:00:00,RIG_001,20,7,6,40.6559941088,47.1077917542,52.0812733002,0.4927427941,42.8827583957,61.5316837716,58.9870099101,HIGH_PRODUCTION,0,0,97.5961093099
2024-01-07 21:00:00,RIG_001,21,7,6,38.2644650435,50.0968744632,53.6270710235,0.4519642927,40.6510346033,64.9399959681,55.5483438976,HIGH_PRODUCTION,0,0,97.6424270496
2024-01-07 22:00:00,RIG_001,22,7,6,38.2644650435,39.3929166309,48.0986222634,0.4929910651,42.0606922754,63.2795295732,54.9293272805,STANDBY,0,0,97.6887447893
2024-01-07 23:00:00,RIG_001,23,7,6,38.2644650435,36.8581240501,46.0856720412,0.4415809067,39.6159284011,63.3593593028,52.5098983557,STANDBY,0,0,97.7350625289
2024-01-08 00:00:00,RIG_001,0,8,0,40.0,38.0924226133,44.2675196727,0.4651738382,40.0376124955,61.8604873508,50.4001838712,STANDBY,0,0,97.7813802686
2024-01-08 01:00:00,RIG_001,1,8,0,40.0,38.4678909976,45.2101294845,0.3988360173,38.9280183319,62.5327187189,49.6640081912,STANDBY,0,0,97.8276980083
2024-01-08 02:00:00,RIG_001,2,8,0,40.0,42.1683815363,45.3370781981,0.42853459600000005,39.0432634102,62.905110836,55.8293096726,STANDBY,0,0,97.874015748
2024-01-08 03:00:00,RIG_001,3,8,0,40.0,44.2665976184,50.1890459199,0.441549195,41.7421816027,65.3368374082,56.6686329854,STANDBY,0,0,97.9203334877
2024-01-08 04:00:00,RIG_001,4,8,0,42.5,46.4512394019,55.6515099682,0.5140554471000001,40.5226353905,64.873968775,57.7465023784,STANDBY,0,0,97.9666512274
2024-01-08 05:00:00,RIG_001,5,8,0,50.9413334214,57.6519827328,63.6710473111,0.5888766785,48.0465069423,67.4928078,69.4159637383,STANDBY,0,0,98.0129689671
2024-01-08 06:00:00,RIG_001,6,8,0,60.0,62.6466901865,68.5893455547,0.4799186298,43.1230903361,67.9889006586,75.8467956859,HIGH_PRODUCTION,0,0,98.0592867068
2024-01-08 07:00:00,RIG_001,7,8,0,69.0586665786,78.9149653525,79.5190789467,0.6230097211,52.8010548838,73.9183638809,82.7547531499,HIGH_PRODUCTION,0,0,98.1056044465
2024-01-08 08:00:00,RIG_001,8,8,0,77.5,78.7722918829,81.277501447,0.4604406935,49.4704352731,75.0854617014,89.5453181878,HIGH_PRODUCTION,0,0,98.1519221862
2024-01-08 09:00:00,RIG_001,9,8,0,84.7487373415,100.9521068845,94.9074761012,0.5759398103,55.8361981892,81.088058232,101.0535772184,HIGH_PRODUCTION,0,0,98.1982399259
2024-01-08 10:00:00,RIG_001,10,8,0,90.3108891325,96.0486972423,95.0,0.5731853996,55.6784898438,79.9570884277,92.972564987,HIGH_PRODUCTION,0,0,98.2445576656
2024-01-08 11:00:00,RIG_001,11,8,0,93.8074039201,92.13803517,93.8521736011,0.5419521727000001,51.7740102025,81.669576135,99.7511895331,HIGH_PRODUCTION,0,0,98.2908754053
2024-01-08 12:00:00,RIG_001,12,8,0,95.0,92.2689042026,94.3453802175,0.5309760657,54.79572282,78.476163029,98.1272927543,HIGH_PRODUCTION,0,0,98.337193145
2024-01-08 13:00:00,RIG_001,13,8,0,93.8074039201,98.8500803502,95.0,0.6507342302,49.2974323768,77.7080285436,101.6115394436,HIGH_PRODUCTION,0,0,98.3835108847
2024-01-08 14:00:00,RIG_001,14,8,0,90.3108891325,91.8308372206,87.7200197229,0.5985084413,51.5177302387,80.2000715242,95.5526642437,HIGH_PRODUCTION,0,0,98.4298286244
2024-01-08 15:00:00,RIG_001,15,8,0,84.7487373415,90.9629494877,92.4289293656,0.6257637038,50.8926117573,73.1902898333,98.0144155071,HIGH_PRODUCTION,0,0,98.4761463641
2024-01-08 16:00:00,RIG_001,16,8,0,77.5,82.5173454596,82.5527323637,0.6161655271,48.1223243401,71.5109634957,92.5484890656,HIGH_PRODUCTION,0,0,98.5224641038
2024-01-08 17:00:00,RIG_001,17,8,0,69.0586665786,71.352627013,73.1565770405,0.5616138581,47.4082470771,72.413329898,77.6204563868,HIGH_PRODUCTION,0,0,98.5687818434
2024-01-08 18:00:00,RIG_001,18,8,0,60.0,58.4310840683,66.4456082648,0.5426418093,45.3792709534,69.0785152238,73.3200617339,HIGH_PRODUCTION,0,0,98.6150995831
2024-01-08 19:00:00,RIG_001,19,8,0,50.9413334214,46.0390976175,54.7688809299,0.4692863478,42.9150944014,60.0765756148,62.1837086508,HIGH_PRODUCTION,0,0,98.6614173228
2024-01-08 20:00:00,RIG_001,20,8,0,42.5,42.9463732202,53.8876967002,0.4043203905,41.2183468194,61.7354595231,58.5956587935,HIGH_PRODUCTION,0,0,98.7077350625
2024-01-08 21:00:00,RIG_001,21,8,0,40.0,46.9678896131,53.7578914175,0.5288105891,40.4105854735,62.2721153873,61.0942143414,HIGH_PRODUCTION,0,0,98.7540528022
2024-01-08 22:00:00,RIG_001,22,8,0,40.0,43.7633120231,50.69692263,0.4370358116,41.6788608814,61.6689646383,53.9129036685,STANDBY,0,0,98.8003705419
2024-01-08 23:00:00,RIG_001,23,8,0,40.0,36.4710970698,41.4233402092,0.39802022940000004,39.3663456572,63.7721224498,45.1556349521,STANDBY,0,0,98.8466882816
2024-01-09 00:00:00,RIG_001,0,9,1,38.2644650435,42.0074087826,49.6283332403,0.4526983566,42.3739645315,64.7217390254,50.6908671693,STANDBY,0,0,98.8930060213
2024-01-09 01:00:00,RIG_001,1,9,1,38.2644650435,43.075038713,48.6401176799,0.4193418652,42.3226330841,62.8651450743,54.364345029,STANDBY,0,0,98.939323761
2024-01-09 02:00:00,RIG_001,2,9,1,38.2644650435,36.7361122943,44.3749098678,0.4252793838,39.2449809014,59.3829479069,50.3506648954,STANDBY,0,0,98.9856415007
2024-01-09 03:00:00,RIG_001,3,9,1,38.2644650435,41.930972666,49.7885062848,0.47912345100000003,38.6882371542,58.5303427891,58.3262957605,STANDBY,0,0,99.0319592404
2024-01-09 04:00:00,RIG_001,4,9,1,40.6559941088,43.8518674546,48.758650007,0.48528579720000004,39.657066552,67.4161150527,56.1320700201,STANDBY,0,0,99.0782769801
2024-01-09 05:00:00,RIG_001,5,9,1,48.7310717994,45.9279977248,56.303551897,0.42939086870000004,40.3824207119,65.5547410183,60.4491652271,STANDBY,0,0,99.1245947198
2024-01-09 06:00:00,RIG_001,6,9,1,57.3966975653,62.1043594426,65.2038726492,0.4986114595,44.8955571928,66.5113005206,66.6693335872,HIGH_PRODUCTION,0,0,99.1709124595
2024-01-09 07:00:00,RIG_001,7,9,1,66.0623233312,71.7919186996,72.4403630089,0.6059613271000001,48.4840805301,73.6963741028,78.7389142164,HIGH_PRODUCTION,0,0,99.2172301992
2024-01-09 08:00:00,RIG_001,8,9,1,74.1374010218,82.4852776352,80.4464482087,0.6093300305,52.0516681891,74.5349124288,88.7787077259,HIGH_PRODUCTION,0,0,99.2635479389
2024-01-09 09:00:00,RIG_001,9,9,1,81.0716274372,89.2802057558,91.450354453,0.7088333319,52.2178140529,75.9227332122,98.7159093744,HIGH_PRODUCTION,0,0,99.3098656786
2024-01-09 10:00:00,RIG_001,10,9,1,86.3924465065,82.4506153861,85.1400456745,0.6437829885,50.6449034223,76.0408192007,93.3934782491,HIGH_PRODUCTION,0,0,99.3561834182
2024-01-09 11:00:00,RIG_001,11,9,1,89.7372532031,88.0015913839,93.5958168605,0.6588294322,52.287010456,74.1759826654,97.9601482669,HIGH_PRODUCTION,0,0,99.4025011579
2024-01-09 12:00:00,RIG_001,12,9,1,90.8781044784,96.4136918557,94.7766121873,0.5576429236,53.0716123377,77.8928379982,98.3767552828,HIGH_PRODUCTION,0,0,99.4488188976
2024-01-09 13:00:00,RIG_001,13,9,1,89.7372532031,95.2735416599,91.4768156911,0.6619941891000001,51.9676008997,78.9464456906,94.2661116344,HIGH_PRODUCTION,0,0,99.4951366373
2024-01-09 14:00:00,RIG_001,14,9,1,86.3924465065,91.9419913012,89.8603491311,0.6113364513,49.4746220307,76.0842438117,94.6926597313,HIGH_PRODUCTION,0,0,99.541454377
2024-01-09 15:00:00,RIG_001,15,9,1,81.0716274372,103.3165389146,95.0,0.6207516150000001,54.4388360125,83.0022173052,99.7642276121,HIGH_PRODUCTION,0,0,99.5877721167
2024-01-09 16:00:00,RIG_001,16,9,1,74.1374010218,79.9800552604,81.6762368004,0.5868772922000001,50.9413047216,79.6012160892,87.296269686,HIGH_PRODUCTION,0,0,99.6340898564
2024-01-09 17:00:00,RIG_001,17,9,1,66.0623233312,74.7353008782,75.8151582948,0.6101881097,47.2780023435,70.1576958656,80.4272659236,HIGH_PRODUCTION,0,0,99.6804075961
2024-01-09 18:00:00,RIG_001,18,9,1,57.3966975653,65.1688033898,69.4213184856,0.5594548911,45.8165867726,64.555265128,74.0204352964,HIGH_PRODUCTION,0,0,99.7267253358
2024-01-09 19:00:00,RIG_001,19,9,1,48.7310717994,54.9970727239,61.9312567458,0.46015970040000004,44.6821307558,60.4939013147,64.6011745869,HIGH_PRODUCTION,0,0,99.7730430755
2024-01-09 20:00:00,RIG_001,20,9,1,40.6559941088,42.0956402145,53.4921817605,0.5026873096,41.5652890465,62.1772876399,61.3170388011,HIGH_PRODUCTION,0,0,99.8193608152
2024-01-09 21:00:00,RIG_001,21,9,1,38.2644650435,45.0822511359,54.2894948918,0.4428300905,39.1114970796,61.5351815704,59.5190490785,HIGH_PRODUCTION,0,0,99.8656785549
2024-01-09 22:00:00,RIG_001,22,9,1,38.2644650435,37.4302266217,44.8103954511,0.46277282100000006,41.3516753683,61.8526494897,49.2870636483,STANDBY,0,0,99.9119962946
2024-01-09 23:00:00,RIG_001,23,9,1,38.2644650435,40.1172073216,43.6908224105,0.4450173747,42.2840020091,62.4329552126,46.4485346507,STANDBY,0,0,99.9583140343
2024-01-10 00:00:00,RIG_001,0,10,2,36.8726740701,37.6594825389,43.7687592011,0.4420536621,37.1551709203,56.4881942218,44.7730198699,STANDBY,0,0,100.004631774
2024-01-10 01:00:00,RIG_001,1,10,2,36.8726740701,40.5026186359,47.0947255844,0.5000238027,38.4779809197,56.7061341023,56.0186181621,STANDBY,0,0,100.0509495137
2024-01-10 02:00:00,RIG_001,2,10,2,36.8726740701,51.6734884333,52.1483719773,0.4433998483,45.3005534746,66.389846251,58.8122881017,STANDBY,0,0,100.0972672534
2024-01-10 03:00:00,RIG_001,3,10,2,36.8726740701,30.7708172979,40.8913342995,0.5301465456000001,37.398997282,59.6375316935,41.0195807718,STANDBY,0,0,100.1435849931
2024-01-10 04:00:00,RIG_001,4,10,2,39.1772161995,45.8499340031,54.197536165,0.3872551095,37.0229276059,62.4775262058,61.4869630671,STANDBY,0,0,100.1899027327
2024-01-10 05:00:00,RIG_001,5,10,2,46.9585795986,42.1433647554,53.1181617893,0.43749159200000004,37.7364781794,57.6715786712,60.8856053,STANDBY,0,0,100.2362204724
2024-01-10 06:00:00,RIG_001,6,10,2,55.3090111052,56.2046639499,63.7883923608,0.5282547392,43.5524267371,68.2755729733,69.1615207277,HIGH_PRODUCTION,0,0,100.2825382121
2024-01-10 07:00:00,RIG_001,7,10,2,63.6594426117,72.3664554312,73.9734349501,0.5876304984,45.7655285572,75.5256352656,83.7677676374,HIGH_PRODUCTION,0,0,100.3288559518
2024-01-10 08:00:00,RIG_001,8,10,2,71.4408060109,75.0314136019,78.5580467327,0.5615711495,47.9310058592,73.3433714012,84.2082056591,HIGH_PRODUCTION,0,0,100.3751736915
2024-01-10 09:00:00,RIG_001,9,10,2,78.1228142462,76.0102455131,79.4145352688,0.5668471671,49.0673538056,70.2606519822,80.164064685,HIGH_PRODUCTION,0,0,100.4214914312
2024-01-10 10:00:00,RIG_001,10,10,2,83.2500994991,82.9566837703,88.4826103147,0.6112687923,53.6636801506,75.0206616278,94.5781173178,HIGH_PRODUCTION,0,0,100.4678091709
2024-01-10 11:00:00,RIG_001,11,10,2,86.4732457528,93.1612849759,95.0,0.6099868887000001,52.7094134115,73.85004325,100.7346919051,HIGH_PRODUCTION,0,0,100.5141269106
2024-01-10 12:00:00,RIG_001,12,10,2,87.5726009166,87.2177658973,86.6382838139,0.6735541392000001,53.9495250735,79.3392119107,89.8283932676,HIGH_PRODUCTION,0,0,100.5604446503
2024-01-10 13:00:00,RIG_001,13,10,2,86.4732457528,90.859484501,90.3840755905,0.6569729588000001,55.5723914493,77.5033783539,97.1047521012,HIGH_PRODUCTION,0,0,100.60676239
2024-01-10 14:00:00,RIG_001,14,10,2,83.2500994991,86.7888521599,86.008456016,0.6466200945,54.5658323787,70.7321849127,86.0054602175,HIGH_PRODUCTION,0,0,100.6530801297
2024-01-10 15:00:00,RIG_001,15,10,2,78.1228142462,78.1826536304,81.2663985589,0.5290377162000001,50.1151725944,72.5527730078,89.2380990413,HIGH_PRODUCTION,0,0,100.6993978694
2024-01-10 16:00:00,RIG_001,16,10,2,71.4408060109,85.4853152407,85.1243132048,0.5954693869000001,47.4447505145,77.0354991029,87.489948094,HIGH_PRODUCTION,0,0,100.7457156091
2024-01-10 17:00:00,RIG_001,17,10,2,63.6594426117,70.1607741675,71.2677264219,0.5386271585,48.4618432727,70.0490893873,73.3128880466,HIGH_PRODUCTION,0,0,100.7920333488
2024-01-10 18:00:00,RIG_001,18,10,2,55.3090111052,48.521982277,57.2694697399,0.4386392824,44.2272953449,63.7289075188,61.927995423,HIGH_PRODUCTION,0,0,100.8383510885
2024-01-10 19:00:00,RIG_001,19,10,2,46.9585795986,51.236482938500004,56.663422658100004,0.5152563333,42.6469865238,61.6977382604,62.9623414423,HIGH_PRODUCTION,0,0,100.8846688282
2024-01-10 20:00:00,RIG_001,20,10,2,39.1772161995,39.2208633027,49.9470526404,0.4345042483,43.2943835658,63.465881952,55.4388248312,HIGH_PRODUCTION,0,0,100.9309865679
2024-01-10 21:00:00,RIG_001,21,10,2,36.8726740701,44.4943678321,51.1784551238,0.5101625122,42.8432590809,61.4029027496,53.9504776265,HIGH_PRODUCTION,0,0,100.9773043075
2024-01-10 22:00:00,RIG_001,22,10,2,36.8726740701,36.2765451269,43.3942487392,0.3994145454,40.205683036,54.413627407,46.8759808656,STANDBY,0,0,101.0236220472
2024-01-10 23:00:00,RIG_001,23,10,2,36.8726740701,39.6724142726,46.4296836976,0.5492490326,42.0908649906,60.7879521698,48.0305566554,STANDBY,0,0,101.0699397869
2024-01-11 00:00:00,RIG_001,0,11,3,36.1002883513,42.1749304736,46.211598115,0.42617318860000003,41.2104723209,65.5959282888,50.5375584101,STANDBY,0,0,101.1162575266
2024-01-11 01:00:00,RIG_001,1,11,3,36.1002883513,43.9857177105,48.1207137953,0.4875725711,36.0108084288,62.0349269734,56.3457774389,STANDBY,0,0,101.1625752663
2024-01-11 02:00:00,RIG_001,2,11,3,36.1002883513,33.6624073653,46.6161453695,0.4854157596,37.4173239384,65.312677165,51.6033565566,STANDBY,0,0,101.208893006
2024-01-11 03:00:00,RIG_001,3,11,3,36.1002883513,37.9983308824,49.8230663835,0.43048381410000003,41.8939187751,62.6864031104,57.4013091478,STANDBY,0,0,101.2552107457
2024-01-11 04:00:00,RIG_001,4,11,3,38.3565563732,39.5593261887,47.1364332393,0.5065075247,38.274648867,62.8840723434,56.5026372525,STANDBY,0,0,101.3015284854
2024-01-11 05:00:00,RIG_001,5,11,3,45.9749206378,46.2927185071,57.3645435792,0.42281036050000004,41.1262346163,63.5026207544,60.6004880221,STANDBY,0,0,101.3478462251
2024-01-11 06:00:00,RIG_001,6,11,3,54.1504325269,66.5690954215,71.5642503619,0.6178898271000001,44.5526012276,69.7658700031,76.0045306027,HIGH_PRODUCTION,0,0,101.3941639648
2024-01-11 07:00:00,RIG_001,7,11,3,62.325944416,67.9491923249,70.5435411783,0.550316967,50.5551432716,69.5944867921,82.0571197615,HIGH_PRODUCTION,0,0,101.4404817045
2024-01-11 08:00:00,RIG_001,8,11,3,69.9443086806,67.245175924,75.9846608419,0.5178621552,50.1742788958,69.2667446009,85.3176910778,HIGH_PRODUCTION,0,0,101.4867994442
2024-01-11 09:00:00,RIG_001,9,11,3,76.4863463859,84.6878907972,89.5454525646,0.5852370525,49.404234909,76.9989687254,89.5282389872,HIGH_PRODUCTION,0,0,101.5331171839
2024-01-11 10:00:00,RIG_001,10,11,3,81.5062284735,95.7361917956,92.1248286951,0.6739722786,54.2286439497,75.9133638493,98.2862736433,HIGH_PRODUCTION,0,0,101.5794349236
2024-01-11 11:00:00,RIG_001,11,11,3,84.661858275,93.4503145757,91.9625897137,0.5976311898000001,52.0015905484,74.8074128865,96.9642696907,HIGH_PRODUCTION,0,0,101.6257526633
2024-01-11 12:00:00,RIG_001,12,11,3,85.7381848343,81.7744126634,89.0999705317,0.5545436351,51.6734924439,71.1627386464,96.5793298643,HIGH_PRODUCTION,0,0,101.672070403
2024-01-11 13:00:00,RIG_001,13,11,3,84.661858275,85.8807132305,89.7988251703,0.5934388624,52.4895444621,81.9011776122,92.5638888678,HIGH_PRODUCTION,0,0,101.7183881427
2024-01-11 14:00:00,RIG_001,14,11,3,81.5062284735,91.4877572003,92.9238101009,0.5626739895,54.4953504433,79.0373558651,95.4049849848,HIGH_PRODUCTION,0,0,101.7647058824
2024-01-11 15:00:00,RIG_001,15,11,3,76.4863463859,76.6019196995,82.299184502,0.6680770490000001,49.8143168203,73.8940525149,85.2709723561,HIGH_PRODUCTION,0,0,101.811023622
2024-01-11 16:00:00,RIG_001,16,11,3,69.9443086806,75.824274124,80.2759563163,0.5465824583000001,54.8268809438,69.5747382263,83.5601706777,HIGH_PRODUCTION,0,0,101.8573413617
2024-01-11 17:00:00,RIG_001,17,11,3,62.325944416,69.8669306468,71.3377664923,0.5987962677,45.4108851317,72.8301060961,78.7837389927,HIGH_PRODUCTION,0,0,101.9036591014
2024-01-11 18:00:00,RIG_001,18,11,3,54.1504325269,53.1905437936,64.0089616894,0.5178450429,39.8764292395,65.6074490987,65.46535817,HIGH_PRODUCTION,0,0,101.9499768411
2024-01-11 19:00:00,RIG_001,19,11,3,45.9749206378,49.359005143,59.8840307099,0.4468354912,41.5535708844,65.4502083663,63.01618901,HIGH_PRODUCTION,0,0,101.9962945808
2024-01-11 20:00:00,RIG_001,20,11,3,38.3565563732,25.8388786194,41.0445456835,0.42538934970000003,33.3237431237,54.8218026382,40.677508512,HIGH_PRODUCTION,0,0,102.0426123205
2024-01-11 21:00:00,RIG_001,21,11,3,36.1002883513,34.6739567521,45.0605659021,0.4915777295,35.683564648,60.8829935979,53.0819193724,HIGH_PRODUCTION,0,0,102.0889300602
2024-01-11 22:00:00,RIG_001,22,11,3,36.1002883513,38.5400018627,43.1335828822,0.45474793,37.6323711573,60.2904999442,51.9466731805,STANDBY,0,0,102.1352477999
2024-01-11 23:00:00,RIG_001,23,11,3,36.1002883513,33.5708743708,43.4436275242,0.5090945326,36.5483407818,57.7744288402,47.4624072316,STANDBY,0,0,102.1815655396
2024-01-12 00:00:00,RIG_001,0,12,4,36.1002883513,48.1475723615,52.0326583003,0.5444300198,40.1276568865,66.6465907159,56.1388102059,STANDBY,0,0,102.2278832793
2024-01-12 01:00:00,RIG_001,1,12,4,36.1002883513,32.841756613,41.8532653235,0.49356781660000004,39.2468770541,55.2394035583,48.2129310303,STANDBY,0,0,102.274201019
2024-01-12 02:00:00,RIG_001,2,12,4,36.1002883513,37.7991887303,48.0000167276,0.4396968026,38.4374190604,63.034085412,57.4234627498,STANDBY,0,0,102.3205187587
2024-01-12 03:00:00,RIG_001,3,12,4,36.1002883513,40.6600617111,48.0710283152,0.41745540870000003,39.805986278,64.251476914,54.2968605579,STANDBY,0,0,102.3668364984
2024-01-12 04:00:00,RIG_001,4,12,4,38.3565563732,49.475940953,56.8147764236,0.4674010595,44.1574507872,62.2038512592,59.7221505961,STANDBY,0,0,102.4131542381
2024-01-12 05:00:00,RIG_001,5,12,4,45.9749206378,42.7155756772,51.5194643681,0.48779666200000005,39.1462488697,60.3536873198,51.6629966522,STANDBY,0,0,102.4594719778
2024-01-12 06:00:00,RIG_001,6,12,4,54.1504325269,63.893164744,68.2887945446,0.5689919888,45.4441993886,68.4988723794,69.9434157567,HIGH_PRODUCTION,0,0,102.5057897175
2024-01-12 07:00:00,RIG_001,7,12,4,62.325944416,66.3109708384,71.5084263481,0.4405627721,47.3092626818,70.7393998829,76.728084699,HIGH_PRODUCTION,0,0,102.5521074572
2024-01-12 08:00:00,RIG_001,8,12,4,69.9443086806,68.9775742036,75.8371603662,0.5569207633000001,43.3612579497,70.2347072856,78.8711777966,HIGH_PRODUCTION,0,0,102.5984251969
2024-01-12 09:00:00,RIG_001,9,12,4,76.4863463859,82.7446201964,84.5645725096,0.6067172936,45.9163440312,76.1240734395,90.1494756276,HIGH_PRODUCTION,0,0,102.6447429365
2024-01-12 10:00:00,RIG_001,10,12,4,81.5062284735,86.4562310515,88.5389966698,0.5962557230000001,52.3062924205,81.2258082731,91.8802246211,HIGH_PRODUCTION,0,0,102.6910606762
2024-01-12 11:00:00,RIG_001,11,12,4,84.661858275,85.6224256503,90.7529563434,0.6723804826,52.3896349737,74.1635773876,92.5785170495,HIGH_PRODUCTION,0,0,102.7373784159
2024-01-12 12:00:00,RIG_001,12,12,4,85.7381848343,90.0557946813,91.1599483343,0.6423911724,56.642388940000004,71.8711984923,92.6288534399,HIGH_PRODUCTION,0,0,102.7836961556
2024-01-12 13:00:00,RIG_001,13,12,4,84.661858275,86.7108373737,86.540754833,0.6769621631,51.9938990952,78.4910219612,96.2278183612,HIGH_PRODUCTION,0,0,102.8300138953
2024-01-12 14:00:00,RIG_001,14,12,4,81.5062284735,86.0563099437,92.0611570049,0.5988762304,53.1535569204,80.8668367109,99.7281202525,HIGH_PRODUCTION,0,0,102.876331635
2024-01-12 15:00:00,RIG_001,15,12,4,76.4863463859,83.7864421634,88.6916277049,0.6499237986,50.5556652537,76.3142377382,98.8831815604,HIGH_PRODUCTION,0,0,102.9226493747
2024-01-12 16:00:00,RIG_001,16,12,4,69.9443086806,81.8707828272,80.5379443061,0.6792415367,51.06215015,71.2979888221,87.1577970084,HIGH_PRODUCTION,0,0,102.9689671144
2024-01-12 17:00:00,RIG_001,17,12,4,62.325944416,60.1402046487,69.5340907605,0.5980664258,48.3695648457,67.6703843049,73.2441165347,HIGH_PRODUCTION,0,0,103.0152848541
2024-01-12 18:00:00,RIG_001,18,12,4,54.1504325269,68.8258847879,70.2895813317,0.5041169851,42.9584855607,67.2921949837,79.2596040991,HIGH_PRODUCTION,0,0,103.0616025938
2024-01-12 19:00:00,RIG_001,19,12,4,45.9749206378,40.2317146889,52.5954508832,0.4604430215,40.8851611874,63.9980808886,57.4962468791,HIGH_PRODUCTION,0,0,103.1079203335
2024-01-12 20:00:00,RIG_001,20,12,4,38.3565563732,41.6218116077,51.5615352227,0.46022415180000004,44.6766263621,58.4326722742,57.2240605335,HIGH_PRODUCTION,0,0,103.1542380732
2024-01-12 21:00:00,RIG_001,21,12,4,36.1002883513,43.0730027543,49.7181318025,0.5064839583,41.332319127,62.0215144658,54.5896586652,HIGH_PRODUCTION,0,0,103.2005558129
2024-01-12 22:00:00,RIG_001,22,12,4,36.1002883513,41.5433237215,46.430259671499996,0.5119351431,43.6869768568,59.4499836376,42.5895470136,STANDBY,0,0,103.2468735526
2024-01-12 23:00:00,RIG_001,23,12,4,36.1002883513,37.0318144447,43.1105999519,0.4223235748,37.9995293121,61.4900183888,52.9248049888,STANDBY,0,0,103.2931912923
2024-01-13 00:00:00,RIG_001,0,13,5,36.8726740701,40.0522043032,44.1989387509,0.47690657470000003,39.9489560875,60.9166362595,50.6719505888,STANDBY,0,0,103.339509032
2024-01-13 01:00:00,RIG_001,1,13,5,36.8726740701,38.6347585426,43.7898040988,0.36845121610000003,39.7257390404,62.1207138725,49.7792732814,STANDBY,0,0,103.3858267717
2024-01-13 02:00:00,RIG_001,2,13,5,36.8726740701,38.1598870922,45.8333724449,0.5403054896,35.1047896143,61.5150177925,50.6480442581,STANDBY,0,0,103.4321445113
2024-01-13 03:00:00,RIG_001,3,13,5,36.8726740701,45.3616690229,50.128627186,0.46438014400000005,39.0040616,60.6485236237,55.6189106472,STANDBY,0,0,103.478462251
2024-01-13 04:00:00,RIG_001,4,13,5,39.1772161995,45.210225758,54.4902395862,0.4925229942,39.1088062807,65.443698918,57.6984027787,STANDBY,0,0,103.5247799907
2024-01-13 05:00:00,RIG_001,5,13,5,46.9585795986,47.748911411899996,59.553286797,0.48204863950000004,43.581360009,64.1783764681,66.4030248539,STANDBY,0,0,103.5710977304
2024-01-13 06:00:00,RIG_001,6,13,5,55.3090111052,64.0688379329,67.281196277,0.6039775544,47.7615156946,66.2550643563,68.3599012438,HIGH_PRODUCTION,0,0,103.6174154701
2024-01-13 07:00:00,RIG_001,7,13,5,63.6594426117,69.4647153276,74.2281905585,0.4211737568,48.0142517173,77.5621942669,79.7863958559,HIGH_PRODUCTION,0,0,103.6637332098
2024-01-13 08:00:00,RIG_001,8,13,5,71.4408060109,79.7808393775,82.8678738471,0.5933522048000001,51.5934156381,75.3635423134,89.5525942588,HIGH_PRODUCTION,0,0,103.7100509495
2024-01-13 09:00:00,RIG_001,9,13,5,78.1228142462,85.5536288893,87.9330361249,0.6063954235,51.0601083969,75.2063070066,92.3370287234,HIGH_PRODUCTION,0,0,103.7563686892
2024-01-13 10:00:00,RIG_001,10,13,5,83.2500994991,83.3947425389,87.1169592894,0.582713154,53.2525489738,79.2640363418,93.2295626668,HIGH_PRODUCTION,0,0,103.8026864289
2024-01-13 11:00:00,RIG_001,11,13,5,86.4732457528,87.9689063071,91.9941152313,0.7056140629000001,52.009803462,81.9161187203,94.0201120546,HIGH_PRODUCTION,0,0,103.8490041686
2024-01-13 12:00:00,RIG_001,12,13,5,87.5726009166,95.6125823585,95.0,0.5980525618,54.0188736845,78.2477264406,97.1025196873,HIGH_PRODUCTION,0,0,103.8953219083
2024-01-13 13:00:00,RIG_001,13,13,5,86.4732457528,93.8355581572,91.55341666,0.6758630419,52.9277042728,79.1928599065,97.2635680231,HIGH_PRODUCTION,0,0,103.941639648
2024-01-13 14:00:00,RIG_001,14,13,5,83.2500994991,87.46300026750001,91.1443155195,0.6361534698,53.2346510221,73.2748916262,98.1799644834,HIGH_PRODUCTION,0,0,103.9879573877
2024-01-13 15:00:00,RIG_001,15,13,5,78.1228142462,83.0338075619,87.2517204612,0.6683144858,49.9160542573,74.4685640163,86.6271234947,HIGH_PRODUCTION,0,0,104.0342751274
2024-01-13 16:00:00,RIG_001,16,13,5,71.4408060109,82.1604345499,81.7696885216,0.5694442209,52.4929713919,74.0509427037,88.3357504269,HIGH_PRODUCTION,0,0,104.0805928671
2024-01-13 17:00:00,RIG_001,17,13,5,63.6594426117,65.0398373886,71.1703304649,0.5149787096,43.9956610657,70.0664323175,74.5407259638,HIGH_PRODUCTION,0,0,104.1269106068
2024-01-13 18:00:00,RIG_001,18,13,5,55.3090111052,62.3896973931,68.8004764215,0.5986655009,43.3995918388,69.7151906538,73.2220581595,HIGH_PRODUCTION,0,0,104.1732283465
2024-01-13 19:00:00,RIG_001,19,13,5,46.9585795986,50.2997633794,57.6906780277,0.5290435399,43.9497943551,66.7694143603,58.672124257,HIGH_PRODUCTION,0,0,104.2195460862
2024-01-13 20:00:00,RIG_001,20,13,5,39.1772161995,42.4479048873,53.6146990279,0.4071603026,40.4348877927,63.4472994351,56.0598473073,HIGH_PRODUCTION,0,0,104.2658638258
2024-01-13 21:00:00,RIG_001,21,13,5,36.8726740701,46.7326006949,57.1104511567,0.4704812776,40.7753673414,60.3875523286,65.0088271333,HIGH_PRODUCTION,0,0,104.3121815655
2024-01-13 22:00:00,RIG_001,22,13,5,36.8726740701,45.3727458409,48.723472209,0.5128713674000001,43.1233019252,60.796422435,53.8220623309,STANDBY,0,0,104.3584993052
2024-01-13 23:00:00,RIG_001,23,13,5,36.8726740701,45.3201599369,46.7026001455,0.5354679591,40.1155171561,61.9568251227,50.5542649404,STANDBY,0,0,104.4048170449
2024-01-14 00:00:00,RIG_001,0,14,6,38.2644650435,49.3462569571,52.2153913654,0.47188177740000004,41.9361617307,63.9571553113,56.8659263075,STANDBY,0,0,104.4511347846
2024-01-14 01:00:00,RIG_001,1,14,6,38.2644650435,42.9308297904,49.4742162742,0.34106949999999997,43.5311633477,66.0315718085,55.9418517482,STANDBY,0,0,104.4974525243
2024-01-14 02:00:00,RIG_001,2,14,6,38.2644650435,46.2425230997,50.3555778818,0.5230638096,44.6389154665,60.3839399693,56.6770613703,STANDBY,0,0,104.543770264
2024-01-14 03:00:00,RIG_001,3,14,6,38.2644650435,41.2883721212,52.0226903499,0.42120943390000004,43.4668894508,61.3142664918,56.7976093487,STANDBY,0,0,104.5900880037
2024-01-14 04:00:00,RIG_001,4,14,6,40.6559941088,46.8590143928,51.4381970362,0.3982557262,41.1505020443,66.9167328125,59.7170743689,STANDBY,0,0,104.6364057434
2024-01-14 05:00:00,RIG_001,5,14,6,48.7310717994,52.66949271,60.9169805113,0.37512307580000004,45.6287789875,64.9012153895,68.828368422,STANDBY,0,0,104.6827234831
2024-01-14 06:00:00,RIG_001,6,14,6,57.3966975653,62.4777612337,66.2749350987,0.5870484916,43.7215346529,70.1245753196,72.5150511861,HIGH_PRODUCTION,0,0,104.7290412228
2024-01-14 07:00:00,RIG_001,7,14,6,66.0623233312,73.6411399628,79.6939921509,0.5864557283,46.5964792413,71.6737158601,84.8578274997,HIGH_PRODUCTION,0,0,104.7753589625
2024-01-14 08:00:00,RIG_001,8,14,6,74.1374010218,74.6562767711,82.778796769,0.5719727181,43.9631574875,73.1672328033,89.7507600543,HIGH_PRODUCTION,0,0,104.8216767022
2024-01-14 09:00:00,RIG_001,9,14,6,81.0716274372,96.150490642,91.8138354591,0.7173746678,57.3833590643,78.1597295612,97.7566377245,HIGH_PRODUCTION,0,0,104.8679944419
2024-01-14 10:00:00,RIG_001,10,14,6,86.3924465065,85.9862340863,87.4208294102,0.6494821851,49.7685988234,77.7970666441,95.6032296256,HIGH_PRODUCTION,0,0,104.9143121816
2024-01-14 11:00:00,RIG_001,11,14,6,89.7372532031,88.2971322875,92.4248617567,0.7055489187,51.8212179124,71.853970464,100.123545887,HIGH_PRODUCTION,0,0,104.9606299213
2024-01-14 12:00:00,RIG_001,12,14,6,90.8781044784,101.3064286551,95.0,0.594310303,53.5059584799,79.3019925714,96.9452382957,HIGH_PRODUCTION,0,0,105.006947661
2024-01-14 13:00:00,RIG_001,13,14,6,89.7372532031,98.3402841431,95.0,0.6535063828000001,55.9754015324,80.391803273,96.7421104878,HIGH_PRODUCTION,0,0,105.0532654006
2024-01-14 14:00:00,RIG_001,14,14,6,86.3924465065,94.1647107228,93.4778065051,0.562056796,52.7899103593,79.8504989609,96.3740578719,HIGH_PRODUCTION,0,0,105.0995831403
2024-01-14 15:00:00,RIG_001,15,14,6,81.0716274372,88.8719677756,85.1406886025,0.6157303903,49.608358163,81.1404482009,93.0691046727,HIGH_PRODUCTION,0,0,105.14590088
2024-01-14 16:00:00,RIG_001,16,14,6,74.1374010218,78.7417276106,81.2173610742,0.5845632646000001,50.568757031,72.4494442826,81.4884340839,HIGH_PRODUCTION,0,0,105.1922186197
2024-01-14 17:00:00,RIG_001,17,14,6,66.0623233312,66.2485595878,70.4402325654,0.5910305061000001,43.6946798473,74.3130131619,76.6245047327,HIGH_PRODUCTION,0,0,105.2385363594
2024-01-14 18:00:00,RIG_001,18,14,6,57.3966975653,62.4551761312,66.4868600339,0.5507831388000001,43.9389825822,66.7594813594,72.5744893072,HIGH_PRODUCTION,0,0,105.2848540991
2024-01-14 19:00:00,RIG_001,19,14,6,48.7310717994,50.0316666777,60.8357116527,0.5425900443,38.2941384402,68.9954392379,69.3236558288,HIGH_PRODUCTION,0,0,105.3311718388
2024-01-14 20:00:00,RIG_001,20,14,6,40.6559941088,50.2249438727,53.621952535,0.5473567966,39.7083197438,67.5198845419,59.162968607,HIGH_PRODUCTION,0,0,105.3774895785
2024-01-14 21:00:00,RIG_001,21,14,6,38.2644650435,42.2294768938,51.3072422603,0.5961300938,40.9144275629,59.928467329200004,52.2776140885,HIGH_PRODUCTION,0,0,105.4238073182
2024-01-14 22:00:00,RIG_001,22,14,6,38.2644650435,38.8442254783,45.820406196,0.46264834390000004,35.7819842934,62.5743853552,47.9423413141,STANDBY,0,0,105.4701250579
2024-01-14 23:00:00,RIG_001,23,14,6,38.2644650435,41.371729915,46.5361110017,0.4391298259,37.3806410295,62.2578114679,47.990124436,STANDBY,0,0,105.5164427976
2024-01-15 00:00:00,RIG_001,0,15,0,40.0,46.9526043031,51.752306374,0.5154130358,41.7334132435,65.962535072,55.138474475,STANDBY,0,0,105.5627605373
2024-01-15 01:00:00,RIG_001,1,15,0,40.0,42.0762719287,48.198459136,0.44855112750000004,39.43185419,61.9530668133,52.6497544338,STANDBY,0,0,105.609078277
2024-01-15 02:00:00,RIG_001,2,15,0,40.0,40.7907403758,48.6874669897,0.5590918436,44.1817583659,61.3154834358,50.191142411,STANDBY,0,0,105.6553960167
2024-01-15 03:00:00,RIG_001,3,15,0,40.0,46.1272260721,53.9558507148,0.48702763130000004,45.1995996101,67.9454515699,63.3678366868,STANDBY,0,0,105.7017137564
2024-01-15 04:00:00,RIG_001,4,15,0,42.5,48.6405705311,54.5217255523,0.4806350192,40.4242977073,64.296008476,55.5458814364,STANDBY,0,0,105.7480314961
2024-01-15 05:00:00,RIG_001,5,15,0,50.9413334214,53.3293028811,58.7025558988,0.49959951950000003,44.4466009571,68.4780578369,67.7408661704,STANDBY,0,0,105.7943492358
2024-01-15 06:00:00,RIG_001,6,15,0,60.0,62.5744414694,65.3743638285,0.5870068635,47.1421754811,68.0962779857,73.9298529228,HIGH_PRODUCTION,0,0,105.8406669755
2024-01-15 07:00:00,RIG_001,7,15,0,69.0586665786,75.1554969238,75.5130294551,0.5811270805000001,47.5939165149,77.5466388548,83.2079371042,HIGH_PRODUCTION,0,0,105.8869847151
2024-01-15 08:00:00,RIG_001,8,15,0,77.5,75.2031066119,85.0200528178,0.5572591886,45.80969358,70.5259280956,87.9387529953,HIGH_PRODUCTION,0,0,105.9333024548
2024-01-15 09:00:00,RIG_001,9,15,0,84.7487373415,82.66189445,87.743350081,0.69517176,50.6408767139,72.9561377413,93.7707027185,HIGH_PRODUCTION,0,0,105.9796201945
2024-01-15 10:00:00,RIG_001,10,15,0,90.3108891325,91.6760916675,89.2317094984,0.5963235347,52.5733315672,82.0763790436,90.3995960977,HIGH_PRODUCTION,0,0,106.0259379342
2024-01-15 11:00:00,RIG_001,11,15,0,93.8074039201,97.7045394638,93.7052143751,0.6591809448,53.554605872,77.9765226665,101.4379354802,HIGH_PRODUCTION,0,0,106.0722556739
2024-01-15 12:00:00,RIG_001,12,15,0,95.0,101.5258567912,95.0,0.7016671716,56.2660979341,85.2609799559,99.7780456554,HIGH_PRODUCTION,0,0,106.1185734136
2024-01-15 13:00:00,RIG_001,13,15,0,93.8074039201,106.162451629,95.0,0.601580164,55.0391536932,84.5242572275,98.7720393562,HIGH_PRODUCTION,0,0,106.1648911533
2024-01-15 14:00:00,RIG_001,14,15,0,90.3108891325,99.5844015336,95.0,0.6876110652,52.5921052882,79.4113713404,96.32876546,HIGH_PRODUCTION,0,0,106.211208893
2024-01-15 15:00:00,RIG_001,15,15,0,84.7487373415,88.9412066378,88.51166664510001,0.5790983427,52.4534676001,71.2424815753,86.0791482892,HIGH_PRODUCTION,0,0,106.2575266327
2024-01-15 16:00:00,RIG_001,16,15,0,77.5,82.4040285675,83.1915086205,0.6535666022000001,51.372947327,74.6632536574,85.0758860494,HIGH_PRODUCTION,0,0,106.3038443724
2024-01-15 17:00:00,RIG_001,17,15,0,69.0586665786,69.0520770234,74.1575576232,0.5244243289,44.909729368,71.0205132676,82.49595221,HIGH_PRODUCTION,0,0,106.3501621121
2024-01-15 18:00:00,RIG_001,18,15,0,60.0,64.920439249,69.124049562,0.5949856887,48.0862910342,72.9777849746,72.9155492765,HIGH_PRODUCTION,0,0,106.3964798518
2024-01-15 19:00:00,RIG_001,19,15,0,50.9413334214,54.5179928167,56.2016425837,0.5846168221,40.0885359286,71.1207393737,60.6936560124,HIGH_PRODUCTION,0,0,106.4427975915
2024-01-15 20:00:00,RIG_001,20,15,0,42.5,49.1404930525,55.0246965704,0.5564497668,41.1288963457,62.6871863783,61.9913596452,HIGH_PRODUCTION,0,0,106.4891153312
2024-01-15 21:00:00,RIG_001,21,15,0,40.0,40.897693194,47.1789487984,0.5014006443,39.7084062261,64.6728532502,57.5959554328,HIGH_PRODUCTION,0,0,106.5354330709
2024-01-15 22:00:00,RIG_001,22,15,0,40.0,47.637528144,52.0047364939,0.49767454050000004,40.6369346107,66.5874649112,60.9797504587,STANDBY,0,0,106.5817508106
2024-01-15 23:00:00,RIG_001,23,15,0,40.0,52.7114377987,59.8699740741,0.49582560880000004,42.0477385026,69.0336694468,61.9529690627,STANDBY,0,0,106.6280685503
2024-01-16 00:00:00,RIG_001,0,16,1,38.2644650435,42.9414038201,48.499805623,0.5690734912000001,44.4774999196,64.3784908824,47.6720939087,STANDBY,0,0,106.6743862899
2024-01-16 01:00:00,RIG_001,1,16,1,38.2644650435,45.5007108338,48.9459605176,0.4684101876,39.6734095304,57.8227201773,61.0248032949,STANDBY,0,0,106.7207040296
2024-01-16 02:00:00,RIG_001,2,16,1,38.2644650435,46.9498198428,53.0852916794,0.4560642429,46.6198984057,63.6186786553,64.8922665144,STANDBY,0,0,106.7670217693
2024-01-16 03:00:00,RIG_001,3,16,1,38.2644650435,41.4999451858,50.2084886364,0.5250216403,41.2492398559,58.982860831,55.7738494257,STANDBY,0,0,106.813339509
2024-01-16 04:00:00,RIG_001,4,16,1,40.6559941088,47.0249866805,55.0551809892,0.4687067489,41.9403569447,63.4996786854,56.2437162524,STANDBY,0,0,106.8596572487
2024-01-16 05:00:00,RIG_001,5,16,1,48.7310717994,54.0495116269,61.5728558017,0.48226926000000003,44.4648586135,69.1548661965,69.4625354034,STANDBY,0,0,106.9059749884
2024-01-16 06:00:00,RIG_001,6,16,1,57.3966975653,63.1475035426,72.0015892552,0.48507146840000004,50.8467313842,69.8597035704,76.6776381972,HIGH_PRODUCTION,0,0,106.9522927281
2024-01-16 07:00:00,RIG_001,7,16,1,66.0623233312,67.4666475575,70.2887640246,0.5462488926,44.8794758815,73.6842668664,74.9498206553,HIGH_PRODUCTION,0,0,106.9986104678
2024-01-16 08:00:00,RIG_001,8,16,1,74.1374010218,79.5362726996,82.6690277734,0.6026527797,47.643232337,74.886143572,90.3524043027,HIGH_PRODUCTION,0,0,107.0449282075
2024-01-16 09:00:00,RIG_001,9,16,1,81.0716274372,88.8448873609,87.111024406,0.6470542323,50.7014894471,72.7584883892,93.1141486467,HIGH_PRODUCTION,0,0,107.0912459472
2024-01-16 10:00:00,RIG_001,10,16,1,86.3924465065,98.9383806738,95.0,0.712930709,54.7988814624,72.1189731824,96.442555267,HIGH_PRODUCTION,0,0,107.1375636869
2024-01-16 11:00:00,RIG_001,11,16,1,89.7372532031,99.8307711229,95.0,0.6945727353000001,51.5061505311,80.3956576219,99.0257741948,HIGH_PRODUCTION,0,0,107.1838814266
2024-01-16 12:00:00,RIG_001,12,16,1,90.8781044784,106.9481282162,95.0,0.6802215703000001,56.781710532700004,81.4426590658,101.983458786,HIGH_PRODUCTION,0,0,107.2301991663
2024-01-16 13:00:00,RIG_001,13,16,1,89.7372532031,91.2115744999,91.8641714818,0.6328310073,56.1899878918,74.4326351318,98.394928149,HIGH_PRODUCTION,0,0,107.276516906
2024-01-16 14:00:00,RIG_001,14,16,1,86.3924465065,96.0720564623,95.0,0.6830153814000001,54.3208288968,73.7197351897,100.7860497231,HIGH_PRODUCTION,0,0,107.3228346457
2024-01-16 15:00:00,RIG_001,15,16,1,81.0716274372,87.313291899,89.8817382768,0.6950449934,51.2429520568,73.9897579293,97.6820071402,HIGH_PRODUCTION,0,0,107.3691523854
2024-01-16 16:00:00,RIG_001,16,16,1,74.1374010218,90.418317782,85.7595559163,0.6472325438000001,51.3682585481,76.54202088,89.6744049529,HIGH_PRODUCTION,0,0,107.4154701251
2024-01-16 17:00:00,RIG_001,17,16,1,66.0623233312,67.3596816595,72.5962295785,0.5484696537,48.636943824,72.205537969,78.1322389042,HIGH_PRODUCTION,0,0,107.4617878648
2024-01-16 18:00:00,RIG_001,18,16,1,57.3966975653,58.5438857704,63.7071717527,0.4960207797,42.9843058961,68.1290589758,58.5804344522,HIGH_PRODUCTION,0,0,107.5081056044
2024-01-16 19:00:00,RIG_001,19,16,1,48.7310717994,51.0868536491,56.0645500073,0.4512179911,46.4645052535,70.1502578362,59.7155994258,HIGH_PRODUCTION,0,0,107.5544233441
2024-01-16 20:00:00,RIG_001,20,16,1,40.6559941088,35.3962082251,46.8036908342,0.5099050726000001,42.7157715517,57.5120502994,54.0953995599,HIGH_PRODUCTION,0,0,107.6007410838
2024-01-16 21:00:00,RIG_001,21,16,1,38.2644650435,41.002330334,48.327578374,0.5224941525,40.7640841808,64.9438757764,52.1563949726,HIGH_PRODUCTION,0,0,107.6470588235
2024-01-16 22:00:00,RIG_001,22,16,1,38.2644650435,39.8423897956,51.8306636198,0.5191688519000001,39.9375672727,62.0946131681,55.4319814446,STANDBY,0,0,107.6933765632
2024-01-16 23:00:00,RIG_001,23,16,1,38.2644650435,44.3969696967,49.7766948584,0.497716714,43.1605620407,65.4030982814,51.6523360031,STANDBY,0,0,107.7396943029
2024-01-17 00:00:00,RIG_001,0,17,2,36.8726740701,44.1341800842,45.725273049,0.5738933257000001,43.2231420255,61.9307094355,53.7353707272,STANDBY,0,0,107.7860120426
2024-01-17 01:00:00,RIG_001,1,17,2,36.8726740701,51.8132020624,52.2309666188,0.5025630006,41.3413170535,68.7590017404,58.8763564394,STANDBY,0,0,107.8323297823
2024-01-17 02:00:00,RIG_001,2,17,2,36.8726740701,47.1914147182,53.4294121915,0.5608522961,40.7447434133,65.0430986905,60.905655985,STANDBY,0,0,107.878647522
2024-01-17 03:00:00,RIG_001,3,17,2,36.8726740701,39.5617249099,52.2570662422,0.488447891,37.2457363581,59.8301825182,52.0784243563,STANDBY,0,0,107.9249652617
2024-01-17 04:00:00,RIG_001,4,17,2,39.1772161995,40.2656596218,46.9874291486,0.46226457260000003,40.8845447821,62.0436257998,51.5060790188,STANDBY,0,0,107.9712830014
2024-01-17 05:00:00,RIG_001,5,17,2,46.9585795986,55.0056398961,57.1729828066,0.5667138380000001,45.0846657409,65.783024392,61.3326497833,STANDBY,0,0,108.0176007411
2024-01-17 06:00:00,RIG_001,6,17,2,55.3090111052,54.302257171,66.3232846534,0.5556442514000001,40.875713017,67.7582122032,70.4815695336,HIGH_PRODUCTION,0,0,108.0639184808
2024-01-17 07:00:00,RIG_001,7,17,2,63.6594426117,78.4180962029,79.9006384373,0.6255438715,48.6941262411,69.9860986127,83.0525558061,HIGH_PRODUCTION,0,0,108.1102362205
2024-01-17 08:00:00,RIG_001,8,17,2,71.4408060109,82.9463140373,82.0312029586,0.6255290791,48.0420706742,74.7958391048,85.9928901433,HIGH_PRODUCTION,0,0,108.1565539602
2024-01-17 09:00:00,RIG_001,9,17,2,78.1228142462,81.3921910695,85.5614270634,0.6150934059000001,48.5504481469,75.6035790788,93.1103614116,HIGH_PRODUCTION,0,0,108.2028716999
2024-01-17 10:00:00,RIG_001,10,17,2,83.2500994991,80.3066295984,79.8406855113,0.7333352462,51.1786915201,74.1910588011,79.1021314512,HIGH_PRODUCTION,0,0,108.2491894396
2024-01-17 11:00:00,RIG_001,11,17,2,86.4732457528,98.8717580293,95.0,0.7290101351,53.250975374,83.702351142,105.3318843041,HIGH_PRODUCTION,0,0,108.2955071792
2024-01-17 12:00:00,RIG_001,12,17,2,87.5726009166,92.6359997569,94.2372421998,0.6874166437,52.5573480272,80.1128682493,100.6887655749,HIGH_PRODUCTION,0,0,108.3418249189
2024-01-17 13:00:00,RIG_001,13,17,2,86.4732457528,98.3053730403,95.0,0.6740586477,51.3217198042,79.4691695219,99.873004313,HIGH_PRODUCTION,0,0,108.3881426586
2024-01-17 14:00:00,RIG_001,14,17,2,83.2500994991,80.9279545937,83.4571840819,0.6668795654,50.6059690679,74.9284536706,91.177686521,HIGH_PRODUCTION,0,0,108.4344603983
2024-01-17 15:00:00,RIG_001,15,17,2,78.1228142462,80.782880181,84.2979566809,0.6421714919,50.1071734056,75.1218607087,84.9424524454,HIGH_PRODUCTION,0,0,108.480778138
2024-01-17 16:00:00,RIG_001,16,17,2,71.4408060109,77.1309132199,78.4276986798,0.6068113608,47.8248098049,74.3491727785,81.4335959644,HIGH_PRODUCTION,0,0,108.5270958777
2024-01-17 17:00:00,RIG_001,17,17,2,63.6594426117,69.565181952,74.3204290434,0.5678109841,47.0132668926,65.3925805986,78.9572027462,HIGH_PRODUCTION,0,0,108.5734136174
2024-01-17 18:00:00,RIG_001,18,17,2,55.3090111052,58.7364677802,63.4511880234,0.5466424619,45.044706706,66.7163614467,72.5478691347,HIGH_PRODUCTION,0,0,108.6197313571
2024-01-17 19:00:00,RIG_001,19,17,2,46.9585795986,55.7575609537,60.5677825331,0.3834155925,42.3096539406,62.2739510815,65.4282927897,HIGH_PRODUCTION,0,0,108.6660490968
2024-01-17 20:00:00,RIG_001,20,17,2,39.1772161995,39.5307934069,47.7268452545,0.5039718895,36.9301732637,65.69408086440001,54.0770092681,HIGH_PRODUCTION,0,0,108.7123668365
2024-01-17 21:00:00,RIG_001,21,17,2,36.8726740701,41.8594036603,50.7610604303,0.4761891453,44.0759997804,62.3752725381,53.9923234425,HIGH_PRODUCTION,0,0,108.7586845762
2024-01-17 22:00:00,RIG_001,22,17,2,36.8726740701,43.1797269049,50.696535146,0.5843926899,39.5283863168,62.3738952224,57.1570613529,STANDBY,0,0,108.8050023159
2024-01-17 23:00:00,RIG_001,23,17,2,36.8726740701,45.1573905776,48.8977865963,0.5118446555,41.095827438,66.2376091694,58.9295053752,STANDBY,0,0,108.8513200556
2024-01-18 00:00:00,RIG_001,0,18,3,36.1002883513,45.5422206576,49.4018083845,0.4527690422,43.4072346344,64.9296405896,57.3883884595,STANDBY,0,0,108.8976377953
2024-01-18 01:00:00,RIG_001,1,18,3,36.1002883513,36.3678834689,41.1961406418,0.4823854648,46.1500812424,57.5244614975,45.9517726784,STANDBY,0,0,108.943955535
2024-01-18 02:00:00,RIG_001,2,18,3,36.1002883513,34.3274707354,43.0689259149,0.4266374511,36.0928947841,60.085525133,50.0953984567,STANDBY,0,0,108.9902732747
2024-01-18 03:00:00,RIG_001,3,18,3,36.1002883513,48.3933733595,53.2787605321,0.5449968549,42.9979977673,63.5125110882,60.0113113959,STANDBY,0,0,109.0365910144
2024-01-18 04:00:00,RIG_001,4,18,3,38.3565563732,45.9297749928,58.7994511777,0.5286683282,40.0673391776,58.545333832,65.3192141928,STANDBY,0,0,109.0829087541
2024-01-18 05:00:00,RIG_001,5,18,3,45.9749206378,48.1510841756,54.596164093,0.5688621401,40.9601904348,62.374496553,62.9320241756,STANDBY,0,0,109.1292264937
2024-01-18 06:00:00,RIG_001,6,18,3,54.1504325269,67.8317362861,73.6273962492,0.5406532962,45.5175100295,69.7988999198,81.9408293607,HIGH_PRODUCTION,0,0,109.1755442334
2024-01-18 07:00:00,RIG_001,7,18,3,62.325944416,68.83680913,75.3663553858,0.5850982801,44.9578923469,70.3061899445,79.9848795951,HIGH_PRODUCTION,0,0,109.2218619731
2024-01-18 08:00:00,RIG_001,8,18,3,69.9443086806,81.7802338044,83.6294130916,0.5541623305,50.3624757275,70.0873758703,90.5550502761,HIGH_PRODUCTION,0,0,109.2681797128
2024-01-18 09:00:00,RIG_001,9,18,3,76.4863463859,82.7703256574,88.8362906123,0.6606437059,47.7435760402,78.2860944464,92.6870058488,HIGH_PRODUCTION,0,0,109.3144974525
2024-01-18 10:00:00,RIG_001,10,18,3,81.5062284735,97.7633026233,95.0,0.6966767277,56.3344407889,79.0226816103,97.2307828111,HIGH_PRODUCTION,0,0,109.3608151922
2024-01-18 11:00:00,RIG_001,11,18,3,84.661858275,99.3988446736,95.0,0.7006153168,54.9597170405,79.9323126321,99.1915187329,HIGH_PRODUCTION,0,0,109.4071329319
2024-01-18 12:00:00,RIG_001,12,18,3,85.7381848343,90.4605939392,92.1701150575,0.6492765361,53.4600184306,78.3401030968,96.9412806023,HIGH_PRODUCTION,0,0,109.4534506716
2024-01-18 13:00:00,RIG_001,13,18,3,84.661858275,95.493890538,95.0,0.6852193898000001,52.9410954106,76.2839383997,95.0152570325,HIGH_PRODUCTION,0,0,109.4997684113
2024-01-18 14:00:00,RIG_001,14,18,3,81.5062284735,90.7142333907,93.5496817323,0.7305440002,51.9441504792,78.5833379366,101.1306794106,HIGH_PRODUCTION,0,0,109.546086151
2024-01-18 15:00:00,RIG_001,15,18,3,76.4863463859,89.3175770037,87.9960458767,0.6320676337000001,52.9045220613,75.6940491631,84.6940696089,HIGH_PRODUCTION,0,0,109.5924038907
2024-01-18 16:00:00,RIG_001,16,18,3,69.9443086806,71.1147118688,74.0303327321,0.5988312813000001,45.4505767024,68.6446569387,87.1747835505,HIGH_PRODUCTION,0,0,109.6387216304
2024-01-18 17:00:00,RIG_001,17,18,3,62.325944416,71.7581698681,74.7194930069,0.5397083521,47.2235615982,73.2477934405,84.2251304083,HIGH_PRODUCTION,0,0,109.6850393701
2024-01-18 18:00:00,RIG_001,18,18,3,54.1504325269,65.4514707742,67.6708053357,0.5318667927,44.6436406658,74.1104628087,71.8877791632,HIGH_PRODUCTION,0,0,109.7313571098
2024-01-18 19:00:00,RIG_001,19,18,3,45.9749206378,43.1970866796,53.7206504977,0.5135926241000001,39.0181340487,65.1336141244,58.7489295794,HIGH_PRODUCTION,0,0,109.7776748495
2024-01-18 20:00:00,RIG_001,20,18,3,38.3565563732,38.4630749448,51.5527212363,0.5498818725,35.396092255,64.3078551789,57.461636857,HIGH_PRODUCTION,0,0,109.8239925892
2024-01-18 21:00:00,RIG_001,21,18,3,36.1002883513,31.9338862584,42.5888741954,0.4624688589,40.6621247436,58.0182740578,45.8213930314,HIGH_PRODUCTION,0,0,109.8703103289
2024-01-18 22:00:00,RIG_001,22,18,3,36.1002883513,40.7899606359,47.4601263886,0.4902405677,38.8244126527,57.4441290033,53.0379838314,STANDBY,0,0,109.9166280686
2024-01-18 23:00:00,RIG_001,23,18,3,36.1002883513,45.7316537481,49.8276311081,0.4967024823,43.7596655473,68.1899086907,54.395631175,STANDBY,0,0,109.9629458082
2024-01-19 00:00:00,RIG_001,0,19,4,36.1002883513,49.8261597609,53.5925576209,0.5027776999,44.594124583,71.1113925965,58.3097394692,STANDBY,0,0,110.0092635479
2024-01-19 01:00:00,RIG_001,1,19,4,36.1002883513,42.6917960634,43.3938923598,0.5230462861,38.1009496028,67.4359591403,48.9382755502,STANDBY,0,0,110.0555812876
2024-01-19 02:00:00,RIG_001,2,19,4,36.1002883513,50.4713475502,52.1412047103,0.4569587565,40.4410144162,64.1340464481,53.2006213152,STANDBY,0,0,110.1018990273
2024-01-19 03:00:00,RIG_001,3,19,4,36.1002883513,35.4347101922,46.0265392504,0.5509439765,43.9796834668,57.1665100415,51.1452484228,STANDBY,0,0,110.148216767
2024-01-19 04:00:00,RIG_001,4,19,4,38.3565563732,36.0815209694,50.0490704945,0.45575158600000004,42.5222321262,57.6274081974,55.5394137343,STANDBY,0,0,110.1945345067
2024-01-19 05:00:00,RIG_001,5,19,4,45.9749206378,51.9460065972,58.1132467025,0.572896603,42.9234646226,60.5326042763,63.4997955665,STANDBY,0,0,110.2408522464
2024-01-19 06:00:00,RIG_001,6,19,4,54.1504325269,62.3265318864,63.6428137198,0.5046283457,46.0963791844,68.3758237107,67.9953214535,HIGH_PRODUCTION,0,0,110.2871699861
2024-01-19 07:00:00,RIG_001,7,19,4,62.325944416,68.4251904514,74.3650895236,0.6200515288,45.8446048069,75.3445910097,82.7786628515,HIGH_PRODUCTION,0,0,110.3334877258
2024-01-19 08:00:00,RIG_001,8,19,4,69.9443086806,65.8767656171,72.2553345926,0.6127467491,47.3338968327,69.3380417895,76.194376928,HIGH_PRODUCTION,0,0,110.3798054655
2024-01-19 09:00:00,RIG_001,9,19,4,76.4863463859,82.317361286,82.6679377029,0.6478666803,49.1449765201,75.6021770869,88.3499154234,HIGH_PRODUCTION,0,0,110.4261232052
2024-01-19 10:00:00,RIG_001,10,19,4,81.5062284735,81.2674437297,84.4399786886,0.5759706689,46.2521534038,78.5070240118,93.3318712904,HIGH_PRODUCTION,0,0,110.4724409449
2024-01-19 11:00:00,RIG_001,11,19,4,84.661858275,94.3007314388,93.9387947583,0.6774546385,50.9320712867,77.0779334961,98.7006663382,HIGH_PRODUCTION,0,0,110.5187586846
2024-01-19 12:00:00,RIG_001,12,19,4,85.7381848343,93.8686341453,93.1116911581,0.6047133989,53.509344032,84.2671846138,98.7550809605,HIGH_PRODUCTION,0,0,110.5650764243
2024-01-19 13:00:00,RIG_001,13,19,4,84.661858275,86.2668650849,85.0763935471,0.6286080092,49.3045818002,81.856342748,89.7872396381,HIGH_PRODUCTION,0,0,110.611394164
2024-01-19 14:00:00,RIG_001,14,19,4,81.5062284735,85.2482472893,89.8712839976,0.6898462445,51.1775068925,75.1811401708,98.5833933783,HIGH_PRODUCTION,0,0,110.6577119037
2024-01-19 15:00:00,RIG_001,15,19,4,76.4863463859,77.5085798399,84.711752236,0.6551769544,47.2278228811,71.5199711599,88.9385785512,HIGH_PRODUCTION,0,0,110.7040296434
2024-01-19 16:00:00,RIG_001,16,19,4,69.9443086806,75.9561619186,80.8767411338,0.6116290224,47.4243326346,74.8785627148,89.7268048657,HIGH_PRODUCTION,0,0,110.750347383
2024-01-19 17:00:00,RIG_001,17,19,4,62.325944416,73.4338524039,73.8554924623,0.5547478889,50.0647937138,70.9875808936,78.5447287784,HIGH_PRODUCTION,0,0,110.7966651227
2024-01-19 18:00:00,RIG_001,18,19,4,54.1504325269,55.5609463415,62.933584737,0.5823341561,44.3851976807,63.1986182513,65.3552055667,HIGH_PRODUCTION,0,0,110.8429828624
2024-01-19 19:00:00,RIG_001,19,19,4,45.9749206378,54.8412449226,60.8211519623,0.5490499991000001,43.690982388,70.2960894374,67.859271474,HIGH_PRODUCTION,0,0,110.8893006021
2024-01-19 20:00:00,RIG_001,20,19,4,38.3565563732,42.0583076496,52.4325733689,0.3939016164,42.2725048585,66.2668344567,56.5185698676,HIGH_PRODUCTION,0,0,110.9356183418
2024-01-19 21:00:00,RIG_001,21,19,4,36.1002883513,38.4959112191,48.7773734594,0.5385469693,40.5851949915,62.015308177,55.6388761567,HIGH_PRODUCTION,0,0,110.9819360815
2024-01-19 22:00:00,RIG_001,22,19,4,36.1002883513,41.9320712416,46.7626919171,0.5086975873,43.3761443929,58.7910271113,43.5744787624,STANDBY,0,0,111.0282538212
2024-01-19 23:00:00,RIG_001,23,19,4,36.1002883513,37.2979590902,44.8153599567,0.5563147259,38.4047712479,57.5008089734,49.8309757423,STANDBY,0,0,111.0745715609
2024-01-20 00:00:00,RIG_001,0,20,5,36.8726740701,40.6477899344,47.3032347699,0.45166340110000003,39.3026775266,62.5160248456,50.9244188736,STANDBY,0,0,111.1208893006
2024-01-20 01:00:00,RIG_001,1,20,5,36.8726740701,37.4335946592,47.6443948295,0.3381344215,36.756180132,59.7304652942,49.4546187699,STANDBY,0,0,111.1672070403
2024-01-20 02:00:00,RIG_001,2,20,5,36.8726740701,53.2535574476,56.432944318,0.5585689644,42.4554279272,64.9527884379,59.7732213124,STANDBY,0,0,111.21352478
2024-01-20 03:00:00,RIG_001,3,20,5,36.8726740701,43.6131972039,52.0891774476,0.5304571455,42.8328390896,66.1498486263,55.3680680147,STANDBY,0,0,111.2598425197
2024-01-20 04:00:00,RIG_001,4,20,5,39.1772161995,42.2497416944,51.5174982725,0.4274402847,43.1624101681,64.8744604606,56.3735408879,STANDBY,0,0,111.3061602594
2024-01-20 05:00:00,RIG_001,5,20,5,46.9585795986,54.6065798481,63.5143138385,0.5003046742,45.5722552982,70.5164019959,64.4123344546,STANDBY,0,0,111.3524779991
2024-01-20 06:00:00,RIG_001,6,20,5,55.3090111052,61.3324192135,67.61897712,0.7073533278,41.7447210703,65.4278560939,73.5677984608,HIGH_PRODUCTION,0,0,111.3987957388
2024-01-20 07:00:00,RIG_001,7,20,5,63.6594426117,69.1465906318,71.8363309195,0.5779396951,49.4529380833,69.7144024835,80.9349752752,HIGH_PRODUCTION,0,0,111.4451134785
2024-01-20 08:00:00,RIG_001,8,20,5,71.4408060109,81.1105831898,85.4730898541,0.6658454233000001,46.6006085509,76.6101200433,91.3158753449,HIGH_PRODUCTION,0,0,111.4914312182
2024-01-20 09:00:00,RIG_001,9,20,5,78.1228142462,88.5162441361,90.1624072762,0.6191667369,53.9252956823,77.8991082639,97.5893731039,HIGH_PRODUCTION,0,0,111.5377489579
2024-01-20 10:00:00,RIG_001,10,20,5,83.2500994991,87.2104327616,88.368374845,0.5434524201,51.0670391373,80.7602709763,96.6520622088,HIGH_PRODUCTION,0,0,111.5840666975
2024-01-20 11:00:00,RIG_001,11,20,5,86.4732457528,90.2139412111,90.8967854022,0.648650449,53.9585519306,78.325792481,99.6062539387,HIGH_PRODUCTION,0,0,111.63038443720001
2024-01-20 12:00:00,RIG_001,12,20,5,87.5726009166,92.8240767533,94.2875971422,0.651898811,50.5411224925,83.3915503383,104.8980132207,HIGH_PRODUCTION,0,0,111.6767021769
2024-01-20 13:00:00,RIG_001,13,20,5,86.4732457528,81.5973219125,87.6121693484,0.6116901335,52.7416657435,76.0992499789,91.1145633535,HIGH_PRODUCTION,0,0,111.7230199166
2024-01-20 14:00:00,RIG_001,14,20,5,83.2500994991,82.3147738325,86.711652061,0.6282896303000001,47.6487439659,77.8809344925,89.5562001056,HIGH_PRODUCTION,0,0,111.7693376563
2024-01-20 15:00:00,RIG_001,15,20,5,78.1228142462,91.6047628888,91.2423293297,0.6752903238,51.5642809005,76.5108840263,98.5927262746,HIGH_PRODUCTION,0,0,111.815655396
2024-01-20 16:00:00,RIG_001,16,20,5,71.4408060109,86.3201695447,89.192016476,0.6389025536,49.5838531306,75.9389124991,96.3168151349,HIGH_PRODUCTION,0,0,111.8619731357
2024-01-20 17:00:00,RIG_001,17,20,5,63.6594426117,69.0757350412,75.65907969,0.5316600602,43.7603640547,73.4555537239,82.9861055889,HIGH_PRODUCTION,0,0,111.9082908754
2024-01-20 18:00:00,RIG_001,18,20,5,55.3090111052,64.8602162087,69.2974009077,0.6067083227,46.4041091873,74.2969993744,79.9652482705,HIGH_PRODUCTION,0,0,111.9546086151
2024-01-20 19:00:00,RIG_001,19,20,5,46.9585795986,55.1901983205,62.926187793,0.4561057126,47.4097278158,68.7447703441,67.9602975194,HIGH_PRODUCTION,0,0,112.0009263548
2024-01-20 20:00:00,RIG_001,20,20,5,39.1772161995,61.2539358519,60.6873137041,0.4694329111,50.6472944076,68.12666543980001,66.965783383,HIGH_PRODUCTION,0,0,112.0472440945
2024-01-20 21:00:00,RIG_001,21,20,5,36.8726740701,49.1598118984,54.6348869894,0.5728127078,42.4842645488,68.8799486581,56.693722235,HIGH_PRODUCTION,0,0,112.0935618342
2024-01-20 22:00:00,RIG_001,22,20,5,36.8726740701,42.9292970447,52.447987696,0.542698423,42.9656868113,56.3028531446,63.853951068,STANDBY,0,0,112.1398795739
2024-01-20 23:00:00,RIG_001,23,20,5,36.8726740701,38.7981304601,45.115379875,0.5022694124,40.1637218909,57.3727356335,49.1057451113,STANDBY,0,0,112.1861973136
2024-01-21 00:00:00,RIG_001,0,21,6,38.2644650435,37.103871922,42.567055296,0.43046925070000003,40.27373437,63.1760642476,46.6424075115,STANDBY,0,0,112.2325150533
2024-01-21 01:00:00,RIG_001,1,21,6,38.2644650435,46.1603693636,48.6646372306,0.4922008922,40.8557950386,63.8904358778,52.6243875576,STANDBY,0,0,112.278832793
2024-01-21 02:00:00,RIG_001,2,21,6,38.2644650435,41.3682451188,45.7134777663,0.5002680001,40.7322151305,64.227014489,48.7787901904,STANDBY,0,0,112.3251505327
2024-01-21 03:00:00,RIG_001,3,21,6,38.2644650435,38.0456779582,45.6010287091,0.4238282085,40.5863768988,61.6069259547,48.4127175626,STANDBY,0,0,112.3714682723
2024-01-21 04:00:00,RIG_001,4,21,6,40.6559941088,44.3225588111,51.8525190895,0.4856873876,39.923720245,65.0096047271,55.2814062408,STANDBY,0,0,112.417786012
2024-01-21 05:00:00,RIG_001,5,21,6,48.7310717994,50.2297085658,55.2561387403,0.5731620576,42.4024385417,62.6257041068,56.1587509562,STANDBY,0,0,112.4641037517
2024-01-21 06:00:00,RIG_001,6,21,6,57.3966975653,72.7457301861,73.6786747796,0.6796441447,48.0695723085,73.5351773141,76.3227210188,HIGH_PRODUCTION,0,0,112.5104214914
2024-01-21 07:00:00,RIG_001,7,21,6,66.0623233312,77.3907942224,80.3095832418,0.601427602,51.0005051903,76.2004818513,91.1564725762,HIGH_PRODUCTION,0,0,112.5567392311
2024-01-21 08:00:00,RIG_001,8,21,6,74.1374010218,81.0247575826,80.7993421893,0.6713109183,48.1241250524,77.9690790866,88.0063076202,HIGH_PRODUCTION,0,0,112.6030569708
2024-01-21 09:00:00,RIG_001,9,21,6,81.0716274372,95.40551556,95.0,0.5811110420000001,53.7482944728,84.6623175519,102.7777125302,HIGH_PRODUCTION,0,0,112.6493747105
2024-01-21 10:00:00,RIG_001,10,21,6,86.3924465065,93.720403134,94.1820292877,0.7049165413,57.2541117216,78.8484162707,102.71365565,HIGH_PRODUCTION,0,0,112.6956924502
2024-01-21 11:00:00,RIG_001,11,21,6,89.7372532031,92.3788949467,95.0,0.6279073049,55.4228440419,78.5354017446,105.5024036931,HIGH_PRODUCTION,0,0,112.7420101899
2024-01-21 12:00:00,RIG_001,12,21,6,90.8781044784,105.4487352759,95.0,0.7228667984,59.0605419168,77.0651031903,94.6857323457,HIGH_PRODUCTION,0,0,112.7883279296
2024-01-21 13:00:00,RIG_001,13,21,6,89.7372532031,99.3937614937,95.0,0.6771322462,54.8973040538,78.2238942447,96.3103506541,HIGH_PRODUCTION,0,0,112.8346456693
2024-01-21 14:00:00,RIG_001,14,21,6,86.3924465065,88.175121468,87.6494083103,0.7220699185,52.6857754944,75.8732902184,90.2382373276,HIGH_PRODUCTION,0,0,112.880963409
2024-01-21 15:00:00,RIG_001,15,21,6,81.0716274372,87.0957874409,89.6948217157,0.6092747045,53.7784191936,79.2796948891,93.2856323262,HIGH_PRODUCTION,0,0,112.9272811487
2024-01-21 16:00:00,RIG_001,16,21,6,74.1374010218,76.7421108099,80.3889451655,0.6535010429,52.3060387615,71.1896298707,84.4872369938,HIGH_PRODUCTION,0,0,112.9735988884
2024-01-21 17:00:00,RIG_001,17,21,6,66.0623233312,66.1380733924,72.8598988362,0.5765185135,42.6313125223,72.230442077,76.5189661778,HIGH_PRODUCTION,0,0,113.0199166281
2024-01-21 18:00:00,RIG_001,18,21,6,57.3966975653,69.0242816799,69.0633797967,0.5914225086,44.6251878059,70.7024193531,74.7213065361,HIGH_PRODUCTION,0,0,113.0662343678
2024-01-21 19:00:00,RIG_001,19,21,6,48.7310717994,65.2817990396,65.3083873784,0.5791029109,48.9393379627,69.0530353665,70.4142735506,HIGH_PRODUCTION,0,0,113.1125521075
2024-01-21 20:00:00,RIG_001,20,21,6,40.6559941088,40.6737479385,51.5987051996,0.472373068,39.6146582731,62.9488062889,54.4302008141,HIGH_PRODUCTION,0,0,113.1588698472
2024-01-21 21:00:00,RIG_001,21,21,6,38.2644650435,48.0968505868,51.3045600941,0.5364063538,40.6807710682,63.2555860593,49.7779137632,HIGH_PRODUCTION,0,0,113.2051875868
2024-01-21 22:00:00,RIG_001,22,21,6,38.2644650435,42.0357392187,49.2196528851,0.5159808279,38.0006128307,61.3236100213,51.241046769,STANDBY,0,0,113.2515053265
2024-01-21 23:00:00,RIG_001,23,21,6,38.2644650435,42.8602728064,45.2544814606,0.5338341231,39.6050347985,57.7437241246,48.6067655007,STANDBY,0,0,113.2978230662
2024-01-22 00:00:00,RIG_001,0,22,0,40.0,44.2368969286,50.2384865825,0.5303125113,38.2544856653,62.5272064566,54.4972482721,STANDBY,0,0,113.3441408059
2024-01-22 01:00:00,RIG_001,1,22,0,40.0,42.8858603624,45.5390629776,0.5621191428,44.9036536361,61.4258536703,47.1500605996,STANDBY,0,0,113.3904585456
2024-01-22 02:00:00,RIG_001,2,22,0,40.0,47.4553700114,52.6496186519,0.5822886460000001,41.8189703989,62.6886680354,56.1771992525,STANDBY,0,0,113.4367762853
2024-01-22 03:00:00,RIG_001,3,22,0,40.0,43.0649589506,51.4333829882,0.47059608690000004,40.6503386541,64.170106873,53.0404208227,STANDBY,0,0,113.483094025
2024-01-22 04:00:00,RIG_001,4,22,0,42.5,51.0789413225,55.2538211566,0.5907930961,43.945888681,67.2995782551,59.876363102,STANDBY,0,0,113.5294117647
2024-01-22 05:00:00,RIG_001,5,22,0,50.9413334214,57.9237477287,63.8477494106,0.5087573398,46.4056272707,68.0737078325,65.6284754255,STANDBY,0,0,113.5757295044
2024-01-22 06:00:00,RIG_001,6,22,0,60.0,66.0458122812,70.1483718954,0.6220184202,48.4032293834,72.7999892557,72.6016579263,HIGH_PRODUCTION,0,0,113.6220472441
2024-01-22 07:00:00,RIG_001,7,22,0,69.0586665786,71.7683484449,74.0538777153,0.6409654445,50.089330999,73.2571903109,75.1278253224,HIGH_PRODUCTION,0,0,113.6683649838
2024-01-22 08:00:00,RIG_001,8,22,0,77.5,81.8705911846,81.1052453426,0.5449046599,49.2059566946,73.676008786,85.6447432559,HIGH_PRODUCTION,0,0,113.7146827235
2024-01-22 09:00:00,RIG_001,9,22,0,84.7487373415,95.787088969,89.2038562476,0.6870542311000001,53.3510386323,77.3475578336,91.6045129377,HIGH_PRODUCTION,0,0,113.7610004632
2024-01-22 10:00:00,RIG_001,10,22,0,90.3108891325,100.0838182299,95.0,0.6720559218000001,56.5590178684,80.9636121793,102.7203528,HIGH_PRODUCTION,0,0,113.8073182029
2024-01-22 11:00:00,RIG_001,11,22,0,93.8074039201,96.1949185164,92.3147521774,0.6460610364,52.9939515058,80.5797768846,98.5323029775,HIGH_PRODUCTION,0,0,113.8536359426
2024-01-22 12:00:00,RIG_001,12,22,0,95.0,102.7789000084,95.0,0.7714791313,55.684511738,85.0272029236,99.7904443954,HIGH_PRODUCTION,0,0,113.8999536823
2024-01-22 13:00:00,RIG_001,13,22,0,93.8074039201,104.8535256792,95.0,0.6776617057000001,57.0109089486,85.0295768386,97.607543508,HIGH_PRODUCTION,0,0,113.946271422
2024-01-22 14:00:00,RIG_001,14,22,0,90.3108891325,89.25999653,91.8424866992,0.6234314998,53.8853692971,75.1535799395,97.9840476151,HIGH_PRODUCTION,0,0,113.9925891616
2024-01-22 15:00:00,RIG_001,15,22,0,84.7487373415,94.7686197675,91.913935111,0.6842462339000001,50.1367930171,78.1245670899,98.9860377791,HIGH_PRODUCTION,0,0,114.0389069013
2024-01-22 16:00:00,RIG_001,16,22,0,77.5,81.4969103303,82.2392506255,0.6751111169,51.8037188824,76.4621265139,87.6673158621,HIGH_PRODUCTION,0,0,114.085224641
2024-01-22 17:00:00,RIG_001,17,22,0,69.0586665786,79.2286367076,81.0714757939,0.6271296503,49.3397110612,76.9725843464,90.8825813603,HIGH_PRODUCTION,0,0,114.1315423807
2024-01-22 18:00:00,RIG_001,18,22,0,60.0,63.5076286643,68.7746932567,0.6455528538,47.2918225878,71.8691970054,75.1536052109,HIGH_PRODUCTION,0,0,114.1778601204
2024-01-22 19:00:00,RIG_001,19,22,0,50.9413334214,49.247795026,58.1104365692,0.5711888796,43.8658121412,64.5827050093,65.8512582219,HIGH_PRODUCTION,0,0,114.2241778601
2024-01-22 20:00:00,RIG_001,20,22,0,42.5,41.7001075795,51.9585997273,0.4132717392,43.6408570171,58.7479643166,57.3592959739,HIGH_PRODUCTION,0,0,114.2704955998
2024-01-22 21:00:00,RIG_001,21,22,0,40.0,47.5851921631,49.823116802,0.5135494817,44.603205336,61.2787485202,56.8501101617,HIGH_PRODUCTION,0,0,114.3168133395
2024-01-22 22:00:00,RIG_001,22,22,0,40.0,48.6503275994,53.7755706893,0.5153114021,44.8557252251,65.4129988228,56.3852269913,STANDBY,0,0,114.3631310792
2024-01-22 23:00:00,RIG_001,23,22,0,40.0,42.8370796262,49.1997787534,0.5501170818000001,43.5966105449,63.8778006261,52.8245836638,STANDBY,0,0,114.4094488189
2024-01-23 00:00:00,RIG_001,0,23,1,38.2644650435,48.9824263836,49.356089573,0.4135294926,42.8283645655,61.3986897948,55.4041802335,STANDBY,0,0,114.4557665586
2024-01-23 01:00:00,RIG_001,1,23,1,38.2644650435,37.4888114394,44.277719306,0.6379252569,39.4365730339,61.3803522645,50.3040177506,STANDBY,0,0,114.5020842983
2024-01-23 02:00:00,RIG_001,2,23,1,38.2644650435,45.4729604184,50.2769584455,0.5611637942000001,43.113874271,65.5355611964,56.7997939144,STANDBY,0,0,114.548402038
2024-01-23 03:00:00,RIG_001,3,23,1,38.2644650435,39.7552260738,47.927287826,0.5250883975,41.4029684213,58.4728878496,56.2284665028,STANDBY,0,0,114.5947197777
2024-01-23 04:00:00,RIG_001,4,23,1,40.6559941088,44.9496032598,53.637481889,0.5924913457000001,40.6192683415,66.7998725833,54.3625683736,STANDBY,0,0,114.6410375174
2024-01-23 05:00:00,RIG_001,5,23,1,48.7310717994,56.5278025069,64.708862707,0.6855155312,44.9415974444,65.8257473064,66.7855050642,STANDBY,0,0,114.6873552571
2024-01-23 06:00:00,RIG_001,6,23,1,57.3966975653,60.6613157508,68.5603229058,0.6244559715,45.0951360041,71.971234063,74.2490408291,HIGH_PRODUCTION,0,0,114.7336729968
2024-01-23 07:00:00,RIG_001,7,23,1,66.0623233312,71.713178283,72.4740209437,0.6617001526,46.2204287538,69.9135961476,75.3009300483,HIGH_PRODUCTION,0,0,114.7799907365
2024-01-23 08:00:00,RIG_001,8,23,1,74.1374010218,86.7494454018,87.2938072217,0.6660880713,54.2682828332,72.9449571719,102.4271119455,HIGH_PRODUCTION,0,0,114.8263084761
2024-01-23 09:00:00,RIG_001,9,23,1,81.0716274372,85.7746960844,89.7795385392,0.6497383054,51.5540725062,74.3579978558,96.3266973967,HIGH_PRODUCTION,0,0,114.8726262158
2024-01-23 10:00:00,RIG_001,10,23,1,86.3924465065,98.1653827226,95.0,0.6703821518,58.638762196,79.1641704475,99.7650074532,HIGH_PRODUCTION,0,0,114.9189439555
2024-01-23 11:00:00,RIG_001,11,23,1,89.7372532031,91.6901422466,94.9234528086,0.6336258739,49.6715510212,76.3416029537,98.3770449894,HIGH_PRODUCTION,0,0,114.9652616952
2024-01-23 12:00:00,RIG_001,12,23,1,90.8781044784,101.1354963456,95.0,0.6691021018000001,54.1703165407,79.692644639,98.5595131504,HIGH_PRODUCTION,0,0,115.0115794349
2024-01-23 13:00:00,RIG_001,13,23,1,89.7372532031,104.5604149451,95.0,0.6463850353,56.2053814096,82.3700199325,100.0904219839,HIGH_PRODUCTION,0,0,115.0578971746
2024-01-23 14:00:00,RIG_001,14,23,1,86.3924465065,81.6564903054,86.4207146048,0.641592758,52.6888847716,73.9834089822,91.7566604027,HIGH_PRODUCTION,0,0,115.1042149143
2024-01-23 15:00:00,RIG_001,15,23,1,81.0716274372,84.7163651204,88.5768502699,0.5705178471,51.9780300253,75.2165723543,92.2067528358,HIGH_PRODUCTION,0,0,115.150532654
2024-01-23 16:00:00,RIG_001,16,23,1,74.1374010218,84.6589232792,85.0851296337,0.6643099976,51.7856763282,70.2699977862,89.2656728942,HIGH_PRODUCTION,0,0,115.1968503937
2024-01-23 17:00:00,RIG_001,17,23,1,66.0623233312,72.6902056835,75.7324818575,0.6172267592,45.9180238358,72.9821557531,84.7653355832,HIGH_PRODUCTION,0,0,115.2431681334
2024-01-23 18:00:00,RIG_001,18,23,1,57.3966975653,66.9024838756,69.4386618539,0.60921216,44.4117381744,69.8031352696,78.5921767419,HIGH_PRODUCTION,0,0,115.2894858731
2024-01-23 19:00:00,RIG_001,19,23,1,48.7310717994,53.3681504701,63.0771646389,0.5353410874,43.9870469381,70.8413240825,68.8332665787,HIGH_PRODUCTION,0,0,115.3358036128
2024-01-23 20:00:00,RIG_001,20,23,1,40.6559941088,48.7528953114,53.614879855,0.7016301899,39.4600118402,61.8071730917,54.5911006733,HIGH_PRODUCTION,0,0,115.3821213525
2024-01-23 21:00:00,RIG_001,21,23,1,38.2644650435,45.1569787928,54.5020684756,0.6051904878000001,40.2254891976,58.1222076524,61.1175779455,HIGH_PRODUCTION,0,0,115.4284390922
2024-01-23 22:00:00,RIG_001,22,23,1,38.2644650435,51.781222939,55.1402587806,0.4950155711,43.9471403929,67.3885723635,64.8031061055,STANDBY,0,0,115.4747568319
2024-01-23 23:00:00,RIG_001,23,23,1,38.2644650435,47.2213645082,47.806799745,0.5553917962,39.8406925825,65.2059904074,56.9161430509,STANDBY,0,0,115.5210745716
2024-01-24 00:00:00,RIG_001,0,24,2,36.8726740701,46.4106761193,50.5817042575,0.5111012905,44.8133809545,60.8979037742,57.784981816,STANDBY,0,0,115.5673923113
2024-01-24 01:00:00,RIG_001,1,24,2,36.8726740701,42.6702256392,43.6746757579,0.47974153080000004,43.1154290983,58.2118208268,52.9419446238,STANDBY,0,0,115.6137100509
2024-01-24 02:00:00,RIG_001,2,24,2,36.8726740701,42.2985270104,49.7019290096,0.4625320886,37.4317917559,67.3017482952,54.8620818271,STANDBY,0,0,115.6600277906
2024-01-24 03:00:00,RIG_001,3,24,2,36.8726740701,42.5807148526,51.6620376281,0.5521783612,38.7804362268,67.0165456276,58.5463465376,STANDBY,0,0,115.7063455303
2024-01-24 04:00:00,RIG_001,4,24,2,39.1772161995,49.027256294,54.2316418651,0.5160234102,37.6852595845,57.2458066121,57.1893151661,STANDBY,0,0,115.75266327
2024-01-24 05:00:00,RIG_001,5,24,2,46.9585795986,52.7383842381,59.8195735739,0.609802378,41.6194133344,64.4468461836,65.6963699424,STANDBY,0,0,115.7989810097
2024-01-24 06:00:00,RIG_001,6,24,2,55.3090111052,64.6495600941,72.698050924,0.6470189860000001,47.6951669767,74.3874441926,81.6866536559,HIGH_PRODUCTION,0,0,115.8452987494
2024-01-24 07:00:00,RIG_001,7,24,2,63.6594426117,81.9350689704,80.2201003345,0.7180673921,49.6559773581,73.1523330178,83.4518301001,HIGH_PRODUCTION,0,0,115.8916164891
2024-01-24 08:00:00,RIG_001,8,24,2,71.4408060109,83.7019995544,82.1033845585,0.6122383973000001,51.8470943758,73.6387631642,84.5190542701,HIGH_PRODUCTION,0,0,115.9379342288
2024-01-24 09:00:00,RIG_001,9,24,2,78.1228142462,84.4052142727,89.2633096181,0.6809209312000001,48.0566349316,74.4732862989,94.5557764351,HIGH_PRODUCTION,0,0,115.9842519685
2024-01-24 10:00:00,RIG_001,10,24,2,83.2500994991,97.1756344582,95.0,0.7272718930000001,55.8898591237,75.7899994162,99.3200133888,HIGH_PRODUCTION,0,0,116.0305697082
2024-01-24 11:00:00,RIG_001,11,24,2,86.4732457528,92.3592818969,93.1503670922,0.6576764867,51.9796020184,72.5934573364,100.0978102554,HIGH_PRODUCTION,0,0,116.0768874479
2024-01-24 12:00:00,RIG_001,12,24,2,87.5726009166,85.3153389109,91.2121294173,0.6218502396000001,51.3531740923,78.7522436055,94.8523508395,HIGH_PRODUCTION,0,0,116.1232051876
2024-01-24 13:00:00,RIG_001,13,24,2,86.4732457528,89.3731225293,94.034231959,0.7532734926,52.1575316296,71.2831260401,104.1895508058,HIGH_PRODUCTION,0,0,116.1695229273
2024-01-24 14:00:00,RIG_001,14,24,2,83.2500994991,81.8433958861,84.5492722969,0.6617683441000001,47.9177519297,75.2948331222,85.680244003,HIGH_PRODUCTION,0,0,116.215840667
2024-01-24 15:00:00,RIG_001,15,24,2,78.1228142462,84.3194504791,85.2779128662,0.6898053726000001,48.7736939563,77.955573622,94.0391172249,HIGH_PRODUCTION,0,0,116.2621584067
2024-01-24 16:00:00,RIG_001,16,24,2,71.4408060109,79.4940492208,84.1581785588,0.6026122517,51.8091012432,69.4945358695,86.86363087390001,HIGH_PRODUCTION,0,0,116.3084761464
2024-01-24 17:00:00,RIG_001,17,24,2,63.6594426117,80.0097281481,83.4464178071,0.5844841367,50.800416352,71.2301132366,83.0584696033,HIGH_PRODUCTION,0,0,116.3547938861
2024-01-24 18:00:00,RIG_001,18,24,2,55.3090111052,64.9186946099,70.0769784863,0.5718880416000001,48.3297717356,73.1151459482,75.7906039554,HIGH_PRODUCTION,0,0,116.4011116258
2024-01-24 19:00:00,RIG_001,19,24,2,46.9585795986,53.8450712515,58.4768616831,0.5611238618000001,44.1105842839,67.7521965361,62.713037725,HIGH_PRODUCTION,0,0,116.4474293654
2024-01-24 20:00:00,RIG_001,20,24,2,39.1772161995,51.3131860633,60.7620338614,0.5067035463,43.1142777854,63.5420986983,62.4332057576,HIGH_PRODUCTION,0,0,116.4937471051
2024-01-24 21:00:00,RIG_001,21,24,2,36.8726740701,33.8128871439,43.5689362412,0.5071066804000001,35.0012005486,63.7506131532,43.5248055661,HIGH_PRODUCTION,0,0,116.5400648448
2024-01-24 22:00:00,RIG_001,22,24,2,36.8726740701,46.0535841404,50.0336716916,0.4600810234,40.9726626416,67.4356824125,55.0085893298,STANDBY,0,0,116.5863825845
2024-01-24 23:00:00,RIG_001,23,24,2,36.8726740701,48.7367849803,52.1993400468,0.4967387851,42.1294276043,65.4281935731,60.1268507217,STANDBY,0,0,116.6327003242
2024-01-25 00:00:00,RIG_001,0,25,3,36.1002883513,36.8811458581,47.2370083563,0.5509050722000001,43.1265008611,58.3638630738,53.9918688355,STANDBY,0,0,116.6790180639
2024-01-25 01:00:00,RIG_001,1,25,3,36.1002883513,49.999794964,53.9804223212,0.5870902541,43.8738620052,63.7595923788,59.1505422677,STANDBY,0,0,116.7253358036
2024-01-25 02:00:00,RIG_001,2,25,3,36.1002883513,45.9804544464,51.4898004383,0.5254341392,44.567235975,64.6532965658,57.9263431579,STANDBY,0,0,116.7716535433
2024-01-25 03:00:00,RIG_001,3,25,3,36.1002883513,42.2184805003,50.6008111109,0.48303911120000004,41.7496955369,62.0997596627,55.5191687138,STANDBY,0,0,116.817971283
2024-01-25 04:00:00,RIG_001,4,25,3,38.3565563732,49.7220450833,55.9202563873,0.5052531138,41.0079048169,67.7334850597,56.6310836582,STANDBY,0,0,116.8642890227
2024-01-25 05:00:00,RIG_001,5,25,3,45.9749206378,65.5369119673,68.3678738486,0.5855897507,46.6184764241,65.0717513499,69.1051918929,STANDBY,0,0,116.9106067624
2024-01-25 06:00:00,RIG_001,6,25,3,54.1504325269,63.2752385036,62.9060229468,0.6298793381000001,46.2912569184,64.4997809639,67.2965173598,HIGH_PRODUCTION,0,0,116.9569245021
2024-01-25 07:00:00,RIG_001,7,25,3,62.325944416,71.7894697099,74.5510192686,0.6697936627000001,46.0690562879,72.0794542474,79.0690594095,HIGH_PRODUCTION,0,0,117.0032422418
2024-01-25 08:00:00,RIG_001,8,25,3,69.9443086806,75.8768742062,80.0087683936,0.6110022758,48.2004437984,71.2884290204,87.5617164291,HIGH_PRODUCTION,0,0,117.0495599815
2024-01-25 09:00:00,RIG_001,9,25,3,76.4863463859,80.4734422229,81.638891416,0.5921292163,49.7068265684,72.2608868228,88.9108040873,HIGH_PRODUCTION,0,0,117.0958777212
2024-01-25 10:00:00,RIG_001,10,25,3,81.5062284735,93.9011729015,94.0415536068,0.7036644824,56.6865328905,72.8661817129,100.8569526541,HIGH_PRODUCTION,0,0,117.1421954609
2024-01-25 11:00:00,RIG_001,11,25,3,84.661858275,88.6316521517,90.4974554593,0.6334722607000001,47.9964319871,76.6481331799,94.6566073201,HIGH_PRODUCTION,0,0,117.1885132006
2024-01-25 12:00:00,RIG_001,12,25,3,85.7381848343,94.3531766875,95.0,0.6660862219,55.9999310133,78.1476876823,95.8580434897,HIGH_PRODUCTION,0,0,117.2348309403
2024-01-25 13:00:00,RIG_001,13,25,3,84.661858275,90.5376793693,95.0,0.7470014373,50.7608293724,79.1217407566,101.2362134112,HIGH_PRODUCTION,0,0,117.2811486799
2024-01-25 14:00:00,RIG_001,14,25,3,81.5062284735,92.1721835913,91.2999022468,0.7271821879,50.2988875233,77.8583734768,97.8754101866,HIGH_PRODUCTION,0,0,117.3274664196
2024-01-25 15:00:00,RIG_001,15,25,3,76.4863463859,86.4326605623,87.2147751638,0.6766918339,53.9680494007,75.531985934,85.0491807763,HIGH_PRODUCTION,0,0,117.3737841593
2024-01-25 16:00:00,RIG_001,16,25,3,69.9443086806,83.4169597129,83.9022806965,0.5963353367,52.3180360667,78.5560898242,86.3992661367,HIGH_PRODUCTION,0,0,117.420101899
2024-01-25 17:00:00,RIG_001,17,25,3,62.325944416,68.0677613937,72.0078902447,0.6246387911,49.5259777532,66.4829265078,74.9347271125,HIGH_PRODUCTION,0,0,117.4664196387
2024-01-25 18:00:00,RIG_001,18,25,3,54.1504325269,61.0999044833,67.0499926581,0.6464835275,46.8763800159,69.9391390015,72.4050432614,HIGH_PRODUCTION,0,0,117.5127373784
2024-01-25 19:00:00,RIG_001,19,25,3,45.9749206378,49.3868963527,56.045021313,0.5396152262,46.4664140917,59.8026274114,58.6349400147,HIGH_PRODUCTION,0,0,117.5590551181
2024-01-25 20:00:00,RIG_001,20,25,3,38.3565563732,44.4478320276,50.4074685467,0.611320692,42.2294056808,60.8192639683,55.2930648402,HIGH_PRODUCTION,0,0,117.6053728578
2024-01-25 21:00:00,RIG_001,21,25,3,36.1002883513,46.3064804322,53.3724564577,0.6141634682,41.2636653558,60.2539727318,57.7408516366,HIGH_PRODUCTION,0,0,117.6516905975
2024-01-25 22:00:00,RIG_001,22,25,3,36.1002883513,48.2118687112,53.2579771649,0.6386142811000001,42.7388199324,66.8093882197,57.7805287503,STANDBY,0,0,117.6980083372
2024-01-25 23:00:00,RIG_001,23,25,3,36.1002883513,39.823046668,44.5577898712,0.5457086006,42.4426999237,61.7506832996,47.4086069901,STANDBY,0,0,117.7443260769
2024-01-26 00:00:00,RIG_001,0,26,4,36.1002883513,48.9446704498,53.1575131314,0.5873661716,40.6774169619,64.6428914012,56.2405579692,STANDBY,0,0,117.7906438166
2024-01-26 01:00:00,RIG_001,1,26,4,36.1002883513,51.3817778042,51.8385046139,0.6362025441,41.541667286,62.0943343781,53.5977034346,STANDBY,0,0,117.8369615563
2024-01-26 02:00:00,RIG_001,2,26,4,36.1002883513,46.6777106873,51.5847536582,0.5739359461,41.0515076426,63.1042327184,57.7249559799,STANDBY,0,0,117.883279296
2024-01-26 03:00:00,RIG_001,3,26,4,36.1002883513,54.0014628949,58.3847115127,0.5486610714,39.2912001262,63.9100429585,65.0980193985,STANDBY,0,0,117.9295970357
2024-01-26 04:00:00,RIG_001,4,26,4,38.3565563732,43.0117535195,51.7398269823,0.5185117778,41.0290951967,64.0538911004,54.4279731319,STANDBY,0,0,117.9759147754
2024-01-26 05:00:00,RIG_001,5,26,4,45.9749206378,48.282737924,57.8085722179,0.5688648915,38.2984270731,61.5115479712,67.3704925059,STANDBY,0,0,118.0222325151
2024-01-26 06:00:00,RIG_001,6,26,4,54.1504325269,53.7948697461,61.2440625599,0.5091307392000001,43.5548360624,70.1278440194,65.3002582176,HIGH_PRODUCTION,0,0,118.0685502547
2024-01-26 07:00:00,RIG_001,7,26,4,62.325944416,78.3511520982,78.6883104529,0.6403499825,51.3183675368,68.4786042806,88.2788673242,HIGH_PRODUCTION,0,0,118.1148679944
2024-01-26 08:00:00,RIG_001,8,26,4,69.9443086806,81.768070748,82.649123587,0.7127763111000001,49.4882647657,72.110861727,85.7227420655,HIGH_PRODUCTION,0,0,118.1611857341
2024-01-26 09:00:00,RIG_001,9,26,4,76.4863463859,84.7673044779,85.0240802432,0.5575692348,54.5460578599,80.4617928733,83.9443469134,HIGH_PRODUCTION,0,0,118.2075034738
2024-01-26 10:00:00,RIG_001,10,26,4,81.5062284735,91.4719007127,91.4577953316,0.7641550921,49.9469733793,76.1361539699,97.6643888064,HIGH_PRODUCTION,0,0,118.2538212135
2024-01-26 11:00:00,RIG_001,11,26,4,84.661858275,87.607189807,87.1944838968,0.7321408362,54.284318815,72.3375209489,92.9401192121,HIGH_PRODUCTION,0,0,118.3001389532
2024-01-26 12:00:00,RIG_001,12,26,4,85.7381848343,106.5466691618,95.0,0.7100376035,57.9869414033,82.6212154362,100.1031813859,HIGH_PRODUCTION,0,0,118.3464566929
2024-01-26 13:00:00,RIG_001,13,26,4,84.661858275,93.8946362753,93.4944373887,0.7224245479,50.0415925722,76.7422141559,96.5677399534,HIGH_PRODUCTION,0,0,118.3927744326
2024-01-26 14:00:00,RIG_001,14,26,4,81.5062284735,90.6468221979,90.803937044,0.6858542216,58.0832941476,74.6864358925,95.7002203676,HIGH_PRODUCTION,0,0,118.4390921723
2024-01-26 15:00:00,RIG_001,15,26,4,76.4863463859,88.7157469177,88.4033075084,0.7415883988,52.0514461584,73.3271116429,91.8695291348,HIGH_PRODUCTION,0,0,118.485409912
2024-01-26 16:00:00,RIG_001,16,26,4,69.9443086806,80.9568699125,82.4505935478,0.7061316775,48.4842494338,82.5921817906,86.5435448488,HIGH_PRODUCTION,0,0,118.5317276517
2024-01-26 17:00:00,RIG_001,17,26,4,62.325944416,72.0598272716,76.26533176,0.5604881272000001,45.2007824283,70.8632924809,83.7902285273,HIGH_PRODUCTION,0,0,118.5780453914
2024-01-26 18:00:00,RIG_001,18,26,4,54.1504325269,58.8194706448,67.0407165352,0.6203189851,44.2648316059,61.8691391125,72.5933682238,HIGH_PRODUCTION,0,0,118.6243631311
2024-01-26 19:00:00,RIG_001,19,26,4,45.9749206378,56.9606204796,60.8062894732,0.5752831922,43.9853413751,71.5693154209,67.6361436352,HIGH_PRODUCTION,0,0,118.6706808708
2024-01-26 20:00:00,RIG_001,20,26,4,38.3565563732,56.4019845727,57.4347890328,0.5882155767,44.3057872002,68.7538080871,61.739183513,HIGH_PRODUCTION,0,0,118.7169986105
2024-01-26 21:00:00,RIG_001,21,26,4,36.1002883513,51.4696419601,53.1408421021,0.5330535962,42.2718181776,63.141493295,57.1147900647,HIGH_PRODUCTION,0,0,118.7633163502
2024-01-26 22:00:00,RIG_001,22,26,4,36.1002883513,52.7154225235,53.7266444414,0.6607916574,44.4453062511,63.015269491,55.2661968487,STANDBY,0,0,118.8096340899
2024-01-26 23:00:00,RIG_001,23,26,4,36.1002883513,42.2003586691,46.8889659555,0.5940279743,39.7748300019,64.6805259892,50.7788561178,STANDBY,0,0,118.8559518296
2024-01-27 00:00:00,RIG_001,0,27,5,36.8726740701,40.7422838216,44.9053781606,0.5008473715,36.3156427209,61.481930164,39.9420344938,STANDBY,0,0,118.9022695692
2024-01-27 01:00:00,RIG_001,1,27,5,36.8726740701,45.0683209834,46.7213526512,0.4842687818,40.9683572545,57.7425628397,49.9506867523,STANDBY,0,0,118.9485873089
2024-01-27 02:00:00,RIG_001,2,27,5,36.8726740701,45.9828278063,49.7492517985,0.5346444721,36.7607516448,69.15656823570001,54.503629267,STANDBY,0,0,118.9949050486
2024-01-27 03:00:00,RIG_001,3,27,5,36.8726740701,51.1821084981,55.4152640896,0.5914363490000001,43.5030683863,64.0526611628,62.1062850524,STANDBY,0,0,119.0412227883
2024-01-27 04:00:00,RIG_001,4,27,5,39.1772161995,39.5603175475,50.9262494602,0.547041407,37.9314789263,66.3548104737,55.1202158276,STANDBY,0,0,119.087540528
2024-01-27 05:00:00,RIG_001,5,27,5,46.9585795986,63.4587033535,64.8898235451,0.6695681844,46.1913965482,72.8729158799,70.9328441718,STANDBY,0,0,119.1338582677
2024-01-27 06:00:00,RIG_001,6,27,5,55.3090111052,63.3782914308,67.2009792142,0.6463515644000001,48.4727228208,66.0104587958,65.66161323,HIGH_PRODUCTION,0,0,119.1801760074
2024-01-27 07:00:00,RIG_001,7,27,5,63.6594426117,70.3913047415,72.451938588,0.6765583405000001,45.7003287948,74.2169610155,77.2814280314,HIGH_PRODUCTION,0,0,119.2264937471
2024-01-27 08:00:00,RIG_001,8,27,5,71.4408060109,75.253499275,79.0892212242,0.6591945138,50.9358873358,70.6217221329,79.0507128455,HIGH_PRODUCTION,0,0,119.2728114868
2024-01-27 09:00:00,RIG_001,9,27,5,78.1228142462,78.7286936883,81.1972131941,0.5839976615,48.8153942887,68.0185063461,82.5723026471,HIGH_PRODUCTION,0,0,119.3191292265
2024-01-27 10:00:00,RIG_001,10,27,5,83.2500994991,96.2530628813,95.0,0.69643605,57.5696553244,77.6021243663,99.4385033564,HIGH_PRODUCTION,0,0,119.3654469662
2024-01-27 11:00:00,RIG_001,11,27,5,86.4732457528,95.733893712,91.5960098537,0.757853227,53.2031682016,79.9130806189,100.4248018173,HIGH_PRODUCTION,0,0,119.4117647059
2024-01-27 12:00:00,RIG_001,12,27,5,87.5726009166,90.0238022021,91.2950219763,0.68532759,50.8249645795,75.6189307166,97.4086422668,HIGH_PRODUCTION,0,0,119.4580824456
2024-01-27 13:00:00,RIG_001,13,27,5,86.4732457528,88.9058053377,91.6731044913,0.7098895352,53.6009282352,75.7505965785,96.7277974827,HIGH_PRODUCTION,0,0,119.5044001853
2024-01-27 14:00:00,RIG_001,14,27,5,83.2500994991,90.4860771088,91.5875185282,0.6737236873,51.749939818,80.5765212674,96.5289273598,HIGH_PRODUCTION,0,0,119.550717925
2024-01-27 15:00:00,RIG_001,15,27,5,78.1228142462,95.3897706398,95.0,0.6530668622,52.1645436317,78.9364131328,97.8591133204,HIGH_PRODUCTION,0,0,119.5970356647
2024-01-27 16:00:00,RIG_001,16,27,5,71.4408060109,79.0716456821,82.1425874584,0.6496211475,48.8122317191,71.1915987708,85.5106372183,HIGH_PRODUCTION,0,0,119.6433534044
2024-01-27 17:00:00,RIG_001,17,27,5,63.6594426117,65.0794719352,69.1101263282,0.6294494725,46.1806549194,71.6299325516,75.3922544646,HIGH_PRODUCTION,0,0,119.689671144
2024-01-27 18:00:00,RIG_001,18,27,5,55.3090111052,63.0229875347,67.6228640267,0.5752285322,48.4401071462,69.4999229613,68.4667824713,HIGH_PRODUCTION,0,0,119.7359888837
2024-01-27 19:00:00,RIG_001,19,27,5,46.9585795986,54.5446011608,57.1037156687,0.5709774677,39.7679747993,58.7985659439,63.8828778196,HIGH_PRODUCTION,0,0,119.7823066234
2024-01-27 20:00:00,RIG_001,20,27,5,39.1772161995,34.6493700567,46.6284225354,0.4762894455,38.7085038321,61.6798697583,50.4629013341,HIGH_PRODUCTION,0,0,119.8286243631
2024-01-27 21:00:00,RIG_001,21,27,5,36.8726740701,45.5647344704,50.0158743187,0.6121562177000001,42.6409908069,64.8449064643,57.4925455433,HIGH_PRODUCTION,0,0,119.8749421028
2024-01-27 22:00:00,RIG_001,22,27,5,36.8726740701,44.6884838129,51.7156676086,0.5390277029,41.5590181032,63.4669085326,59.5989479803,STANDBY,0,0,119.9212598425
2024-01-27 23:00:00,RIG_001,23,27,5,36.8726740701,49.3311359489,50.7721944099,0.6405014954,44.9525143261,67.4744425279,50.7529423723,STANDBY,0,0,119.9675775822
2024-01-28 00:00:00,RIG_001,0,28,6,38.2644650435,56.6468325256,55.7545676838,0.6664334714,44.0130174719,64.9768690047,59.0098253941,STANDBY,0,0,120.0138953219
2024-01-28 01:00:00,RIG_001,1,28,6,38.2644650435,53.0418248595,52.8265726226,0.5753140286,42.8913533305,66.9220468243,55.2599895588,STANDBY,0,0,120.0602130616
2024-01-28 02:00:00,RIG_001,2,28,6,38.2644650435,46.07150392,54.1924018254,0.5082181983,42.702535074,59.1205730625,53.7542179302,STANDBY,0,0,120.1065308013
2024-01-28 03:00:00,RIG_001,3,28,6,38.2644650435,41.89026549,48.8348195123,0.44198729670000003,40.6711940024,63.7883507972,50.7372196836,STANDBY,0,0,120.152848541
2024-01-28 04:00:00,RIG_001,4,28,6,40.6559941088,62.6881707761,67.2780165526,0.5352593238,44.8912252175,74.6656303195,79.6017840884,STANDBY,0,0,120.1991662807
2024-01-28 05:00:00,RIG_001,5,28,6,48.7310717994,58.1994892815,64.4774447323,0.5268886627,45.5821603996,64.4752777271,71.305974421,STANDBY,0,0,120.2454840204
2024-01-28 06:00:00,RIG_001,6,28,6,57.3966975653,66.6456169979,70.9515036534,0.6900275394000001,45.356347663,67.7142787034,81.7033675592,HIGH_PRODUCTION,0,0,120.2918017601
2024-01-28 07:00:00,RIG_001,7,28,6,66.0623233312,75.1279185297,77.8847697733,0.6525274629000001,47.5596253284,70.4083292302,85.3720650933,HIGH_PRODUCTION,0,0,120.3381194998
2024-01-28 08:00:00,RIG_001,8,28,6,74.1374010218,84.3209931206,85.3801904688,0.6939809545000001,50.0242602366,75.6862926136,88.1546609858,HIGH_PRODUCTION,0,0,120.3844372395
2024-01-28 09:00:00,RIG_001,9,28,6,81.0716274372,89.5499413335,85.5314738909,0.5793517935,55.0936236537,73.6758735815,89.3861603009,HIGH_PRODUCTION,0,0,120.4307549792
2024-01-28 10:00:00,RIG_001,10,28,6,86.3924465065,92.7312000889,92.0091564953,0.6402035697,46.7407673103,79.0831021628,98.7744650361,HIGH_PRODUCTION,0,0,120.4770727189
2024-01-28 11:00:00,RIG_001,11,28,6,89.7372532031,96.2169697747,95.0,0.75509846,54.8454401132,81.4056107688,101.3125186104,HIGH_PRODUCTION,0,0,120.5233904585
2024-01-28 12:00:00,RIG_001,12,28,6,90.8781044784,99.9352970661,95.0,0.7364234296000001,55.0523678949,81.5836307602,98.2679739529,HIGH_PRODUCTION,0,0,120.5697081982
2024-01-28 13:00:00,RIG_001,13,28,6,89.7372532031,96.2480359472,92.665848485,0.7038479477,50.7002680683,73.5691645072,93.1358689733,HIGH_PRODUCTION,0,0,120.6160259379
2024-01-28 14:00:00,RIG_001,14,28,6,86.3924465065,92.0630718538,92.0612374414,0.7270807082,53.6352215217,80.6044245516,106.9245210035,HIGH_PRODUCTION,0,0,120.6623436776
2024-01-28 15:00:00,RIG_001,15,28,6,81.0716274372,90.8455804973,93.5724135804,0.7771612775000001,53.662899108,80.0657763919,98.1489645634,HIGH_PRODUCTION,0,0,120.7086614173
2024-01-28 16:00:00,RIG_001,16,28,6,74.1374010218,82.1112645173,85.7605421415,0.6583015870000001,51.707094592,77.1238634722,89.7833254619,HIGH_PRODUCTION,0,0,120.754979157
2024-01-28 17:00:00,RIG_001,17,28,6,66.0623233312,82.8379855177,81.6493356527,0.6751876343000001,45.4058402533,75.9699224013,86.9893390444,HIGH_PRODUCTION,0,0,120.8012968967
2024-01-28 18:00:00,RIG_001,18,28,6,57.3966975653,53.4044934278,63.9455946108,0.5932337848,46.0839021807,66.681915971,68.2174088429,HIGH_PRODUCTION,0,0,120.8476146364
2024-01-28 19:00:00,RIG_001,19,28,6,48.7310717994,63.4581986244,65.2713527731,0.7335558071,44.3890762467,72.1346277817,70.6395394962,HIGH_PRODUCTION,0,0,120.8939323761
2024-01-28 20:00:00,RIG_001,20,28,6,40.6559941088,56.1629602976,56.2900330049,0.4872820681,45.4138755679,72.6194285521,65.1508748633,HIGH_PRODUCTION,0,0,120.9402501158
2024-01-28 21:00:00,RIG_001,21,28,6,38.2644650435,37.1810017688,44.8028148356,0.5696504275000001,40.7773980036,58.2951791406,49.4291693965,HIGH_PRODUCTION,0,0,120.9865678555
2024-01-28 22:00:00,RIG_001,22,28,6,38.2644650435,45.8414626214,53.7024518796,0.5559158178,39.7069714841,66.9868149738,55.2143205616,STANDBY,0,0,121.0328855952
2024-01-28 23:00:00,RIG_001,23,28,6,38.2644650435,45.7046439228,49.1473935797,0.5897693314,42.7470808854,63.4527418828,53.6624621963,STANDBY,0,0,121.0792033349
2024-01-29 00:00:00,RIG_001,0,29,0,40.0,42.4186080888,46.9643968945,0.5188892809,39.8336655404,62.3365632705,50.5711915503,STANDBY,0,0,121.1255210746
2024-01-29 01:00:00,RIG_001,1,29,0,40.0,45.5740307853,49.0173354683,0.5589611961000001,37.2507533377,59.0626171645,58.2890322801,STANDBY,0,0,121.1718388143
2024-01-29 02:00:00,RIG_001,2,29,0,40.0,43.9171826569,53.230379543,0.5921947032,43.3147795153,62.3207865685,61.7437367372,STANDBY,0,0,121.218156554
2024-01-29 03:00:00,RIG_001,3,29,0,40.0,58.2383617623,62.5380806386,0.7554184925,43.0095005145,64.4797136548,67.8606556399,STANDBY,0,0,121.2644742937
2024-01-29 04:00:00,RIG_001,4,29,0,42.5,56.6623491719,64.43496997,0.6356320251,42.4566003675,65.6071414631,65.5987624056,STANDBY,0,0,121.3107920333
2024-01-29 05:00:00,RIG_001,5,29,0,50.9413334214,66.7900137635,67.6853654765,0.5833952005,45.8913717048,66.7424449777,69.0076886862,STANDBY,0,0,121.357109773
2024-01-29 06:00:00,RIG_001,6,29,0,60.0,73.1062128483,74.4549766865,0.6237443645,48.8210266627,70.5851386925,79.5003464712,HIGH_PRODUCTION,0,0,121.4034275127
2024-01-29 07:00:00,RIG_001,7,29,0,69.0586665786,72.9182079115,72.7881920089,0.6218828993000001,48.1150111562,70.6571313024,78.7971609169,HIGH_PRODUCTION,0,0,121.4497452524
2024-01-29 08:00:00,RIG_001,8,29,0,77.5,84.3891465186,87.5873567634,0.5893695329,52.1934204791,75.6070087109,91.4634883054,HIGH_PRODUCTION,0,0,121.4960629921
2024-01-29 09:00:00,RIG_001,9,29,0,84.7487373415,96.7143056586,91.3498785421,0.6998079303,51.4995976816,74.1700421107,94.9093697895,HIGH_PRODUCTION,0,0,121.5423807318
2024-01-29 10:00:00,RIG_001,10,29,0,90.3108891325,93.7258932599,93.5972903137,0.7441739278,51.9467005741,73.7812135347,96.8188926142,HIGH_PRODUCTION,0,0,121.5886984715
2024-01-29 11:00:00,RIG_001,11,29,0,93.8074039201,106.9049869038,95.0,0.6835434196,56.4942525813,83.1572388833,99.9298181193,HIGH_PRODUCTION,0,0,121.6350162112
2024-01-29 12:00:00,RIG_001,12,29,0,95.0,103.337911503,95.0,0.7891632029000001,59.6302524611,78.6090590997,92.8517129438,HIGH_PRODUCTION,0,0,121.6813339509
2024-01-29 13:00:00,RIG_001,13,29,0,93.8074039201,101.4797860371,95.0,0.7557387059,55.1423214325,83.6675251818,96.6960201137,HIGH_PRODUCTION,0,0,121.7276516906
2024-01-29 14:00:00,RIG_001,14,29,0,90.3108891325,103.4191227892,95.0,0.70064158,58.0252252246,81.7015460028,98.1188474637,HIGH_PRODUCTION,0,0,121.7739694303
2024-01-29 15:00:00,RIG_001,15,29,0,84.7487373415,96.5304353756,92.4968700686,0.7097959729000001,54.2097191815,80.7794170633,101.1193796534,HIGH_PRODUCTION,0,0,121.82028717
2024-01-29 16:00:00,RIG_001,16,29,0,77.5,85.2624983085,84.0609613953,0.7631700049,50.3483073023,79.8108264538,86.6195204695,HIGH_PRODUCTION,0,0,121.8666049097
2024-01-29 17:00:00,RIG_001,17,29,0,69.0586665786,84.429592394,84.3949756208,0.7176178585,50.6139492503,74.3997452828,89.9363800463,HIGH_PRODUCTION,0,0,121.9129226494
2024-01-29 18:00:00,RIG_001,18,29,0,60.0,64.1759078215,66.2958191068,0.6208038678000001,45.7071375313,67.5293122302,71.9754473596,HIGH_PRODUCTION,0,0,121.9592403891
2024-01-29 19:00:00,RIG_001,19,29,0,50.9413334214,63.6091835766,66.5360406392,0.6069656174,47.1095873721,71.6978628298,75.4297901562,HIGH_PRODUCTION,0,0,122.0055581288
2024-01-29 20:00:00,RIG_001,20,29,0,42.5,55.0606260713,61.4722939474,0.5972198352,46.514379053,68.0467285132,70.2600261683,HIGH_PRODUCTION,0,0,122.0518758685
2024-01-29 21:00:00,RIG_001,21,29,0,40.0,48.0543352458,52.149354169,0.5469676023,42.7329455068,63.8543096443,56.9768452626,HIGH_PRODUCTION,0,0,122.0981936082
2024-01-29 22:00:00,RIG_001,22,29,0,40.0,51.2396802145,52.379767117,0.4770596107,45.1840754111,69.5462779652,55.9533128934,STANDBY,0,0,122.1445113478
2024-01-29 23:00:00,RIG_001,23,29,0,40.0,43.3603948824,47.8277810687,0.6609533965000001,38.9105192453,62.3713855352,50.8362817603,STANDBY,0,0,122.1908290875
2024-01-30 00:00:00,RIG_001,0,30,1,38.2644650435,52.6579276652,55.9542070159,0.5946886203,42.3352208987,65.8956992122,60.2310173485,STANDBY,0,0,122.2371468272
2024-01-30 01:00:00,RIG_001,1,30,1,38.2644650435,47.120229548,50.9329463804,0.5904019102,40.3314523186,64.1997368169,54.6308463174,STANDBY,0,0,122.2834645669
2024-01-30 02:00:00,RIG_001,2,30,1,38.2644650435,45.4380727885,49.2722118536,0.5627379601,41.9884073789,60.8276401519,55.9330940817,STANDBY,0,0,122.3297823066
2024-01-30 03:00:00,RIG_001,3,30,1,38.2644650435,53.3036816813,57.2931080616,0.5526596052,42.60800365,66.2238606728,63.5540375141,STANDBY,0,0,122.3761000463
2024-01-30 04:00:00,RIG_001,4,30,1,40.6559941088,46.9353938255,51.9566519957,0.5611996286000001,43.1933943305,68.2708986799,58.7320555691,STANDBY,0,0,122.422417786
2024-01-30 05:00:00,RIG_001,5,30,1,48.7310717994,51.496831148,60.1902653489,0.5043956974,41.0122043637,66.7839542905,68.9681164832,STANDBY,0,0,122.4687355257
2024-01-30 06:00:00,RIG_001,6,30,1,57.3966975653,59.4285651891,66.4743537289,0.7222002335000001,44.9432032439,67.9217598359,77.0629610931,HIGH_PRODUCTION,0,0,122.5150532654
2024-01-30 07:00:00,RIG_001,7,30,1,66.0623233312,78.9143342403,78.8035359627,0.6052628868000001,51.1022993821,73.1889984286,84.177526143,HIGH_PRODUCTION,0,0,122.5613710051
2024-01-30 08:00:00,RIG_001,8,30,1,74.1374010218,77.5641630727,78.8613262467,0.61152493,45.2604352181,74.261850007,87.1597175609,HIGH_PRODUCTION,0,0,122.6076887448
2024-01-30 09:00:00,RIG_001,9,30,1,81.0716274372,99.6814548214,93.6923652978,0.7076474302,59.16362632,82.1537363319,97.6373847463,HIGH_PRODUCTION,0,0,122.6540064845
2024-01-30 10:00:00,RIG_001,10,30,1,86.3924465065,85.8256036023,89.4932000643,0.7526818939000001,50.8900971308,77.5753975734,98.0482210151,HIGH_PRODUCTION,0,0,122.7003242242
2024-01-30 11:00:00,RIG_001,11,30,1,89.7372532031,108.0692868408,95.0,0.7559198783000001,52.9672418828,81.4251914668,103.1845274715,HIGH_PRODUCTION,0,0,122.7466419639
2024-01-30 12:00:00,RIG_001,12,30,1,90.8781044784,101.7898912715,95.0,0.6747347228,55.763660615,81.5113121638,103.0252479098,HIGH_PRODUCTION,0,0,122.7929597036
2024-01-30 13:00:00,RIG_001,13,30,1,89.7372532031,99.1173347619,95.0,0.7914260321000001,54.8462206264,81.175019652,100.2822095236,HIGH_PRODUCTION,0,0,122.8392774433
2024-01-30 14:00:00,RIG_001,14,30,1,86.3924465065,93.5384458515,88.877216704,0.7487077496,53.2208227037,75.0399487929,91.872142212,HIGH_PRODUCTION,0,0,122.885595183
2024-01-30 15:00:00,RIG_001,15,30,1,81.0716274372,92.944850449,90.2545290576,0.7374839509000001,55.2185948381,78.3881467582,91.070943744,HIGH_PRODUCTION,0,0,122.9319129226
2024-01-30 16:00:00,RIG_001,16,30,1,74.1374010218,83.8337176107,84.2381127007,0.7192007875,52.4533193455,68.6662036243,89.1180010781,HIGH_PRODUCTION,0,0,122.9782306623
2024-01-30 17:00:00,RIG_001,17,30,1,66.0623233312,81.4702705032,79.1333478288,0.7962271001,50.9633200079,75.8886822804,88.7323854555,HIGH_PRODUCTION,0,0,123.024548402
2024-01-30 18:00:00,RIG_001,18,30,1,57.3966975653,67.8662212315,68.8467199893,0.7451368730000001,47.8668665758,72.3408955331,72.9171852852,HIGH_PRODUCTION,0,0,123.0708661417
2024-01-30 19:00:00,RIG_001,19,30,1,48.7310717994,59.3879136905,62.2266367405,0.5762967094,44.6382615237,70.0590124845,69.5820164969,HIGH_PRODUCTION,0,0,123.1171838814
2024-01-30 20:00:00,RIG_001,20,30,1,40.6559941088,48.7502137924,55.8345137321,0.6600988975000001,45.7385351466,63.4399235812,63.3663679337,HIGH_PRODUCTION,0,0,123.1635016211
2024-01-30 21:00:00,RIG_001,21,30,1,38.2644650435,47.8989653306,52.7078669121,0.5956945829,39.0163492959,65.2968301043,56.8568082493,HIGH_PRODUCTION,0,0,123.2098193608
2024-01-30 22:00:00,RIG_001,22,30,1,38.2644650435,49.7296499547,48.4331242759,0.6071682891,42.7117158371,69.190756523,57.3821587884,STANDBY,0,0,123.2561371005
2024-01-30 23:00:00,RIG_001,23,30,1,38.2644650435,39.6467468079,41.8192411691,0.46753651820000003,40.0417359643,66.1353329872,38.0932589357,STANDBY,0,0,123.3024548402
2024-01-31 00:00:00,RIG_001,0,31,2,36.8726740701,40.2207722851,44.9187330153,0.5455381189,41.6817538834,61.9787135879,46.2504821791,STANDBY,0,0,123.3487725799
2024-01-31 01:00:00,RIG_001,1,31,2,36.8726740701,50.6849675267,53.5989470778,0.5449940843000001,40.9835341268,65.6234491502,55.8520501887,STANDBY,0,0,123.3950903196
2024-01-31 02:00:00,RIG_001,2,31,2,36.8726740701,47.8299219082,46.2747402292,0.6186583387,38.4701352723,67.6817100067,48.8155951606,STANDBY,0,0,123.4414080593
2024-01-31 03:00:00,RIG_001,3,31,2,36.8726740701,46.0626256967,50.9812608162,0.6256928053,41.8293024564,59.3163816632,56.9900496698,STANDBY,0,0,123.487725799
2024-01-31 04:00:00,RIG_001,4,31,2,39.1772161995,49.3862018342,54.5792253875,0.47857046210000004,42.909011443,63.8466333222,60.4493387966,STANDBY,0,0,123.5340435387
2024-01-31 05:00:00,RIG_001,5,31,2,46.9585795986,58.8202517557,65.998274249,0.6096804572,47.6842617578,71.6527868933,72.1802459656,STANDBY,0,0,123.5803612784
2024-01-31 06:00:00,RIG_001,6,31,2,55.3090111052,62.7409239949,66.8745107735,0.6788225633,43.1445069061,71.7478788235,73.6627552559,HIGH_PRODUCTION,0,0,123.6266790181
2024-01-31 07:00:00,RIG_001,7,31,2,63.6594426117,69.9055779369,74.7798770925,0.6350747727,49.7857820177,72.079464714,76.929563385,HIGH_PRODUCTION,0,0,123.67299675780001
2024-01-31 08:00:00,RIG_001,8,31,2,71.4408060109,82.5646388995,83.8212976199,0.7190243569,55.3759884529,70.2518944539,85.1667694195,HIGH_PRODUCTION,0,0,123.7193144975
2024-01-31 09:00:00,RIG_001,9,31,2,78.1228142462,83.3825046322,81.4252240692,0.7027683162,50.090096383,74.8650206905,87.6141831152,HIGH_PRODUCTION,0,0,123.7656322371
2024-01-31 10:00:00,RIG_001,10,31,2,83.2500994991,95.4498652127,95.0,0.7386804071,51.2805818642,76.8652133751,98.1093037791,HIGH_PRODUCTION,0,0,123.8119499768
2024-01-31 11:00:00,RIG_001,11,31,2,86.4732457528,88.1257773276,91.0336660178,0.6862446539,51.2174955992,77.4308499067,91.3222408817,HIGH_PRODUCTION,0,0,123.8582677165
2024-01-31 12:00:00,RIG_001,12,31,2,87.5726009166,102.8907763601,95.0,0.6834616307,55.7507040248,78.4391928537,102.9140328536,HIGH_PRODUCTION,0,0,123.9045854562
2024-01-31 13:00:00,RIG_001,13,31,2,86.4732457528,99.0155780828,95.0,0.6767738397,55.8814702707,76.6275032399,104.1853057195,HIGH_PRODUCTION,0,0,123.9509031959
2024-01-31 14:00:00,RIG_001,14,31,2,83.2500994991,94.7165407495,89.589901801,0.7556061317,52.4963457277,72.2203663918,99.2613844701,HIGH_PRODUCTION,0,0,123.9972209356
2024-01-31 15:00:00,RIG_001,15,31,2,78.1228142462,93.2295094058,95.0,0.7168355957,56.4177744197,81.6342668767,100.5610231644,HIGH_PRODUCTION,0,0,124.0435386753
2024-01-31 16:00:00,RIG_001,16,31,2,71.4408060109,89.96836613400001,87.4061246416,0.6993389118000001,50.2630269035,75.7911983059,94.2839209295,HIGH_PRODUCTION,0,0,124.089856415
2024-01-31 17:00:00,RIG_001,17,31,2,63.6594426117,78.9384284986,80.0082672688,0.65216548,46.2561968203,74.1529659007,89.1178719389,HIGH_PRODUCTION,0,0,124.1361741547
2024-01-31 18:00:00,RIG_001,18,31,2,55.3090111052,56.3187231712,63.7002094121,0.5904266948,46.2931016414,66.8889026019,66.7759620421,HIGH_PRODUCTION,0,0,124.1824918944
2024-01-31 19:00:00,RIG_001,19,31,2,46.9585795986,50.7817256486,57.5500103615,0.6416060052,38.1461893497,62.0322158957,65.8820434137,HIGH_PRODUCTION,0,0,124.2288096341
2024-01-31 20:00:00,RIG_001,20,31,2,39.1772161995,46.2811018556,52.6289952569,0.5591816110000001,41.1620159262,60.1071358223,58.4551839593,HIGH_PRODUCTION,0,0,124.2751273738
2024-01-31 21:00:00,RIG_001,21,31,2,36.8726740701,47.2380555267,53.3449965377,0.5119467114,48.0448761401,61.15547128,61.0861314947,HIGH_PRODUCTION,0,0,124.3214451135
2024-01-31 22:00:00,RIG_001,22,31,2,36.8726740701,49.702843039,49.8591551998,0.6237621693000001,42.4016236538,62.7413475952,55.4174342624,STANDBY,0,0,124.3677628532
2024-01-31 23:00:00,RIG_001,23,31,2,36.8726740701,43.4927765318,49.8694176438,0.5578908188,38.6316588316,64.1476517006,58.7581877731,STANDBY,0,0,124.4140805929
2024-02-01 00:00:00,RIG_001,0,1,3,36.1002883513,47.4373379972,49.6300139885,0.5817234006,41.7445395717,61.8440484086,55.3005852762,STANDBY,0,0,124.4603983326
2024-02-01 01:00:00,RIG_001,1,1,3,36.1002883513,42.733537174,45.652577016,0.6466063911000001,40.5817827163,68.059533047,46.2006398376,STANDBY,0,0,124.5067160723
2024-02-01 02:00:00,RIG_001,2,1,3,36.1002883513,43.4598104818,48.2476573428,0.5675635388,41.1862525011,66.1193962522,57.6034372397,STANDBY,0,0,124.5530338119
2024-02-01 03:00:00,RIG_001,3,1,3,36.1002883513,39.4910416734,50.5520691883,0.5713297149000001,41.1972863827,64.272391151,52.7094769654,STANDBY,0,0,124.5993515516
2024-02-01 04:00:00,RIG_001,4,1,3,38.3565563732,44.17139661,51.432167792,0.5121506924,38.9646268158,62.8924422756,60.191342422700004,STANDBY,0,0,124.6456692913
2024-02-01 05:00:00,RIG_001,5,1,3,45.9749206378,49.654451738,58.4390259184,0.5767478307,45.788709045,69.4391777286,63.1682972741,STANDBY,0,0,124.691987031
2024-02-01 06:00:00,RIG_001,6,1,3,54.1504325269,59.7159680513,64.3676682793,0.6485774255,45.4192205816,67.260773522,72.8957012349,HIGH_PRODUCTION,0,0,124.7383047707
2024-02-01 07:00:00,RIG_001,7,1,3,62.325944416,78.0460028493,80.4139977702,0.5955078119,50.9650888051,73.3200166123,88.8183036148,HIGH_PRODUCTION,0,0,124.7846225104
2024-02-01 08:00:00,RIG_001,8,1,3,69.9443086806,75.6561113476,80.7646822861,0.6763343497000001,47.6577290374,73.2067570235,87.0551112091,HIGH_PRODUCTION,0,0,124.8309402501
2024-02-01 09:00:00,RIG_001,9,1,3,76.4863463859,100.1140014822,95.0,0.74489059,57.6012646445,82.1396695663,101.5256059529,HIGH_PRODUCTION,0,0,124.8772579898
2024-02-01 10:00:00,RIG_001,10,1,3,81.5062284735,94.445510411,93.2443815859,0.7250952069000001,53.0972727851,80.2443773603,99.5122674375,HIGH_PRODUCTION,0,0,124.9235757295
2024-02-01 11:00:00,RIG_001,11,1,3,84.661858275,96.0656789875,95.0,0.7799345558,54.5715247739,77.3943278609,93.9585257312,HIGH_PRODUCTION,0,0,124.9698934692
2024-02-01 12:00:00,RIG_001,12,1,3,85.7381848343,91.9329836884,93.3559252921,0.7325857216,51.1170337677,75.9809139482,98.7109159488,HIGH_PRODUCTION,0,0,125.0162112089
2024-02-01 13:00:00,RIG_001,13,1,3,84.661858275,98.656943088,95.0,0.81012454,52.6703725192,81.5167917979,96.6518074718,HIGH_PRODUCTION,0,0,125.0625289486
2024-02-01 14:00:00,RIG_001,14,1,3,81.5062284735,89.1285224192,88.9676519066,0.6581414782,53.6585412177,78.8842664774,94.4812133378,HIGH_PRODUCTION,0,0,125.1088466883
2024-02-01 15:00:00,RIG_001,15,1,3,76.4863463859,87.603826197,89.7091605934,0.7102283647000001,51.0137428888,75.1010944846,91.2803329543,HIGH_PRODUCTION,0,0,125.155164428
2024-02-01 16:00:00,RIG_001,16,1,3,69.9443086806,93.2591097707,89.5660712702,0.7248065973000001,51.6071312677,73.2161687222,91.0112154465,HIGH_PRODUCTION,0,0,125.2014821677
2024-02-01 17:00:00,RIG_001,17,1,3,62.325944416,72.3669709772,75.3623585929,0.6046293879,46.8053760602,71.0881430051,85.1771620982,HIGH_PRODUCTION,0,0,125.2477999074
2024-02-01 18:00:00,RIG_001,18,1,3,54.1504325269,70.4250728791,72.4385486963,0.7002664393,49.0041743632,72.99809926020001,80.6468908607,HIGH_PRODUCTION,0,0,125.2941176471
2024-02-01 19:00:00,RIG_001,19,1,3,45.9749206378,52.9942598938,60.2304843683,0.7165781865,41.990489251,71.3145285074,65.2180566135,HIGH_PRODUCTION,0,0,125.3404353868
2024-02-01 20:00:00,RIG_001,20,1,3,38.3565563732,48.7237829634,55.0018116918,0.5868680577000001,41.9456358776,61.023261002,60.5561176425,HIGH_PRODUCTION,0,0,125.3867531264
2024-02-01 21:00:00,RIG_001,21,1,3,36.1002883513,55.503408233,58.0746170567,0.6334935626,43.9059075588,65.3713087114,62.3308689794,HIGH_PRODUCTION,0,0,125.4330708661
2024-02-01 22:00:00,RIG_001,22,1,3,36.1002883513,43.5215174269,52.340943341,0.5767080305,37.0456815847,61.8882445435,59.0505724689,STANDBY,0,0,125.4793886058
2024-02-01 23:00:00,RIG_001,23,1,3,36.1002883513,55.7255431667,57.678818661,0.5736002214,40.9891329809,70.7850789683,60.6506555613,STANDBY,0,0,125.5257063455
2024-02-02 00:00:00,RIG_001,0,2,4,36.1002883513,50.3549033567,53.951251199,0.5023147925,43.2612816177,65.0016465056,61.9324719876,STANDBY,0,0,125.5720240852
2024-02-02 01:00:00,RIG_001,1,2,4,36.1002883513,44.0107574609,47.7679688142,0.5392169655,39.5286306429,60.4812475602,52.0087082912,STANDBY,0,0,125.6183418249
2024-02-02 02:00:00,RIG_001,2,2,4,36.1002883513,49.9920776966,51.2885617312,0.5230369523,44.6114692467,66.6737091578,55.0290207437,STANDBY,0,0,125.6646595646
2024-02-02 03:00:00,RIG_001,3,2,4,36.1002883513,51.6997589104,57.2736022132,0.6831482899,44.8585539361,64.296012113,62.3387412687,STANDBY,0,0,125.7109773043
2024-02-02 04:00:00,RIG_001,4,2,4,38.3565563732,52.2092521563,59.0776448788,0.5939014519,44.4906503718,61.9896138268,62.3042043891,STANDBY,0,0,125.757295044
2024-02-02 05:00:00,RIG_001,5,2,4,45.9749206378,48.8743906713,60.1994233934,0.5725416567,45.8581412424,61.9839972796,66.1854704419,STANDBY,0,0,125.8036127837
2024-02-02 06:00:00,RIG_001,6,2,4,54.1504325269,61.2722879417,65.5554115131,0.6716742772000001,45.1518933299,73.5838122458,68.9433237451,HIGH_PRODUCTION,0,0,125.8499305234
2024-02-02 07:00:00,RIG_001,7,2,4,62.325944416,71.8528401931,74.723159166,0.6030559585,49.2609739001,72.7084797229,81.1287299744,HIGH_PRODUCTION,0,0,125.8962482631
2024-02-02 08:00:00,RIG_001,8,2,4,69.9443086806,80.3435781509,78.9271785655,0.6464577966,48.9170925845,74.4263536116,87.5751981822,HIGH_PRODUCTION,0,0,125.9425660028
2024-02-02 09:00:00,RIG_001,9,2,4,76.4863463859,90.3680911504,89.0927667276,0.7184634219,57.4967626133,76.3607461377,91.9348016672,HIGH_PRODUCTION,0,0,125.9888837425
2024-02-02 10:00:00,RIG_001,10,2,4,81.5062284735,93.1800654159,94.829383501,0.7751194517000001,57.2622836588,78.8304661511,99.4376571291,HIGH_PRODUCTION,0,0,126.0352014822
2024-02-02 11:00:00,RIG_001,11,2,4,84.661858275,88.7774160801,90.0608654999,0.7357425774,52.2181148891,77.473932662,96.444857639,HIGH_PRODUCTION,0,0,126.0815192219
2024-02-02 12:00:00,RIG_001,12,2,4,85.7381848343,98.4384013489,95.0,0.7522428090000001,55.382772797,80.4080268893,98.6924279351,HIGH_PRODUCTION,0,0,126.1278369616
2024-02-02 13:00:00,RIG_001,13,2,4,84.661858275,98.520961922,95.0,0.7441653913,57.3488356792,79.9008238474,101.3929616825,HIGH_PRODUCTION,0,0,126.1741547013
2024-02-02 14:00:00,RIG_001,14,2,4,81.5062284735,95.1183032947,94.6472992635,0.7502485924000001,53.4852968141,81.1418860033,101.3134958455,HIGH_PRODUCTION,0,0,126.2204724409
2024-02-02 15:00:00,RIG_001,15,2,4,76.4863463859,92.7103202561,88.9876636235,0.7332807667,51.8643319224,77.8824091148,97.2374489524,HIGH_PRODUCTION,0,0,126.2667901806
2024-02-02 16:00:00,RIG_001,16,2,4,69.9443086806,84.9409373568,85.1349813133,0.64857663,52.9832138412,72.5484647004,88.3170111751,HIGH_PRODUCTION,0,0,126.3131079203
2024-02-02 17:00:00,RIG_001,17,2,4,62.325944416,75.4558103766,71.361766645,0.6741090949,49.0208310863,70.7994744403,73.5334409243,HIGH_PRODUCTION,0,0,126.35942566
2024-02-02 18:00:00,RIG_001,18,2,4,54.1504325269,64.640517195,68.4105180007,0.5858600922,46.526118198,63.455099078,72.487785832,HIGH_PRODUCTION,0,0,126.4057433997
2024-02-02 19:00:00,RIG_001,19,2,4,45.9749206378,48.5179768565,53.7792872656,0.5954163023,40.460951528,70.6358444051,55.876030247,HIGH_PRODUCTION,0,0,126.4520611394
2024-02-02 20:00:00,RIG_001,20,2,4,38.3565563732,51.3594560161,59.2276626428,0.5760394865,39.4045197073,67.9961005807,65.9211572549,HIGH_PRODUCTION,0,0,126.4983788791
2024-02-02 21:00:00,RIG_001,21,2,4,36.1002883513,48.0004829953,54.6982502532,0.7171493166,42.4724055686,61.9099334132,56.2129963527,HIGH_PRODUCTION,0,0,126.5446966188
2024-02-02 22:00:00,RIG_001,22,2,4,36.1002883513,48.3268864064,53.0012705775,0.5893499975000001,43.8916456846,63.6525313737,65.0003198323,STANDBY,0,0,126.5910143585
2024-02-02 23:00:00,RIG_001,23,2,4,36.1002883513,40.5921970023,49.6699240454,0.4981139411,39.6964357524,60.2670296781,58.5577076301,STANDBY,0,0,126.6373320982
2024-02-03 00:00:00,RIG_001,0,3,5,36.8726740701,42.4942919754,45.5987421436,0.5675084647,43.496432033,67.3759292268,50.6364694524,STANDBY,0,0,126.6836498379
2024-02-03 01:00:00,RIG_001,1,3,5,36.8726740701,53.1722866051,57.6706917486,0.6324046674,41.8852390004,61.6920544887,65.2728752276,STANDBY,0,0,126.7299675776
2024-02-03 02:00:00,RIG_001,2,3,5,36.8726740701,47.7156942301,53.5655964363,0.6739204213000001,39.8195146476,64.6581364455,53.6551908434,STANDBY,0,0,126.7762853173
2024-02-03 03:00:00,RIG_001,3,3,5,36.8726740701,51.3279211472,54.6667878644,0.5718015557,42.6975196724,65.0727928165,67.2369078586,STANDBY,0,0,126.822603057
2024-02-03 04:00:00,RIG_001,4,3,5,39.1772161995,50.3734993313,58.4953398932,0.5194747825,42.4281896821,67.5925656915,61.7246960566,STANDBY,0,0,126.8689207967
2024-02-03 05:00:00,RIG_001,5,3,5,46.9585795986,58.1689992082,60.6182601393,0.6630098023000001,46.0821872647,67.1386720793,65.2567678976,STANDBY,0,0,126.9152385364
2024-02-03 06:00:00,RIG_001,6,3,5,55.3090111052,71.0690167082,70.9923817018,0.5920233399,46.2173285289,66.0460783825,70.4245818403,HIGH_PRODUCTION,0,0,126.9615562761
2024-02-03 07:00:00,RIG_001,7,3,5,63.6594426117,72.1547532047,74.1462248372,0.6426879836,50.7748767748,70.8930724575,80.6050867514,HIGH_PRODUCTION,0,0,127.0078740157
2024-02-03 08:00:00,RIG_001,8,3,5,71.4408060109,83.0038917906,82.7443796582,0.6843474181,54.6848068727,71.9846808833,84.425347187,HIGH_PRODUCTION,0,0,127.0541917554
2024-02-03 09:00:00,RIG_001,9,3,5,78.1228142462,86.9008673586,85.6842593792,0.7056229674000001,51.6469287857,76.3089988473,90.9892266639,HIGH_PRODUCTION,0,0,127.1005094951
2024-02-03 10:00:00,RIG_001,10,3,5,83.2500994991,92.1739955789,94.6787667118,0.7595675185,55.5429197351,81.9547297832,98.045943413,HIGH_PRODUCTION,0,0,127.1468272348
2024-02-03 11:00:00,RIG_001,11,3,5,86.4732457528,96.0307100133,94.8281238175,0.7026829958,51.8946833621,73.5909372713,96.5948920128,HIGH_PRODUCTION,0,0,127.1931449745
2024-02-03 12:00:00,RIG_001,12,3,5,87.5726009166,99.7935423135,95.0,0.7346520152,57.0988286607,77.5373944879,97.5869154947,HIGH_PRODUCTION,0,0,127.2394627142
2024-02-03 13:00:00,RIG_001,13,3,5,86.4732457528,95.1967228442,93.704737584,0.7340197727000001,55.8937335282,76.9009379919,99.3821016863,HIGH_PRODUCTION,0,0,127.2857804539
2024-02-03 14:00:00,RIG_001,14,3,5,83.2500994991,100.6530479877,93.6788254218,0.7587674346000001,56.8901365573,79.0510211101,94.8343525032,HIGH_PRODUCTION,0,0,127.3320981936
2024-02-03 15:00:00,RIG_001,15,3,5,78.1228142462,84.7808932568,87.0655049204,0.7087477022,51.1640971365,77.6546449694,89.8190699073,HIGH_PRODUCTION,0,0,127.3784159333
2024-02-03 16:00:00,RIG_001,16,3,5,71.4408060109,81.6445109727,79.1621966328,0.7164327564,44.5026298607,73.9727200391,86.1520167766,HIGH_PRODUCTION,0,0,127.424733673
2024-02-03 17:00:00,RIG_001,17,3,5,63.6594426117,72.605798164,75.496763167,0.7098935756,46.8679952537,73.0291476263,88.3042027916,HIGH_PRODUCTION,0,0,127.4710514127
2024-02-03 18:00:00,RIG_001,18,3,5,55.3090111052,73.6958590315,71.4808853412,0.6907887595000001,47.1721327225,70.2314385783,77.9136517999,HIGH_PRODUCTION,0,0,127.5173691524
2024-02-03 19:00:00,RIG_001,19,3,5,46.9585795986,59.1002596467,67.3641554257,0.6502348027,42.8185550355,68.4198509303,69.6123704991,HIGH_PRODUCTION,0,0,127.5636868921
2024-02-03 20:00:00,RIG_001,20,3,5,39.1772161995,55.5022927233,61.1241010783,0.5378357384,44.1200591899,68.9840807096,65.0227585681,HIGH_PRODUCTION,0,0,127.6100046318
2024-02-03 21:00:00,RIG_001,21,3,5,36.8726740701,40.6176736923,48.9252575485,0.5749896955,39.316491532,59.9884034585,54.0200245669,HIGH_PRODUCTION,0,0,127.6563223715
2024-02-03 22:00:00,RIG_001,22,3,5,36.8726740701,49.3876745478,55.2318148537,0.6229489615,40.6976946174,67.1603767238,59.1835400018,STANDBY,0,0,127.7026401112
2024-02-03 23:00:00,RIG_001,23,3,5,36.8726740701,52.5075248575,52.0844763493,0.6449654657,41.0092809179,65.9093757634,59.7936508495,STANDBY,0,0,127.7489578509
2024-02-04 00:00:00,RIG_001,0,4,6,38.2644650435,50.0121938914,53.0942750922,0.5666001453,41.0720225019,68.1400388889,58.7466955412,STANDBY,0,0,127.7952755906
2024-02-04 01:00:00,RIG_001,1,4,6,38.2644650435,54.9351234813,55.6332883459,0.58321978,45.976779294,65.8762773442,63.3568455006,STANDBY,0,0,127.8415933302
2024-02-04 02:00:00,RIG_001,2,4,6,38.2644650435,47.0282270164,51.8167731422,0.5639312916,40.4350066449,65.2522020704,55.8734417714,STANDBY,0,0,127.8879110699
2024-02-04 03:00:00,RIG_001,3,4,6,38.2644650435,56.6683541288,60.888865228,0.6485626726,43.1372111193,66.8786875436,69.8653658872,STANDBY,0,0,127.9342288096
2024-02-04 04:00:00,RIG_001,4,4,6,40.6559941088,63.5145842722,65.5737347689,0.6941599918,44.965250838,68.7657384955,70.074278016,STANDBY,0,0,127.9805465493
2024-02-04 05:00:00,RIG_001,5,4,6,48.7310717994,58.2879262034,63.4796506869,0.6065982304,45.2499685785,68.2631691457,65.5660810795,STANDBY,0,0,128.026864289
2024-02-04 06:00:00,RIG_001,6,4,6,57.3966975653,66.5471798255,66.6185330228,0.6973323833,47.5492939334,71.5745763553,78.150494166,HIGH_PRODUCTION,0,0,128.0731820287
2024-02-04 07:00:00,RIG_001,7,4,6,66.0623233312,84.714188245,80.9789727173,0.7127945543,45.0892339828,71.6655617377,80.5040394764,HIGH_PRODUCTION,0,0,128.1194997684
2024-02-04 08:00:00,RIG_001,8,4,6,74.1374010218,93.4271519396,89.8108732966,0.7267304370000001,55.4000584126,82.3290464083,92.5946571207,HIGH_PRODUCTION,0,0,128.1658175081
2024-02-04 09:00:00,RIG_001,9,4,6,81.0716274372,89.8561651515,89.757298089,0.711847825,55.3367773564,71.3778604238,92.8762145335,HIGH_PRODUCTION,0,0,128.2121352478
2024-02-04 10:00:00,RIG_001,10,4,6,86.3924465065,95.697297932,92.0861745401,0.7774562740000001,51.8239514083,76.6547530504,104.6110933593,HIGH_PRODUCTION,0,0,128.2584529875
2024-02-04 11:00:00,RIG_001,11,4,6,89.7372532031,99.7410633308,95.0,0.7687211637,52.9906693432,79.639511787,105.4205766524,HIGH_PRODUCTION,0,0,128.3047707272
2024-02-04 12:00:00,RIG_001,12,4,6,90.8781044784,95.5755327562,95.0,0.8539222235,52.9933764135,79.9097277341,104.4817844309,HIGH_PRODUCTION,0,0,128.3510884669
2024-02-04 13:00:00,RIG_001,13,4,6,89.7372532031,96.5706219646,95.0,0.7006902586,52.6306474522,83.6997041726,99.0080240129,HIGH_PRODUCTION,0,0,128.3974062066
2024-02-04 14:00:00,RIG_001,14,4,6,86.3924465065,92.8053188276,92.7554682494,0.7580959374,53.6491834548,72.2667211836,105.0340022609,HIGH_PRODUCTION,0,0,128.4437239463
2024-02-04 15:00:00,RIG_001,15,4,6,81.0716274372,88.6731634275,88.4363343662,0.6935196065,48.2752402842,75.0788666431,94.5413903777,HIGH_PRODUCTION,0,0,128.490041686
2024-02-04 16:00:00,RIG_001,16,4,6,74.1374010218,85.4114480617,83.343031917,0.6669154325000001,49.1170067993,69.2429339551,91.2748220279,HIGH_PRODUCTION,0,0,128.5363594257
2024-02-04 17:00:00,RIG_001,17,4,6,66.0623233312,78.6878161316,79.4382030768,0.6898508002,52.7503484333,73.7012107612,84.9772892202,HIGH_PRODUCTION,0,0,128.5826771654
2024-02-04 18:00:00,RIG_001,18,4,6,57.3966975653,76.610566828,76.4818451771,0.6912153041,47.2962017723,73.7982208019,81.3334454631,HIGH_PRODUCTION,0,0,128.628994905
2024-02-04 19:00:00,RIG_001,19,4,6,48.7310717994,55.2076160553,58.5704961214,0.7662327765,46.28876057,71.3346720431,62.8151600996,HIGH_PRODUCTION,0,0,128.6753126447
2024-02-04 20:00:00,RIG_001,20,4,6,40.6559941088,57.0528682217,60.9000737675,0.6168378354,44.9738934466,67.4777647492,65.2711537873,HIGH_PRODUCTION,0,0,128.7216303844
2024-02-04 21:00:00,RIG_001,21,4,6,38.2644650435,48.6767306039,53.2386660152,0.5445930478000001,38.5506472218,67.7350945695,60.0641409613,HIGH_PRODUCTION,0,0,128.7679481241
2024-02-04 22:00:00,RIG_001,22,4,6,38.2644650435,49.5063039378,48.9599640166,0.6174265111,43.6472343749,66.6034024259,55.0615634129,STANDBY,0,0,128.8142658638
2024-02-04 23:00:00,RIG_001,23,4,6,38.2644650435,53.1346676078,52.4326239328,0.5111143354000001,43.0483322976,64.6346556913,57.3382098222,STANDBY,0,0,128.8605836035
2024-02-05 00:00:00,RIG_001,0,5,0,40.0,46.0304278282,48.7910456301,0.5891210497,40.5966728446,59.5822461081,58.3196176082,STANDBY,0,0,128.9069013432
2024-02-05 01:00:00,RIG_001,1,5,0,40.0,53.5630343279,58.1857893011,0.6173032434,43.8806727683,66.8939171932,54.2855300949,STANDBY,0,0,128.9532190829
2024-02-05 02:00:00,RIG_001,2,5,0,40.0,52.490194299,55.6790195982,0.6531987493,44.0718155459,61.2707522383,62.208681342,STANDBY,0,0,128.9995368226
2024-02-05 03:00:00,RIG_001,3,5,0,40.0,54.1271372389,54.1484649557,0.6672459424,44.9469679537,70.1237623897,61.3016810756,STANDBY,0,0,129.0458545623
2024-02-05 04:00:00,RIG_001,4,5,0,42.5,55.6176717994,60.3426756585,0.5980432237000001,46.2609236449,66.1991152337,68.7835642632,STANDBY,0,0,129.092172302
2024-02-05 05:00:00,RIG_001,5,5,0,50.9413334214,74.8966103618,69.7728058784,0.6737130905000001,49.540424416,76.0545153431,74.5781915552,STANDBY,0,0,129.1384900417
2024-02-05 06:00:00,RIG_001,6,5,0,60.0,68.4970239805,73.2635964961,0.6239242615,44.3729878175,69.1084638917,78.8873566982,HIGH_PRODUCTION,0,0,129.1848077814
2024-02-05 07:00:00,RIG_001,7,5,0,69.0586665786,78.0963533663,77.986115077,0.6348104344000001,48.5767974263,74.2354583691,85.9439602269,HIGH_PRODUCTION,0,0,129.2311255211
2024-02-05 08:00:00,RIG_001,8,5,0,77.5,86.0839165915,85.4630775774,0.7308562618000001,57.4070758184,76.4532215495,94.9365767903,HIGH_PRODUCTION,0,0,129.2774432608
2024-02-05 09:00:00,RIG_001,9,5,0,84.7487373415,93.6779186303,94.5151987228,0.6746495225,54.8684617783,77.9682432351,98.6135907672,HIGH_PRODUCTION,0,0,129.3237610005
2024-02-05 10:00:00,RIG_001,10,5,0,90.3108891325,98.8374680415,93.656356918,0.7332613741,59.447941612,78.3532618723,99.4572842674,HIGH_PRODUCTION,0,0,129.3700787402
2024-02-05 11:00:00,RIG_001,11,5,0,93.8074039201,111.4729487822,95.0,0.7423257343,60.6591053599,84.6192526901,105.035721893,HIGH_PRODUCTION,0,0,129.4163964799
2024-02-05 12:00:00,RIG_001,12,5,0,95.0,113.8299311074,95.0,0.8268248095,58.941086920000004,81.3704895418,93.6279187724,HIGH_PRODUCTION,0,0,129.4627142195
2024-02-05 13:00:00,RIG_001,13,5,0,93.8074039201,102.6880299798,95.0,0.8561717227000001,56.2748216345,77.1781030071,97.9299622006,HIGH_PRODUCTION,0,0,129.5090319592
2024-02-05 14:00:00,RIG_001,14,5,0,90.3108891325,97.8904164563,92.6237609531,0.6868132490000001,54.3994440343,83.0956056169,102.0212688889,HIGH_PRODUCTION,0,0,129.5553496989
2024-02-05 15:00:00,RIG_001,15,5,0,84.7487373415,98.8540679738,89.3049838375,0.6623179495,51.2379077618,81.8377243588,97.5825973384,HIGH_PRODUCTION,0,0,129.6016674386
2024-02-05 16:00:00,RIG_001,16,5,0,77.5,86.4940852899,84.9941334571,0.7118298523000001,51.6596158274,76.1459004128,91.5614690899,HIGH_PRODUCTION,0,0,129.6479851783
2024-02-05 17:00:00,RIG_001,17,5,0,69.0586665786,83.9854738396,83.5653182644,0.7115185230000001,53.417717565,80.1910692995,87.2195276451,HIGH_PRODUCTION,0,0,129.694302918
2024-02-05 18:00:00,RIG_001,18,5,0,60.0,72.7837109375,76.0707500619,0.6882465808,46.9966477447,71.0318167251,78.425294565,HIGH_PRODUCTION,0,0,129.7406206577
2024-02-05 19:00:00,RIG_001,19,5,0,50.9413334214,55.1386563406,60.0863187194,0.6022476968,44.6085700833,70.5097065621,63.3126718616,HIGH_PRODUCTION,0,0,129.7869383974
2024-02-05 20:00:00,RIG_001,20,5,0,42.5,62.0205171618,62.3894570828,0.6353626111,47.2083113822,69.1328774033,72.0334817453,HIGH_PRODUCTION,0,0,129.8332561371
2024-02-05 21:00:00,RIG_001,21,5,0,40.0,60.7693271815,63.1125435279,0.6602017976,43.3729709168,65.1565459042,66.2272154605,HIGH_PRODUCTION,0,0,129.8795738768
2024-02-05 22:00:00,RIG_001,22,5,0,40.0,48.7329430246,48.5720791851,0.6579239402,41.2806300275,70.1640034827,53.8763480778,STANDBY,0,0,129.9258916165
2024-02-05 23:00:00,RIG_001,23,5,0,40.0,49.8653263383,51.4147476423,0.5117323779,40.4305086036,67.9317304414,54.1536247077,STANDBY,0,0,129.9722093562
2024-02-06 00:00:00,RIG_001,0,6,1,38.2644650435,51.6438379311,53.3671505385,0.5965586502,41.2666282694,65.1300882863,60.8954726288,STANDBY,0,0,130.0185270959
2024-02-06 01:00:00,RIG_001,1,6,1,38.2644650435,51.8937425884,54.3072763853,0.6266310468,40.3982250798,67.7496365551,57.6910975443,STANDBY,0,0,130.0648448356
2024-02-06 02:00:00,RIG_001,2,6,1,38.2644650435,53.5211276628,54.164859981,0.5751092281,41.5793849929,64.8452279968,58.8720783106,STANDBY,0,0,130.1111625753
2024-02-06 03:00:00,RIG_001,3,6,1,38.2644650435,60.2863766542,60.5838537664,0.7280475328,47.9105055251,70.5733601014,60.5337073673,STANDBY,0,0,130.157480315
2024-02-06 04:00:00,RIG_001,4,6,1,40.6559941088,51.7490945491,52.0728020226,0.5842919819,41.1063195791,58.3514926689,52.232697314,STANDBY,0,0,130.2037980547
2024-02-06 05:00:00,RIG_001,5,6,1,48.7310717994,56.7243698154,60.6475727038,0.6291089383,44.434010892,63.9579069435,65.6705922837,STANDBY,0,0,130.2501157943
2024-02-06 06:00:00,RIG_001,6,6,1,57.3966975653,62.4918333249,68.4021174201,0.6764623390000001,44.6172208239,71.6853292303,69.4266459545,HIGH_PRODUCTION,0,0,130.296433534
2024-02-06 07:00:00,RIG_001,7,6,1,66.0623233312,74.4063526922,74.7497759076,0.6550258237000001,50.9593200471,71.572939193,86.0650358256,HIGH_PRODUCTION,0,0,130.3427512737
2024-02-06 08:00:00,RIG_001,8,6,1,74.1374010218,85.9773933791,85.7044044706,0.6271598038,54.116672938,76.4158448984,84.5198351343,HIGH_PRODUCTION,0,0,130.3890690134
2024-02-06 09:00:00,RIG_001,9,6,1,81.0716274372,102.0569916374,95.0,0.7464797956,57.2423878736,76.5767405049,97.599474104,HIGH_PRODUCTION,0,0,130.4353867531
2024-02-06 10:00:00,RIG_001,10,6,1,86.3924465065,95.8239125548,93.7374523615,0.8008705834000001,54.5682472449,84.2907747536,98.7875549633,HIGH_PRODUCTION,0,0,130.4817044928
2024-02-06 11:00:00,RIG_001,11,6,1,89.7372532031,102.8826631658,95.0,0.7539153221,55.2585467178,84.4363878809,98.9046011866,HIGH_PRODUCTION,0,0,130.5280222325
2024-02-06 12:00:00,RIG_001,12,6,1,90.8781044784,102.8294078635,95.0,0.7284638684,53.3236025575,80.2467667039,96.68756363,HIGH_PRODUCTION,0,0,130.5743399722
2024-02-06 13:00:00,RIG_001,13,6,1,89.7372532031,107.7195850968,95.0,0.8319249966000001,60.8169540364,81.1017879584,97.1262164815,HIGH_PRODUCTION,0,0,130.6206577119
2024-02-06 14:00:00,RIG_001,14,6,1,86.3924465065,111.0744218232,95.0,0.7793524225,56.2492594203,86.4111396312,97.0280377675,HIGH_PRODUCTION,0,0,130.6669754516
2024-02-06 15:00:00,RIG_001,15,6,1,81.0716274372,90.4715444209,90.253726824,0.7087597653000001,53.9451787993,83.0888746768,94.3935617395,HIGH_PRODUCTION,0,0,130.7132931913
2024-02-06 16:00:00,RIG_001,16,6,1,74.1374010218,83.7514123185,83.077784852,0.7217654852000001,53.0569842249,77.986704463,93.9335721205,HIGH_PRODUCTION,0,0,130.759610931
2024-02-06 17:00:00,RIG_001,17,6,1,66.0623233312,83.3512838868,82.5297555015,0.7518150768,49.7272599779,81.5207931682,87.7635673911,HIGH_PRODUCTION,0,0,130.8059286707
2024-02-06 18:00:00,RIG_001,18,6,1,57.3966975653,72.8812588446,75.157974888,0.8011384388,50.2963397658,69.0973236662,83.7066763562,HIGH_PRODUCTION,0,0,130.8522464104
2024-02-06 19:00:00,RIG_001,19,6,1,48.7310717994,70.0466599202,65.8575610341,0.7150960417000001,49.0400913867,68.5558374846,72.3784900716,HIGH_PRODUCTION,0,0,130.8985641501
2024-02-06 20:00:00,RIG_001,20,6,1,40.6559941088,55.6646341885,61.716928643,0.6887654284,47.3720862179,63.1325669024,70.0585158369,HIGH_PRODUCTION,0,0,130.9448818898
2024-02-06 21:00:00,RIG_001,21,6,1,38.2644650435,48.5639514036,52.8090071153,0.5843583428,41.2022949181,65.89446737,49.4091142075,HIGH_PRODUCTION,0,0,130.9911996295
2024-02-06 22:00:00,RIG_001,22,6,1,38.2644650435,53.320633672,55.9151568394,0.5728185652000001,40.7584303834,66.523000751,60.0017827759,STANDBY,0,0,131.0375173692
2024-02-06 23:00:00,RIG_001,23,6,1,38.2644650435,55.9178250824,58.2177822864,0.6352053832,42.9684767597,66.3194941543,67.1391885559,STANDBY,0,0,131.0838351088
2024-02-07 00:00:00,RIG_001,0,7,2,36.8726740701,53.2293766045,51.1942785683,0.6295672370000001,43.7250512362,68.3965888657,54.4790711,STANDBY,0,0,131.1301528485
2024-02-07 01:00:00,RIG_001,1,7,2,36.8726740701,51.6702835151,51.8558814939,0.5657910958,43.0339963329,69.1980708702,62.1433009885,STANDBY,0,0,131.1764705882
2024-02-07 02:00:00,RIG_001,2,7,2,36.8726740701,54.4742344684,55.179240059,0.6195491302,42.8316828246,61.7652831127,64.6309105203,STANDBY,0,0,131.2227883279
2024-02-07 03:00:00,RIG_001,3,7,2,36.8726740701,54.9942866337,55.7722106884,0.6500251643,39.9301767405,64.7073699064,59.3648185401,STANDBY,0,0,131.2691060676
2024-02-07 04:00:00,RIG_001,4,7,2,39.1772161995,58.3700934269,64.4919292078,0.6583916453,45.533489349,69.9714588105,67.9824386507,STANDBY,0,0,131.3154238073
2024-02-07 05:00:00,RIG_001,5,7,2,46.9585795986,62.4911589698,63.7105988334,0.6781348358,49.5674787006,67.3441316394,65.6697813063,STANDBY,0,0,131.361741547
2024-02-07 06:00:00,RIG_001,6,7,2,55.3090111052,66.7693982978,68.9505454197,0.6804886685,47.6208520507,67.6362012603,72.0617627241,HIGH_PRODUCTION,0,0,131.4080592867
2024-02-07 07:00:00,RIG_001,7,7,2,63.6594426117,76.695936299,78.4968922034,0.6705548840000001,50.3922551129,76.0643931727,79.7991250109,HIGH_PRODUCTION,0,0,131.4543770264
2024-02-07 08:00:00,RIG_001,8,7,2,71.4408060109,89.7832237595,85.4656352035,0.709657419,53.5906965522,73.0664669187,91.7520687448,HIGH_PRODUCTION,0,0,131.5006947661
2024-02-07 09:00:00,RIG_001,9,7,2,78.1228142462,86.3549564683,86.678466707,0.6653053495,52.3828324568,75.0017475171,87.3103272269,HIGH_PRODUCTION,0,0,131.5470125058
2024-02-07 10:00:00,RIG_001,10,7,2,83.2500994991,97.4172342815,95.0,0.8478637758,56.2176405041,80.2111023618,101.8111990486,HIGH_PRODUCTION,0,0,131.5933302455
2024-02-07 11:00:00,RIG_001,11,7,2,86.4732457528,96.8372675901,95.0,0.7577429129000001,55.0000642599,77.3297205353,101.8842360907,HIGH_PRODUCTION,0,0,131.6396479852
2024-02-07 12:00:00,RIG_001,12,7,2,87.5726009166,100.0539885911,95.0,0.7556631759,54.3881428085,82.3656635454,95.0163867844,HIGH_PRODUCTION,0,0,131.6859657249
2024-02-07 13:00:00,RIG_001,13,7,2,86.4732457528,105.2101162867,95.0,0.7361198786,54.7105512516,79.8564039604,104.649455819,HIGH_PRODUCTION,0,0,131.7322834646
2024-02-07 14:00:00,RIG_001,14,7,2,83.2500994991,96.557153721,91.8335548445,0.9035687611000001,53.6413411197,83.1930045966,98.3743827278,HIGH_PRODUCTION,0,0,131.7786012043
2024-02-07 15:00:00,RIG_001,15,7,2,78.1228142462,90.7135035298,90.72814279,0.6857737848000001,53.3066348753,76.8368121664,97.9772368544,HIGH_PRODUCTION,0,0,131.824918944
2024-02-07 16:00:00,RIG_001,16,7,2,71.4408060109,77.0069795097,83.7140538491,0.677063489,48.6195789552,75.115904263,86.4380582445,HIGH_PRODUCTION,0,0,131.8712366836
2024-02-07 17:00:00,RIG_001,17,7,2,63.6594426117,79.7631123065,79.9652230063,0.7277513964,50.5694554429,76.1670055509,86.8323603617,HIGH_PRODUCTION,0,0,131.9175544233
2024-02-07 18:00:00,RIG_001,18,7,2,55.3090111052,70.9157815365,72.9999971564,0.7106134815,48.6072456515,69.3921144527,81.3791775056,HIGH_PRODUCTION,0,0,131.963872163
2024-02-07 19:00:00,RIG_001,19,7,2,46.9585795986,70.1611504017,71.4115833904,0.7264208136,49.206646463,64.8878854745,76.1157581934,HIGH_PRODUCTION,0,0,132.0101899027
2024-02-07 20:00:00,RIG_001,20,7,2,39.1772161995,50.0315698723,53.4802809303,0.7087011656000001,45.0734824057,66.0917382257,64.486048308,HIGH_PRODUCTION,0,0,132.0565076424
2024-02-07 21:00:00,RIG_001,21,7,2,36.8726740701,50.3686182169,57.9693459969,0.644825039,42.7481693912,65.3274505064,63.1015399017,HIGH_PRODUCTION,0,0,132.1028253821
2024-02-07 22:00:00,RIG_001,22,7,2,36.8726740701,50.5267326581,53.7924939574,0.5673752305,40.0161300342,66.8254978802,62.2148513588,STANDBY,0,0,132.1491431218
2024-02-07 23:00:00,RIG_001,23,7,2,36.8726740701,57.1740282993,59.8407241675,0.6274566721,43.6032988812,66.4726260726,65.7197505892,STANDBY,0,0,132.1954608615
2024-02-08 00:00:00,RIG_001,0,8,3,36.1002883513,48.1805449639,49.4422609873,0.6289003679,42.1332613758,63.1628803928,56.1988255859,STANDBY,0,0,132.2417786012
2024-02-08 01:00:00,RIG_001,1,8,3,36.1002883513,50.0590779157,55.9441639842,0.7227409212,38.8432319666,71.0431424076,55.9301671813,STANDBY,0,0,132.2880963409
2024-02-08 02:00:00,RIG_001,2,8,3,36.1002883513,51.7104004964,55.6483480556,0.5545785839,45.7049291643,61.0960579644,61.7615092703,STANDBY,0,0,132.3344140806
2024-02-08 03:00:00,RIG_001,3,8,3,36.1002883513,49.6109112245,55.2157726569,0.6784844862,42.6874836311,67.0851248024,58.0108473531,STANDBY,0,0,132.3807318203
2024-02-08 04:00:00,RIG_001,4,8,3,38.3565563732,48.7089132189,55.69339684,0.6248306564,42.9399339739,62.8888683911,58.1542019227,STANDBY,0,0,132.42704956
2024-02-08 05:00:00,RIG_001,5,8,3,45.9749206378,59.5368431816,63.154496312,0.6903955255,47.6152637205,66.8537171013,73.3868058654,STANDBY,0,0,132.4733672997
2024-02-08 06:00:00,RIG_001,6,8,3,54.1504325269,72.1170115165,75.6712702269,0.6813300389,46.7689672188,70.6837949572,80.0299594827,HIGH_PRODUCTION,0,0,132.5196850394
2024-02-08 07:00:00,RIG_001,7,8,3,62.325944416,69.7987358202,74.2305135927,0.6375385871,48.5977678168,68.5293179236,76.2206080997,HIGH_PRODUCTION,0,0,132.5660027791
2024-02-08 08:00:00,RIG_001,8,8,3,69.9443086806,83.2214726135,79.998744161,0.7576573389,50.5856399072,76.6801144148,83.9213492766,HIGH_PRODUCTION,0,0,132.6123205188
2024-02-08 09:00:00,RIG_001,9,8,3,76.4863463859,85.6050055344,84.7854846467,0.7601711210000001,51.0330776496,79.8534324482,85.8841339599,HIGH_PRODUCTION,0,0,132.6586382585
2024-02-08 10:00:00,RIG_001,10,8,3,81.5062284735,100.1076725023,95.0,0.8197456898000001,53.48253335,81.4423427344,104.3016534046,HIGH_PRODUCTION,0,0,132.7049559981
2024-02-08 11:00:00,RIG_001,11,8,3,84.661858275,89.6790822962,92.1548539544,0.7393771101000001,55.7509770014,77.2138706775,95.0678117219,HIGH_PRODUCTION,0,0,132.7512737378
2024-02-08 12:00:00,RIG_001,12,8,3,85.7381848343,95.583681804,95.0,0.7279503102,53.1449203708,75.7157830439,101.5878998018,HIGH_PRODUCTION,0,0,132.7975914775
2024-02-08 13:00:00,RIG_001,13,8,3,84.661858275,99.1949715173,95.0,0.6910212017,56.1976713731,81.3089672527,104.0683201426,HIGH_PRODUCTION,0,0,132.8439092172
2024-02-08 14:00:00,RIG_001,14,8,3,81.5062284735,101.9878501477,94.2187095908,0.8184931217,51.746947762,87.0654039395,97.7182515471,HIGH_PRODUCTION,0,0,132.8902269569
2024-02-08 15:00:00,RIG_001,15,8,3,76.4863463859,88.8185442694,89.2351566842,0.7593962857000001,54.5646131267,75.5034794094,95.831223981,HIGH_PRODUCTION,0,0,132.9365446966
2024-02-08 16:00:00,RIG_001,16,8,3,69.9443086806,79.836207897,78.2657662874,0.6631509418,52.0634742862,72.822911631,80.1755081227,HIGH_PRODUCTION,0,0,132.9828624363
2024-02-08 17:00:00,RIG_001,17,8,3,62.325944416,84.406574274,84.2339215162,0.6984077599,51.2965117891,73.6387048893,96.5712302236,HIGH_PRODUCTION,0,0,133.029180176
2024-02-08 18:00:00,RIG_001,18,8,3,54.1504325269,59.5921551966,65.5663756891,0.6277405167,44.4441538669,66.4094038555,73.3755160929,HIGH_PRODUCTION,0,0,133.0754979157
2024-02-08 19:00:00,RIG_001,19,8,3,45.9749206378,47.6696306874,57.3704459957,0.5413469331,42.7174076831,56.0649905452,61.7926266794,HIGH_PRODUCTION,0,0,133.1218156554
2024-02-08 20:00:00,RIG_001,20,8,3,38.3565563732,53.2523161172,56.2236237491,0.5915453621,47.8906603511,67.1908009927,58.9051225565,HIGH_PRODUCTION,0,0,133.1681333951
2024-02-08 21:00:00,RIG_001,21,8,3,36.1002883513,46.2926523841,54.6776670443,0.5550442439000001,38.0466896982,61.3511391862,59.3356773858,HIGH_PRODUCTION,0,0,133.2144511348
2024-02-08 22:00:00,RIG_001,22,8,3,36.1002883513,43.7037070812,51.3774703466,0.5835302461,42.4899815454,58.280322768,55.3575191795,STANDBY,0,0,133.2607688745
2024-02-08 23:00:00,RIG_001,23,8,3,36.1002883513,52.3586010643,54.8548426343,0.5933692747,41.2664156618,67.9671501685,65.7136762963,STANDBY,0,0,133.3070866142
2024-02-09 00:00:00,RIG_001,0,9,4,36.1002883513,50.1766255821,51.8469408555,0.5425932481,42.5043196029,61.8069343195,53.1703366889,STANDBY,0,0,133.3534043539
2024-02-09 01:00:00,RIG_001,1,9,4,36.1002883513,46.1441765205,51.1188138726,0.7131609295,41.040283892,62.8272457945,56.5232181425,STANDBY,0,0,133.3997220936
2024-02-09 02:00:00,RIG_001,2,9,4,36.1002883513,42.5699953418,47.2000088388,0.6641211819,39.7858623199,67.1703257761,52.1449946389,STANDBY,0,0,133.4460398333
2024-02-09 03:00:00,RIG_001,3,9,4,36.1002883513,53.3407516375,58.0587080511,0.5950407141,43.3142576513,61.7745780972,62.70647715,STANDBY,0,0,133.492357573
2024-02-09 04:00:00,RIG_001,4,9,4,38.3565563732,54.4926865688,61.9945737299,0.6512538308,41.3548293516,61.7500112669,66.6687237651,STANDBY,0,0,133.5386753126
2024-02-09 05:00:00,RIG_001,5,9,4,45.9749206378,58.3711132856,65.0933367305,0.6703265666,46.6511391937,68.3192525544,69.7451243002,STANDBY,0,0,133.5849930523
2024-02-09 06:00:00,RIG_001,6,9,4,54.1504325269,76.2826371349,74.3103773413,0.7629274473000001,45.4823722613,76.3332532325,81.9295755403,HIGH_PRODUCTION,0,0,133.631310792
2024-02-09 07:00:00,RIG_001,7,9,4,62.325944416,69.8814878731,74.7222797192,0.6434247264,48.5499009939,66.2414212087,81.5492330587,HIGH_PRODUCTION,0,0,133.6776285317
2024-02-09 08:00:00,RIG_001,8,9,4,69.9443086806,75.2295977756,76.5514755778,0.7551899176,48.1543277388,73.7919485432,82.808210412,HIGH_PRODUCTION,0,0,133.7239462714
2024-02-09 09:00:00,RIG_001,9,9,4,76.4863463859,85.946668647,88.3696360601,0.7055257968,49.1448173741,77.526999214,84.2676679736,HIGH_PRODUCTION,0,0,133.7702640111
2024-02-09 10:00:00,RIG_001,10,9,4,81.5062284735,94.2051086633,94.352475254,0.6910885328,53.956043907,72.0840511479,100.2518598765,HIGH_PRODUCTION,0,0,133.8165817508
2024-02-09 11:00:00,RIG_001,11,9,4,84.661858275,98.8123134541,93.2751620037,0.8080953663,51.5891761901,82.03919805,93.3082439232,HIGH_PRODUCTION,0,0,133.8628994905
2024-02-09 12:00:00,RIG_001,12,9,4,85.7381848343,97.4727101384,94.1600583952,0.8325929205,54.447605178,81.8716306811,101.0990188846,HIGH_PRODUCTION,0,0,133.9092172302
2024-02-09 13:00:00,RIG_001,13,9,4,84.661858275,99.369788512,95.0,0.9033269541000001,51.9966933124,78.8755798338,104.4234921027,HIGH_PRODUCTION,0,0,133.9555349699
2024-02-09 14:00:00,RIG_001,14,9,4,81.5062284735,88.2031322679,89.2483630967,0.6806305444,52.9733272356,80.2179787673,91.469645759,HIGH_PRODUCTION,0,0,134.0018527096
2024-02-09 15:00:00,RIG_001,15,9,4,76.4863463859,96.6667179825,91.2379311682,0.80113882,52.3179648284,82.4093821177,95.4525890012,HIGH_PRODUCTION,0,0,134.0481704493
2024-02-09 16:00:00,RIG_001,16,9,4,69.9443086806,82.5020490259,84.2791868742,0.7033940376000001,49.7235242224,75.0599684849,87.4811197591,HIGH_PRODUCTION,0,0,134.094488189
2024-02-09 17:00:00,RIG_001,17,9,4,62.325944416,80.8878674722,81.106220062,0.7583947617,50.8098656439,72.9120240707,89.8125153893,HIGH_PRODUCTION,0,0,134.1408059287
2024-02-09 18:00:00,RIG_001,18,9,4,54.1504325269,68.846450818,70.9193322268,0.6097633696,45.6665284808,67.7354515676,76.2044158826,HIGH_PRODUCTION,0,0,134.1871236684
2024-02-09 19:00:00,RIG_001,19,9,4,45.9749206378,61.2480259537,63.1666802111,0.5975393547,45.1960784891,68.261717258,73.3516683528,HIGH_PRODUCTION,0,0,134.2334414081
2024-02-09 20:00:00,RIG_001,20,9,4,38.3565563732,54.2016796555,60.6184220461,0.6009303344,40.5227589114,67.9697806557,66.8596846549,HIGH_PRODUCTION,0,0,134.2797591478
2024-02-09 21:00:00,RIG_001,21,9,4,36.1002883513,51.3420656934,58.4591993927,0.6352787069,44.0972676305,64.4300891249,64.1865499346,HIGH_PRODUCTION,0,0,134.3260768874
2024-02-09 22:00:00,RIG_001,22,9,4,36.1002883513,52.3240843536,53.4991244142,0.6024077682,46.610848699499996,59.1047222903,58.703744762,STANDBY,0,0,134.3723946271
2024-02-09 23:00:00,RIG_001,23,9,4,36.1002883513,55.7631808659,54.5061680749,0.6779171093,49.5252129523,70.5350959435,61.9601443727,STANDBY,0,0,134.4187123668
2024-02-10 00:00:00,RIG_001,0,10,5,36.8726740701,51.011330045,53.5892133578,0.6822388415,42.9351688046,65.874068679,53.3761547631,STANDBY,0,0,134.4650301065
2024-02-10 01:00:00,RIG_001,1,10,5,36.8726740701,53.5806906454,53.7049490174,0.6687663404,44.9715809429,64.9353337036,58.960980884,STANDBY,0,0,134.5113478462
2024-02-10 02:00:00,RIG_001,2,10,5,36.8726740701,49.5939410469,52.5493669966,0.7079518675,38.8372339159,67.4496574793,57.3392276654,STANDBY,0,0,134.5576655859
2024-02-10 03:00:00,RIG_001,3,10,5,36.8726740701,57.2501532566,60.1725440079,0.6709577245,47.3180069668,71.7489617664,67.3488004894,STANDBY,0,0,134.6039833256
2024-02-10 04:00:00,RIG_001,4,10,5,39.1772161995,48.9790954594,51.5687451006,0.5646936551,43.7972308743,56.2879939293,56.005640283,STANDBY,0,0,134.6503010653
2024-02-10 05:00:00,RIG_001,5,10,5,46.9585795986,69.1540701943,72.0584944055,0.7544175115,46.3206506587,72.0490120081,73.942291103,STANDBY,0,0,134.696618805
2024-02-10 06:00:00,RIG_001,6,10,5,55.3090111052,68.305957444,71.1289355151,0.6536318067,49.5508509616,66.2118396008,76.1509875398,HIGH_PRODUCTION,0,0,134.7429365447
2024-02-10 07:00:00,RIG_001,7,10,5,63.6594426117,69.7102508542,73.0737165842,0.7338086947,46.9186105603,72.4104067766,74.8251949976,HIGH_PRODUCTION,0,0,134.7892542844
2024-02-10 08:00:00,RIG_001,8,10,5,71.4408060109,85.2929594994,84.9973073912,0.8139078774,50.4071895088,75.9716694569,84.2215207534,HIGH_PRODUCTION,0,0,134.8355720241
2024-02-10 09:00:00,RIG_001,9,10,5,78.1228142462,87.9361350338,88.3433939798,0.7661703647,52.9347036093,78.2880200895,95.5247614243,HIGH_PRODUCTION,0,0,134.8818897638
2024-02-10 10:00:00,RIG_001,10,10,5,83.2500994991,100.6788439799,93.8731070113,0.7069414213,53.0430019953,78.7059103505,100.6102917294,HIGH_PRODUCTION,0,0,134.9282075035
2024-02-10 11:00:00,RIG_001,11,10,5,86.4732457528,96.4426002531,95.0,0.7233152934,56.1538995921,73.3130597405,101.401272832,HIGH_PRODUCTION,0,0,134.9745252432
2024-02-10 12:00:00,RIG_001,12,10,5,87.5726009166,98.5811058083,95.0,0.8419639127,52.5332968282,78.2232271687,103.9087852658,HIGH_PRODUCTION,0,0,135.0208429829
2024-02-10 13:00:00,RIG_001,13,10,5,86.4732457528,90.2719118168,92.7765579613,0.7426282441000001,50.4678683746,78.3021164505,95.7814622904,HIGH_PRODUCTION,0,0,135.0671607226
2024-02-10 14:00:00,RIG_001,14,10,5,83.2500994991,94.2418852826,95.0,0.7671582464000001,51.7410917438,81.3187425708,95.7066575717,HIGH_PRODUCTION,0,0,135.1134784623
2024-02-10 15:00:00,RIG_001,15,10,5,78.1228142462,79.2636826537,81.1727389266,0.7563714536,51.3349207385,70.2636108947,85.9626495962,HIGH_PRODUCTION,0,0,135.1597962019
2024-02-10 16:00:00,RIG_001,16,10,5,71.4408060109,76.788504595,81.0200465551,0.7460061127000001,47.9635754257,76.1177326591,84.977545656,HIGH_PRODUCTION,0,0,135.2061139416
2024-02-10 17:00:00,RIG_001,17,10,5,63.6594426117,80.735676255,79.976675932,0.7371567461,47.487927495,72.2770860076,82.4497887817,HIGH_PRODUCTION,0,0,135.2524316813
2024-02-10 18:00:00,RIG_001,18,10,5,55.3090111052,72.519119922,75.2050135036,0.6883189389000001,46.9184199806,72.8430856214,79.9654660431,HIGH_PRODUCTION,0,0,135.298749421
2024-02-10 19:00:00,RIG_001,19,10,5,46.9585795986,62.373923092,61.0993466537,0.6528686156,45.5293960316,67.182495069,64.2645312151,HIGH_PRODUCTION,0,0,135.3450671607
2024-02-10 20:00:00,RIG_001,20,10,5,39.1772161995,47.6373388293,54.3842146971,0.6673724974,39.54738974,64.8377135319,53.876198847,HIGH_PRODUCTION,0,0,135.3913849004
2024-02-10 21:00:00,RIG_001,21,10,5,36.8726740701,49.9360682958,53.0991454164,0.659237492,40.1806548559,67.6564533924,56.775615344,HIGH_PRODUCTION,0,0,135.4377026401
2024-02-10 22:00:00,RIG_001,22,10,5,36.8726740701,50.163560042,54.0344586962,0.6195617616,46.7634826787,61.3680257807,55.6253331961,STANDBY,0,0,135.4840203798
2024-02-10 23:00:00,RIG_001,23,10,5,36.8726740701,44.3966969524,49.8506999359,0.669417059,39.3780434305,61.2792913955,55.5456441507,STANDBY,0,0,135.5303381195
2024-02-11 00:00:00,RIG_001,0,11,6,38.2644650435,59.2343011137,56.1253288786,0.653557821,44.1624905409,68.3251780961,59.1572246038,STANDBY,0,0,135.5766558592
2024-02-11 01:00:00,RIG_001,1,11,6,38.2644650435,56.1110687187,54.5148868925,0.6082419918,43.2932931781,74.0380715987,62.849781315,STANDBY,0,0,135.6229735989
2024-02-11 02:00:00,RIG_001,2,11,6,38.2644650435,50.6263840576,53.2262964672,0.5966077826,41.8138823989,62.5983460808,63.037894669,STANDBY,0,0,135.6692913386
2024-02-11 03:00:00,RIG_001,3,11,6,38.2644650435,51.8725817827,53.6734103655,0.5895431398000001,44.2108389256,71.6821761928,60.7115544845,STANDBY,0,0,135.7156090783
2024-02-11 04:00:00,RIG_001,4,11,6,40.6559941088,55.1785433536,60.7910934031,0.6349628365000001,45.6909217393,72.5668329171,61.1380148571,STANDBY,0,0,135.761926818
2024-02-11 05:00:00,RIG_001,5,11,6,48.7310717994,52.0099803233,58.3970214323,0.7009491331000001,42.3905862178,65.3110606449,67.9126094289,STANDBY,0,0,135.8082445577
2024-02-11 06:00:00,RIG_001,6,11,6,57.3966975653,69.6553411797,65.97922826920001,0.6521295137,44.9408787217,70.0021447753,75.7063896203,HIGH_PRODUCTION,0,0,135.8545622974
2024-02-11 07:00:00,RIG_001,7,11,6,66.0623233312,76.1538802792,77.0132364151,0.721488949,51.5873505255,70.7699684878,82.069607949,HIGH_PRODUCTION,0,0,135.9008800371
2024-02-11 08:00:00,RIG_001,8,11,6,74.1374010218,82.6377268213,81.5055484511,0.6988675043,50.4687495229,74.5867104554,90.4743269321,HIGH_PRODUCTION,0,0,135.9471977767
2024-02-11 09:00:00,RIG_001,9,11,6,81.0716274372,93.1814994827,88.3032023082,0.7505031085,56.7560185004,73.7342915471,91.648176894,HIGH_PRODUCTION,0,0,135.9935155164
2024-02-11 10:00:00,RIG_001,10,11,6,86.3924465065,108.9032003116,95.0,0.7353668734000001,52.7346282828,82.4422430415,94.4012621955,HIGH_PRODUCTION,0,0,136.0398332561
2024-02-11 11:00:00,RIG_001,11,11,6,89.7372532031,106.4707363413,95.0,0.7927299015,57.0084905279,86.4318617239,97.7191466841,HIGH_PRODUCTION,0,0,136.0861509958
2024-02-11 12:00:00,RIG_001,12,11,6,90.8781044784,101.5584260222,95.0,0.779519884,59.2268191733,78.6342726192,105.1879025981,HIGH_PRODUCTION,0,0,136.1324687355
2024-02-11 13:00:00,RIG_001,13,11,6,89.7372532031,106.1433312636,95.0,0.8301595369,55.829304545,81.1208264671,95.5267602292,HIGH_PRODUCTION,0,0,136.1787864752
2024-02-11 14:00:00,RIG_001,14,11,6,86.3924465065,106.9393355041,95.0,0.816882469,56.2838470293,76.9783792284,99.9985638458,HIGH_PRODUCTION,0,0,136.2251042149
2024-02-11 15:00:00,RIG_001,15,11,6,81.0716274372,99.2518553274,95.0,0.7229216476,55.403987215,80.8977428626,100.10243168,HIGH_PRODUCTION,0,0,136.2714219546
2024-02-11 16:00:00,RIG_001,16,11,6,74.1374010218,87.999560008,85.8815553844,0.803479551,50.8822983642,77.1933130573,89.3426326525,HIGH_PRODUCTION,0,0,136.3177396943
2024-02-11 17:00:00,RIG_001,17,11,6,66.0623233312,76.3985942402,76.5205081666,0.7251671645000001,48.475504696,73.1106853514,80.1899433671,HIGH_PRODUCTION,0,0,136.364057434
2024-02-11 18:00:00,RIG_001,18,11,6,57.3966975653,74.4657165918,72.3707046186,0.7189583263,47.9407989596,71.6892338269,77.5874520213,HIGH_PRODUCTION,0,0,136.4103751737
2024-02-11 19:00:00,RIG_001,19,11,6,48.7310717994,64.2833488459,62.9957993332,0.6782177005000001,44.8159957426,68.4067308975,66.3093123074,HIGH_PRODUCTION,0,0,136.4566929134
2024-02-11 20:00:00,RIG_001,20,11,6,40.6559941088,58.7237579893,60.4544073804,0.6362954442000001,47.1386525977,69.1228280979,61.1882318889,HIGH_PRODUCTION,0,0,136.5030106531
2024-02-11 21:00:00,RIG_001,21,11,6,38.2644650435,55.0390694933,57.6826944263,0.662204639,44.6819234379,66.4252710432,63.3277902551,HIGH_PRODUCTION,0,0,136.5493283928
2024-02-11 22:00:00,RIG_001,22,11,6,38.2644650435,57.1179217224,57.1493024631,0.6815157715,44.7807368948,68.0802921314,65.3694022105,STANDBY,0,0,136.5956461325
2024-02-11 23:00:00,RIG_001,23,11,6,38.2644650435,49.200929749,50.9612173832,0.5468258602,43.917374451,65.4052273771,58.5699349391,STANDBY,0,0,136.6419638722
2024-02-12 00:00:00,RIG_001,0,12,0,40.0,60.3346487583,56.3092971336,0.6408190309,44.5549505232,71.4706764888,58.8800907314,STANDBY,0,0,136.6882816119
2024-02-12 01:00:00,RIG_001,1,12,0,40.0,54.7426241145,56.3346602418,0.6384189212,42.1372483919,68.4537695265,57.5809764956,STANDBY,0,0,136.7345993516
2024-02-12 02:00:00,RIG_001,2,12,0,40.0,64.1378781151,58.9202597989,0.6923458330000001,44.8292209196,69.819948964,63.0676961525,STANDBY,0,0,136.7809170912
2024-02-12 03:00:00,RIG_001,3,12,0,40.0,50.3225823225,56.0887509717,0.6979422366,42.5842116628,69.6520407887,65.7921255011,STANDBY,0,0,136.8272348309
2024-02-12 04:00:00,RIG_001,4,12,0,42.5,64.9552880898,62.968738816,0.6437730338000001,44.1203986057,70.7473920141,69.9055330529,STANDBY,0,0,136.8735525706
2024-02-12 05:00:00,RIG_001,5,12,0,50.9413334214,65.7133040736,65.8525596086,0.6599213011,45.4278039852,73.6288792885,72.964453639,STANDBY,0,0,136.9198703103
2024-02-12 06:00:00,RIG_001,6,12,0,60.0,70.5322743778,69.3857942454,0.6738348698000001,46.6008353107,72.9805101385,77.0553651008,HIGH_PRODUCTION,0,0,136.96618805
2024-02-12 07:00:00,RIG_001,7,12,0,69.0586665786,80.4355494651,79.3290777461,0.6892802920000001,54.3579998259,68.6049076027,85.5913774337,HIGH_PRODUCTION,0,0,137.0125057897
2024-02-12 08:00:00,RIG_001,8,12,0,77.5,89.7015231768,89.771538823,0.7399805389,46.8777509143,80.824961243,95.1333644659,HIGH_PRODUCTION,0,0,137.0588235294
2024-02-12 09:00:00,RIG_001,9,12,0,84.7487373415,100.6797744522,95.0,0.8289999994,54.8107041702,80.6094610597,101.9869206899,HIGH_PRODUCTION,0,0,137.1051412691
2024-02-12 10:00:00,RIG_001,10,12,0,90.3108891325,106.7422216123,95.0,0.7561407261,60.1369429887,81.866802171,98.3615016873,HIGH_PRODUCTION,0,0,137.1514590088
2024-02-12 11:00:00,RIG_001,11,12,0,93.8074039201,104.763006601,95.0,0.8244708466,56.4344405785,82.2729470228,95.7566109659,HIGH_PRODUCTION,0,0,137.1977767485
2024-02-12 12:00:00,RIG_001,12,12,0,95.0,108.7092774003,95.0,0.7300090987000001,58.6841542969,81.5778337342,102.1689908039,HIGH_PRODUCTION,0,0,137.2440944882
2024-02-12 13:00:00,RIG_001,13,12,0,93.8074039201,118.3567537357,95.0,0.8161650103,59.7888410641,86.1881127019,103.7132143172,HIGH_PRODUCTION,0,0,137.2904122279
2024-02-12 14:00:00,RIG_001,14,12,0,90.3108891325,112.7935506664,95.0,0.8112531069000001,56.8637209042,82.0624370009,96.6453041819,HIGH_PRODUCTION,0,0,137.3367299676
2024-02-12 15:00:00,RIG_001,15,12,0,84.7487373415,100.7822490343,95.0,0.8756219216000001,50.7117303896,84.0574914865,102.4657644472,HIGH_PRODUCTION,0,0,137.3830477073
2024-02-12 16:00:00,RIG_001,16,12,0,77.5,91.5488583962,86.5357377449,0.7506239217,53.2981259731,77.123893178,96.578034885,HIGH_PRODUCTION,0,0,137.429365447
2024-02-12 17:00:00,RIG_001,17,12,0,69.0586665786,83.5246118785,83.9727148667,0.6304143947,49.3299397604,73.9096320354,88.9659762614,HIGH_PRODUCTION,0,0,137.4756831867
2024-02-12 18:00:00,RIG_001,18,12,0,60.0,76.9403261909,77.9501034548,0.6209645369,47.6344107354,70.3073204101,80.4960969006,HIGH_PRODUCTION,0,0,137.5220009264
2024-02-12 19:00:00,RIG_001,19,12,0,50.9413334214,59.7070545837,67.4129207928,0.6710959177,43.928789134,68.7184437425,72.78197681340001,HIGH_PRODUCTION,0,0,137.568318666
2024-02-12 20:00:00,RIG_001,20,12,0,42.5,55.0997489621,58.240476192,0.6864463353,47.2646600538,67.091245989,61.5888742874,HIGH_PRODUCTION,0,0,137.6146364057
2024-02-12 21:00:00,RIG_001,21,12,0,40.0,45.5506589408,53.0981854341,0.6460685863,46.1973398197,64.8304715233,56.2479951043,HIGH_PRODUCTION,0,0,137.6609541454
2024-02-12 22:00:00,RIG_001,22,12,0,40.0,55.8966425841,61.1730859933,0.6668975206000001,44.4085765211,63.6872371127,67.4726381951,STANDBY,0,0,137.7072718851
2024-02-12 23:00:00,RIG_001,23,12,0,40.0,57.1434543306,55.3233826342,0.7205577014,43.3563291348,62.3394927027,55.5121942091,STANDBY,0,0,137.7535896248
2024-02-13 00:00:00,RIG_001,0,13,1,38.2644650435,49.8890465089,48.8633474103,0.6138872079000001,40.1178087923,66.8434878602,49.5315606428,STANDBY,0,0,137.7999073645
2024-02-13 01:00:00,RIG_001,1,13,1,38.2644650435,60.1818602978,54.6216895006,0.7166760091000001,45.9825453976,72.508483675,59.6795621417,STANDBY,0,0,137.8462251042
2024-02-13 02:00:00,RIG_001,2,13,1,38.2644650435,46.1900458273,52.2112483239,0.5485395646,45.113322657,60.777952881,57.1443227071,STANDBY,0,0,137.8925428439
2024-02-13 03:00:00,RIG_001,3,13,1,38.2644650435,45.0039474023,47.5792137757,0.5815198929000001,40.7563060765,68.2695080714,53.6098775069,STANDBY,0,0,137.9388605836
2024-02-13 04:00:00,RIG_001,4,13,1,40.6559941088,55.8465576223,58.7632964675,0.5691283164000001,39.2036473241,67.6057004629,69.3889726329,STANDBY,0,0,137.9851783233
2024-02-13 05:00:00,RIG_001,5,13,1,48.7310717994,68.0418153941,69.6291632497,0.6825091654000001,48.3505531922,70.3913559046,74.9427053579,STANDBY,0,0,138.031496063
2024-02-13 06:00:00,RIG_001,6,13,1,57.3966975653,79.8985357652,78.3094725328,0.7296938016000001,51.9454333642,72.7769146399,85.1039889838,HIGH_PRODUCTION,0,0,138.0778138027
2024-02-13 07:00:00,RIG_001,7,13,1,66.0623233312,77.8570494205,79.6356717415,0.731772749,46.2925710743,69.2035607679,81.7090729346,HIGH_PRODUCTION,0,0,138.1241315424
2024-02-13 08:00:00,RIG_001,8,13,1,74.1374010218,93.6269002535,90.6207198637,0.7766566655,53.7596934307,81.0512556238,97.9245328543,HIGH_PRODUCTION,0,0,138.1704492821
2024-02-13 09:00:00,RIG_001,9,13,1,81.0716274372,94.9821278152,95.0,0.7314357850000001,54.6479839861,76.1678192602,98.4208274047,HIGH_PRODUCTION,0,0,138.2167670218
2024-02-13 10:00:00,RIG_001,10,13,1,86.3924465065,99.6393003932,94.8071507047,0.782458198,54.7636104943,77.5523700908,100.0214132025,HIGH_PRODUCTION,0,0,138.2630847615
2024-02-13 11:00:00,RIG_001,11,13,1,89.7372532031,108.272490938,95.0,0.7431827494000001,55.4865808963,85.4575262111,99.6734541248,HIGH_PRODUCTION,0,0,138.3094025012
2024-02-13 12:00:00,RIG_001,12,13,1,90.8781044784,108.2636045788,95.0,0.8863751435,59.0977755918,76.8301310336,103.0989227047,HIGH_PRODUCTION,0,0,138.3557202409
2024-02-13 13:00:00,RIG_001,13,13,1,89.7372532031,95.9861257875,95.0,0.7663852256,53.1897719549,74.2250443043,96.0700703369,HIGH_PRODUCTION,0,0,138.4020379805
2024-02-13 14:00:00,RIG_001,14,13,1,86.3924465065,107.9129292854,95.0,0.7930879048,54.0078599959,82.3194760551,93.1502840962,HIGH_PRODUCTION,0,0,138.4483557202
2024-02-13 15:00:00,RIG_001,15,13,1,81.0716274372,102.1168128992,95.0,0.879776149,51.4302542535,81.5148971568,99.3597019087,HIGH_PRODUCTION,0,0,138.4946734599
2024-02-13 16:00:00,RIG_001,16,13,1,74.1374010218,85.1612638665,87.4637456537,0.6875354297,53.8120150066,77.0025831038,93.8693394244,HIGH_PRODUCTION,0,0,138.5409911996
2024-02-13 17:00:00,RIG_001,17,13,1,66.0623233312,82.1999650116,79.034449633,0.6846697751,51.7833192058,73.7545940233,84.4912577604,HIGH_PRODUCTION,0,0,138.5873089393
2024-02-13 18:00:00,RIG_001,18,13,1,57.3966975653,74.0324201708,77.7539003256,0.661820751,48.684052137,79.8008350572,86.4505130378,HIGH_PRODUCTION,0,0,138.633626679
2024-02-13 19:00:00,RIG_001,19,13,1,48.7310717994,64.2069599635,69.5001008607,0.6839470885000001,45.1711907172,68.5784103128,75.8122188833,HIGH_PRODUCTION,0,0,138.6799444187
2024-02-13 20:00:00,RIG_001,20,13,1,40.6559941088,52.0839353355,58.7216051958,0.6727384361000001,41.9629870055,64.9328221443,62.0300602002,HIGH_PRODUCTION,0,0,138.7262621584
2024-02-13 21:00:00,RIG_001,21,13,1,38.2644650435,49.0927628608,57.3624012845,0.6793523816,40.1217174183,62.3368688518,55.3861408221,HIGH_PRODUCTION,0,0,138.7725798981
2024-02-13 22:00:00,RIG_001,22,13,1,38.2644650435,52.3300570065,51.1565845583,0.7808655274,42.2196029625,66.0707375515,55.4446478557,STANDBY,0,0,138.8188976378
2024-02-13 23:00:00,RIG_001,23,13,1,38.2644650435,58.3284201187,56.2207491884,0.5579744992,40.3419305994,69.3434097317,64.3046261951,STANDBY,0,0,138.8652153775
2024-02-14 00:00:00,RIG_001,0,14,2,36.8726740701,53.9219880812,52.8825859274,0.6878488762,42.0083697134,69.787330588,56.7064425794,STANDBY,0,0,138.9115331172
2024-02-14 01:00:00,RIG_001,1,14,2,36.8726740701,49.3578633087,53.3302700224,0.6160484647000001,41.7175907945,60.3395061993,58.4152308135,STANDBY,0,0,138.9578508569
2024-02-14 02:00:00,RIG_001,2,14,2,36.8726740701,55.0763761834,54.0173410005,0.6319250455000001,44.9888541402,65.7849268399,60.2814217635,STANDBY,0,0,139.0041685966
2024-02-14 03:00:00,RIG_001,3,14,2,36.8726740701,36.9821171879,48.0474063619,0.5761596905,39.1656763702,62.4347459888,50.0015292392,STANDBY,0,0,139.0504863363
2024-02-14 04:00:00,RIG_001,4,14,2,39.1772161995,59.2801485833,64.309161438,0.6287891785,46.4098833736,69.5452171788,71.1788691279,STANDBY,0,0,139.096804076
2024-02-14 05:00:00,RIG_001,5,14,2,46.9585795986,52.6260622476,60.8954907879,0.7386769157,45.8547857721,65.8074646477,70.8068561579,STANDBY,0,0,139.1431218157
2024-02-14 06:00:00,RIG_001,6,14,2,55.3090111052,67.869805602,71.2893854085,0.7424820414000001,49.0837915881,71.9882135892,75.7709453528,HIGH_PRODUCTION,0,0,139.1894395553
2024-02-14 07:00:00,RIG_001,7,14,2,63.6594426117,72.4410400034,73.5594296811,0.7154259481,49.0512796956,69.3054203222,75.1722364156,HIGH_PRODUCTION,0,0,139.235757295
2024-02-14 08:00:00,RIG_001,8,14,2,71.4408060109,79.354293158,79.9188739625,0.8027419672,49.8622986479,78.4800042444,84.7190708815,HIGH_PRODUCTION,0,0,139.2820750347
2024-02-14 09:00:00,RIG_001,9,14,2,78.1228142462,98.3207903698,95.0,0.7166494939,52.6186215756,82.4741214199,93.3268476742,HIGH_PRODUCTION,0,0,139.3283927744
2024-02-14 10:00:00,RIG_001,10,14,2,83.2500994991,95.3123833402,95.0,0.7169007355,55.3079839378,74.5589316409,101.0107097919,HIGH_PRODUCTION,0,0,139.3747105141
2024-02-14 11:00:00,RIG_001,11,14,2,86.4732457528,102.61350267,95.0,0.6966262344,59.0128704319,77.5587416567,101.3568231329,HIGH_PRODUCTION,0,0,139.4210282538
2024-02-14 12:00:00,RIG_001,12,14,2,87.5726009166,101.7526831917,95.0,0.7681567065,56.1223828772,77.3850397072,105.0269088815,HIGH_PRODUCTION,0,0,139.4673459935
2024-02-14 13:00:00,RIG_001,13,14,2,86.4732457528,103.2800827194,95.0,0.8159798294,59.6545389767,83.0179347285,99.4180156223,HIGH_PRODUCTION,0,0,139.5136637332
2024-02-14 14:00:00,RIG_001,14,14,2,83.2500994991,98.0627894459,93.6241720604,0.7975712231000001,51.4645539453,75.5646535345,99.8496280749,HIGH_PRODUCTION,0,0,139.5599814729
2024-02-14 15:00:00,RIG_001,15,14,2,78.1228142462,86.1433812777,91.1657211904,0.7643224362000001,49.2275185499,74.8499413807,93.5818568832,HIGH_PRODUCTION,0,0,139.6062992126
2024-02-14 16:00:00,RIG_001,16,14,2,71.4408060109,90.8646159215,85.9578584109,0.700651474,54.4265569959,78.6234979657,89.8885770493,HIGH_PRODUCTION,0,0,139.6526169523
2024-02-14 17:00:00,RIG_001,17,14,2,63.6594426117,75.6400831703,77.8335619054,0.7658737254,49.4386012129,72.4935271474,78.2580055954,HIGH_PRODUCTION,0,0,139.698934692
2024-02-14 18:00:00,RIG_001,18,14,2,55.3090111052,61.9824727472,69.2043715947,0.6969098039,48.1231825399,69.3714043713,73.6200027308,HIGH_PRODUCTION,0,0,139.7452524317
2024-02-14 19:00:00,RIG_001,19,14,2,46.9585795986,59.28132259,60.9883958572,0.7136629625,44.7893873661,64.586988643,65.0724683966,HIGH_PRODUCTION,0,0,139.7915701714
2024-02-14 20:00:00,RIG_001,20,14,2,39.1772161995,61.1512816099,63.0601899155,0.5881672876,43.5518695574,70.1299476031,68.9577892137,HIGH_PRODUCTION,0,0,139.8378879111
2024-02-14 21:00:00,RIG_001,21,14,2,36.8726740701,55.6009968988,59.5795749648,0.6819143562000001,43.4730627403,64.8406633922,62.7087843238,HIGH_PRODUCTION,0,0,139.8842056508
2024-02-14 22:00:00,RIG_001,22,14,2,36.8726740701,49.6135751772,52.8649405198,0.5891745571,39.3380258524,63.91021353,58.1149765728,STANDBY,0,0,139.9305233905
2024-02-14 23:00:00,RIG_001,23,14,2,36.8726740701,49.6174949886,57.7798964942,0.6288936869,40.1471924009,65.5984436803,61.7797563273,STANDBY,0,0,139.9768411302
2024-02-15 00:00:00,RIG_001,0,15,3,36.1002883513,49.1121531485,48.1300933713,0.6741473399,44.222926283,65.0428806091,52.1355952064,STANDBY,0,0,140.0231588698
2024-02-15 01:00:00,RIG_001,1,15,3,36.1002883513,61.1110159833,61.0566600395,0.6881656347,47.0233288248,68.405244852,66.2977470173,STANDBY,0,0,140.0694766095
2024-02-15 02:00:00,RIG_001,2,15,3,36.1002883513,52.6439009876,54.3125338875,0.6158178814,43.8869838165,63.5412898304,59.4341027145,STANDBY,0,0,140.1157943492
2024-02-15 03:00:00,RIG_001,3,15,3,36.1002883513,52.8913796234,57.6218138342,0.6596362450000001,39.7806898639,64.9687656534,64.9053359514,STANDBY,0,0,140.1621120889
2024-02-15 04:00:00,RIG_001,4,15,3,38.3565563732,58.1558043405,61.7760969077,0.5987243666000001,43.8221439341,67.4532920747,66.4141678053,STANDBY,0,0,140.2084298286
2024-02-15 05:00:00,RIG_001,5,15,3,45.9749206378,61.823644791,63.5573221195,0.7440032944,43.0059114204,64.4218377378,67.5076660722,STANDBY,0,0,140.2547475683
2024-02-15 06:00:00,RIG_001,6,15,3,54.1504325269,67.5169478168,70.968161475,0.6934909037,49.2323034618,68.8674854461,75.4257391398,HIGH_PRODUCTION,0,0,140.301065308
2024-02-15 07:00:00,RIG_001,7,15,3,62.325944416,76.0128688506,73.9624707684,0.785355636,47.8357729455,73.9669002923,76.8184784179,HIGH_PRODUCTION,0,0,140.3473830477
2024-02-15 08:00:00,RIG_001,8,15,3,69.9443086806,84.2619237244,85.7636492358,0.72803399,48.8939855095,71.4462673058,89.6839159551,HIGH_PRODUCTION,0,0,140.3937007874
2024-02-15 09:00:00,RIG_001,9,15,3,76.4863463859,90.9828042052,90.8428537046,0.7485296873,52.8052933815,80.7645862163,101.9363298438,HIGH_PRODUCTION,0,0,140.4400185271
2024-02-15 10:00:00,RIG_001,10,15,3,81.5062284735,99.8338928546,95.0,0.7632376843,53.6781643,83.7590076442,97.2619637179,HIGH_PRODUCTION,0,0,140.4863362668
2024-02-15 11:00:00,RIG_001,11,15,3,84.661858275,99.6180520278,95.0,0.8447934687,57.8720008274,76.1499638805,99.1640309984,HIGH_PRODUCTION,0,0,140.5326540065
2024-02-15 12:00:00,RIG_001,12,15,3,85.7381848343,104.1047972051,95.0,0.7791587207,54.5565775062,85.3042980607,98.8375340102,HIGH_PRODUCTION,0,0,140.5789717462
2024-02-15 13:00:00,RIG_001,13,15,3,84.661858275,98.9686350202,95.0,0.8316368346,51.943702236600004,79.2598457399,99.2584851633,HIGH_PRODUCTION,0,0,140.6252894859
2024-02-15 14:00:00,RIG_001,14,15,3,81.5062284735,96.6167117318,93.136093596,0.7734139442,49.8483509014,80.240557197,97.1423756694,HIGH_PRODUCTION,0,0,140.6716072256
2024-02-15 15:00:00,RIG_001,15,15,3,76.4863463859,81.2195979308,82.9641714807,0.6477323287,50.2433264779,72.8759262229,88.8018917844,HIGH_PRODUCTION,0,0,140.7179249653
2024-02-15 16:00:00,RIG_001,16,15,3,69.9443086806,89.2571496827,89.92775905,0.7423127165000001,51.190427193,79.5462793865,89.7972337458,HIGH_PRODUCTION,0,0,140.764242705
2024-02-15 17:00:00,RIG_001,17,15,3,62.325944416,78.796537085,82.2211454233,0.6806764423,46.8413250582,74.8572431821,90.3326598409,HIGH_PRODUCTION,0,0,140.8105604447
2024-02-15 18:00:00,RIG_001,18,15,3,54.1504325269,73.8855810267,73.8551277434,0.7267793920000001,50.8498481792,69.7232145382,80.7528761423,HIGH_PRODUCTION,0,0,140.8568781843
2024-02-15 19:00:00,RIG_001,19,15,3,45.9749206378,46.2456893582,55.7688667486,0.582829465,42.8959126344,60.3781008076,57.0402519904,HIGH_PRODUCTION,0,0,140.903195924
2024-02-15 20:00:00,RIG_001,20,15,3,38.3565563732,63.5574231695,62.3252251517,0.7407690792,45.8329200345,64.6863196452,60.5179933329,HIGH_PRODUCTION,0,0,140.9495136637
2024-02-15 21:00:00,RIG_001,21,15,3,36.1002883513,50.1682811438,56.7896281273,0.649934376,45.2707227743,65.6143096724,58.8584116889,HIGH_PRODUCTION,0,0,140.9958314034
2024-02-15 22:00:00,RIG_001,22,15,3,36.1002883513,56.4140910292,58.2510850347,0.6645310699,45.4285948241,68.6416415441,62.5230856504,STANDBY,0,0,141.0421491431
2024-02-15 23:00:00,RIG_001,23,15,3,36.1002883513,45.6805949709,53.5633852451,0.6741902593,39.7744369397,65.6570755276,66.3042609412,STANDBY,0,0,141.0884668828
2024-02-16 00:00:00,RIG_001,0,16,4,36.1002883513,54.0708159529,52.6858434174,0.7149469331,41.4392636602,65.8673015021,59.3156143123,STANDBY,0,0,141.1347846225
2024-02-16 01:00:00,RIG_001,1,16,4,36.1002883513,45.7468162727,48.9646673553,0.6409599207000001,43.0726671571,60.2530555148,48.5418984077,STANDBY,0,0,141.1811023622
2024-02-16 02:00:00,RIG_001,2,16,4,36.1002883513,47.901996946,52.2758867824,0.6100556563,42.7682331494,62.3243746897,55.2069202677,STANDBY,0,0,141.2274201019
2024-02-16 03:00:00,RIG_001,3,16,4,36.1002883513,60.5979461798,61.9948925338,0.5981903091,45.4889820809,71.6364297708,66.835255225,STANDBY,0,0,141.2737378416
2024-02-16 04:00:00,RIG_001,4,16,4,38.3565563732,52.3375930896,56.9712205786,0.6279905137,41.3914026667,64.2473922331,62.7322712415,STANDBY,0,0,141.3200555813
2024-02-16 05:00:00,RIG_001,5,16,4,45.9749206378,62.0034813848,63.3856142891,0.6606153251,46.7167654802,69.0312973075,64.4413677082,STANDBY,0,0,141.366373321
2024-02-16 06:00:00,RIG_001,6,16,4,54.1504325269,73.4491152224,75.8322841913,0.7313509826,46.8512810393,68.807783116,80.4273135074,HIGH_PRODUCTION,0,0,141.4126910607
2024-02-16 07:00:00,RIG_001,7,16,4,62.325944416,79.7596455589,81.3686104213,0.7278576278000001,49.7359380805,74.9376428041,84.2156930084,HIGH_PRODUCTION,0,0,141.4590088004
2024-02-16 08:00:00,RIG_001,8,16,4,69.9443086806,85.6586425703,83.562637341,0.7973938825,54.3085489353,74.324539086,85.25136165320001,HIGH_PRODUCTION,0,0,141.5053265401
2024-02-16 09:00:00,RIG_001,9,16,4,76.4863463859,93.2803384231,94.3359429056,0.7553984288000001,51.9984161342,81.1242396683,100.1147298457,HIGH_PRODUCTION,0,0,141.5516442798
2024-02-16 10:00:00,RIG_001,10,16,4,81.5062284735,108.4994410856,95.0,0.8290381130000001,53.9788817573,84.8705054443,102.3216315203,HIGH_PRODUCTION,0,0,141.5979620195
2024-02-16 11:00:00,RIG_001,11,16,4,84.661858275,99.3568466367,95.0,0.8638470311,52.7341172754,78.3199361513,102.5231238309,HIGH_PRODUCTION,0,0,141.6442797591
2024-02-16 12:00:00,RIG_001,12,16,4,85.7381848343,101.7337100756,95.0,0.8290547809000001,57.4220251723,80.1401209406,101.7231590534,HIGH_PRODUCTION,0,0,141.6905974988
2024-02-16 13:00:00,RIG_001,13,16,4,84.661858275,104.9121079238,95.0,0.8186821076,56.7374892557,79.820283657,98.5078914006,HIGH_PRODUCTION,0,0,141.7369152385
2024-02-16 14:00:00,RIG_001,14,16,4,81.5062284735,102.037783468,95.0,0.7831490602000001,55.2516911096,76.3530354508,102.1436492844,HIGH_PRODUCTION,0,0,141.7832329782
2024-02-16 15:00:00,RIG_001,15,16,4,76.4863463859,97.4323709043,94.1763397504,0.7679537457000001,53.3399051155,76.6573839827,100.1035030647,HIGH_PRODUCTION,0,0,141.8295507179
2024-02-16 16:00:00,RIG_001,16,16,4,69.9443086806,88.1557804423,82.5887011762,0.7294401525,53.0096649257,77.0413861159,87.990526825,HIGH_PRODUCTION,0,0,141.8758684576
2024-02-16 17:00:00,RIG_001,17,16,4,62.325944416,71.6356881649,76.8048765508,0.695545466,46.2107123393,72.4664849442,79.9697971857,HIGH_PRODUCTION,0,0,141.9221861973
2024-02-16 18:00:00,RIG_001,18,16,4,54.1504325269,77.3493061619,73.2865972523,0.7777052262,49.9486576778,73.6504355594,76.7959688702,HIGH_PRODUCTION,0,0,141.968503937
2024-02-16 19:00:00,RIG_001,19,16,4,45.9749206378,55.2818573072,64.1054016803,0.6628104451,42.3579551892,65.6793580303,69.3270624887,HIGH_PRODUCTION,0,0,142.0148216767
2024-02-16 20:00:00,RIG_001,20,16,4,38.3565563732,54.9153449948,58.288966809,0.6055019392000001,41.9335174782,69.2738033156,70.6085902099,HIGH_PRODUCTION,0,0,142.0611394164
2024-02-16 21:00:00,RIG_001,21,16,4,36.1002883513,47.3814680575,52.3486926212,0.7389826974,40.5703921447,64.4050661309,58.2524200614,HIGH_PRODUCTION,0,0,142.1074571561
2024-02-16 22:00:00,RIG_001,22,16,4,36.1002883513,50.8391032356,52.3197908989,0.6771306688000001,41.9589609159,67.361492455,55.4862253922,STANDBY,0,0,142.1537748958
2024-02-16 23:00:00,RIG_001,23,16,4,36.1002883513,52.8105546811,53.3828484505,0.5968848646,43.1049789984,60.5218410077,55.8856801156,STANDBY,0,0,142.2000926355
2024-02-17 00:00:00,RIG_001,0,17,5,36.8726740701,53.6705919333,57.0394178503,0.6479049709,43.8885595735,54.3339768251,60.5641180123,STANDBY,0,0,142.2464103752
2024-02-17 01:00:00,RIG_001,1,17,5,36.8726740701,54.1803572882,49.8051904495,0.6772563035,36.1683587392,67.10547127,61.3370707922,STANDBY,0,0,142.2927281149
2024-02-17 02:00:00,RIG_001,2,17,5,36.8726740701,60.1462575232,61.7134820558,0.7750245607,43.4212632653,63.7695802958,65.515712118,STANDBY,0,0,142.3390458546
2024-02-17 03:00:00,RIG_001,3,17,5,36.8726740701,54.3523203465,57.6305849206,0.6171927925,42.8049401319,65.6683409958,65.3511965244,STANDBY,0,0,142.3853635943
2024-02-17 04:00:00,RIG_001,4,17,5,39.1772161995,53.1753554528,55.491169976,0.7180548277000001,46.3039629404,65.0463155128,59.3633852395,STANDBY,0,0,142.431681334
2024-02-17 05:00:00,RIG_001,5,17,5,46.9585795986,67.0048855308,65.9817541715,0.7809009742,44.5912161659,74.8636674665,71.7653077954,STANDBY,0,0,142.4779990736
2024-02-17 06:00:00,RIG_001,6,17,5,55.3090111052,76.4891813015,79.2462948353,0.7081320959,49.4478885616,74.1467440493,86.6215306573,HIGH_PRODUCTION,0,0,142.5243168133
2024-02-17 07:00:00,RIG_001,7,17,5,63.6594426117,72.7611689487,73.8362399701,0.7146903641,51.1803528566,72.325927765,77.1205314207,HIGH_PRODUCTION,0,0,142.570634553
2024-02-17 08:00:00,RIG_001,8,17,5,71.4408060109,89.6745194337,85.498010639,0.7276759051,49.7926927985,79.413329294,88.5746756766,HIGH_PRODUCTION,0,0,142.6169522927
2024-02-17 09:00:00,RIG_001,9,17,5,78.1228142462,96.8823386923,95.0,0.7911270392,55.0085351248,80.1701943682,104.9766090834,HIGH_PRODUCTION,0,0,142.6632700324
2024-02-17 10:00:00,RIG_001,10,17,5,83.2500994991,97.0228903778,95.0,0.8000775235,52.6511789266,77.7338361344,102.9537786847,HIGH_PRODUCTION,0,0,142.7095877721
2024-02-17 11:00:00,RIG_001,11,17,5,86.4732457528,108.6193358758,95.0,0.8698641296,56.1455664844,85.8002285535,102.3720169561,HIGH_PRODUCTION,0,0,142.7559055118
2024-02-17 12:00:00,RIG_001,12,17,5,87.5726009166,102.0968266988,95.0,0.8720085467,53.9179850068,77.299797626,102.3618288794,HIGH_PRODUCTION,0,0,142.8022232515
2024-02-17 13:00:00,RIG_001,13,17,5,86.4732457528,102.3825793985,95.0,0.7811370989,54.1319302328,81.6845153821,101.3787264649,HIGH_PRODUCTION,0,0,142.8485409912
2024-02-17 14:00:00,RIG_001,14,17,5,83.2500994991,97.673139417,95.0,0.7062326,59.8621091501,74.6592324427,106.0533274395,HIGH_PRODUCTION,0,0,142.8948587309
2024-02-17 15:00:00,RIG_001,15,17,5,78.1228142462,93.4960561844,93.8772298899,0.7911906355,55.0629257902,78.6606484279,99.0089547955,HIGH_PRODUCTION,0,0,142.9411764706
2024-02-17 16:00:00,RIG_001,16,17,5,71.4408060109,81.2617249376,83.8210473602,0.7704120282,52.518906958,74.9574864066,90.5528344618,HIGH_PRODUCTION,0,0,142.9874942103
2024-02-17 17:00:00,RIG_001,17,17,5,63.6594426117,71.7684302209,75.8549326159,0.7399114228,48.9260945289,76.559893952,76.5021938301,HIGH_PRODUCTION,0,0,143.03381195
2024-02-17 18:00:00,RIG_001,18,17,5,55.3090111052,78.5977261044,80.6810119124,0.7317800347000001,46.4369179493,68.884396151,83.2061298526,HIGH_PRODUCTION,0,0,143.0801296897
2024-02-17 19:00:00,RIG_001,19,17,5,46.9585795986,58.0469102011,62.7569664146,0.6928841253,45.3016434909,65.6114115328,64.1545094151,HIGH_PRODUCTION,0,0,143.1264474294
2024-02-17 20:00:00,RIG_001,20,17,5,39.1772161995,49.5503394572,53.3664554235,0.7371143195000001,44.5334440933,67.3331491169,62.188646174,HIGH_PRODUCTION,0,0,143.1727651691
2024-02-17 21:00:00,RIG_001,21,17,5,36.8726740701,41.4427561681,50.107747277,0.6562913086000001,38.6538900939,63.4387786196,47.4501268209,HIGH_PRODUCTION,0,0,143.2190829088
2024-02-17 22:00:00,RIG_001,22,17,5,36.8726740701,49.0218456586,56.656998264,0.6414587183,44.186114749,65.2474688516,60.4500681957,STANDBY,0,0,143.2654006484
2024-02-17 23:00:00,RIG_001,23,17,5,36.8726740701,45.608153091,47.6079662579,0.625061442,42.8107106924,60.8140388184,43.6268464499,STANDBY,0,0,143.3117183881
2024-02-18 00:00:00,RIG_001,0,18,6,38.2644650435,61.9479671404,58.4458547508,0.690783428,49.1910718747,66.8119350978,60.9519910644,STANDBY,0,0,143.3580361278
2024-02-18 01:00:00,RIG_001,1,18,6,38.2644650435,58.7939244473,58.3818401343,0.7718361869,43.8629150868,71.3733003589,61.9089932851,STANDBY,0,0,143.4043538675
2024-02-18 02:00:00,RIG_001,2,18,6,38.2644650435,50.3110349357,53.1506080331,0.6555707558,40.3825367694,64.9387828994,62.3052213145,STANDBY,0,0,143.4506716072
2024-02-18 03:00:00,RIG_001,3,18,6,38.2644650435,65.0209133493,61.3910865993,0.7080609802000001,45.5319721186,70.6323530932,67.580970417,STANDBY,0,0,143.4969893469
2024-02-18 04:00:00,RIG_001,4,18,6,40.6559941088,61.0660384837,64.8833388027,0.6732556653,48.1376516072,67.9742465588,67.3839142327,STANDBY,0,0,143.5433070866
2024-02-18 05:00:00,RIG_001,5,18,6,48.7310717994,62.6150794827,70.1385767729,0.7571529056,41.996958109,65.2352672991,78.336467932,STANDBY,0,0,143.5896248263
2024-02-18 06:00:00,RIG_001,6,18,6,57.3966975653,60.4147812528,66.6411316697,0.7937799768,40.9669438823,70.9258656541,71.6946284333,HIGH_PRODUCTION,0,0,143.635942566
2024-02-18 07:00:00,RIG_001,7,18,6,66.0623233312,93.039096117,86.0858734515,0.8163769820000001,53.4385645871,79.4214259887,91.1985740277,HIGH_PRODUCTION,0,0,143.6822603057
2024-02-18 08:00:00,RIG_001,8,18,6,74.1374010218,82.7185462718,80.533206713,0.7672085962,49.7944579824,81.7324743936,81.9251921897,HIGH_PRODUCTION,0,0,143.7285780454
2024-02-18 09:00:00,RIG_001,9,18,6,81.0716274372,88.3805889471,89.2011595802,0.7820804916,52.1106030231,73.4674325452,91.2311184385,HIGH_PRODUCTION,0,0,143.7748957851
2024-02-18 10:00:00,RIG_001,10,18,6,86.3924465065,107.0482015722,95.0,0.7172141194,58.6526739355,84.5821792353,97.5247081002,HIGH_PRODUCTION,0,0,143.8212135248
2024-02-18 11:00:00,RIG_001,11,18,6,89.7372532031,117.4858658015,95.0,0.9051852657,58.2663277581,81.3111278423,100.1393838195,HIGH_PRODUCTION,0,0,143.8675312645
2024-02-18 12:00:00,RIG_001,12,18,6,90.8781044784,113.3562667985,95.0,0.8624325172,54.5930550378,84.4789197426,100.2336571809,HIGH_PRODUCTION,0,0,143.9138490042
2024-02-18 13:00:00,RIG_001,13,18,6,89.7372532031,108.1205446919,95.0,0.8616194036,61.1190992874,85.3656831748,104.6322779906,HIGH_PRODUCTION,0,0,143.9601667439
2024-02-18 14:00:00,RIG_001,14,18,6,86.3924465065,104.9369117643,95.0,0.7952635635,54.2397713662,75.264668181,101.1551655038,HIGH_PRODUCTION,0,0,144.0064844836
2024-02-18 15:00:00,RIG_001,15,18,6,81.0716274372,100.9163464416,95.0,0.7997374043000001,53.1110123664,79.6601065097,91.877302919,HIGH_PRODUCTION,0,0,144.0528022233
2024-02-18 16:00:00,RIG_001,16,18,6,74.1374010218,93.5166328422,91.9375229481,0.7763951316000001,55.586598238,76.3653606505,97.7254489117,HIGH_PRODUCTION,0,0,144.0991199629
2024-02-18 17:00:00,RIG_001,17,18,6,66.0623233312,83.0598169834,78.8149829775,0.816842351,49.9959760038,72.8120732001,79.464933909,HIGH_PRODUCTION,0,0,144.1454377026
2024-02-18 18:00:00,RIG_001,18,18,6,57.3966975653,73.5161872784,77.2893903234,0.7183775918,48.2522671155,73.2104941403,79.3914775495,HIGH_PRODUCTION,0,0,144.1917554423
2024-02-18 19:00:00,RIG_001,19,18,6,48.7310717994,64.0235380141,67.4917128894,0.8131559229,46.9714647517,72.5691185235,70.0552044743,HIGH_PRODUCTION,0,0,144.238073182
2024-02-18 20:00:00,RIG_001,20,18,6,40.6559941088,52.4985506796,60.2983196981,0.6961763367,45.2918038761,65.3497290582,63.3083047275,HIGH_PRODUCTION,0,0,144.2843909217
2024-02-18 21:00:00,RIG_001,21,18,6,38.2644650435,52.4804168354,53.1471403548,0.6109799522,42.4531828225,66.3605843333,54.0216921786,HIGH_PRODUCTION,0,0,144.3307086614
2024-02-18 22:00:00,RIG_001,22,18,6,38.2644650435,45.4259558097,47.5957219447,0.6473586584000001,44.3963929642,63.9707130021,53.2061679551,STANDBY,0,0,144.3770264011
2024-02-18 23:00:00,RIG_001,23,18,6,38.2644650435,53.4059894076,54.0182484147,0.6453275887000001,39.0798976544,66.0272073414,54.7858415595,STANDBY,0,0,144.4233441408
2024-02-19 00:00:00,RIG_001,0,19,0,40.0,50.8105518311,53.4918999525,0.5605911795,44.2222124317,61.9751376362,59.5619027742,STANDBY,0,0,144.4696618805
2024-02-19 01:00:00,RIG_001,1,19,0,40.0,50.2425084417,56.0108201006,0.7487649908,40.8815719944,68.3980863377,67.7217333318,STANDBY,0,0,144.5159796202
2024-02-19 02:00:00,RIG_001,2,19,0,40.0,56.6668734445,58.4840786641,0.7234069369,46.9112609944,67.8856481378,59.4960014873,STANDBY,0,0,144.5622973599
2024-02-19 03:00:00,RIG_001,3,19,0,40.0,62.7343617814,61.4984002658,0.7332979116,45.967679403,70.0049530044,65.6448693527,STANDBY,0,0,144.6086150996
2024-02-19 04:00:00,RIG_001,4,19,0,42.5,62.8728810407,61.6709902091,0.7155085575,44.3724095962,66.4423354251,59.1006181215,STANDBY,0,0,144.6549328393
2024-02-19 05:00:00,RIG_001,5,19,0,50.9413334214,58.8770760749,65.7156944296,0.6263353521,46.0449512048,66.2854616285,69.8128885507,STANDBY,0,0,144.701250579
2024-02-19 06:00:00,RIG_001,6,19,0,60.0,70.8470526497,70.5788207383,0.7073505742,49.4981398568,70.7257132018,77.5069721962,HIGH_PRODUCTION,0,0,144.7475683187
2024-02-19 07:00:00,RIG_001,7,19,0,69.0586665786,89.5646635121,89.0662875776,0.8299585735,53.6749541237,72.2670249733,96.2282052717,HIGH_PRODUCTION,0,0,144.7938860584
2024-02-19 08:00:00,RIG_001,8,19,0,77.5,88.3966516868,86.4692217129,0.7319897688,50.0397704424,71.4548925304,91.7013129037,HIGH_PRODUCTION,0,0,144.8402037981
2024-02-19 09:00:00,RIG_001,9,19,0,84.7487373415,99.441607907,95.0,0.6912824441000001,53.8923677295,78.0302385802,102.6677902743,HIGH_PRODUCTION,0,0,144.8865215377
2024-02-19 10:00:00,RIG_001,10,19,0,90.3108891325,108.884133604,95.0,0.8350284575,57.2128877268,84.2328023805,107.6381636078,HIGH_PRODUCTION,0,0,144.9328392774
2024-02-19 11:00:00,RIG_001,11,19,0,93.8074039201,104.7956132832,95.0,0.8272155902,56.1163840155,79.4792718152,105.1369140623,HIGH_PRODUCTION,0,0,144.9791570171
2024-02-19 12:00:00,RIG_001,12,19,0,95.0,111.363756829,95.0,0.8609713403,59.3404301581,80.3527114559,98.4324372118,HIGH_PRODUCTION,0,0,145.0254747568
2024-02-19 13:00:00,RIG_001,13,19,0,93.8074039201,102.9811034048,95.0,0.8656564124,51.7154733862,78.4502740617,95.6466880406,HIGH_PRODUCTION,0,0,145.0717924965
2024-02-19 14:00:00,RIG_001,14,19,0,90.3108891325,103.1548255329,95.0,0.8618172082000001,56.4573604923,79.5804203904,98.7815457503,HIGH_PRODUCTION,0,0,145.1181102362
2024-02-19 15:00:00,RIG_001,15,19,0,84.7487373415,102.2053692934,95.0,0.84021231,54.9713796145,79.6000338996,97.1590517031,HIGH_PRODUCTION,0,0,145.1644279759
2024-02-19 16:00:00,RIG_001,16,19,0,77.5,85.3997012745,84.0521979485,0.8368186561000001,49.6729240858,82.116474739,90.4062405921,HIGH_PRODUCTION,0,0,145.2107457156
2024-02-19 17:00:00,RIG_001,17,19,0,69.0586665786,87.1326578715,84.0188842631,0.7064777384,50.2981909123,79.3036592469,85.4753036448,HIGH_PRODUCTION,0,0,145.2570634553
2024-02-19 18:00:00,RIG_001,18,19,0,60.0,75.7803762694,75.6253798211,0.7737837443000001,48.5160187383,75.8084352177,80.4069125233,HIGH_PRODUCTION,0,0,145.303381195
2024-02-19 19:00:00,RIG_001,19,19,0,50.9413334214,69.5892961185,65.4255571214,0.7614936023000001,40.1951538207,74.3825299284,72.9395992851,HIGH_PRODUCTION,0,0,145.3496989347
2024-02-19 20:00:00,RIG_001,20,19,0,42.5,59.5120312563,62.6235549833,0.6381420462,43.4754286725,64.8571467689,67.3214673649,HIGH_PRODUCTION,0,0,145.3960166744
2024-02-19 21:00:00,RIG_001,21,19,0,40.0,62.7201103968,60.0157695391,0.6347861384,43.9283979499,65.1489392741,62.1768280709,HIGH_PRODUCTION,0,0,145.4423344141
2024-02-19 22:00:00,RIG_001,22,19,0,40.0,56.5324784211,54.684619016,0.6542549376,45.1986860239,63.6391326517,63.2090611887,STANDBY,0,0,145.4886521538
2024-02-19 23:00:00,RIG_001,23,19,0,40.0,53.7662758632,51.1576702134,0.650361635,41.8305156008,70.133401159,50.5207273791,STANDBY,0,0,145.5349698935
2024-02-20 00:00:00,RIG_001,0,20,1,38.2644650435,54.9072939725,51.3565913878,0.7247180056,43.2965958928,64.8306128251,55.3732062201,STANDBY,0,0,145.5812876332
2024-02-20 01:00:00,RIG_001,1,20,1,38.2644650435,57.0192442635,53.7732449416,0.6628412151,47.3393643212,63.3517047323,58.6482648714,STANDBY,0,0,145.6276053729
2024-02-20 02:00:00,RIG_001,2,20,1,38.2644650435,54.5540021309,54.386156133,0.6435402729,45.6272035724,65.0732120386,59.4338821082,STANDBY,0,0,145.6739231126
2024-02-20 03:00:00,RIG_001,3,20,1,38.2644650435,54.5196078962,60.9614287633,0.6558581003,45.4344447739,65.6400657737,66.5029169315,STANDBY,0,0,145.7202408522
2024-02-20 04:00:00,RIG_001,4,20,1,40.6559941088,53.2051677273,56.8713412846,0.7386133543000001,42.301547071,66.7667901393,63.702660744,STANDBY,0,0,145.7665585919
2024-02-20 05:00:00,RIG_001,5,20,1,48.7310717994,61.4826469302,65.1745360098,0.7083516148,46.4567262911,69.1976471412,70.0683136927,STANDBY,0,0,145.8128763316
2024-02-20 06:00:00,RIG_001,6,20,1,57.3966975653,66.4566985858,70.6749819245,0.7138443208,46.1463790456,67.4524678841,74.5708070781,HIGH_PRODUCTION,0,0,145.8591940713
2024-02-20 07:00:00,RIG_001,7,20,1,66.0623233312,90.8901820877,86.8667919858,0.7907923186,52.3303591006,79.3240238038,90.6440239519,HIGH_PRODUCTION,0,0,145.905511811
2024-02-20 08:00:00,RIG_001,8,20,1,74.1374010218,84.0050075463,84.2481176063,0.8404253576,51.8206225741,73.2839216626,87.4135702002,HIGH_PRODUCTION,0,0,145.9518295507
2024-02-20 09:00:00,RIG_001,9,20,1,81.0716274372,93.7009718106,89.4868498087,0.7676369183,52.2312557758,77.6414625331,96.8494797817,HIGH_PRODUCTION,0,0,145.9981472904
2024-02-20 10:00:00,RIG_001,10,20,1,86.3924465065,98.901228202,95.0,0.8866569593,57.7113132594,81.7306906721,98.0604145616,HIGH_PRODUCTION,0,0,146.0444650301
2024-02-20 11:00:00,RIG_001,11,20,1,89.7372532031,110.3196407722,95.0,0.8658468683,57.2596499138,81.1704280198,102.540313327,HIGH_PRODUCTION,0,0,146.0907827698
2024-02-20 12:00:00,RIG_001,12,20,1,90.8781044784,105.5180694322,95.0,0.8330816412000001,57.6162384906,79.9473665589,100.0569972468,HIGH_PRODUCTION,0,0,146.1371005095
2024-02-20 13:00:00,RIG_001,13,20,1,89.7372532031,112.0976245727,95.0,0.9860715716,60.9356071017,85.4042915209,98.4362355794,HIGH_PRODUCTION,0,0,146.1834182492
2024-02-20 14:00:00,RIG_001,14,20,1,86.3924465065,99.1536020524,95.0,0.7695977756,56.8517080623,77.1728810859,101.8552216472,HIGH_PRODUCTION,0,0,146.2297359889
2024-02-20 15:00:00,RIG_001,15,20,1,81.0716274372,98.6021545765,92.8890714055,0.8032263907,51.8327004387,78.4262703021,95.7067096314,HIGH_PRODUCTION,0,0,146.2760537286
2024-02-20 16:00:00,RIG_001,16,20,1,74.1374010218,86.1031697446,86.6738329537,0.7219774331000001,52.4155842262,77.4981774575,93.5883850759,HIGH_PRODUCTION,0,0,146.3223714683
2024-02-20 17:00:00,RIG_001,17,20,1,66.0623233312,92.9375206201,86.3765203281,0.8519104172,54.935818944,84.0435335103,92.0146986917,HIGH_PRODUCTION,0,0,146.368689208
2024-02-20 18:00:00,RIG_001,18,20,1,57.3966975653,67.6151047811,74.8991750043,0.8129647888,48.6875022396,72.1007449486,78.110200937,HIGH_PRODUCTION,0,0,146.4150069477
2024-02-20 19:00:00,RIG_001,19,20,1,48.7310717994,66.4435223224,70.1766582213,0.8086720048,44.3842909124,71.3509759857,76.7625626673,HIGH_PRODUCTION,0,0,146.4613246874
2024-02-20 20:00:00,RIG_001,20,20,1,40.6559941088,59.9951731463,62.422251949,0.7672135268,43.6847228125,69.5909566949,69.0620211261,HIGH_PRODUCTION,0,0,146.507642427
2024-02-20 21:00:00,RIG_001,21,20,1,38.2644650435,56.5107028246,60.3035399719,0.6858669258,46.1167921776,63.7336400252,68.7760987894,HIGH_PRODUCTION,0,0,146.5539601667
2024-02-20 22:00:00,RIG_001,22,20,1,38.2644650435,53.5222167039,57.3969276408,0.6687057129,41.8570334346,66.4034552272,65.295368678,STANDBY,0,0,146.6002779064
2024-02-20 23:00:00,RIG_001,23,20,1,38.2644650435,53.8064991606,53.4285979099,0.6044473914,42.8522326768,66.0526502832,59.9024199721,STANDBY,0,0,146.6465956461
2024-02-21 00:00:00,RIG_001,0,21,2,36.8726740701,53.3986269486,52.4067416801,0.7887612111000001,46.5014083562,66.9843417057,54.0239688265,STANDBY,0,0,146.6929133858
2024-02-21 01:00:00,RIG_001,1,21,2,36.8726740701,52.4515072415,53.8997838605,0.7077603501,43.0172783096,66.0849763299,66.2455448251,STANDBY,0,0,146.7392311255
2024-02-21 02:00:00,RIG_001,2,21,2,36.8726740701,58.0128604946,59.6027853155,0.6765829317000001,43.049666848,68.5429571806,60.3919366823,STANDBY,0,0,146.7855488652
2024-02-21 03:00:00,RIG_001,3,21,2,36.8726740701,64.2530275795,63.1730830955,0.7864893936,44.3080221812,68.3415066892,71.0208726184,STANDBY,0,0,146.8318666049
2024-02-21 04:00:00,RIG_001,4,21,2,39.1772161995,52.7244434369,54.4806730977,0.6370478419000001,43.8465495184,65.9931597832,60.7745245484,STANDBY,0,0,146.8781843446
2024-02-21 05:00:00,RIG_001,5,21,2,46.9585795986,56.4511985241,60.1945178657,0.7173827056000001,41.4465036141,63.2518738591,61.6720907483,STANDBY,0,0,146.9245020843
2024-02-21 06:00:00,RIG_001,6,21,2,55.3090111052,71.2161823477,72.58176368150001,0.7329003696,47.3093736591,70.4051328703,77.2088608648,HIGH_PRODUCTION,0,0,146.970819824
2024-02-21 07:00:00,RIG_001,7,21,2,63.6594426117,92.9135184453,87.6673322193,0.8387429626,53.8948406813,82.0465561781,92.4310735606,HIGH_PRODUCTION,0,0,147.0171375637
2024-02-21 08:00:00,RIG_001,8,21,2,71.4408060109,83.7849099772,88.2160303399,0.7764298742,53.5445271354,76.0918980121,97.1327784874,HIGH_PRODUCTION,0,0,147.0634553034
2024-02-21 09:00:00,RIG_001,9,21,2,78.1228142462,102.6878227406,94.4975720091,0.7639561658,57.0070518459,80.74358371,97.3576393082,HIGH_PRODUCTION,0,0,147.1097730431
2024-02-21 10:00:00,RIG_001,10,21,2,83.2500994991,108.0149756976,95.0,0.8564481089,55.5756136884,88.092862538,99.2141649807,HIGH_PRODUCTION,0,0,147.1560907828
2024-02-21 11:00:00,RIG_001,11,21,2,86.4732457528,100.0886243333,95.0,0.8815187142,57.3789947185,75.9440823651,92.9917911849,HIGH_PRODUCTION,0,0,147.2024085225
2024-02-21 12:00:00,RIG_001,12,21,2,87.5726009166,106.8077837625,95.0,0.8479574360000001,56.1029158655,78.7139684624,105.2042883794,HIGH_PRODUCTION,0,0,147.2487262622
2024-02-21 13:00:00,RIG_001,13,21,2,86.4732457528,111.0124439794,95.0,0.9009732640000001,55.2817049508,88.4418674277,96.7885952709,HIGH_PRODUCTION,0,0,147.2950440019
2024-02-21 14:00:00,RIG_001,14,21,2,83.2500994991,97.7586235661,95.0,0.7703648434,54.095573173,79.465469878,100.9807325927,HIGH_PRODUCTION,0,0,147.3413617415
2024-02-21 15:00:00,RIG_001,15,21,2,78.1228142462,93.5160228786,92.9059886911,0.8087857469,56.2553441219,77.3270577547,97.6017652019,HIGH_PRODUCTION,0,0,147.3876794812
2024-02-21 16:00:00,RIG_001,16,21,2,71.4408060109,84.950459535,85.3612391841,0.7533618447,51.5680949839,71.8875248852,90.0672362837,HIGH_PRODUCTION,0,0,147.4339972209
2024-02-21 17:00:00,RIG_001,17,21,2,63.6594426117,75.0106647131,76.8792607862,0.792302296,48.7777099069,73.8462882131,84.3088467408,HIGH_PRODUCTION,0,0,147.4803149606
2024-02-21 18:00:00,RIG_001,18,21,2,55.3090111052,68.4945767956,71.9686968564,0.7371648393,50.3980674883,72.1817526473,81.9824842373,HIGH_PRODUCTION,0,0,147.5266327003
2024-02-21 19:00:00,RIG_001,19,21,2,46.9585795986,57.2777793415,57.2316230737,0.7366288236,41.4567351413,63.89985072,62.9861040835,HIGH_PRODUCTION,0,0,147.57295044
2024-02-21 20:00:00,RIG_001,20,21,2,39.1772161995,55.7934822785,60.8402283472,0.7522430409,41.3771723415,66.3172179269,67.8054624001,HIGH_PRODUCTION,0,0,147.6192681797
2024-02-21 21:00:00,RIG_001,21,21,2,36.8726740701,49.4756043135,54.2808641459,0.7136700854,39.1372081364,63.8361337979,60.2675387561,HIGH_PRODUCTION,0,0,147.6655859194
2024-02-21 22:00:00,RIG_001,22,21,2,36.8726740701,54.5013476887,55.3276555894,0.7080075794,44.3706332951,67.1183357459,63.3802498612,STANDBY,0,0,147.7119036591
2024-02-21 23:00:00,RIG_001,23,21,2,36.8726740701,45.5598875596,53.7022503169,0.6178019353,41.7229581441,60.3102155412,57.3135011784,STANDBY,0,0,147.7582213988
2024-02-22 00:00:00,RIG_001,0,22,3,36.1002883513,54.3348269507,53.2510281328,0.6940833319,46.6691794722,70.0562904487,61.4771997961,STANDBY,0,0,147.8045391385
2024-02-22 01:00:00,RIG_001,1,22,3,36.1002883513,56.8550182586,55.579452366699996,0.6753139622000001,44.7007047189,69.8039768224,63.9109519637,STANDBY,0,0,147.8508568782
2024-02-22 02:00:00,RIG_001,2,22,3,36.1002883513,42.7256428987,52.6902891133,0.6425624293000001,39.8730964057,61.7281661934,60.9379001394,STANDBY,0,0,147.8971746179
2024-02-22 03:00:00,RIG_001,3,22,3,36.1002883513,54.5715516217,55.4219541138,0.6767619168,43.6464776512,65.7222093516,58.4415105118,STANDBY,0,0,147.9434923576
2024-02-22 04:00:00,RIG_001,4,22,3,38.3565563732,61.1028294178,61.5614670848,0.6662714499,45.5111221914,67.9215823745,66.0564541821,STANDBY,0,0,147.9898100973
2024-02-22 05:00:00,RIG_001,5,22,3,45.9749206378,56.5415912874,61.5603515648,0.6039023558000001,40.7918752752,64.6275517272,67.2787525311,STANDBY,0,0,148.036127837
2024-02-22 06:00:00,RIG_001,6,22,3,54.1504325269,79.1351178652,79.1625396834,0.7363279835000001,55.204442755,72.4102471048,80.0500135489,HIGH_PRODUCTION,0,0,148.0824455767
2024-02-22 07:00:00,RIG_001,7,22,3,62.325944416,81.0498105279,81.1160436923,0.7853334574,51.3021946682,73.5041320553,90.9008043165,HIGH_PRODUCTION,0,0,148.1287633164
2024-02-22 08:00:00,RIG_001,8,22,3,69.9443086806,83.0549681278,81.2477301824,0.7144563763,51.183758648,79.7550955505,86.2109005819,HIGH_PRODUCTION,0,0,148.175081056
2024-02-22 09:00:00,RIG_001,9,22,3,76.4863463859,92.8501673845,90.302617554,0.8122202092,54.4428698147,80.6949051403,96.1544012168,HIGH_PRODUCTION,0,0,148.2213987957
2024-02-22 10:00:00,RIG_001,10,22,3,81.5062284735,100.947477084,95.0,0.9309267186,56.6556912322,83.0882072472,98.2689866808,HIGH_PRODUCTION,0,0,148.2677165354
2024-02-22 11:00:00,RIG_001,11,22,3,84.661858275,101.6984469409,95.0,0.8895043057,55.1435047642,81.6193109213,96.0193673219,HIGH_PRODUCTION,0,0,148.3140342751
2024-02-22 12:00:00,RIG_001,12,22,3,85.7381848343,105.0954741663,95.0,0.9309049060000001,55.0113862691,78.1766612231,98.1879103436,HIGH_PRODUCTION,0,0,148.3603520148
2024-02-22 13:00:00,RIG_001,13,22,3,84.661858275,96.7289473404,95.0,0.8433699149,55.3811382077,78.8942108884,100.6576125629,HIGH_PRODUCTION,0,0,148.4066697545
2024-02-22 14:00:00,RIG_001,14,22,3,81.5062284735,99.0304372854,92.7944420934,0.889278753,55.529031002400004,82.6205965645,99.8147285317,HIGH_PRODUCTION,0,0,148.4529874942
2024-02-22 15:00:00,RIG_001,15,22,3,76.4863463859,86.102126254,89.446011977,0.7561053632,49.9057513653,72.0558439881,94.9313865988,HIGH_PRODUCTION,0,0,148.4993052339
2024-02-22 16:00:00,RIG_001,16,22,3,69.9443086806,86.0794783875,86.1528247245,0.7602039137000001,54.3579408196,77.7335031369,92.1929967732,HIGH_PRODUCTION,0,0,148.5456229736
2024-02-22 17:00:00,RIG_001,17,22,3,62.325944416,74.5046538833,79.542408786,0.6209247142000001,49.2128675435,79.3192238408,83.5313296619,HIGH_PRODUCTION,0,0,148.5919407133
2024-02-22 18:00:00,RIG_001,18,22,3,54.1504325269,67.1779781495,71.1951835443,0.7953942420000001,48.2541332619,73.3388433828,77.683929243,HIGH_PRODUCTION,0,0,148.638258453
2024-02-22 19:00:00,RIG_001,19,22,3,45.9749206378,68.8675295103,71.4526112608,0.8183570923,50.0007241529,74.9023462598,80.90110986,HIGH_PRODUCTION,0,0,148.6845761927
2024-02-22 20:00:00,RIG_001,20,22,3,38.3565563732,60.5321976336,63.2524092031,0.6888613064,45.1768270507,68.8146755414,70.3667775304,HIGH_PRODUCTION,0,0,148.7308939324
2024-02-22 21:00:00,RIG_001,21,22,3,36.1002883513,55.8720172742,60.5588076274,0.6900273132,44.6019083325,69.6654010286,67.9874332922,HIGH_PRODUCTION,0,0,148.7772116721
2024-02-22 22:00:00,RIG_001,22,22,3,36.1002883513,47.3717105072,52.5393243461,0.6397161435000001,43.4629821038,62.0579535091,58.421373544,STANDBY,0,0,148.8235294118
2024-02-22 23:00:00,RIG_001,23,22,3,36.1002883513,51.2581797431,52.8316707427,0.7083866054,41.3648227682,67.7650453599,53.3222055339,STANDBY,0,0,148.8698471515
2024-02-23 00:00:00,RIG_001,0,23,4,36.1002883513,59.0168124666,61.9549569208,0.7689617242,44.8623064423,69.6682081422,63.820957329,STANDBY,0,0,148.9161648912
2024-02-23 01:00:00,RIG_001,1,23,4,36.1002883513,53.6668561958,56.2507813518,0.6097119004,43.6678112223,66.9697903809,62.6154087537,STANDBY,0,0,148.9624826308
2024-02-23 02:00:00,RIG_001,2,23,4,36.1002883513,64.5618669885,62.9564058048,0.750192729,44.2283496438,73.3165823557,67.923588649,STANDBY,0,0,149.0088003705
2024-02-23 03:00:00,RIG_001,3,23,4,36.1002883513,54.9387561465,54.7537906053,0.6872031523000001,48.369962614,64.8652723304,61.0733192648,STANDBY,0,0,149.0551181102
2024-02-23 04:00:00,RIG_001,4,23,4,38.3565563732,56.1956282149,57.140761694,0.7106623476,41.2343201667,66.2975159151,67.1700319476,STANDBY,0,0,149.1014358499
2024-02-23 05:00:00,RIG_001,5,23,4,45.9749206378,61.315112237,65.3039459456,0.7434860512,42.7325702519,68.6809197952,72.4820539433,STANDBY,0,0,149.1477535896
2024-02-23 06:00:00,RIG_001,6,23,4,54.1504325269,71.710858632,73.3175575747,0.7424987393,50.5561678094,68.4244246763,82.0942161919,HIGH_PRODUCTION,0,0,149.1940713293
2024-02-23 07:00:00,RIG_001,7,23,4,62.325944416,78.4632644762,77.9202659165,0.7671720070000001,51.0423486207,74.2197751743,83.204310085,HIGH_PRODUCTION,0,0,149.240389069
2024-02-23 08:00:00,RIG_001,8,23,4,69.9443086806,90.3914689671,88.5168467795,0.7976274758,50.5459376068,71.9606494513,91.095199747,HIGH_PRODUCTION,0,0,149.2867068087
2024-02-23 09:00:00,RIG_001,9,23,4,76.4863463859,98.1834225339,95.0,0.8803981759,55.7604336637,82.5958903634,99.8264015224,HIGH_PRODUCTION,0,0,149.3330245484
2024-02-23 10:00:00,RIG_001,10,23,4,81.5062284735,94.496793396,95.0,0.8419457473,56.559899239,78.4889501185,97.5857445588,HIGH_PRODUCTION,0,0,149.3793422881
2024-02-23 11:00:00,RIG_001,11,23,4,84.661858275,94.9331533931,92.4052816267,0.8335312772,53.6727622331,76.9172673062,102.080166497,HIGH_PRODUCTION,0,0,149.4256600278
2024-02-23 12:00:00,RIG_001,12,23,4,85.7381848343,93.4915655156,93.8719216551,0.7548150216,58.5705371791,75.5443488178,101.2430948847,HIGH_PRODUCTION,0,0,149.4719777675
2024-02-23 13:00:00,RIG_001,13,23,4,84.661858275,104.1431701174,95.0,0.8315737052000001,52.5876689076,80.5392139464,101.5615374899,HIGH_PRODUCTION,0,0,149.5182955072
2024-02-23 14:00:00,RIG_001,14,23,4,81.5062284735,92.9376983114,91.9154223843,0.8620050059000001,54.6220714856,79.9460886258,100.623251991,HIGH_PRODUCTION,0,0,149.5646132469
2024-02-23 15:00:00,RIG_001,15,23,4,76.4863463859,82.6771439509,84.4359092887,0.7883599845,53.0023426602,76.4463601215,83.3757400452,HIGH_PRODUCTION,0,0,149.6109309866
2024-02-23 16:00:00,RIG_001,16,23,4,69.9443086806,88.8493998939,86.3543487712,0.8381537681000001,53.9950377767,74.5382061263,93.1187626252,HIGH_PRODUCTION,0,0,149.6572487263
2024-02-23 17:00:00,RIG_001,17,23,4,62.325944416,91.7600878548,84.6163343298,0.9024201194,52.5313105104,74.9899073386,85.6843969769,HIGH_PRODUCTION,0,0,149.703566466
2024-02-23 18:00:00,RIG_001,18,23,4,54.1504325269,71.0961714818,72.402393526,0.8042183547,47.1931599064,73.2995475635,77.3806264306,HIGH_PRODUCTION,0,0,149.7498842057
2024-02-23 19:00:00,RIG_001,19,23,4,45.9749206378,67.1504156836,67.0984817756,0.7452939717,47.6758942631,67.9780824912,71.1633589982,HIGH_PRODUCTION,0,0,149.7962019453
2024-02-23 20:00:00,RIG_001,20,23,4,38.3565563732,55.7556920005,53.5945178203,0.6810876962,45.5704319734,66.9064369224,60.5797276566,HIGH_PRODUCTION,0,0,149.842519685
2024-02-23 21:00:00,RIG_001,21,23,4,36.1002883513,52.6027765808,60.010755748,0.5696861996,44.3556410178,66.1520969018,65.6953176149,HIGH_PRODUCTION,0,0,149.8888374247
2024-02-23 22:00:00,RIG_001,22,23,4,36.1002883513,57.6995549226,59.8690690317,0.7044200393000001,46.5050045122,68.246052872,68.9044205526,STANDBY,0,0,149.9351551644
2024-02-23 23:00:00,RIG_001,23,23,4,36.1002883513,51.6597474477,52.5158404085,0.6786045092,40.8771969478,68.0727355249,55.7101489257,STANDBY,0,0,149.9814729041
2024-02-24 00:00:00,RIG_001,0,24,5,36.8726740701,55.3291948271,55.2351549958,0.7256170568,43.3767567485,62.8098696375,62.3624981647,STANDBY,0,0,150.0277906438
2024-02-24 01:00:00,RIG_001,1,24,5,36.8726740701,55.6076699487,53.2938866643,0.699424182,42.0218856229,60.9488230088,58.780556315,STANDBY,0,0,150.0741083835
2024-02-24 02:00:00,RIG_001,2,24,5,36.8726740701,50.6656763105,56.8626483116,0.6764594805,41.8941935254,63.4973610495,56.9567775014,STANDBY,0,0,150.1204261232
2024-02-24 03:00:00,RIG_001,3,24,5,36.8726740701,58.9732879873,63.5216959324,0.6286168929,46.7737637805,73.0965716197,65.7658465569,STANDBY,0,0,150.1667438629
2024-02-24 04:00:00,RIG_001,4,24,5,39.1772161995,55.4497672465,59.5832478044,0.6602031567000001,44.0784096531,72.7014524742,64.1336137038,STANDBY,0,0,150.2130616026
2024-02-24 05:00:00,RIG_001,5,24,5,46.9585795986,60.3341512926,66.1769997031,0.7458725233,50.2972561494,73.5937767945,74.5138770528,STANDBY,0,0,150.2593793423
2024-02-24 06:00:00,RIG_001,6,24,5,55.3090111052,75.1528054754,75.4422568431,0.8524765863,49.1750141032,71.9668975393,81.8334260158,HIGH_PRODUCTION,0,0,150.305697082
2024-02-24 07:00:00,RIG_001,7,24,5,63.6594426117,76.3352955161,75.1982787927,0.7655376766,49.2032076402,67.5542434089,76.6957763211,HIGH_PRODUCTION,0,0,150.3520148217
2024-02-24 08:00:00,RIG_001,8,24,5,71.4408060109,88.756852272,86.4304646253,0.8242544407,52.4015789069,69.5979383766,91.0095159411,HIGH_PRODUCTION,0,0,150.3983325614
2024-02-24 09:00:00,RIG_001,9,24,5,78.1228142462,95.2593073982,93.076294622,0.8751804312,52.5392094638,76.7356777348,104.1297139684,HIGH_PRODUCTION,0,0,150.4446503011
2024-02-24 10:00:00,RIG_001,10,24,5,83.2500994991,105.8686131245,95.0,0.8190250147,56.3514800564,81.1663630469,100.3336700045,HIGH_PRODUCTION,0,0,150.4909680408
2024-02-24 11:00:00,RIG_001,11,24,5,86.4732457528,106.0427203743,95.0,0.8786180064,58.7662561478,85.7146923155,99.0180232748,HIGH_PRODUCTION,0,0,150.5372857805
2024-02-24 12:00:00,RIG_001,12,24,5,87.5726009166,104.6503972409,95.0,0.8192611005,56.3905406465,83.9985355509,101.4752189223,HIGH_PRODUCTION,0,0,150.5836035201
2024-02-24 13:00:00,RIG_001,13,24,5,86.4732457528,107.7719560278,95.0,0.9090767750000001,55.3560695472,83.0138020453,102.2901792387,HIGH_PRODUCTION,0,0,150.6299212598
2024-02-24 14:00:00,RIG_001,14,24,5,83.2500994991,107.4179636842,95.0,0.8725289994000001,55.0043216801,79.5558547924,98.6314949576,HIGH_PRODUCTION,0,0,150.6762389995
2024-02-24 15:00:00,RIG_001,15,24,5,78.1228142462,98.1356398789,92.4170280441,0.8522197373,53.6335061864,76.5583532889,98.9247523672,HIGH_PRODUCTION,0,0,150.7225567392
2024-02-24 16:00:00,RIG_001,16,24,5,71.4408060109,88.723290872,85.7999422249,0.7701154407,52.3285495868,77.3793703228,89.8132737349,HIGH_PRODUCTION,0,0,150.7688744789
2024-02-24 17:00:00,RIG_001,17,24,5,63.6594426117,74.3379308729,74.1041423531,0.8016261795,50.9716557892,74.3925321984,81.2621251586,HIGH_PRODUCTION,0,0,150.8151922186
2024-02-24 18:00:00,RIG_001,18,24,5,55.3090111052,67.2280598736,72.2924670236,0.8493658655,44.1260376857,71.3440617488,77.8015464975,HIGH_PRODUCTION,0,0,150.8615099583
2024-02-24 19:00:00,RIG_001,19,24,5,46.9585795986,62.6840208216,61.3285662485,0.6812877885,45.0313526496,65.7014123677,67.7744697296,HIGH_PRODUCTION,0,0,150.907827698
2024-02-24 20:00:00,RIG_001,20,24,5,39.1772161995,53.3881675944,60.3400812433,0.6869931342000001,43.6356619375,67.9684531647,63.0625306048,HIGH_PRODUCTION,0,0,150.9541454377
2024-02-24 21:00:00,RIG_001,21,24,5,36.8726740701,53.2032776219,59.0378111182,0.7151920593000001,39.6334078702,67.2387161879,61.5739519659,HIGH_PRODUCTION,0,0,151.0004631774
2024-02-24 22:00:00,RIG_001,22,24,5,36.8726740701,54.4283314223,55.1244344491,0.7467924285,41.9398862896,63.1165002081,62.9609263631,STANDBY,0,0,151.0467809171
2024-02-24 23:00:00,RIG_001,23,24,5,36.8726740701,56.8004932305,51.1466151523,0.6867965601,42.8403462282,64.6871850583,55.9084260082,STANDBY,0,0,151.0930986568
2024-02-25 00:00:00,RIG_001,0,25,6,38.2644650435,55.2976491457,54.4559683635,0.5687990985,42.2324715387,68.6547826674,60.3110725898,STANDBY,0,0,151.1394163965
2024-02-25 01:00:00,RIG_001,1,25,6,38.2644650435,58.0895989161,56.9979844168,0.7869712080000001,44.9061788191,66.7233570694,61.0787981355,STANDBY,0,0,151.1857341362
2024-02-25 02:00:00,RIG_001,2,25,6,38.2644650435,55.986410432,54.6424465891,0.7509127448,43.675483389,71.5633650345,62.3386269111,STANDBY,0,0,151.2320518759
2024-02-25 03:00:00,RIG_001,3,25,6,38.2644650435,45.7936531871,50.7889008752,0.5953470615,40.3378410916,65.2414837843,53.9654709351,STANDBY,0,0,151.2783696156
2024-02-25 04:00:00,RIG_001,4,25,6,40.6559941088,53.372785776,61.0840618633,0.6750386672,44.1991216971,64.5519421682,65.6772581436,STANDBY,0,0,151.3246873553
2024-02-25 05:00:00,RIG_001,5,25,6,48.7310717994,65.431050318,68.5179321546,0.8201862928,49.8039120148,69.5986982942,75.8759105927,STANDBY,0,0,151.371005095
2024-02-25 06:00:00,RIG_001,6,25,6,57.3966975653,68.7755878093,69.4162244568,0.8243858757,50.4724099858,70.8228265207,77.9351275543,HIGH_PRODUCTION,0,0,151.4173228346
2024-02-25 07:00:00,RIG_001,7,25,6,66.0623233312,86.4962786004,80.7731211819,0.8522753992000001,47.778526106,73.7637126404,84.2018433088,HIGH_PRODUCTION,0,0,151.4636405743
2024-02-25 08:00:00,RIG_001,8,25,6,74.1374010218,99.2324144637,92.885414043,0.8349314549,55.9622479836,77.0319597446,103.7644659889,HIGH_PRODUCTION,0,0,151.509958314
2024-02-25 09:00:00,RIG_001,9,25,6,81.0716274372,104.6136436368,95.0,0.8642154061,55.7973643291,83.4882627725,100.9397250811,HIGH_PRODUCTION,0,0,151.5562760537
2024-02-25 10:00:00,RIG_001,10,25,6,86.3924465065,102.7803867539,95.0,0.8482052452000001,56.0054073742,83.3699359173,96.8712152146,HIGH_PRODUCTION,0,0,151.6025937934
2024-02-25 11:00:00,RIG_001,11,25,6,89.7372532031,114.6529861504,95.0,0.9469665937,57.8666804705,86.2072402538,101.1071561458,HIGH_PRODUCTION,0,0,151.6489115331
2024-02-25 12:00:00,RIG_001,12,25,6,90.8781044784,109.0904916883,95.0,0.8302602718000001,57.5078001819,87.2731017895,98.8510023565,HIGH_PRODUCTION,0,0,151.6952292728
2024-02-25 13:00:00,RIG_001,13,25,6,89.7372532031,105.5278209325,95.0,0.8232596681000001,56.6847700253,80.0330265717,101.3022054615,HIGH_PRODUCTION,0,0,151.7415470125
2024-02-25 14:00:00,RIG_001,14,25,6,86.3924465065,100.8083784346,95.0,0.9000903237000001,54.044191094,85.2653258286,99.871431257,HIGH_PRODUCTION,0,0,151.7878647522
2024-02-25 15:00:00,RIG_001,15,25,6,81.0716274372,97.0491719116,93.7901803818,0.8362661729,52.4695578822,76.4119882178,99.0130014523,HIGH_PRODUCTION,0,0,151.8341824919
2024-02-25 16:00:00,RIG_001,16,25,6,74.1374010218,89.6933574969,87.449713556,0.8855254412,51.525948009,73.869950559,89.71493342630001,HIGH_PRODUCTION,0,0,151.8805002316
2024-02-25 17:00:00,RIG_001,17,25,6,66.0623233312,84.4181926718,82.0081216956,0.7673862396000001,51.5730666969,70.0455811551,89.9783053877,HIGH_PRODUCTION,0,0,151.9268179713
2024-02-25 18:00:00,RIG_001,18,25,6,57.3966975653,75.7103033602,77.787463841,0.7722845349,50.1255685234,71.3757050666,79.3190817396,HIGH_PRODUCTION,0,0,151.973135711
2024-02-25 19:00:00,RIG_001,19,25,6,48.7310717994,66.2639854508,66.4332120177,0.7007491209000001,48.2726943174,68.3680286247,68.1069173315,HIGH_PRODUCTION,0,0,152.0194534507
2024-02-25 20:00:00,RIG_001,20,25,6,40.6559941088,60.3653161691,62.3096351194,0.7297271673,44.1029489961,69.6874066915,68.4117161669,HIGH_PRODUCTION,0,0,152.0657711904
2024-02-25 21:00:00,RIG_001,21,25,6,38.2644650435,61.74927529,61.4951067283,0.6597688347,46.0050079571,69.2564554119,71.3036394698,HIGH_PRODUCTION,0,0,152.1120889301
2024-02-25 22:00:00,RIG_001,22,25,6,38.2644650435,60.5507622542,58.3986857366,0.7059042424,47.0626957475,64.5863085632,62.3409064454,STANDBY,0,0,152.1584066698
2024-02-25 23:00:00,RIG_001,23,25,6,38.2644650435,48.3854493957,48.5589319314,0.6221625526,44.4275521392,63.3374561034,55.6618488995,STANDBY,0,0,152.2047244094
2024-02-26 00:00:00,RIG_001,0,26,0,40.0,44.8797569115,49.5738031541,0.718339601,41.1022735196,62.3495410102,57.7938236847,STANDBY,0,0,152.2510421491
2024-02-26 01:00:00,RIG_001,1,26,0,40.0,62.3279098032,59.5473313279,0.7720026360000001,45.1401140009,63.3704262001,66.9913846398,STANDBY,0,0,152.2973598888
2024-02-26 02:00:00,RIG_001,2,26,0,40.0,50.8288644159,54.5695963581,0.6153481672000001,43.0894645716,62.3058191437,58.6359714906,STANDBY,0,0,152.3436776285
2024-02-26 03:00:00,RIG_001,3,26,0,40.0,56.5463785594,57.2037722733,0.7858934044,41.8371796941,64.651472676,58.9306321217,STANDBY,0,0,152.3899953682
2024-02-26 04:00:00,RIG_001,4,26,0,42.5,54.3265880995,61.0375954574,0.8375957731,43.1944280028,70.5988514893,59.4149527603,STANDBY,0,0,152.4363131079
2024-02-26 05:00:00,RIG_001,5,26,0,50.9413334214,59.6155321243,61.9452193513,0.7310774391,46.393055828,68.4590117852,66.156697853,STANDBY,0,0,152.4826308476
2024-02-26 06:00:00,RIG_001,6,26,0,60.0,80.3983621928,81.6630978837,0.7592551679,51.3834848071,76.1060149197,90.1973599894,HIGH_PRODUCTION,0,0,152.5289485873
2024-02-26 07:00:00,RIG_001,7,26,0,69.0586665786,90.5524385928,82.9067424968,0.9631749106,52.0975744395,72.6698250864,84.5342445426,HIGH_PRODUCTION,0,0,152.575266327
2024-02-26 08:00:00,RIG_001,8,26,0,77.5,92.32239187,90.2629752511,0.7615050870000001,53.5160343697,81.2793610101,97.3636047937,HIGH_PRODUCTION,0,0,152.6215840667
2024-02-26 09:00:00,RIG_001,9,26,0,84.7487373415,89.5054174154,90.3109660638,0.8201931828,50.7270536733,80.7549314137,92.4605084736,HIGH_PRODUCTION,0,0,152.6679018064
2024-02-26 10:00:00,RIG_001,10,26,0,90.3108891325,105.2985060868,95.0,0.8757335101,57.7316108181,75.5945169246,100.3182177292,HIGH_PRODUCTION,0,0,152.7142195461
2024-02-26 11:00:00,RIG_001,11,26,0,93.8074039201,113.4922108037,95.0,0.9587761626,58.2174098286,81.9317130693,102.1233748425,HIGH_PRODUCTION,0,0,152.7605372858
2024-02-26 12:00:00,RIG_001,12,26,0,95.0,105.3381766736,95.0,0.8852288989,55.782641265,83.0887497211,98.0215136895,HIGH_PRODUCTION,0,0,152.8068550255
2024-02-26 13:00:00,RIG_001,13,26,0,93.8074039201,112.4638856974,95.0,0.8638726534000001,57.3925237522,85.6723310698,100.5114540421,HIGH_PRODUCTION,0,0,152.8531727652
2024-02-26 14:00:00,RIG_001,14,26,0,90.3108891325,107.980969726,95.0,0.8279816527,56.8694546977,80.3588067263,98.7547259898,HIGH_PRODUCTION,0,0,152.8994905049
2024-02-26 15:00:00,RIG_001,15,26,0,84.7487373415,105.3987723399,93.9095760128,0.8508884590000001,55.4539377951,80.7031333128,101.0250219896,HIGH_PRODUCTION,0,0,152.9458082446
2024-02-26 16:00:00,RIG_001,16,26,0,77.5,95.8584270034,89.583726595,0.7891974169,55.2808928228,76.9653849179,95.2896781004,HIGH_PRODUCTION,0,0,152.9921259843
2024-02-26 17:00:00,RIG_001,17,26,0,69.0586665786,81.9607946964,84.5053619085,0.8004274250000001,49.699631578099996,74.9194925498,89.6748849318,HIGH_PRODUCTION,0,0,153.0384437239
2024-02-26 18:00:00,RIG_001,18,26,0,60.0,83.7572779915,79.0908027281,0.7754010708,54.1252476899,78.7187189918,88.7658526086,HIGH_PRODUCTION,0,0,153.0847614636
2024-02-26 19:00:00,RIG_001,19,26,0,50.9413334214,67.9300537004,66.3397199306,0.6816125883,49.9129344321,68.0658896387,73.3266383577,HIGH_PRODUCTION,0,0,153.1310792033
2024-02-26 20:00:00,RIG_001,20,26,0,42.5,60.1517931076,61.6952004066,0.7959222565,43.2548612972,71.0479994256,64.6241448082,HIGH_PRODUCTION,0,0,153.177396943
2024-02-26 21:00:00,RIG_001,21,26,0,40.0,53.1289236707,60.3563126293,0.6873980036,43.4216394565,63.5936608842,65.0987209269,HIGH_PRODUCTION,0,0,153.2237146827
2024-02-26 22:00:00,RIG_001,22,26,0,40.0,55.5857998711,52.759912198,0.6564306891,42.5951367251,64.1328583238,57.5322158427,STANDBY,0,0,153.2700324224
2024-02-26 23:00:00,RIG_001,23,26,0,40.0,53.3851452178,52.2010606971,0.7050078796,42.6929911781,68.4713274204,57.442019415,STANDBY,0,0,153.3163501621
2024-02-27 00:00:00,RIG_001,0,27,1,38.2644650435,55.3103189855,58.1810547577,0.7228002069,47.8324346817,69.3589048297,70.7545825875,STANDBY,0,0,153.3626679018
2024-02-27 01:00:00,RIG_001,1,27,1,38.2644650435,64.7405393468,64.8323216848,0.6605342243,45.5699920025,71.9763916143,70.944877363,STANDBY,0,0,153.4089856415
2024-02-27 02:00:00,RIG_001,2,27,1,38.2644650435,49.3294388924,52.4625976566,0.7183919136,43.0528117973,60.8514394431,51.3548899463,STANDBY,0,0,153.4553033812
2024-02-27 03:00:00,RIG_001,3,27,1,38.2644650435,48.1280852786,50.7418915126,0.6460328619,43.1146639077,63.0405726494,54.1134945975,STANDBY,0,0,153.5016211209
2024-02-27 04:00:00,RIG_001,4,27,1,40.6559941088,65.9502206317,69.7618193826,0.8375938578000001,44.4862964129,72.2540319655,68.9647031201,STANDBY,0,0,153.5479388606
2024-02-27 05:00:00,RIG_001,5,27,1,48.7310717994,65.62977596,70.4961979987,0.7774643799000001,44.6972530412,69.8135583097,74.5068032275,STANDBY,0,0,153.5942566003
2024-02-27 06:00:00,RIG_001,6,27,1,57.3966975653,72.0036040793,74.5600564231,0.7505781101,45.588856277,68.3800026852,73.5981257339,HIGH_PRODUCTION,0,0,153.64057434
2024-02-27 07:00:00,RIG_001,7,27,1,66.0623233312,89.2210646365,83.9783864448,0.7851523737,50.5333246913,78.1412732083,86.3636150316,HIGH_PRODUCTION,0,0,153.6868920797
2024-02-27 08:00:00,RIG_001,8,27,1,74.1374010218,89.0754888524,87.3472346298,0.8169109205,46.5688119945,74.5782248787,87.7850700409,HIGH_PRODUCTION,0,0,153.7332098194
2024-02-27 09:00:00,RIG_001,9,27,1,81.0716274372,108.1747891951,95.0,0.9102820149,58.1328621004,87.8360113037,101.1524805339,HIGH_PRODUCTION,0,0,153.7795275591
2024-02-27 10:00:00,RIG_001,10,27,1,86.3924465065,107.7621367143,95.0,0.8773150849,61.0489218611,86.9631654016,100.0016180879,HIGH_PRODUCTION,0,0,153.8258452987
2024-02-27 11:00:00,RIG_001,11,27,1,89.7372532031,105.2847046745,95.0,0.8604848258000001,56.6168176467,83.3977036814,100.9088869225,HIGH_PRODUCTION,0,0,153.8721630384
2024-02-27 12:00:00,RIG_001,12,27,1,90.8781044784,119.6586017178,95.0,0.9175682428,57.0821127108,89.9806006296,99.6863458343,HIGH_PRODUCTION,0,0,153.9184807781
2024-02-27 13:00:00,RIG_001,13,27,1,89.7372532031,104.7095824221,95.0,0.8397949948000001,54.8918428397,81.607248777,95.8171067494,HIGH_PRODUCTION,0,0,153.9647985178
2024-02-27 14:00:00,RIG_001,14,27,1,86.3924465065,108.1107748615,95.0,0.8632164933,56.1099400253,84.7295449416,101.5405641078,HIGH_PRODUCTION,0,0,154.0111162575
2024-02-27 15:00:00,RIG_001,15,27,1,81.0716274372,100.5828894952,95.0,0.7536887825,53.1105528194,84.6080277345,105.7666736808,HIGH_PRODUCTION,0,0,154.0574339972
2024-02-27 16:00:00,RIG_001,16,27,1,74.1374010218,98.6678542857,94.5748441631,0.9011048813,56.3873288482,80.3368523311,100.802481899,HIGH_PRODUCTION,0,0,154.1037517369
2024-02-27 17:00:00,RIG_001,17,27,1,66.0623233312,91.8985737927,90.142778355,0.8472358883000001,54.5951635369,76.8040106233,93.865004557,HIGH_PRODUCTION,0,0,154.1500694766
2024-02-27 18:00:00,RIG_001,18,27,1,57.3966975653,75.5923604494,73.1322557706,0.7448898380000001,46.5871865247,67.5638422603,73.8480542423,HIGH_PRODUCTION,0,0,154.1963872163
2024-02-27 19:00:00,RIG_001,19,27,1,48.7310717994,63.0065722474,65.6617398302,0.8409272856000001,47.2018051507,68.652571097,67.9375389179,HIGH_PRODUCTION,0,0,154.242704956
2024-02-27 20:00:00,RIG_001,20,27,1,40.6559941088,61.0053922841,61.5403262678,0.7445230917,48.3049733982,70.7718872389,67.8994452375,HIGH_PRODUCTION,0,0,154.2890226957
2024-02-27 21:00:00,RIG_001,21,27,1,38.2644650435,52.9323733164,52.9668508896,0.6643313031,47.0382097396,68.7166122776,61.18620497,HIGH_PRODUCTION,0,0,154.3353404354
2024-02-27 22:00:00,RIG_001,22,27,1,38.2644650435,66.3948340638,63.6021171632,0.7995480060000001,52.3291325621,71.4315454163,69.3847156874,STANDBY,0,0,154.3816581751
2024-02-27 23:00:00,RIG_001,23,27,1,38.2644650435,57.0175221425,61.5062197784,0.7486668809,42.4503952367,65.4813593579,68.9058816475,STANDBY,0,0,154.4279759148
2024-02-28 00:00:00,RIG_001,0,28,2,36.8726740701,53.215381277,50.2490732772,0.7372723177,48.952286172,60.0341496763,57.3721080093,STANDBY,0,0,154.4742936545
2024-02-28 01:00:00,RIG_001,1,28,2,36.8726740701,55.9723382239,55.7914351019,0.7047116800000001,43.2846717789,65.3060561731,62.3110382761,STANDBY,0,0,154.5206113942
2024-02-28 02:00:00,RIG_001,2,28,2,36.8726740701,48.3202529078,53.3450343846,0.7257532614000001,40.8951323162,63.5830412592,56.3696135988,STANDBY,0,0,154.5669291339
2024-02-28 03:00:00,RIG_001,3,28,2,36.8726740701,50.2047618239,54.7121592481,0.6959793585,43.2053352057,64.1226416456,60.2339297841,STANDBY,0,0,154.6132468736
2024-02-28 04:00:00,RIG_001,4,28,2,39.1772161995,63.3763913465,63.7995787029,0.7765645051000001,44.6799751684,70.8685864749,66.2544452912,STANDBY,0,0,154.6595646132
2024-02-28 05:00:00,RIG_001,5,28,2,46.9585795986,61.878161472,62.4579117955,0.6492107911,46.2676286493,74.5204776746,67.5101986544,STANDBY,0,0,154.7058823529
2024-02-28 06:00:00,RIG_001,6,28,2,55.3090111052,68.285457121,71.4368477585,0.7421714986,44.4312099048,70.8562247418,77.4294383517,HIGH_PRODUCTION,0,0,154.7522000926
2024-02-28 07:00:00,RIG_001,7,28,2,63.6594426117,84.5606549645,81.2934173855,0.8989837911,50.662658537,74.7180011219,91.3297688077,HIGH_PRODUCTION,0,0,154.7985178323
2024-02-28 08:00:00,RIG_001,8,28,2,71.4408060109,95.5942230353,86.9766904112,0.8078086386000001,56.4697202275,77.9006014716,88.0474944881,HIGH_PRODUCTION,0,0,154.844835572
2024-02-28 09:00:00,RIG_001,9,28,2,78.1228142462,99.9494247116,95.0,0.8292209725,54.873233595,80.3579817142,101.444522893,HIGH_PRODUCTION,0,0,154.8911533117
2024-02-28 10:00:00,RIG_001,10,28,2,83.2500994991,106.4691295011,95.0,0.8567592058,56.9004739488,79.4558575693,104.4437097749,HIGH_PRODUCTION,0,0,154.9374710514
2024-02-28 11:00:00,RIG_001,11,28,2,86.4732457528,100.9350095439,95.0,0.8019998770000001,56.1842695954,80.6410985394,102.2765432975,HIGH_PRODUCTION,0,0,154.9837887911
2024-02-28 12:00:00,RIG_001,12,28,2,87.5726009166,98.7162344777,95.0,0.7458550907,57.0203818781,80.9673073523,102.4988363285,HIGH_PRODUCTION,0,0,155.0301065308
2024-02-28 13:00:00,RIG_001,13,28,2,86.4732457528,112.2395485684,95.0,0.8854950229,54.7494377177,84.3009227612,101.7630847056,HIGH_PRODUCTION,0,0,155.0764242705
2024-02-28 14:00:00,RIG_001,14,28,2,83.2500994991,99.9032825217,95.0,0.8669937868,56.1448687341,81.3436105585,103.8950034693,HIGH_PRODUCTION,0,0,155.1227420102
2024-02-28 15:00:00,RIG_001,15,28,2,78.1228142462,95.1421790417,94.550196784,0.8434775227,53.2492664819,79.8438965406,96.2877622797,HIGH_PRODUCTION,0,0,155.1690597499
2024-02-28 16:00:00,RIG_001,16,28,2,71.4408060109,96.3622542588,91.2223881536,0.8427043446,54.4238393553,73.5929862309,92.0646081556,HIGH_PRODUCTION,0,0,155.2153774896
2024-02-28 17:00:00,RIG_001,17,28,2,63.6594426117,84.7280178584,85.531330553,0.8173828780000001,53.3019048041,77.3290158327,90.5123281316,HIGH_PRODUCTION,0,0,155.2616952293
2024-02-28 18:00:00,RIG_001,18,28,2,55.3090111052,75.8828228262,76.1712651476,0.8400225939,46.5823324037,70.7518023109,74.6877788369,HIGH_PRODUCTION,0,0,155.308012969
2024-02-28 19:00:00,RIG_001,19,28,2,46.9585795986,76.0849118447,73.9684986332,0.7801497491,46.9959390783,69.5379560644,82.6604360458,HIGH_PRODUCTION,0,0,155.3543307087
2024-02-28 20:00:00,RIG_001,20,28,2,39.1772161995,54.2678932301,56.0206137607,0.6957021446,39.6961133881,62.9670124855,64.6827593471,HIGH_PRODUCTION,0,0,155.4006484484
2024-02-28 21:00:00,RIG_001,21,28,2,36.8726740701,59.827090554,60.8133117915,0.7272128622,43.858454755,69.2487519976,64.5132601263,HIGH_PRODUCTION,0,0,155.4469661881
2024-02-28 22:00:00,RIG_001,22,28,2,36.8726740701,55.4799031991,54.6958288542,0.7573801833,46.5308404885,65.976246178,58.5835170642,STANDBY,0,0,155.4932839277
2024-02-28 23:00:00,RIG_001,23,28,2,36.8726740701,56.5447466298,54.9228759145,0.8023939905,43.8950122805,61.917517637,59.7058334891,STANDBY,0,0,155.5396016674
2024-02-29 00:00:00,RIG_001,0,29,3,36.1002883513,62.1681579772,57.6701435297,0.7174409646000001,42.861789703,70.0845608387,62.826205481,STANDBY,0,0,155.5859194071
2024-02-29 01:00:00,RIG_001,1,29,3,36.1002883513,57.0719422875,54.3832888984,0.7386914648,43.2966280827,62.8027582939,59.764810656,STANDBY,0,0,155.6322371468
2024-02-29 02:00:00,RIG_001,2,29,3,36.1002883513,57.2311915623,61.6600545131,0.7513256663,41.3320744836,67.5888215442,68.3347508337,STANDBY,0,0,155.6785548865
2024-02-29 03:00:00,RIG_001,3,29,3,36.1002883513,59.9091955145,62.9513411832,0.6929981767000001,42.7269266752,68.6882554314,67.4334621242,STANDBY,0,0,155.7248726262
2024-02-29 04:00:00,RIG_001,4,29,3,38.3565563732,54.9851108632,62.8318015222,0.7290609524,44.5239155363,69.152264504,70.6613814326,STANDBY,0,0,155.7711903659
2024-02-29 05:00:00,RIG_001,5,29,3,45.9749206378,60.2391380997,61.6271404599,0.6707037539,42.7120378723,73.4167957893,67.9649837913,STANDBY,0,0,155.8175081056
2024-02-29 06:00:00,RIG_001,6,29,3,54.1504325269,67.3936000164,70.5786675096,0.6771835882,49.0736686145,66.1240510272,73.757777172,HIGH_PRODUCTION,0,0,155.8638258453
2024-02-29 07:00:00,RIG_001,7,29,3,62.325944416,70.9683225897,72.0645306642,0.7948828625000001,47.5998400658,71.1330752087,81.0698686676,HIGH_PRODUCTION,0,0,155.910143585
2024-02-29 08:00:00,RIG_001,8,29,3,69.9443086806,98.7064531118,91.8324821127,0.8407514676000001,54.8478026858,78.7829300484,92.7577111543,HIGH_PRODUCTION,0,0,155.9564613247
2024-02-29 09:00:00,RIG_001,9,29,3,76.4863463859,89.4583609997,87.4956168825,0.8425002196,51.8078443147,78.1387573578,92.21911945,HIGH_PRODUCTION,0,0,156.0027790644
2024-02-29 10:00:00,RIG_001,10,29,3,81.5062284735,98.894964459,95.0,0.8599865317000001,56.2694367918,80.3154956505,102.9007522032,HIGH_PRODUCTION,0,0,156.0490968041
2024-02-29 11:00:00,RIG_001,11,29,3,84.661858275,101.7797435399,95.0,0.8209008864,57.0112556605,79.4762843338,97.8307806853,HIGH_PRODUCTION,0,0,156.0954145438
2024-02-29 12:00:00,RIG_001,12,29,3,85.7381848343,105.7841177486,95.0,0.8796565673000001,57.116138141,80.4125287587,100.9286669403,HIGH_PRODUCTION,0,0,156.1417322835
2024-02-29 13:00:00,RIG_001,13,29,3,84.661858275,107.2563914239,95.0,0.8248663091,57.9436760678,78.8275648616,101.630018791,HIGH_PRODUCTION,0,0,156.1880500232
2024-02-29 14:00:00,RIG_001,14,29,3,81.5062284735,104.3313906625,95.0,0.9474802609,55.6586683258,84.263001946,97.4184283961,HIGH_PRODUCTION,0,0,156.2343677629
2024-02-29 15:00:00,RIG_001,15,29,3,76.4863463859,92.1007016012,87.9583867639,0.7736263296,54.1095814141,79.0078230252,92.7409536051,HIGH_PRODUCTION,0,0,156.2806855025
2024-02-29 16:00:00,RIG_001,16,29,3,69.9443086806,87.6453901808,89.105700588,0.81845492,51.2355919942,79.0469216476,93.6361890974,HIGH_PRODUCTION,0,0,156.3270032422
2024-02-29 17:00:00,RIG_001,17,29,3,62.325944416,82.2824818985,83.7329232407,0.7602271502,50.575083719,73.7535561601,87.0777096852,HIGH_PRODUCTION,0,0,156.3733209819
2024-02-29 18:00:00,RIG_001,18,29,3,54.1504325269,71.457562287,70.9277796961,0.8085723004,47.315103073,69.46676228,82.8328042523,HIGH_PRODUCTION,0,0,156.4196387216
2024-02-29 19:00:00,RIG_001,19,29,3,45.9749206378,72.5691815698,73.485223254,0.7669998020000001,47.2278583138,68.5358092711,76.1959041937,HIGH_PRODUCTION,0,0,156.4659564613
2024-02-29 20:00:00,RIG_001,20,29,3,38.3565563732,59.3759118443,62.2978370327,0.7182434964000001,43.4657543656,68.8895263045,70.3126279149,HIGH_PRODUCTION,0,0,156.512274201
2024-02-29 21:00:00,RIG_001,21,29,3,36.1002883513,58.3461056554,58.8958566238,0.7839327620000001,45.5219066216,64.384452023,62.7174535732,HIGH_PRODUCTION,0,0,156.5585919407
2024-02-29 22:00:00,RIG_001,22,29,3,36.1002883513,57.9930707294,56.2197682334,0.7418703805,47.119479508,72.9439104257,57.9598596668,STANDBY,0,0,156.6049096804
2024-02-29 23:00:00,RIG_001,23,29,3,36.1002883513,60.5529813345,57.1661632875,0.7740960760000001,47.480449277,64.2429666571,62.4746060169,STANDBY,0,0,156.6512274201
2024-03-01 00:00:00,RIG_001,0,1,4,36.1002883513,55.6845914661,59.5103790712,0.6847776582,41.4080171946,67.5263577975,66.4576592244,STANDBY,0,0,156.6975451598
2024-03-01 01:00:00,RIG_001,1,1,4,36.1002883513,48.3022715937,51.2553219838,0.6416414192000001,44.6539740012,69.1912455998,59.016850709,STANDBY,0,0,156.7438628995
2024-03-01 02:00:00,RIG_001,2,1,4,36.1002883513,56.7918187532,58.7111480247,0.7428965769,43.5616376851,68.8348149038,68.3979433567,STANDBY,0,0,156.7901806392
2024-03-01 03:00:00,RIG_001,3,1,4,36.1002883513,51.5435421864,53.687472299,0.7060343023,44.0873515769,65.9900837934,67.5232111688,STANDBY,0,0,156.8364983789
2024-03-01 04:00:00,RIG_001,4,1,4,38.3565563732,54.4204589296,57.0925694653,0.7621143749,41.7926840683,63.420686738,62.8441120766,STANDBY,0,0,156.8828161186
2024-03-01 05:00:00,RIG_001,5,1,4,45.9749206378,67.6206743576,70.6658218722,0.7665831359,47.1891284171,66.1408947416,73.6765453508,STANDBY,0,0,156.9291338583
2024-03-01 06:00:00,RIG_001,6,1,4,54.1504325269,79.0627291711,74.7384850795,0.8153437609,50.3931286586,76.0289690781,81.0971080599,HIGH_PRODUCTION,0,0,156.975451598
2024-03-01 07:00:00,RIG_001,7,1,4,62.325944416,81.1601312477,79.9362035736,0.7303983446,47.3208232281,78.8664810966,84.1375647224,HIGH_PRODUCTION,0,0,157.0217693377
2024-03-01 08:00:00,RIG_001,8,1,4,69.9443086806,90.2232503525,88.2020050336,0.9333639463000001,53.7723469208,75.7504251343,95.9799034232,HIGH_PRODUCTION,0,0,157.0680870774
2024-03-01 09:00:00,RIG_001,9,1,4,76.4863463859,103.7391453789,95.0,0.8714629562,58.6266563604,77.7045590908,96.1085071109,HIGH_PRODUCTION,0,0,157.114404817
2024-03-01 10:00:00,RIG_001,10,1,4,81.5062284735,101.4586663018,95.0,0.9078982376,55.0153706841,73.0630915989,107.1050036272,HIGH_PRODUCTION,0,0,157.1607225567
2024-03-01 11:00:00,RIG_001,11,1,4,84.661858275,116.4258934377,95.0,0.876301258,61.8268096211,81.9854735003,102.5681442843,HIGH_PRODUCTION,0,0,157.2070402964
2024-03-01 12:00:00,RIG_001,12,1,4,85.7381848343,107.3283003151,95.0,0.9063988282000001,56.4526880919,81.857519567,94.9479879466,HIGH_PRODUCTION,0,0,157.2533580361
2024-03-01 13:00:00,RIG_001,13,1,4,84.661858275,94.6275593929,95.0,0.7879391431,55.3560589103,83.1856375404,97.8729132931,HIGH_PRODUCTION,0,0,157.2996757758
2024-03-01 14:00:00,RIG_001,14,1,4,81.5062284735,104.0493991537,95.0,0.9041355634,51.5752098565,83.2342208228,102.44824313230001,HIGH_PRODUCTION,0,0,157.3459935155
2024-03-01 15:00:00,RIG_001,15,1,4,76.4863463859,97.1755485459,93.39387318120001,0.8432971864000001,59.1314426951,80.0679207779,101.9229053497,HIGH_PRODUCTION,0,0,157.3923112552
2024-03-01 16:00:00,RIG_001,16,1,4,69.9443086806,95.1834303475,93.4995839323,0.8567643322,56.7867740774,77.3546701204,94.6828710506,HIGH_PRODUCTION,0,0,157.4386289949
2024-03-01 17:00:00,RIG_001,17,1,4,62.325944416,84.4891567299,84.5533407739,0.8583059586,50.553038174,73.5972498672,91.6924183252,HIGH_PRODUCTION,0,0,157.4849467346
2024-03-01 18:00:00,RIG_001,18,1,4,54.1504325269,72.2624058254,70.6117245923,0.7252852598,44.1214234031,75.8956645402,69.7697049743,HIGH_PRODUCTION,0,0,157.5312644743
2024-03-01 19:00:00,RIG_001,19,1,4,45.9749206378,58.6646303357,63.8311856413,0.7120796333,45.2422143205,68.201604723,68.5631780449,HIGH_PRODUCTION,0,0,157.577582214
2024-03-01 20:00:00,RIG_001,20,1,4,38.3565563732,56.1295886271,55.7213026775,0.7617505798,41.1445460626,60.5310745124,64.0574432038,HIGH_PRODUCTION,0,0,157.6238999537
2024-03-01 21:00:00,RIG_001,21,1,4,36.1002883513,50.6727822815,54.8406849235,0.8276102913000001,43.5579026455,63.1812157408,58.1861377332,HIGH_PRODUCTION,0,0,157.6702176934
2024-03-01 22:00:00,RIG_001,22,1,4,36.1002883513,52.0297149645,58.0851597819,0.7200511699000001,43.8305601795,63.034266394,58.5643928845,STANDBY,0,0,157.7165354331
2024-03-01 23:00:00,RIG_001,23,1,4,36.1002883513,57.8821718966,55.1061110931,0.7742547343,42.5877366361,65.7258595414,60.5447554822,STANDBY,0,0,157.7628531728
2024-03-02 00:00:00,RIG_001,0,2,5,36.8726740701,64.1524892802,58.8228474771,0.758345578,48.2800563673,70.9344787649,62.0086908772,STANDBY,0,0,157.8091709125
2024-03-02 01:00:00,RIG_001,1,2,5,36.8726740701,57.7832720685,58.4706161939,0.8418840506,46.0569674227,67.0126469752,65.3592912921,STANDBY,0,0,157.8554886522
2024-03-02 02:00:00,RIG_001,2,2,5,36.8726740701,49.8374467702,49.8886618014,0.6337584825,44.4110083671,64.72063781,52.2326825048,STANDBY,0,0,157.9018063918
2024-03-02 03:00:00,RIG_001,3,2,5,36.8726740701,58.0468230824,57.9057295402,0.750664018,44.5294211779,71.3544664087,60.5878188712,STANDBY,0,0,157.9481241315
2024-03-02 04:00:00,RIG_001,4,2,5,39.1772161995,64.1184569649,65.6639564541,0.6830559367,43.1985661074,67.1461538201,64.6009494915,STANDBY,0,0,157.9944418712
2024-03-02 05:00:00,RIG_001,5,2,5,46.9585795986,62.8746960701,64.3856935859,0.6354585481,47.674418562,74.4550073987,69.895527719,STANDBY,0,0,158.0407596109
2024-03-02 06:00:00,RIG_001,6,2,5,55.3090111052,73.6109039259,73.6946023811,0.8080541238000001,47.8619831832,70.0693484036,78.2118875663,HIGH_PRODUCTION,0,0,158.0870773506
2024-03-02 07:00:00,RIG_001,7,2,5,63.6594426117,82.7118099004,83.1860097217,0.8276438999,47.8983921887,75.08113756,84.6208557095,HIGH_PRODUCTION,0,0,158.1333950903
2024-03-02 08:00:00,RIG_001,8,2,5,71.4408060109,86.5021884214,86.7444052199,0.8179835697000001,54.3296258373,75.1070457402,92.3258013612,HIGH_PRODUCTION,0,0,158.17971283
2024-03-02 09:00:00,RIG_001,9,2,5,78.1228142462,100.3570380523,95.0,0.8686655319000001,59.2880745541,80.4773688162,103.0812109019,HIGH_PRODUCTION,0,0,158.2260305697
2024-03-02 10:00:00,RIG_001,10,2,5,83.2500994991,101.6451280539,95.0,1.0329397491,55.3287857555,81.8273144014,99.3532961697,HIGH_PRODUCTION,0,0,158.2723483094
2024-03-02 11:00:00,RIG_001,11,2,5,86.4732457528,107.5776249311,95.0,0.8830987821,61.212648542,83.5747931996,100.8045008495,HIGH_PRODUCTION,0,0,158.3186660491
2024-03-02 12:00:00,RIG_001,12,2,5,87.5726009166,102.1488046473,95.0,0.9054125672000001,55.719830619,78.3852894023,100.8199337488,HIGH_PRODUCTION,0,0,158.3649837888
2024-03-02 13:00:00,RIG_001,13,2,5,86.4732457528,103.3065665319,95.0,0.8510966647,55.0657298246,77.6232259272,96.3870105185,HIGH_PRODUCTION,0,0,158.4113015285
2024-03-02 14:00:00,RIG_001,14,2,5,83.2500994991,105.8895662299,95.0,0.9062608045,55.2114746491,89.2763852417,106.1697574621,HIGH_PRODUCTION,0,0,158.4576192682
2024-03-02 15:00:00,RIG_001,15,2,5,78.1228142462,95.2931560884,92.4676099538,0.8479835325,57.0974538381,77.1359938077,96.0550604634,HIGH_PRODUCTION,0,0,158.5039370079
2024-03-02 16:00:00,RIG_001,16,2,5,71.4408060109,99.1170805306,91.4903327333,0.8510263364,53.2189823699,81.8327614752,98.4586813388,HIGH_PRODUCTION,0,0,158.5502547476
2024-03-02 17:00:00,RIG_001,17,2,5,63.6594426117,80.7096646082,80.4263359057,0.9074602104,51.647954772,69.3899754509,87.7339817374,HIGH_PRODUCTION,0,0,158.5965724873
2024-03-02 18:00:00,RIG_001,18,2,5,55.3090111052,75.4877853194,73.6706694644,0.859894165,47.7536186597,71.8074974361,78.2518840831,HIGH_PRODUCTION,0,0,158.642890227
2024-03-02 19:00:00,RIG_001,19,2,5,46.9585795986,70.6838320044,68.1116539415,0.7936456602,46.750344476,70.8235514494,74.9320390167,HIGH_PRODUCTION,0,0,158.6892079667
2024-03-02 20:00:00,RIG_001,20,2,5,39.1772161995,51.1546334422,57.2101023611,0.6131954064,44.8491577485,66.7648352425,62.9475600265,HIGH_PRODUCTION,0,0,158.7355257063
2024-03-02 21:00:00,RIG_001,21,2,5,36.8726740701,47.1448235786,53.0555194494,0.6985113834000001,41.0261322021,55.9760846506,53.8026001777,HIGH_PRODUCTION,0,0,158.781843446
2024-03-02 22:00:00,RIG_001,22,2,5,36.8726740701,48.3275337266,53.6340644756,0.8554466241,41.2722926728,64.9966819572,57.6372463718,STANDBY,0,0,158.8281611857
2024-03-02 23:00:00,RIG_001,23,2,5,36.8726740701,62.2756834775,58.775752337,0.7507918828,47.8345302637,65.2334806772,61.93809963,STANDBY,0,0,158.8744789254
2024-03-03 00:00:00,RIG_001,0,3,6,38.2644650435,54.6839689133,55.6264870416,0.7948959720000001,46.8657868148,67.3782278076,59.2412519176,STANDBY,0,0,158.9207966651
2024-03-03 01:00:00,RIG_001,1,3,6,38.2644650435,70.241203732,65.5189107735,0.8586891889,48.8496805396,67.9633735291,66.6069012399,STANDBY,0,0,158.9671144048
2024-03-03 02:00:00,RIG_001,2,3,6,38.2644650435,54.6359169714,56.7428945682,0.7509096753000001,42.3494396916,63.8243270036,65.1221957184,STANDBY,0,0,159.0134321445
2024-03-03 03:00:00,RIG_001,3,3,6,38.2644650435,58.3868591416,57.7239538699,0.7093084954000001,43.5754977868,66.6951749113,67.5299318337,STANDBY,0,0,159.0597498842
2024-03-03 04:00:00,RIG_001,4,3,6,40.6559941088,67.5731291146,66.8426044333,0.6573780413,47.0531128061,67.1149503256,74.7766133613,STANDBY,0,0,159.1060676239
2024-03-03 05:00:00,RIG_001,5,3,6,48.7310717994,77.9750691441,75.4427697178,0.8447429093000001,50.1356274099,71.965917403,84.2543573902,STANDBY,0,0,159.1523853636
2024-03-03 06:00:00,RIG_001,6,3,6,57.3966975653,86.9246960134,82.1691745419,0.7968311003,49.7554421831,72.4972814984,86.1352700308,HIGH_PRODUCTION,0,0,159.1987031033
2024-03-03 07:00:00,RIG_001,7,3,6,66.0623233312,91.3315827101,82.6965466701,0.8597823541,54.2789715567,71.8999634579,85.7877761652,HIGH_PRODUCTION,0,0,159.245020843
2024-03-03 08:00:00,RIG_001,8,3,6,74.1374010218,98.4920895377,93.4162329706,0.810150606,54.7940490437,82.6014980186,96.0804718302,HIGH_PRODUCTION,0,0,159.2913385827
2024-03-03 09:00:00,RIG_001,9,3,6,81.0716274372,103.275585731,95.0,0.8739155055000001,52.3874797955,77.0945296408,101.9321947689,HIGH_PRODUCTION,0,0,159.3376563224
2024-03-03 10:00:00,RIG_001,10,3,6,86.3924465065,109.532523096,95.0,0.9078194183,55.5252778091,82.323714266,100.6811891594,HIGH_PRODUCTION,0,0,159.3839740621
2024-03-03 11:00:00,RIG_001,11,3,6,89.7372532031,106.2365434912,95.0,0.9098604767,55.5508785255,84.1296362918,99.7683348652,HIGH_PRODUCTION,0,0,159.4302918018
2024-03-03 12:00:00,RIG_001,12,3,6,90.8781044784,106.0492765919,95.0,0.8403131586,56.3666037703,79.96995067,103.8854456326,HIGH_PRODUCTION,0,0,159.4766095415
2024-03-03 13:00:00,RIG_001,13,3,6,89.7372532031,108.9894951077,95.0,0.9649057419,61.0259313679,80.2213508331,101.2148240614,HIGH_PRODUCTION,0,0,159.5229272811
2024-03-03 14:00:00,RIG_001,14,3,6,86.3924465065,104.8175852464,95.0,0.8628849966000001,56.6807389239,82.1239898399,97.4840270874,HIGH_PRODUCTION,0,0,159.5692450208
2024-03-03 15:00:00,RIG_001,15,3,6,81.0716274372,98.0884967041,91.99421596010001,0.7890042681,52.8405803962,82.7803504794,94.9514894727,HIGH_PRODUCTION,0,0,159.6155627605
2024-03-03 16:00:00,RIG_001,16,3,6,74.1374010218,96.9092954336,93.6083377653,0.8639242373,54.668585467,75.5648428348,100.6543176631,HIGH_PRODUCTION,0,0,159.6618805002
2024-03-03 17:00:00,RIG_001,17,3,6,66.0623233312,90.1357542095,87.332849009,0.8509588210000001,51.8297630575,76.5902827668,95.458047567,HIGH_PRODUCTION,0,0,159.7081982399
2024-03-03 18:00:00,RIG_001,18,3,6,57.3966975653,77.1425844931,76.001257622,0.8184752891,49.9351626023,67.945291563,82.6562983188,HIGH_PRODUCTION,0,0,159.7545159796
2024-03-03 19:00:00,RIG_001,19,3,6,48.7310717994,75.429522362,73.8645356922,0.8735985221,50.0185159646,71.4492536975,84.5552019358,HIGH_PRODUCTION,0,0,159.8008337193
2024-03-03 20:00:00,RIG_001,20,3,6,40.6559941088,54.2652963564,60.618092777,0.7303620531,45.9847853835,66.3822029605,70.5231142742,HIGH_PRODUCTION,0,0,159.847151459
2024-03-03 21:00:00,RIG_001,21,3,6,38.2644650435,56.6208632264,60.0602944464,0.7434554853,44.1066428153,64.4223850426,66.3834019509,HIGH_PRODUCTION,0,0,159.8934691987
2024-03-03 22:00:00,RIG_001,22,3,6,38.2644650435,54.0119965807,53.192956094,0.6866359184,46.7809202004,64.8326234727,55.6772141156,STANDBY,0,0,159.9397869384
2024-03-03 23:00:00,RIG_001,23,3,6,38.2644650435,48.2703727593,52.8751334188,0.7657832121,43.8836385149,60.2564315229,53.9451708836,STANDBY,0,0,159.9861046781
2024-03-04 00:00:00,RIG_001,0,4,0,40.0,59.011273398,57.2773868288,0.7663789631,43.3379392599,67.9346178536,61.1152415937,STANDBY,0,0,160.0324224178
2024-03-04 01:00:00,RIG_001,1,4,0,40.0,58.8228869463,57.7120737535,0.7357822351000001,49.1254330681,70.8139488305,64.9717140927,STANDBY,0,0,160.0787401575
2024-03-04 02:00:00,RIG_001,2,4,0,40.0,67.0058208654,63.421683271,0.6862839595,47.4054442429,66.8103146503,73.9016245089,STANDBY,0,0,160.1250578972
2024-03-04 03:00:00,RIG_001,3,4,0,40.0,62.5995782329,61.6024067127,0.840704847,43.9796455503,66.9118581702,67.8547478159,STANDBY,0,0,160.1713756369
2024-03-04 04:00:00,RIG_001,4,4,0,42.5,56.8315333494,62.4823350039,0.6899813753,47.5137094398,68.5570987442,70.9885033866,STANDBY,0,0,160.2176933766
2024-03-04 05:00:00,RIG_001,5,4,0,50.9413334214,79.6712113851,75.5647385506,0.7905057782,54.0733580167,77.5376355735,79.828816092,STANDBY,0,0,160.2640111163
2024-03-04 06:00:00,RIG_001,6,4,0,60.0,85.5715312706,79.1038265056,0.8558731348,51.3268322902,71.1918899446,85.9721338813,HIGH_PRODUCTION,0,0,160.310328856
2024-03-04 07:00:00,RIG_001,7,4,0,69.0586665786,91.4424655499,86.1489719788,0.7959260866000001,51.8533158667,76.9263854527,93.6190424672,HIGH_PRODUCTION,0,0,160.3566465956
2024-03-04 08:00:00,RIG_001,8,4,0,77.5,95.8478376206,91.866092006,0.7944798813,53.6172094903,79.6037437532,90.9273091785,HIGH_PRODUCTION,0,0,160.4029643353
2024-03-04 09:00:00,RIG_001,9,4,0,84.7487373415,99.4387469338,95.0,0.77391599,56.2891501885,79.5254549082,98.7596835929,HIGH_PRODUCTION,0,0,160.449282075
2024-03-04 10:00:00,RIG_001,10,4,0,90.3108891325,107.9440086889,95.0,0.9418642730000001,59.5417154823,74.952826406,102.8491011528,HIGH_PRODUCTION,0,0,160.4955998147
2024-03-04 11:00:00,RIG_001,11,4,0,93.8074039201,118.7522481164,95.0,0.9111651023,60.8290366908,87.1289444628,100.8234050069,HIGH_PRODUCTION,0,0,160.5419175544
2024-03-04 12:00:00,RIG_001,12,4,0,95.0,123.9309802884,95.0,1.1005093867,61.186191489,91.7373031398,96.4104548555,HIGH_PRODUCTION,0,0,160.5882352941
2024-03-04 13:00:00,RIG_001,13,4,0,93.8074039201,121.0386179811,95.0,0.8959363128000001,63.2556780359,86.6615706479,92.7096328728,HIGH_PRODUCTION,0,0,160.6345530338
2024-03-04 14:00:00,RIG_001,14,4,0,90.3108891325,107.3885861041,95.0,0.8588166902000001,56.2214735799,79.1232576714,98.9026577641,HIGH_PRODUCTION,0,0,160.6808707735
2024-03-04 15:00:00,RIG_001,15,4,0,84.7487373415,98.6795419167,94.5611505323,0.8506777313,56.7317241559,78.0644808359,99.3463934537,HIGH_PRODUCTION,0,0,160.7271885132
2024-03-04 16:00:00,RIG_001,16,4,0,77.5,97.7402706371,93.7108808717,0.8884715697000001,53.8589420626,84.6318203941,96.0591120222,HIGH_PRODUCTION,0,0,160.7735062529
2024-03-04 17:00:00,RIG_001,17,4,0,69.0586665786,79.7592568143,81.6050434584,0.7990468995000001,50.8018601196,76.6576646669,87.0342982695,HIGH_PRODUCTION,0,0,160.8198239926
2024-03-04 18:00:00,RIG_001,18,4,0,60.0,81.1655732954,81.1357334007,0.8575778975,50.0642681943,76.2697518438,87.6548936424,HIGH_PRODUCTION,0,0,160.8661417323
2024-03-04 19:00:00,RIG_001,19,4,0,50.9413334214,69.7600028753,71.9001859751,0.744000427,47.3282963535,71.9972386132,78.9122474873,HIGH_PRODUCTION,0,0,160.912459472
2024-03-04 20:00:00,RIG_001,20,4,0,42.5,59.733447537,63.5844625223,0.6939558655,44.1785888493,65.9366229245,61.5167057476,HIGH_PRODUCTION,0,0,160.9587772117
2024-03-04 21:00:00,RIG_001,21,4,0,40.0,51.597062371,54.6712097107,0.6489008299,45.5889736551,64.8774051693,55.7283544173,HIGH_PRODUCTION,0,0,161.0050949514
2024-03-04 22:00:00,RIG_001,22,4,0,40.0,62.1455259011,59.2156202265,0.6594635201,44.0705293991,68.4098895633,63.3017522814,STANDBY,0,0,161.0514126911
2024-03-04 23:00:00,RIG_001,23,4,0,40.0,56.9209688309,57.0903897089,0.7292503772000001,42.7497777026,68.7250135975,63.806909102,STANDBY,0,0,161.0977304308
2024-03-05 00:00:00,RIG_001,0,5,1,38.2644650435,52.0827967871,55.1159342169,0.7257755674,47.2626863285,70.1515957189,61.5836362576,STANDBY,0,0,161.1440481704
2024-03-05 01:00:00,RIG_001,1,5,1,38.2644650435,43.5780175602,47.9739625242,0.6839236649,42.8501995194,66.4284196784,54.3895723679,STANDBY,0,0,161.1903659101
2024-03-05 02:00:00,RIG_001,2,5,1,38.2644650435,57.8087017623,59.8873617585,0.8205431297,39.6819480432,63.0844574613,63.7371079326,STANDBY,0,0,161.2366836498
2024-03-05 03:00:00,RIG_001,3,5,1,38.2644650435,66.8144819318,67.3370684006,0.8469769618,45.5731030045,70.7163294863,71.3541680886,STANDBY,0,0,161.2830013895
2024-03-05 04:00:00,RIG_001,4,5,1,40.6559941088,68.6579967474,65.3621562103,0.7745511174,43.5405205117,72.8076890597,68.177168405,STANDBY,0,0,161.3293191292
2024-03-05 05:00:00,RIG_001,5,5,1,48.7310717994,66.1482447433,65.9445530776,0.694251226,44.635679799,71.7010544134,73.2491354619,STANDBY,0,0,161.3756368689
2024-03-05 06:00:00,RIG_001,6,5,1,57.3966975653,74.0952391513,74.176393373,0.7796382805000001,42.2467804554,70.3408704552,76.4149270098,HIGH_PRODUCTION,0,0,161.4219546086
2024-03-05 07:00:00,RIG_001,7,5,1,66.0623233312,88.1227441604,85.5594241934,0.8202502522,51.7567068847,85.1791508954,93.109533379,HIGH_PRODUCTION,0,0,161.4682723483
2024-03-05 08:00:00,RIG_001,8,5,1,74.1374010218,88.8689710356,86.2722485938,0.8198085253,49.9333591206,72.8294376237,91.8958083083,HIGH_PRODUCTION,0,0,161.514590088
2024-03-05 09:00:00,RIG_001,9,5,1,81.0716274372,102.311031807,95.0,0.8582907815,55.6975684653,77.4437442021,99.8648665646,HIGH_PRODUCTION,0,0,161.5609078277
2024-03-05 10:00:00,RIG_001,10,5,1,86.3924465065,109.96024043,95.0,0.8836364788000001,54.2398175897,83.6888573728,98.0298688007,HIGH_PRODUCTION,0,0,161.6072255674
2024-03-05 11:00:00,RIG_001,11,5,1,89.7372532031,115.6162595151,95.0,0.914135871,59.0698885851,91.0352870194,95.9333744165,HIGH_PRODUCTION,0,0,161.6535433071
2024-03-05 12:00:00,RIG_001,12,5,1,90.8781044784,110.1286219495,95.0,0.8854082551,56.7023229311,80.5300020327,98.0570417309,HIGH_PRODUCTION,0,0,161.6998610468
2024-03-05 13:00:00,RIG_001,13,5,1,89.7372532031,108.4771199667,95.0,0.9228322005,60.1231859221,81.7456508931,99.0099793941,HIGH_PRODUCTION,0,0,161.7461787865
2024-03-05 14:00:00,RIG_001,14,5,1,86.3924465065,101.7677167481,95.0,0.9104915721,58.2646429105,83.7621960435,92.8929270653,HIGH_PRODUCTION,0,0,161.7924965262
2024-03-05 15:00:00,RIG_001,15,5,1,81.0716274372,96.7093565034,89.4172768992,0.8319510722000001,55.7480303319,78.9592204864,93.8252114332,HIGH_PRODUCTION,0,0,161.8388142659
2024-03-05 16:00:00,RIG_001,16,5,1,74.1374010218,92.7840850597,91.6957258551,0.9294460495,52.5427937036,76.8314139543,99.4687979592,HIGH_PRODUCTION,0,0,161.8851320056
2024-03-05 17:00:00,RIG_001,17,5,1,66.0623233312,87.6851770236,84.3653508862,0.801778215,55.8920550464,78.0024518127,91.0670046025,HIGH_PRODUCTION,0,0,161.9314497453
2024-03-05 18:00:00,RIG_001,18,5,1,57.3966975653,81.7575945157,85.5407426486,0.7522938228,47.3333280733,75.3448323254,89.0521250214,HIGH_PRODUCTION,0,0,161.9777674849
2024-03-05 19:00:00,RIG_001,19,5,1,48.7310717994,64.5150985262,71.2543392561,0.80068054,43.3216573724,72.4458459148,76.3951481514,HIGH_PRODUCTION,0,0,162.0240852246
2024-03-05 20:00:00,RIG_001,20,5,1,40.6559941088,67.9263060947,66.3928855183,0.7511901234,46.8140103239,74.2522984956,69.7243918101,HIGH_PRODUCTION,0,0,162.0704029643
2024-03-05 21:00:00,RIG_001,21,5,1,38.2644650435,56.7226638404,58.1640700497,0.7746994479,48.688742178,67.9378083321,63.6103522497,HIGH_PRODUCTION,0,0,162.116720704
2024-03-05 22:00:00,RIG_001,22,5,1,38.2644650435,57.9783930349,59.8499956186,0.6424039028,44.089920445,68.2687160866,69.4703190899,STANDBY,0,0,162.1630384437
2024-03-05 23:00:00,RIG_001,23,5,1,38.2644650435,54.3561187718,58.2926098726,0.8215285781,43.2225392065,66.9491685784,66.1981062805,STANDBY,0,0,162.2093561834
2024-03-06 00:00:00,RIG_001,0,6,2,36.8726740701,44.6599619853,45.5199190763,0.7566172521000001,38.2811697841,64.8653802655,52.0823019934,STANDBY,0,0,162.2556739231
2024-03-06 01:00:00,RIG_001,1,6,2,36.8726740701,61.2083379294,55.4248452166,0.697809153,47.1939436529,68.5280132924,58.9461904795,STANDBY,0,0,162.3019916628
2024-03-06 02:00:00,RIG_001,2,6,2,36.8726740701,60.479278094,58.115294015,0.6968922157,47.0261720322,68.1419579812,65.3651091938,STANDBY,0,0,162.3483094025
2024-03-06 03:00:00,RIG_001,3,6,2,36.8726740701,55.3953684839,58.7458420072,0.8393779092,45.4269925238,70.2084919076,58.6852111531,STANDBY,0,0,162.3946271422
2024-03-06 04:00:00,RIG_001,4,6,2,39.1772161995,59.4484496459,62.6628169686,0.7312401333,43.6036710658,72.3828834348,66.9057565226,STANDBY,0,0,162.4409448819
2024-03-06 05:00:00,RIG_001,5,6,2,46.9585795986,69.4815032084,71.7578924742,0.7566843177,45.9569622654,66.3217921286,78.5090267337,STANDBY,0,0,162.4872626216
2024-03-06 06:00:00,RIG_001,6,6,2,55.3090111052,67.446457003,68.0684791451,0.6791710877,44.2753697499,70.2640005561,75.2897427872,HIGH_PRODUCTION,0,0,162.5335803613
2024-03-06 07:00:00,RIG_001,7,6,2,63.6594426117,80.9713020682,76.0210458758,0.8156945883000001,50.4105705206,72.2253073201,83.0306993464,HIGH_PRODUCTION,0,0,162.579898101
2024-03-06 08:00:00,RIG_001,8,6,2,71.4408060109,95.3761999131,92.9417483385,0.8652474824,51.6832353197,77.6799455745,98.8262404061,HIGH_PRODUCTION,0,0,162.6262158407
2024-03-06 09:00:00,RIG_001,9,6,2,78.1228142462,91.8223852955,89.0938928808,0.9019319450000001,50.6007633134,78.7542642178,93.5067179436,HIGH_PRODUCTION,0,0,162.6725335804
2024-03-06 10:00:00,RIG_001,10,6,2,83.2500994991,104.695854986,95.0,0.8350090488,55.3265823127,83.4170716104,101.6139279095,HIGH_PRODUCTION,0,0,162.7188513201
2024-03-06 11:00:00,RIG_001,11,6,2,86.4732457528,99.6752502167,95.0,0.8140720873,53.9405002038,79.5661957342,97.1414168782,HIGH_PRODUCTION,0,0,162.7651690597
2024-03-06 12:00:00,RIG_001,12,6,2,87.5726009166,109.8966119767,95.0,0.9434839149,56.3981959365,77.2289625888,97.4659682101,HIGH_PRODUCTION,0,0,162.8114867994
2024-03-06 13:00:00,RIG_001,13,6,2,86.4732457528,106.2938471502,95.0,0.9606492632,57.5063509812,78.9930174033,100.1852040294,HIGH_PRODUCTION,0,0,162.8578045391
2024-03-06 14:00:00,RIG_001,14,6,2,83.2500994991,95.1801968894,93.1206245916,0.7985994622,53.9531448267,81.2435580774,98.6402175197,HIGH_PRODUCTION,0,0,162.9041222788
2024-03-06 15:00:00,RIG_001,15,6,2,78.1228142462,103.9592151493,95.0,0.9577551098,55.4134917263,72.9664852787,94.5231544643,HIGH_PRODUCTION,0,0,162.9504400185
2024-03-06 16:00:00,RIG_001,16,6,2,71.4408060109,87.7874999186,85.9313344264,0.8572266229000001,52.3129008363,79.8985314306,92.2967735692,HIGH_PRODUCTION,0,0,162.9967577582
2024-03-06 17:00:00,RIG_001,17,6,2,63.6594426117,79.6347798794,77.1553260646,0.8856669086000001,47.9256408876,75.4541239358,84.4735111983,HIGH_PRODUCTION,0,0,163.0430754979
2024-03-06 18:00:00,RIG_001,18,6,2,55.3090111052,76.345404205,74.377881169,0.8178827675,49.2969082991,76.8521495061,79.1460254566,HIGH_PRODUCTION,0,0,163.0893932376
2024-03-06 19:00:00,RIG_001,19,6,2,46.9585795986,72.7422611204,72.6173641214,0.6846557314,48.4867702658,71.2269707755,84.7407629713,HIGH_PRODUCTION,0,0,163.1357109773
2024-03-06 20:00:00,RIG_001,20,6,2,39.1772161995,54.1455495402,59.1306868069,0.7475663944000001,40.5302936663,60.05944859,62.0818814879,HIGH_PRODUCTION,0,0,163.182028717
2024-03-06 21:00:00,RIG_001,21,6,2,36.8726740701,57.2354634159,59.020543412,0.817626967,46.3002533627,68.4617269493,62.9372819218,HIGH_PRODUCTION,0,0,163.2283464567
2024-03-06 22:00:00,RIG_001,22,6,2,36.8726740701,59.0780943293,56.5283564036,0.7256456388,43.0066561719,71.5473876709,60.3431556852,STANDBY,0,0,163.2746641964
2024-03-06 23:00:00,RIG_001,23,6,2,36.8726740701,60.4064875249,58.1534795803,0.7551051419,45.2822414796,70.896111674,62.9249167465,STANDBY,0,0,163.3209819361
2024-03-07 00:00:00,RIG_001,0,7,3,36.1002883513,57.1288709609,51.9231924836,0.7560491364,46.6110412213,65.1505868378,55.9370180447,STANDBY,0,0,163.3672996758
2024-03-07 01:00:00,RIG_001,1,7,3,36.1002883513,54.41847165,55.2806297075,0.6119341906,45.4559714279,66.5858247214,56.0601980737,STANDBY,0,0,163.4136174155
2024-03-07 02:00:00,RIG_001,2,7,3,36.1002883513,52.1226074032,57.2030766272,0.8337749416,43.0993186279,64.0382734146,60.5634317385,STANDBY,0,0,163.4599351552
2024-03-07 03:00:00,RIG_001,3,7,3,36.1002883513,56.6982255826,55.413816836,0.7190509043000001,43.4495583899,64.5516682822,60.1209547487,STANDBY,0,0,163.5062528949
2024-03-07 04:00:00,RIG_001,4,7,3,38.3565563732,53.1700267903,56.7301607276,0.7790071345,45.1875305147,68.8171737506,65.4158769738,STANDBY,0,0,163.5525706346
2024-03-07 05:00:00,RIG_001,5,7,3,45.9749206378,51.5492813583,59.5172300116,0.7447083408,44.2367102952,61.8721874737,71.1239598317,STANDBY,0,0,163.5988883742
2024-03-07 06:00:00,RIG_001,6,7,3,54.1504325269,76.5212923466,78.4184606768,0.8870256543,47.8935930466,70.2749384122,87.4248823704,HIGH_PRODUCTION,0,0,163.6452061139
2024-03-07 07:00:00,RIG_001,7,7,3,62.325944416,87.0406270814,83.398479377,0.8761907828000001,50.1703694763,72.800111224,86.072342288,HIGH_PRODUCTION,0,0,163.6915238536
2024-03-07 08:00:00,RIG_001,8,7,3,69.9443086806,78.3316026237,79.6144609157,0.8181999607,45.4381902925,69.0287382172,82.5270320838,HIGH_PRODUCTION,0,0,163.7378415933
2024-03-07 09:00:00,RIG_001,9,7,3,76.4863463859,91.6465966441,86.7069659511,0.8254006726,53.2197128444,77.9332218688,91.2289802186,HIGH_PRODUCTION,0,0,163.784159333
2024-03-07 10:00:00,RIG_001,10,7,3,81.5062284735,104.8178512213,95.0,0.949667997,56.0390673153,84.9298645118,105.3536766666,HIGH_PRODUCTION,0,0,163.8304770727
2024-03-07 11:00:00,RIG_001,11,7,3,84.661858275,115.1721347273,95.0,0.8473515182,61.0654164311,83.9970101495,99.5037278435,HIGH_PRODUCTION,0,0,163.8767948124
2024-03-07 12:00:00,RIG_001,12,7,3,85.7381848343,106.0719001373,95.0,0.9462026716,57.2360852213,77.3043266395,96.0174775284,HIGH_PRODUCTION,0,0,163.9231125521
2024-03-07 13:00:00,RIG_001,13,7,3,84.661858275,101.2585379945,95.0,0.8447010976,57.983092887,82.8973950176,98.4964685891,HIGH_PRODUCTION,0,0,163.9694302918
2024-03-07 14:00:00,RIG_001,14,7,3,81.5062284735,100.8353883546,95.0,0.9611833403000001,53.8141186328,85.3077217685,102.2711680055,HIGH_PRODUCTION,0,0,164.0157480315
2024-03-07 15:00:00,RIG_001,15,7,3,76.4863463859,103.6113182292,95.0,0.9151471949000001,58.1791302192,79.1446684963,102.0698208307,HIGH_PRODUCTION,0,0,164.0620657712
2024-03-07 16:00:00,RIG_001,16,7,3,69.9443086806,86.9720251935,84.5571863716,0.8895557980000001,50.6851735402,74.6559447579,88.9565363721,HIGH_PRODUCTION,0,0,164.1083835109
2024-03-07 17:00:00,RIG_001,17,7,3,62.325944416,78.5944694522,80.8737938635,0.8365016541,51.2038094866,75.1253227259,87.9240378842,HIGH_PRODUCTION,0,0,164.1547012506
2024-03-07 18:00:00,RIG_001,18,7,3,54.1504325269,72.0081476464,73.6564116341,0.7252096641,45.0845201265,76.4680655373,71.8368950264,HIGH_PRODUCTION,0,0,164.2010189903
2024-03-07 19:00:00,RIG_001,19,7,3,45.9749206378,61.4866579878,64.8566689357,0.7384128627000001,45.8419350957,66.8864949592,70.1681566408,HIGH_PRODUCTION,0,0,164.24733673
2024-03-07 20:00:00,RIG_001,20,7,3,38.3565563732,59.2552360055,59.6024095487,0.8085597928,40.8444331185,63.7792214587,67.1844658129,HIGH_PRODUCTION,0,0,164.2936544697
2024-03-07 21:00:00,RIG_001,21,7,3,36.1002883513,64.5159563569,65.6597354285,0.7992405488000001,45.5947141173,71.2490427259,68.161145603,HIGH_PRODUCTION,0,0,164.3399722094
2024-03-07 22:00:00,RIG_001,22,7,3,36.1002883513,58.0149080911,59.210147115,0.8306393793,45.3844350105,69.8016766467,61.7011315055,STANDBY,0,0,164.3862899491
2024-03-07 23:00:00,RIG_001,23,7,3,36.1002883513,55.1446918758,54.2535668404,0.7833282345,42.7442358665,66.561801914,53.6542223821,STANDBY,0,0,164.4326076887
2024-03-08 00:00:00,RIG_001,0,8,4,36.1002883513,55.0227836981,57.0173199262,0.7146489583000001,41.654820667,64.8324353305,66.7870067107,STANDBY,0,0,164.4789254284
2024-03-08 01:00:00,RIG_001,1,8,4,36.1002883513,48.6728336602,50.481151909,0.7043162668,43.8604453536,67.584986291,53.320689978,STANDBY,0,0,164.5252431681
2024-03-08 02:00:00,RIG_001,2,8,4,36.1002883513,60.9112842503,58.0545603349,0.7861659659,45.0208954829,69.8574932887,63.7776901685,STANDBY,0,0,164.5715609078
2024-03-08 03:00:00,RIG_001,3,8,4,36.1002883513,56.1134970405,56.4918377398,0.6511098024,43.0492329661,64.5287425614,63.3035888643,STANDBY,0,0,164.6178786475
2024-03-08 04:00:00,RIG_001,4,8,4,38.3565563732,57.8634991405,57.1759623781,0.8559193773,44.5496666274,67.5063339361,66.7121662256,STANDBY,0,0,164.6641963872
2024-03-08 05:00:00,RIG_001,5,8,4,45.9749206378,82.3567484732,78.2865814839,0.8679996387000001,55.8625254022,70.6519019459,82.824888162,STANDBY,0,0,164.7105141269
2024-03-08 06:00:00,RIG_001,6,8,4,54.1504325269,76.0674347259,71.9781710789,0.8885813615,51.323864381,74.8779017871,75.3598816975,HIGH_PRODUCTION,0,0,164.7568318666
2024-03-08 07:00:00,RIG_001,7,8,4,62.325944416,78.9971744837,77.0119693885,0.7571739248,52.0744409573,72.912451637,82.5311723342,HIGH_PRODUCTION,0,0,164.8031496063
2024-03-08 08:00:00,RIG_001,8,8,4,69.9443086806,88.2496536786,82.798616189,0.9263750884,52.9335060576,75.1677636064,91.6508570186,HIGH_PRODUCTION,0,0,164.849467346
2024-03-08 09:00:00,RIG_001,9,8,4,76.4863463859,102.6726555719,95.0,1.0191760526,56.0011344381,80.7031732161,99.4894824058,HIGH_PRODUCTION,0,0,164.8957850857
2024-03-08 10:00:00,RIG_001,10,8,4,81.5062284735,102.5236088272,95.0,0.8412953200000001,50.8387376301,80.8780057462,97.1353927552,HIGH_PRODUCTION,0,0,164.9421028254
2024-03-08 11:00:00,RIG_001,11,8,4,84.661858275,97.9284443454,95.0,0.9323091050000001,53.1241503934,82.0633234883,95.3777265751,HIGH_PRODUCTION,0,0,164.9884205651
2024-03-08 12:00:00,RIG_001,12,8,4,85.7381848343,110.79925313,95.0,0.9325922098,56.7386644561,85.013047533,96.3361078462,HIGH_PRODUCTION,0,0,165.0347383048
2024-03-08 13:00:00,RIG_001,13,8,4,84.661858275,101.7930091312,95.0,0.8284815592,51.6984681547,80.068674903,102.5931744922,HIGH_PRODUCTION,0,0,165.0810560445
2024-03-08 14:00:00,RIG_001,14,8,4,81.5062284735,111.3515362994,95.0,0.9592083026,55.5230524944,85.696465339,99.0381265711,HIGH_PRODUCTION,0,0,165.1273737842
2024-03-08 15:00:00,RIG_001,15,8,4,76.4863463859,102.3723533202,95.0,0.9494919863,51.6314153882,81.9139177571,98.1774372702,HIGH_PRODUCTION,0,0,165.1736915239
2024-03-08 16:00:00,RIG_001,16,8,4,69.9443086806,88.200413469,87.5529647245,0.8354249498,51.9734556959,75.1803251318,90.4050630549,HIGH_PRODUCTION,0,0,165.2200092635
2024-03-08 17:00:00,RIG_001,17,8,4,62.325944416,89.2306881524,83.83846788,0.9270531985,53.9452039798,76.395051971,89.0936054606,HIGH_PRODUCTION,0,0,165.2663270032
2024-03-08 18:00:00,RIG_001,18,8,4,54.1504325269,74.9963196682,75.3599172864,0.7429013676,50.9626289543,72.0542272339,79.6415520051,HIGH_PRODUCTION,0,0,165.3126447429
2024-03-08 19:00:00,RIG_001,19,8,4,45.9749206378,70.752346263,72.9874114716,0.7389550814,48.5176554899,72.7414879084,77.1680150404,HIGH_PRODUCTION,0,0,165.3589624826
2024-03-08 20:00:00,RIG_001,20,8,4,38.3565563732,61.3007253702,63.9527668229,0.7923531668,43.3983886602,67.2891497669,73.0007386063,HIGH_PRODUCTION,0,0,165.4052802223
2024-03-08 21:00:00,RIG_001,21,8,4,36.1002883513,52.3959576478,54.9558927027,0.7602635287,39.2348590949,64.5475597351,64.5699415483,HIGH_PRODUCTION,0,0,165.451597962
2024-03-08 22:00:00,RIG_001,22,8,4,36.1002883513,53.4169394221,55.6363583637,0.7264138067,39.8404974567,71.9313537549,55.806293345,STANDBY,0,0,165.4979157017
2024-03-08 23:00:00,RIG_001,23,8,4,36.1002883513,61.7914403326,58.8661272402,0.8280309766,42.909894928599996,71.356638545,64.8489054336,STANDBY,0,0,165.5442334414
2024-03-09 00:00:00,RIG_001,0,9,5,36.8726740701,55.8127969226,55.5034385229,0.7963453112000001,42.1754798346,64.4620370835,58.1728522271,STANDBY,0,0,165.5905511811
2024-03-09 01:00:00,RIG_001,1,9,5,36.8726740701,55.4753789278,54.9065986421,0.811880566,43.549347736,68.3554366602,59.1618453005,STANDBY,0,0,165.6368689208
2024-03-09 02:00:00,RIG_001,2,9,5,36.8726740701,52.7249560082,54.3780999629,0.7547507929,41.1529105658,66.1725369994,60.3059351183,STANDBY,0,0,165.6831866605
2024-03-09 03:00:00,RIG_001,3,9,5,36.8726740701,59.6255118939,60.542639593,0.8119235667,45.5843297608,69.062307094,64.9044798422,STANDBY,0,0,165.7295044002
2024-03-09 04:00:00,RIG_001,4,9,5,39.1772161995,70.1316309525,66.0922611723,0.7912156663000001,47.0683607325,71.4515132594,71.7836408142,STANDBY,0,0,165.7758221399
2024-03-09 05:00:00,RIG_001,5,9,5,46.9585795986,62.2696528451,63.2594816923,0.8927884526000001,45.5885046348,72.24982379,70.2783923104,STANDBY,0,0,165.8221398796
2024-03-09 06:00:00,RIG_001,6,9,5,55.3090111052,76.0857938672,72.8743912127,0.7911039236,51.3019495722,73.8625991941,78.7581216143,HIGH_PRODUCTION,0,0,165.8684576193
2024-03-09 07:00:00,RIG_001,7,9,5,63.6594426117,91.3831785285,83.6999172689,0.9830735085000001,50.4853311637,77.2286874639,86.7594083564,HIGH_PRODUCTION,0,0,165.914775359
2024-03-09 08:00:00,RIG_001,8,9,5,71.4408060109,91.7121798552,86.5927425287,0.8807253093,53.7654541204,80.6402256875,89.7051437078,HIGH_PRODUCTION,0,0,165.9610930987
2024-03-09 09:00:00,RIG_001,9,9,5,78.1228142462,101.061201689,95.0,0.8384377039,55.2373539653,81.01821563,95.6808841101,HIGH_PRODUCTION,0,0,166.0074108384
2024-03-09 10:00:00,RIG_001,10,9,5,83.2500994991,98.6216079809,94.3155929878,0.9684837058,53.9884294333,79.9509181323,96.7538320953,HIGH_PRODUCTION,0,0,166.053728578
2024-03-09 11:00:00,RIG_001,11,9,5,86.4732457528,109.3052050223,95.0,0.9386108698000001,59.0968138973,83.7336293141,105.8862050857,HIGH_PRODUCTION,0,0,166.1000463177
2024-03-09 12:00:00,RIG_001,12,9,5,87.5726009166,107.3342510359,95.0,0.9691444143000001,58.5915910681,81.9194482407,97.6239892777,HIGH_PRODUCTION,0,0,166.1463640574
2024-03-09 13:00:00,RIG_001,13,9,5,86.4732457528,112.1062148365,95.0,1.0022821676,56.1335721172,83.6595454299,96.4198635627,HIGH_PRODUCTION,0,0,166.1926817971
2024-03-09 14:00:00,RIG_001,14,9,5,83.2500994991,109.8982965233,95.0,0.9515486654,57.1102529631,81.2094051907,100.9597835855,HIGH_PRODUCTION,0,0,166.2389995368
2024-03-09 15:00:00,RIG_001,15,9,5,78.1228142462,111.7888468836,95.0,0.9108957675,58.5096350861,81.2831524062,99.6689057221,HIGH_PRODUCTION,0,0,166.2853172765
2024-03-09 16:00:00,RIG_001,16,9,5,71.4408060109,95.0641339652,89.0507550294,0.9393046108,53.2200199952,75.5235290301,93.4639753189,HIGH_PRODUCTION,0,0,166.3316350162
2024-03-09 17:00:00,RIG_001,17,9,5,63.6594426117,86.0205339438,84.5232558129,0.8636111882,52.6751761505,71.6302103228,93.7503937121,HIGH_PRODUCTION,0,0,166.3779527559
2024-03-09 18:00:00,RIG_001,18,9,5,55.3090111052,77.0199900232,74.4989975391,0.871049943,49.8173815416,70.4668449228,81.1463775658,HIGH_PRODUCTION,0,0,166.4242704956
2024-03-09 19:00:00,RIG_001,19,9,5,46.9585795986,65.9387532057,67.6880403161,0.6960120839,50.1498107821,69.2588248583,71.098061521,HIGH_PRODUCTION,0,0,166.4705882353
2024-03-09 20:00:00,RIG_001,20,9,5,39.1772161995,61.6225881489,60.4445560754,0.8132844742,42.3450887654,68.796129192,64.1711283226,HIGH_PRODUCTION,0,0,166.516905975
2024-03-09 21:00:00,RIG_001,21,9,5,36.8726740701,56.1555674124,54.4502732929,0.7427903058,43.7940198736,66.0327805343,57.9425137512,HIGH_PRODUCTION,0,0,166.5632237147
2024-03-09 22:00:00,RIG_001,22,9,5,36.8726740701,58.4818270054,57.3952585938,0.8645491287,42.8034517283,60.4774376312,65.0194774585,STANDBY,0,0,166.6095414544
2024-03-09 23:00:00,RIG_001,23,9,5,36.8726740701,64.2344574631,60.565809975,0.8304811766,47.2668292766,73.9940963122,64.6413670866,STANDBY,0,0,166.6558591941
2024-03-10 00:00:00,RIG_001,0,10,6,38.2644650435,54.0754510454,53.64991124,0.7810279482,40.2845189813,69.4820756823,53.2704507327,STANDBY,0,0,166.7021769338
2024-03-10 01:00:00,RIG_001,1,10,6,38.2644650435,64.8145043384,58.7932348763,0.8257529914,46.8962515051,70.7816308552,63.6482758401,STANDBY,0,0,166.7484946735
2024-03-10 02:00:00,RIG_001,2,10,6,38.2644650435,65.7076345304,61.6965793637,0.7543801106,45.1668117699,75.4347623768,62.0855013603,STANDBY,0,0,166.7948124132
2024-03-10 03:00:00,RIG_001,3,10,6,38.2644650435,58.5386642197,60.0049337875,0.8641433478,43.1663423227,64.6295069135,71.5576255928,STANDBY,0,0,166.8411301528
2024-03-10 04:00:00,RIG_001,4,10,6,40.6559941088,50.9182090858,56.4611393912,0.8598729397,39.8365558644,70.9383380876,58.5641356497,STANDBY,0,0,166.8874478925
2024-03-10 05:00:00,RIG_001,5,10,6,48.7310717994,66.570398997,68.2366890985,0.827091935,45.7124478568,67.0754774688,72.7510948025,STANDBY,0,0,166.9337656322
2024-03-10 06:00:00,RIG_001,6,10,6,57.3966975653,84.7670550921,79.5200026544,0.9417416772,53.3607648336,76.1463303035,85.2946108585,HIGH_PRODUCTION,0,0,166.9800833719
2024-03-10 07:00:00,RIG_001,7,10,6,66.0623233312,86.8403154747,86.5181774751,0.8401691409,51.6597015016,72.230582667,90.652202993,HIGH_PRODUCTION,0,0,167.0264011116
2024-03-10 08:00:00,RIG_001,8,10,6,74.1374010218,90.0401699763,85.6717553127,0.838555707,53.7654033298,77.0561332795,89.8016641083,HIGH_PRODUCTION,0,0,167.0727188513
2024-03-10 09:00:00,RIG_001,9,10,6,81.0716274372,99.4539806079,95.0,0.9088843256,58.1927787959,80.9946936764,101.2654818585,HIGH_PRODUCTION,0,0,167.119036591
2024-03-10 10:00:00,RIG_001,10,10,6,86.3924465065,111.5087220768,95.0,0.9649346355,58.4046916889,82.9885456296,104.5786478764,HIGH_PRODUCTION,0,0,167.1653543307
2024-03-10 11:00:00,RIG_001,11,10,6,89.7372532031,113.3910441429,95.0,0.9293204866,57.2301618916,86.1589455752,102.3025272455,HIGH_PRODUCTION,0,0,167.2116720704
2024-03-10 12:00:00,RIG_001,12,10,6,90.8781044784,110.6105147423,95.0,0.9677519130000001,58.5871331159,83.4801977711,104.4355416357,HIGH_PRODUCTION,0,0,167.2579898101
2024-03-10 13:00:00,RIG_001,13,10,6,89.7372532031,108.8371495648,95.0,0.951048153,56.1206950986,81.0839006843,96.8601426757,HIGH_PRODUCTION,0,0,167.3043075498
2024-03-10 14:00:00,RIG_001,14,10,6,86.3924465065,105.3746218429,95.0,0.8756110279,55.3348100941,79.9119465995,100.9520878998,HIGH_PRODUCTION,0,0,167.3506252895
2024-03-10 15:00:00,RIG_001,15,10,6,81.0716274372,97.4074902573,91.2553985534,0.9277498938000001,51.3120869651,81.654988395,96.7211367095,HIGH_PRODUCTION,0,0,167.3969430292
2024-03-10 16:00:00,RIG_001,16,10,6,74.1374010218,103.1691408727,93.9612360029,0.9624568778,57.6448002004,78.9895161724,100.0145098779,HIGH_PRODUCTION,0,0,167.4432607689
2024-03-10 17:00:00,RIG_001,17,10,6,66.0623233312,85.4125300497,82.5229548596,0.8747693701,50.5811273611,78.3699679264,91.6516507716,HIGH_PRODUCTION,0,0,167.4895785086
2024-03-10 18:00:00,RIG_001,18,10,6,57.3966975653,84.4512468949,83.146055652,0.9211297308,51.4770082154,79.003509447,87.4836882026,HIGH_PRODUCTION,0,0,167.5358962483
2024-03-10 19:00:00,RIG_001,19,10,6,48.7310717994,77.3133564454,75.0769967785,0.7813987356000001,47.2564152541,68.1878653466,78.8604866788,HIGH_PRODUCTION,0,0,167.582213988
2024-03-10 20:00:00,RIG_001,20,10,6,40.6559941088,66.6302006469,64.0420288711,0.83380225,47.5294454211,73.387839356,70.6439712634,HIGH_PRODUCTION,0,0,167.6285317277
2024-03-10 21:00:00,RIG_001,21,10,6,38.2644650435,57.0959631883,57.9801082527,0.7234732521,42.7501083208,73.3100570518,57.64550007,HIGH_PRODUCTION,0,0,167.6748494673
2024-03-10 22:00:00,RIG_001,22,10,6,38.2644650435,61.2796628645,58.6109482002,0.7390195895,45.0364982727,69.139910143,62.9003920529,STANDBY,0,0,167.721167207
2024-03-10 23:00:00,RIG_001,23,10,6,38.2644650435,59.1469820418,56.3412046303,0.7569643442,46.5423975729,69.5413471684,60.9386115625,STANDBY,0,0,167.7674849467
2024-03-11 00:00:00,RIG_001,0,11,0,40.0,56.5521216787,57.8890521244,0.7338085666,45.7195490441,70.0766524767,60.1279762754,STANDBY,0,0,167.8138026864
2024-03-11 01:00:00,RIG_001,1,11,0,40.0,62.6993750519,57.1487321623,0.7721388159,45.630783618,67.98336557,65.3199091964,STANDBY,0,0,167.8601204261
2024-03-11 02:00:00,RIG_001,2,11,0,40.0,55.1893273485,59.4029548903,0.7664862192,40.2610697717,67.1036388752,61.2162339383,STANDBY,0,0,167.9064381658
2024-03-11 03:00:00,RIG_001,3,11,0,40.0,67.0298709076,66.2175276754,0.8547583607,52.743088867,66.1663626834,70.8099085303,STANDBY,0,0,167.9527559055
2024-03-11 04:00:00,RIG_001,4,11,0,42.5,61.2753351397,64.946924425,0.7797643481000001,48.8105517255,68.7985056275,70.826396101,STANDBY,0,0,167.9990736452
2024-03-11 05:00:00,RIG_001,5,11,0,50.9413334214,73.0525009879,70.8350692079,0.7520577832,49.7084748968,73.4100862833,79.8954238923,STANDBY,0,0,168.0453913849
2024-03-11 06:00:00,RIG_001,6,11,0,60.0,82.5287563058,79.2173723453,0.9169564977,49.1257815133,76.3071159605,84.1857030407,HIGH_PRODUCTION,0,0,168.0917091246
2024-03-11 07:00:00,RIG_001,7,11,0,69.0586665786,88.8834063191,82.5342925232,0.8373478197,51.9936672564,79.8612960665,90.3427533056,HIGH_PRODUCTION,0,0,168.1380268643
2024-03-11 08:00:00,RIG_001,8,11,0,77.5,101.5596812774,93.8864839523,0.9144804009,54.3030794598,78.1434978488,100.9882701441,HIGH_PRODUCTION,0,0,168.184344604
2024-03-11 09:00:00,RIG_001,9,11,0,84.7487373415,103.5073789894,95.0,0.9457716117,58.4045566255,79.4543934268,100.3703726685,HIGH_PRODUCTION,0,0,168.2306623437
2024-03-11 10:00:00,RIG_001,10,11,0,90.3108891325,115.8074832117,95.0,0.9705108909000001,59.4768765846,90.4287670015,96.7314597752,HIGH_PRODUCTION,0,0,168.2769800834
2024-03-11 11:00:00,RIG_001,11,11,0,93.8074039201,108.2245607718,95.0,0.9926758510000001,55.4878124762,82.0163831102,95.6962574173,HIGH_PRODUCTION,0,0,168.3232978231
2024-03-11 12:00:00,RIG_001,12,11,0,95.0,116.7859008116,95.0,0.9877863219,58.2549650046,85.6358716054,100.3195162043,HIGH_PRODUCTION,0,0,168.3696155628
2024-03-11 13:00:00,RIG_001,13,11,0,93.8074039201,124.6629994902,95.0,0.9445872527,63.4081261577,87.1978697219,98.3719093783,HIGH_PRODUCTION,0,0,168.4159333025
2024-03-11 14:00:00,RIG_001,14,11,0,90.3108891325,106.4771307452,95.0,1.0422085051,59.8194783799,79.4780967446,102.757783275,HIGH_PRODUCTION,0,0,168.4622510421
2024-03-11 15:00:00,RIG_001,15,11,0,84.7487373415,102.5348583856,95.0,0.9313555235000001,58.6903777234,85.6310451484,102.2375695543,HIGH_PRODUCTION,0,0,168.5085687818
2024-03-11 16:00:00,RIG_001,16,11,0,77.5,101.2513328059,93.3028190201,0.9106065332000001,56.8268973316,78.792295606,97.7489860368,HIGH_PRODUCTION,0,0,168.5548865215
2024-03-11 17:00:00,RIG_001,17,11,0,69.0586665786,91.1453167069,86.3669616826,0.9360370383000001,52.2810794391,73.9617384409,87.8938229108,HIGH_PRODUCTION,0,0,168.6012042612
2024-03-11 18:00:00,RIG_001,18,11,0,60.0,82.9488393759,78.8654048817,0.8759091534000001,44.2541821933,73.5324309809,85.3976115306,HIGH_PRODUCTION,0,0,168.6475220009
2024-03-11 19:00:00,RIG_001,19,11,0,50.9413334214,74.5899056127,71.1047139953,0.8585064854000001,49.2417964508,66.3718536786,73.0508656569,HIGH_PRODUCTION,0,0,168.6938397406
2024-03-11 20:00:00,RIG_001,20,11,0,42.5,66.8831915443,66.1158249556,0.9402194045000001,46.7171403684,68.1110950683,68.8404331868,HIGH_PRODUCTION,0,0,168.7401574803
2024-03-11 21:00:00,RIG_001,21,11,0,40.0,66.7650310722,63.9709452367,0.8016849227,46.9712219607,67.1251235281,66.032698022,HIGH_PRODUCTION,0,0,168.78647522
2024-03-11 22:00:00,RIG_001,22,11,0,40.0,63.272572808,60.29162469,0.7892608456,45.9259378961,70.8340577352,64.8761216242,STANDBY,0,0,168.8327929597
2024-03-11 23:00:00,RIG_001,23,11,0,40.0,60.0241389112,56.8301534931,0.8014177851000001,42.3535104039,65.9869989547,65.3407304953,STANDBY,0,0,168.8791106994
2024-03-12 00:00:00,RIG_001,0,12,1,38.2644650435,62.9221116897,60.3923163554,0.8580438456,46.8453450361,71.5400453136,65.3771937447,STANDBY,0,0,168.9254284391
2024-03-12 01:00:00,RIG_001,1,12,1,38.2644650435,69.0656005191,67.0191882381,0.7477570848,48.5308327578,74.9151321349,70.6895321608,STANDBY,0,0,168.9717461788
2024-03-12 02:00:00,RIG_001,2,12,1,38.2644650435,58.9099697737,58.6975530996,0.6945243704,46.0921700075,70.016516941,59.1207083095,STANDBY,0,0,169.0180639185
2024-03-12 03:00:00,RIG_001,3,12,1,38.2644650435,54.7074396432,59.1598459662,0.751024082,45.5700139179,65.7660670264,65.8162197204,STANDBY,0,0,169.0643816582
2024-03-12 04:00:00,RIG_001,4,12,1,40.6559941088,67.5139662391,63.7279358932,0.7372885484,48.0865948496,70.6775333619,66.3867220754,STANDBY,0,0,169.1106993979
2024-03-12 05:00:00,RIG_001,5,12,1,48.7310717994,69.4586824245,69.9201799725,0.8037625484,46.544611783,66.2626499069,75.2727328299,STANDBY,0,0,169.1570171376
2024-03-12 06:00:00,RIG_001,6,12,1,57.3966975653,67.8698139411,68.5271517267,0.8455477661,46.8257797894,69.9596060648,72.464495879,HIGH_PRODUCTION,0,0,169.2033348773
2024-03-12 07:00:00,RIG_001,7,12,1,66.0623233312,91.6428434838,84.102408596,0.8473896977,53.0929606055,74.9115376409,91.6169402548,HIGH_PRODUCTION,0,0,169.249652617
2024-03-12 08:00:00,RIG_001,8,12,1,74.1374010218,92.8111195198,88.207928897,0.8242759111,53.4181787782,79.9263149994,92.7362197209,HIGH_PRODUCTION,0,0,169.2959703566
2024-03-12 09:00:00,RIG_001,9,12,1,81.0716274372,101.9762681144,95.0,0.9267648148000001,57.4905023405,88.3111376021,99.8232209364,HIGH_PRODUCTION,0,0,169.3422880963
2024-03-12 10:00:00,RIG_001,10,12,1,86.3924465065,109.416602909,95.0,0.9889314063,58.6414882333,84.3244457806,101.4572414424,HIGH_PRODUCTION,0,0,169.388605836
2024-03-12 11:00:00,RIG_001,11,12,1,89.7372532031,112.0609540127,95.0,0.8691738844,62.1699253823,77.6448657569,106.3208205468,HIGH_PRODUCTION,0,0,169.4349235757
2024-03-12 12:00:00,RIG_001,12,12,1,90.8781044784,115.8035136357,95.0,1.0063471261,63.3638163687,83.657363512,102.6653407911,HIGH_PRODUCTION,0,0,169.4812413154
2024-03-12 13:00:00,RIG_001,13,12,1,89.7372532031,108.9449190828,95.0,0.9858103037,57.3955289359,83.050948501,99.734181681,HIGH_PRODUCTION,0,0,169.5275590551
2024-03-12 14:00:00,RIG_001,14,12,1,86.3924465065,110.3500208908,95.0,0.9970498250000001,49.9141941258,83.367078543,100.0095939718,HIGH_PRODUCTION,0,0,169.5738767948
2024-03-12 15:00:00,RIG_001,15,12,1,81.0716274372,101.1728871037,95.0,0.9829234502,57.7668867082,78.1594267543,98.425421619,HIGH_PRODUCTION,0,0,169.6201945345
2024-03-12 16:00:00,RIG_001,16,12,1,74.1374010218,99.2373941417,89.854849318,1.0264789278,53.7285958574,80.5070934704,92.0048622075,HIGH_PRODUCTION,0,0,169.6665122742
2024-03-12 17:00:00,RIG_001,17,12,1,66.0623233312,90.5520491277,84.6211461414,0.872702865,51.0350444383,73.4381122275,87.9628937802,HIGH_PRODUCTION,0,0,169.7128300139
2024-03-12 18:00:00,RIG_001,18,12,1,57.3966975653,74.1393400924,74.3554485271,0.8469331903,47.7379444731,69.4070758597,77.039001636,HIGH_PRODUCTION,0,0,169.7591477536
2024-03-12 19:00:00,RIG_001,19,12,1,48.7310717994,75.5877660785,74.3546891053,0.8251632385000001,48.003655426,74.6137227484,81.3147942567,HIGH_PRODUCTION,0,0,169.8054654933
2024-03-12 20:00:00,RIG_001,20,12,1,40.6559941088,59.4099082424,57.2536893032,0.7977356999,46.0770166808,64.7759827801,59.0401047296,HIGH_PRODUCTION,0,0,169.851783233
2024-03-12 21:00:00,RIG_001,21,12,1,38.2644650435,63.7454330551,62.2661576326,0.8874723708000001,42.8174867055,70.738264733,71.2657893168,HIGH_PRODUCTION,0,0,169.8981009727
2024-03-12 22:00:00,RIG_001,22,12,1,38.2644650435,61.5485282917,60.2870112845,0.7371725355000001,43.2316905813,64.3561671635,67.5431504353,STANDBY,0,0,169.9444187124
2024-03-12 23:00:00,RIG_001,23,12,1,38.2644650435,68.9099577696,65.3177920285,0.7836403355,47.9138065508,75.9674649823,70.3792972166,STANDBY,0,0,169.9907364521
2024-03-13 00:00:00,RIG_001,0,13,2,36.8726740701,57.27146745,57.7485956385,0.8608216659,45.5637549233,64.8586304678,62.7495514729,STANDBY,0,0,170.0370541918
2024-03-13 01:00:00,RIG_001,1,13,2,36.8726740701,56.6491610422,57.4272326526,0.8412827962,45.4453735504,66.3237485973,60.7553887238,STANDBY,0,0,170.0833719314
2024-03-13 02:00:00,RIG_001,2,13,2,36.8726740701,58.3055946543,56.4552725489,0.7772789603,43.0023261057,68.4835181796,62.265525783,STANDBY,0,0,170.1296896711
2024-03-13 03:00:00,RIG_001,3,13,2,36.8726740701,56.8937414305,54.6633863346,0.8341053540000001,42.2669040591,65.3720725717,62.9276637242,STANDBY,0,0,170.1760074108
2024-03-13 04:00:00,RIG_001,4,13,2,39.1772161995,64.7208396448,64.0463982727,0.8321126117000001,45.1669402436,69.8464697766,66.936928886,STANDBY,0,0,170.2223251505
2024-03-13 05:00:00,RIG_001,5,13,2,46.9585795986,60.4278881529,66.1894441814,0.8773719665,45.5867175428,69.8544366194,66.5892679146,STANDBY,0,0,170.2686428902
2024-03-13 06:00:00,RIG_001,6,13,2,55.3090111052,71.5984082669,75.7459540152,0.839780547,50.8705568053,74.3613621776,82.8556087798,HIGH_PRODUCTION,0,0,170.3149606299
2024-03-13 07:00:00,RIG_001,7,13,2,63.6594426117,79.8851849222,81.4227615188,0.9123822739,45.876421859,76.3400477846,87.3958594415,HIGH_PRODUCTION,0,0,170.3612783696
2024-03-13 08:00:00,RIG_001,8,13,2,71.4408060109,97.7640485501,93.5171107757,1.0470231256,53.9995546236,78.8137831736,95.1565143713,HIGH_PRODUCTION,0,0,170.4075961093
2024-03-13 09:00:00,RIG_001,9,13,2,78.1228142462,108.2545333494,95.0,0.9764842132,54.3982764553,82.0364646827,97.7998258873,HIGH_PRODUCTION,0,0,170.453913849
2024-03-13 10:00:00,RIG_001,10,13,2,83.2500994991,104.3134533077,95.0,0.9374076946000001,52.7738779722,88.3413616664,97.4226871778,HIGH_PRODUCTION,0,0,170.5002315887
2024-03-13 11:00:00,RIG_001,11,13,2,86.4732457528,107.221684699,95.0,0.9799736007000001,58.7393344655,85.0161726145,97.8264031929,HIGH_PRODUCTION,0,0,170.5465493284
2024-03-13 12:00:00,RIG_001,12,13,2,87.5726009166,109.5223569553,95.0,0.9326744962,58.4698383878,80.0912361176,99.0289517379,HIGH_PRODUCTION,0,0,170.5928670681
2024-03-13 13:00:00,RIG_001,13,13,2,86.4732457528,113.8890801499,95.0,1.083622365,59.3711370694,84.4666885363,99.2003580872,HIGH_PRODUCTION,0,0,170.6391848078
2024-03-13 14:00:00,RIG_001,14,13,2,83.2500994991,100.2267243732,95.0,0.9324257352,56.8987327728,79.0625878956,98.0476190348,HIGH_PRODUCTION,0,0,170.6855025475
2024-03-13 15:00:00,RIG_001,15,13,2,78.1228142462,100.9349973659,95.0,0.9120856072,54.2743115479,79.874496508,97.7255085415,HIGH_PRODUCTION,0,0,170.7318202872
2024-03-13 16:00:00,RIG_001,16,13,2,71.4408060109,97.9440800268,95.0,0.8751603419,53.620744974,75.6947385349,99.3136469682,HIGH_PRODUCTION,0,0,170.7781380269
2024-03-13 17:00:00,RIG_001,17,13,2,63.6594426117,87.7991469894,81.9364105355,0.9415562736,56.3212479808,75.1039743937,87.43948514,HIGH_PRODUCTION,0,0,170.8244557666
2024-03-13 18:00:00,RIG_001,18,13,2,55.3090111052,77.8981003771,77.9106686286,0.9005367658000001,48.9813829857,78.8040974327,81.9617790195,HIGH_PRODUCTION,0,0,170.8707735063
2024-03-13 19:00:00,RIG_001,19,13,2,46.9585795986,73.6119389113,70.6230707141,0.8196364631,49.8732489539,73.820810576,79.0990717841,HIGH_PRODUCTION,0,0,170.9170912459
2024-03-13 20:00:00,RIG_001,20,13,2,39.1772161995,47.3161312453,51.5591443633,0.7946245969,41.8417958933,56.7213551491,58.0834075066,HIGH_PRODUCTION,0,0,170.9634089856
2024-03-13 21:00:00,RIG_001,21,13,2,36.8726740701,61.9240748395,61.9346587391,0.734383333,41.7845016497,72.2273929294,62.1621211685,HIGH_PRODUCTION,0,0,171.0097267253
2024-03-13 22:00:00,RIG_001,22,13,2,36.8726740701,55.2712674872,58.2535008392,0.7992865091,39.7285588642,69.8502688149,64.82468413550001,STANDBY,0,0,171.056044465
2024-03-13 23:00:00,RIG_001,23,13,2,36.8726740701,49.3954290795,50.2199679602,0.7952335537,41.19088883,63.7407728109,57.036599908,STANDBY,0,0,171.1023622047
2024-03-14 00:00:00,RIG_001,0,14,3,36.1002883513,60.3909516065,55.236539043,0.8911340651,47.209940405,70.2690761133,58.9323341386,STANDBY,0,0,171.1486799444
2024-03-14 01:00:00,RIG_001,1,14,3,36.1002883513,64.7101789956,60.9150112584,0.7803695876000001,47.7541280622,66.8348560662,61.4294184965,STANDBY,0,0,171.1949976841
2024-03-14 02:00:00,RIG_001,2,14,3,36.1002883513,57.1615913576,57.1938809267,0.7325324043,46.1185521679,65.7377102585,62.218081205,STANDBY,0,0,171.2413154238
2024-03-14 03:00:00,RIG_001,3,14,3,36.1002883513,62.6201543277,63.0118776023,0.7682395976,43.6809462241,73.2816853803,67.9887516478,STANDBY,0,0,171.2876331635
2024-03-14 04:00:00,RIG_001,4,14,3,38.3565563732,68.1803885646,68.8074222815,0.7630485443,50.2768421214,69.6389264498,70.4424835719,STANDBY,0,0,171.3339509032
2024-03-14 05:00:00,RIG_001,5,14,3,45.9749206378,74.3188814681,72.4019461575,0.9153105869,46.6499337666,66.6864694546,73.0482885087,STANDBY,0,0,171.3802686429
2024-03-14 06:00:00,RIG_001,6,14,3,54.1504325269,84.1265913971,84.1869614678,0.9555180845000001,51.4572966466,75.0480677508,88.9243008285,HIGH_PRODUCTION,0,0,171.4265863826
2024-03-14 07:00:00,RIG_001,7,14,3,62.325944416,87.8198657557,85.2109413033,0.9053620427,51.9342618591,76.110194548,89.5117097271,HIGH_PRODUCTION,0,0,171.4729041223
2024-03-14 08:00:00,RIG_001,8,14,3,69.9443086806,92.1117084203,88.5741720402,0.96347676,52.6801794644,81.2286182342,92.3223759442,HIGH_PRODUCTION,0,0,171.519221862
2024-03-14 09:00:00,RIG_001,9,14,3,76.4863463859,90.2736965326,86.5979374508,0.9037811670000001,55.2456084097,77.1251182263,91.3477052466,HIGH_PRODUCTION,0,0,171.5655396017
2024-03-14 10:00:00,RIG_001,10,14,3,81.5062284735,102.0800429,95.0,0.9279319757000001,54.1097896847,79.3592659357,96.6916708785,HIGH_PRODUCTION,0,0,171.6118573414
2024-03-14 11:00:00,RIG_001,11,14,3,84.661858275,102.2566998265,95.0,0.9167509189,52.8649644452,83.8121783836,98.6955381614,HIGH_PRODUCTION,0,0,171.6581750811
2024-03-14 12:00:00,RIG_001,12,14,3,85.7381848343,118.4109206108,95.0,0.9665311835,59.6427211251,85.8856468807,101.5999750918,HIGH_PRODUCTION,0,0,171.7044928208
2024-03-14 13:00:00,RIG_001,13,14,3,84.661858275,105.6073990628,95.0,0.8664353616,55.6021962971,79.4321516742,98.9500897589,HIGH_PRODUCTION,0,0,171.7508105604
2024-03-14 14:00:00,RIG_001,14,14,3,81.5062284735,103.9541700184,95.0,0.9522637614,62.7433083428,84.6512436871,94.9840825846,HIGH_PRODUCTION,0,0,171.7971283001
2024-03-14 15:00:00,RIG_001,15,14,3,76.4863463859,101.082638438,95.0,0.928605004,56.6236745624,80.9057768249,98.5819231668,HIGH_PRODUCTION,0,0,171.8434460398
2024-03-14 16:00:00,RIG_001,16,14,3,69.9443086806,92.0081337453,90.5479425906,0.9408514926,52.1833522859,77.6112180236,92.3374672001,HIGH_PRODUCTION,0,0,171.8897637795
2024-03-14 17:00:00,RIG_001,17,14,3,62.325944416,92.653960112,90.7189911468,0.9103823812,51.0512668896,78.3299132078,96.5204000362,HIGH_PRODUCTION,0,0,171.9360815192
2024-03-14 18:00:00,RIG_001,18,14,3,54.1504325269,72.896893873,75.5131442586,0.8384850936,44.4636466471,68.6570630476,81.4696564688,HIGH_PRODUCTION,0,0,171.9823992589
2024-03-14 19:00:00,RIG_001,19,14,3,45.9749206378,68.8146137297,70.7399091856,0.7909990577,45.1532152609,69.0614227904,70.7635853104,HIGH_PRODUCTION,0,0,172.0287169986
2024-03-14 20:00:00,RIG_001,20,14,3,38.3565563732,56.5178069214,60.0308561421,0.8014612216,44.3593352739,66.9660898819,67.3078950538,HIGH_PRODUCTION,0,0,172.0750347383
2024-03-14 21:00:00,RIG_001,21,14,3,36.1002883513,51.3807269328,55.948205921,0.8195394523,45.6998390364,64.8302269948,57.6116470172,HIGH_PRODUCTION,0,0,172.121352478
2024-03-14 22:00:00,RIG_001,22,14,3,36.1002883513,54.9289416953,58.5281715883,0.7362905564000001,45.9756137086,70.295967657,68.2057184598,STANDBY,0,0,172.1676702177
2024-03-14 23:00:00,RIG_001,23,14,3,36.1002883513,57.8095508256,54.2927690901,0.806658292,44.9105773697,67.9950828058,59.1464402966,STANDBY,0,0,172.2139879574
2024-03-15 00:00:00,RIG_001,0,15,4,36.1002883513,55.904120922,54.8435938987,0.8084057331000001,43.3296948991,69.3359480445,56.1044134031,STANDBY,0,0,172.2603056971
2024-03-15 01:00:00,RIG_001,1,15,4,36.1002883513,54.5954748061,53.4847407759,0.757109679,44.1864934144,66.4068285056,55.0587825638,STANDBY,0,0,172.3066234368
2024-03-15 02:00:00,RIG_001,2,15,4,36.1002883513,51.0329400481,54.449867036,0.7531177696,41.7209590171,68.4787474657,60.4941529114,STANDBY,0,0,172.3529411765
2024-03-15 03:00:00,RIG_001,3,15,4,36.1002883513,57.6559471643,61.3971584004,0.8140954196,47.8507147826,68.489367419,65.2232587307,STANDBY,0,0,172.3992589162
2024-03-15 04:00:00,RIG_001,4,15,4,38.3565563732,52.8110888402,56.4927047307,0.7315445222,42.8243918475,65.8835881082,61.2027430018,STANDBY,0,0,172.4455766559
2024-03-15 05:00:00,RIG_001,5,15,4,45.9749206378,71.7602824543,66.2050083768,0.8627446107000001,47.7673948971,71.4882354694,76.0433490749,STANDBY,0,0,172.4918943956
2024-03-15 06:00:00,RIG_001,6,15,4,54.1504325269,76.5546609506,75.1083550803,0.8150491127,44.7070203876,70.1030824063,78.0106228876,HIGH_PRODUCTION,0,0,172.5382121352
2024-03-15 07:00:00,RIG_001,7,15,4,62.325944416,77.0371642387,80.1197983681,0.9145922969,48.8684213666,74.631896432,85.2996869411,HIGH_PRODUCTION,0,0,172.5845298749
2024-03-15 08:00:00,RIG_001,8,15,4,69.9443086806,90.4041882763,89.3177727717,1.0186273426,54.274015345,77.0006422793,98.5773062338,HIGH_PRODUCTION,0,0,172.6308476146
2024-03-15 09:00:00,RIG_001,9,15,4,76.4863463859,94.7384369998,93.356288945,0.8718861323,51.5491640959,76.9155552194,99.1678293714,HIGH_PRODUCTION,0,0,172.6771653543
2024-03-15 10:00:00,RIG_001,10,15,4,81.5062284735,105.1219213285,95.0,0.9729700895000001,54.7790396631,84.855961711,95.1801917939,HIGH_PRODUCTION,0,0,172.723483094
2024-03-15 11:00:00,RIG_001,11,15,4,84.661858275,113.3908784689,95.0,0.9349147435,59.9331416527,80.266615463,101.5161670352,HIGH_PRODUCTION,0,0,172.7698008337
2024-03-15 12:00:00,RIG_001,12,15,4,85.7381848343,98.3960381108,95.0,0.9785002973,51.6456950807,78.2513237469,96.5109914266,HIGH_PRODUCTION,0,0,172.8161185734
2024-03-15 13:00:00,RIG_001,13,15,4,84.661858275,107.2776519564,95.0,0.8900197807,58.9350150042,85.2664518333,104.2204225862,HIGH_PRODUCTION,0,0,172.8624363131
2024-03-15 14:00:00,RIG_001,14,15,4,81.5062284735,102.7531754423,95.0,0.9639238805,54.6240060802,81.7725214555,97.531397185,HIGH_PRODUCTION,0,0,172.9087540528
2024-03-15 15:00:00,RIG_001,15,15,4,76.4863463859,101.8976053757,95.0,0.8938636550000001,54.697264903,80.4257048298,108.9085285232,HIGH_PRODUCTION,0,0,172.9550717925
2024-03-15 16:00:00,RIG_001,16,15,4,69.9443086806,93.0717980903,88.6817822491,0.9008717229000001,51.0201927123,78.6745500565,98.0839102141,HIGH_PRODUCTION,0,0,173.0013895322
2024-03-15 17:00:00,RIG_001,17,15,4,62.325944416,80.6345516868,79.2285128782,0.8225432204,50.9147304426,74.7286080192,81.8386751693,HIGH_PRODUCTION,0,0,173.0477072719
2024-03-15 18:00:00,RIG_001,18,15,4,54.1504325269,74.630564439,74.5924502502,0.8973853169,53.5773850798,67.8391816929,79.6524916652,HIGH_PRODUCTION,0,0,173.0940250116
2024-03-15 19:00:00,RIG_001,19,15,4,45.9749206378,64.0771406052,65.8967281582,0.7829437751,47.5822796302,68.1753565255,73.1576610031,HIGH_PRODUCTION,0,0,173.1403427513
2024-03-15 20:00:00,RIG_001,20,15,4,38.3565563732,65.8258889786,67.7292009382,0.8578225219000001,44.7279017208,74.5973316571,75.0801823609,HIGH_PRODUCTION,0,0,173.186660491
2024-03-15 21:00:00,RIG_001,21,15,4,36.1002883513,58.303091168,59.6978327908,0.790636285,46.847013963,65.5129549461,66.0248415707,HIGH_PRODUCTION,0,0,173.2329782307
2024-03-15 22:00:00,RIG_001,22,15,4,36.1002883513,67.7094340143,62.2341937005,0.8305218673,46.2939994117,69.357927162,70.9906708114,STANDBY,0,0,173.2792959704
2024-03-15 23:00:00,RIG_001,23,15,4,36.1002883513,57.9071241774,60.7977492665,0.8144116227,47.2257510072,65.7472749633,65.4288424266,STANDBY,0,0,173.3256137101
2024-03-16 00:00:00,RIG_001,0,16,5,36.8726740701,55.4938293296,55.3949142608,0.7618779802000001,45.4868101367,66.3871031289,59.2947612551,STANDBY,0,0,173.3719314497
2024-03-16 01:00:00,RIG_001,1,16,5,36.8726740701,51.474238862,54.6948160588,0.7986140690000001,36.9822765846,63.6929031646,58.6542240951,STANDBY,0,0,173.4182491894
2024-03-16 02:00:00,RIG_001,2,16,5,36.8726740701,50.0340601048,51.8757798177,0.8604771762000001,40.5003557603,66.4704425379,59.4508995136,STANDBY,0,0,173.4645669291
2024-03-16 03:00:00,RIG_001,3,16,5,36.8726740701,51.136026432,55.7509928652,0.7485468787,44.6727770537,65.9327481665,61.8465359861,STANDBY,0,0,173.5108846688
2024-03-16 04:00:00,RIG_001,4,16,5,39.1772161995,62.7038291924,64.2445174977,0.8809308044,45.9792718424,71.131791603,70.1183684948,STANDBY,0,0,173.5572024085
2024-03-16 05:00:00,RIG_001,5,16,5,46.9585795986,71.7001321136,67.1702283231,0.9244193586,45.877521133,68.3572161355,74.5559310709,STANDBY,0,0,173.6035201482
2024-03-16 06:00:00,RIG_001,6,16,5,55.3090111052,69.6079326548,75.7953098138,0.8026154001,46.1348041327,69.8613583478,74.6421525902,HIGH_PRODUCTION,0,0,173.6498378879
2024-03-16 07:00:00,RIG_001,7,16,5,63.6594426117,90.3464569028,88.8597154244,0.833071263,48.7741409855,76.426769176,94.789921896,HIGH_PRODUCTION,0,0,173.6961556276
2024-03-16 08:00:00,RIG_001,8,16,5,71.4408060109,91.2442711341,87.9521720482,0.9238007519,52.6343212085,78.7402220705,93.6078787148,HIGH_PRODUCTION,0,0,173.7424733673
2024-03-16 09:00:00,RIG_001,9,16,5,78.1228142462,101.0824973488,94.1018131778,0.9110322803,59.6920037892,77.945085613,104.1082374217,HIGH_PRODUCTION,0,0,173.788791107
2024-03-16 10:00:00,RIG_001,10,16,5,83.2500994991,113.5438683439,95.0,1.0694022014,59.9958338674,86.810121916,95.4142360532,HIGH_PRODUCTION,0,0,173.8351088467
2024-03-16 11:00:00,RIG_001,11,16,5,86.4732457528,113.1970556966,95.0,0.9768572505,62.6800979265,87.5183634805,104.6715598971,HIGH_PRODUCTION,0,0,173.8814265864
2024-03-16 12:00:00,RIG_001,12,16,5,87.5726009166,108.4765087025,95.0,0.921030533,58.8839213552,79.5763355678,100.2262273868,HIGH_PRODUCTION,0,0,173.9277443261
2024-03-16 13:00:00,RIG_001,13,16,5,86.4732457528,104.2707933121,95.0,0.8913506526,58.1226570147,79.808619309,101.466968592,HIGH_PRODUCTION,0,0,173.9740620658
2024-03-16 14:00:00,RIG_001,14,16,5,83.2500994991,94.7514788398,94.7915725128,0.9748312037,57.6360270854,76.8296491271,104.8193288756,HIGH_PRODUCTION,0,0,174.0203798055
2024-03-16 15:00:00,RIG_001,15,16,5,78.1228142462,96.7944516583,95.0,0.8980909465,54.9531394333,86.9354941115,101.682283804,HIGH_PRODUCTION,0,0,174.0666975452
2024-03-16 16:00:00,RIG_001,16,16,5,71.4408060109,92.659506486,90.7319103019,0.9166220206000001,52.7904219785,76.5081516302,96.9330151703,HIGH_PRODUCTION,0,0,174.1130152849
2024-03-16 17:00:00,RIG_001,17,16,5,63.6594426117,81.0048443062,78.5741479467,0.9274420023000001,52.3165261098,79.3343296183,84.3010215041,HIGH_PRODUCTION,0,0,174.1593330245
2024-03-16 18:00:00,RIG_001,18,16,5,55.3090111052,76.9409732609,78.889709662,0.8434326052000001,52.1429237895,69.282395993,82.439275257,HIGH_PRODUCTION,0,0,174.2056507642
2024-03-16 19:00:00,RIG_001,19,16,5,46.9585795986,69.6380336656,72.9934969655,0.8436255336,46.449579131,67.9224572012,77.908029592,HIGH_PRODUCTION,0,0,174.2519685039
2024-03-16 20:00:00,RIG_001,20,16,5,39.1772161995,60.3550786036,68.5171606312,0.8174299603,43.6456314862,66.0467099855,71.3706223328,HIGH_PRODUCTION,0,0,174.2982862436
2024-03-16 21:00:00,RIG_001,21,16,5,36.8726740701,55.9317511401,55.6552083681,0.8393398949,44.2606498499,64.2424574077,60.5215076698,HIGH_PRODUCTION,0,0,174.3446039833
2024-03-16 22:00:00,RIG_001,22,16,5,36.8726740701,60.031985065,59.576751835,0.8471968589000001,46.6709940001,67.205899317,57.5689597438,STANDBY,0,0,174.390921723
2024-03-16 23:00:00,RIG_001,23,16,5,36.8726740701,61.4053626139,54.9516135517,0.8109593591,46.9475227508,66.295274176,61.2387322544,STANDBY,0,0,174.4372394627
2024-03-17 00:00:00,RIG_001,0,17,6,38.2644650435,55.1856424552,56.2176837859,0.8066736093,40.9480754134,64.0976679584,60.8524720245,STANDBY,0,0,174.4835572024
2024-03-17 01:00:00,RIG_001,1,17,6,38.2644650435,67.6992474021,61.7957412346,0.8226282914,50.7480239846,73.78519021,65.7871300246,STANDBY,0,0,174.5298749421
2024-03-17 02:00:00,RIG_001,2,17,6,38.2644650435,60.1585925029,63.0138438611,0.7448999279,43.7573182669,71.7189586184,68.6731181129,STANDBY,0,0,174.5761926818
2024-03-17 03:00:00,RIG_001,3,17,6,38.2644650435,60.75272894,59.2455531745,0.8336282714000001,44.6580522412,71.0737081771,59.9448614056,STANDBY,0,0,174.6225104215
2024-03-17 04:00:00,RIG_001,4,17,6,40.6559941088,66.5980296677,62.5804517247,0.9330789897,44.844198697,71.5514057671,73.3682617146,STANDBY,0,0,174.6688281612
2024-03-17 05:00:00,RIG_001,5,17,6,48.7310717994,72.3050635593,70.3699582934,0.8115898172,53.4729235617,71.9697482651,75.0616559089,STANDBY,0,0,174.7151459009
2024-03-17 06:00:00,RIG_001,6,17,6,57.3966975653,84.5772394995,76.7953681572,0.8541260876000001,51.6284512154,73.8820797778,81.3578348583,HIGH_PRODUCTION,0,0,174.7614636406
2024-03-17 07:00:00,RIG_001,7,17,6,66.0623233312,89.9197505828,87.5246016195,0.8654539887,50.7779874843,74.1164526606,89.6284129891,HIGH_PRODUCTION,0,0,174.8077813803
2024-03-17 08:00:00,RIG_001,8,17,6,74.1374010218,93.5039682351,85.9722148486,0.9561578901000001,55.1038391587,79.1401775808,91.0440539959,HIGH_PRODUCTION,0,0,174.85409912
2024-03-17 09:00:00,RIG_001,9,17,6,81.0716274372,105.3148468107,95.0,0.9779704806,57.8669832613,78.0735628656,104.1608796708,HIGH_PRODUCTION,0,0,174.9004168597
2024-03-17 10:00:00,RIG_001,10,17,6,86.3924465065,103.1164648783,94.6424585175,0.9412094484,55.4036621724,77.953176676,102.7502071458,HIGH_PRODUCTION,0,0,174.9467345994
2024-03-17 11:00:00,RIG_001,11,17,6,89.7372532031,112.7296488014,95.0,0.9322602027,59.8636256259,87.277634409,102.5633132534,HIGH_PRODUCTION,0,0,174.993052339
2024-03-17 12:00:00,RIG_001,12,17,6,90.8781044784,113.1684992555,95.0,0.9842818177,56.6415408922,89.6524969018,101.639196855,HIGH_PRODUCTION,0,0,175.0393700787
2024-03-17 13:00:00,RIG_001,13,17,6,89.7372532031,111.1601613081,95.0,0.8955921288,56.8042037771,84.5279338069,98.9243724173,HIGH_PRODUCTION,0,0,175.0856878184
2024-03-17 14:00:00,RIG_001,14,17,6,86.3924465065,108.2201990015,95.0,0.9723599476,53.0346164412,85.7854311573,95.6495104989,HIGH_PRODUCTION,0,0,175.1320055581
2024-03-17 15:00:00,RIG_001,15,17,6,81.0716274372,94.1397699229,92.0783092254,0.9667088223,50.8870403123,77.5043860245,96.4751929098,HIGH_PRODUCTION,0,0,175.1783232978
2024-03-17 16:00:00,RIG_001,16,17,6,74.1374010218,93.8781118573,90.3629008585,0.8599729429,57.0847895757,74.1504109989,94.6552864649,HIGH_PRODUCTION,0,0,175.2246410375
2024-03-17 17:00:00,RIG_001,17,17,6,66.0623233312,89.017830872,86.4265115757,0.8315114139,55.5373149735,78.5418641175,94.5728948947,HIGH_PRODUCTION,0,0,175.2709587772
2024-03-17 18:00:00,RIG_001,18,17,6,57.3966975653,80.6942102213,75.6828094062,0.9623236313,50.3051298526,75.9161310362,81.6109807336,HIGH_PRODUCTION,0,0,175.3172765169
2024-03-17 19:00:00,RIG_001,19,17,6,48.7310717994,66.0978744517,68.7733068579,0.8091600184000001,49.8503315073,70.0443679972,78.6102414416,HIGH_PRODUCTION,0,0,175.3635942566
2024-03-17 20:00:00,RIG_001,20,17,6,40.6559941088,69.496659331,62.2892123354,0.9069270183,47.0540158595,70.121871425,70.8816779555,HIGH_PRODUCTION,0,0,175.4099119963
2024-03-17 21:00:00,RIG_001,21,17,6,38.2644650435,56.4526644814,56.9549753346,0.8034830291,43.6263455152,69.8224310802,60.5854885061,HIGH_PRODUCTION,0,0,175.456229736
2024-03-17 22:00:00,RIG_001,22,17,6,38.2644650435,65.637772386,61.4779125164,0.8308257662,46.5224643934,66.7341326155,61.0925249266,STANDBY,0,0,175.5025474757
2024-03-17 23:00:00,RIG_001,23,17,6,38.2644650435,62.9334058537,61.2992905541,0.8529163134000001,45.4835082728,66.5586800194,70.4560162559,STANDBY,0,0,175.5488652154
2024-03-18 00:00:00,RIG_001,0,18,0,40.0,59.3491454458,57.6547489728,0.7762282253,44.4068937143,64.7804241134,66.7329046425,STANDBY,0,0,175.5951829551
2024-03-18 01:00:00,RIG_001,1,18,0,40.0,71.463784119,62.3397377534,0.8635822123,50.152742244,71.6940541236,63.2411029807,STANDBY,0,0,175.6415006948
2024-03-18 02:00:00,RIG_001,2,18,0,40.0,56.6259931581,55.077406413,0.7935547825,44.4567695974,63.7241189111,64.6051264724,STANDBY,0,0,175.6878184345
2024-03-18 03:00:00,RIG_001,3,18,0,40.0,67.1968958459,65.0586432771,0.7785025601000001,48.2241874903,68.1063422122,71.2049947889,STANDBY,0,0,175.7341361742
2024-03-18 04:00:00,RIG_001,4,18,0,42.5,70.110984229,67.9084558537,0.8703288721,49.5905071078,68.916028582,73.3905123481,STANDBY,0,0,175.7804539138
2024-03-18 05:00:00,RIG_001,5,18,0,50.9413334214,70.2032526758,68.8931510254,0.8407514543,48.3271847603,70.2791508057,78.7375007881,STANDBY,0,0,175.8267716535
2024-03-18 06:00:00,RIG_001,6,18,0,60.0,89.584294461,82.7889090976,0.9043939995,50.4555309634,72.4131649991,91.8229646173,HIGH_PRODUCTION,0,0,175.8730893932
2024-03-18 07:00:00,RIG_001,7,18,0,69.0586665786,90.4373496273,87.7252981315,0.8544816302,49.9036056289,77.3928198643,94.6792909875,HIGH_PRODUCTION,0,0,175.9194071329
2024-03-18 08:00:00,RIG_001,8,18,0,77.5,101.579331429,93.9122137117,1.0281709122,55.6923941269,84.2157103807,100.3318649091,HIGH_PRODUCTION,0,0,175.9657248726
2024-03-18 09:00:00,RIG_001,9,18,0,84.7487373415,108.693157479,95.0,1.0139633522,56.8307767601,83.0144213606,101.8491828716,HIGH_PRODUCTION,0,0,176.0120426123
2024-03-18 10:00:00,RIG_001,10,18,0,90.3108891325,112.2891040296,95.0,1.0293085477,58.2470588652,88.3106946433,98.7998276984,HIGH_PRODUCTION,0,0,176.058360352
2024-03-18 11:00:00,RIG_001,11,18,0,93.8074039201,120.5181515514,95.0,0.9907009319000001,60.0974298094,90.157440023,99.8346956508,HIGH_PRODUCTION,0,0,176.1046780917
2024-03-18 12:00:00,RIG_001,12,18,0,95.0,121.6310975292,95.0,0.9230381314,65.5749217026,88.8225344005,97.2930485362,HIGH_PRODUCTION,0,0,176.1509958314
2024-03-18 13:00:00,RIG_001,13,18,0,93.8074039201,107.7353456413,95.0,1.0656411603,54.273383899,82.5446612203,99.0008806728,HIGH_PRODUCTION,0,0,176.1973135711
2024-03-18 14:00:00,RIG_001,14,18,0,90.3108891325,119.5101395952,95.0,1.0004500686,55.8976423592,85.9205430433,98.900098364,HIGH_PRODUCTION,0,0,176.2436313108
2024-03-18 15:00:00,RIG_001,15,18,0,84.7487373415,99.1207743106,94.4928437804,0.9050821293,55.4449472447,82.0276316103,97.5869276715,HIGH_PRODUCTION,0,0,176.2899490505
2024-03-18 16:00:00,RIG_001,16,18,0,77.5,105.354175592,95.0,0.9822476727,55.5856987888,80.4312408491,100.4102395079,HIGH_PRODUCTION,0,0,176.3362667902
2024-03-18 17:00:00,RIG_001,17,18,0,69.0586665786,97.3905844939,89.9853027756,0.9960581310000001,54.9797818629,73.5696130938,94.0133602235,HIGH_PRODUCTION,0,0,176.3825845299
2024-03-18 18:00:00,RIG_001,18,18,0,60.0,77.2505077411,79.5473808688,0.8763146045,50.4803929798,74.6511644846,86.0540850299,HIGH_PRODUCTION,0,0,176.4289022696
2024-03-18 19:00:00,RIG_001,19,18,0,50.9413334214,71.5995495348,72.4934342773,0.9246282870000001,50.468096774,68.0866589706,72.6264724374,HIGH_PRODUCTION,0,0,176.4752200093
2024-03-18 20:00:00,RIG_001,20,18,0,42.5,59.6907118716,63.5388741468,0.8793082835,41.9082263271,65.0207898769,68.1988097644,HIGH_PRODUCTION,0,0,176.521537749
2024-03-18 21:00:00,RIG_001,21,18,0,40.0,61.6515777236,58.5016382731,0.7774070958,44.2994586352,68.4961451611,63.8962931936,HIGH_PRODUCTION,0,0,176.5678554887
2024-03-18 22:00:00,RIG_001,22,18,0,40.0,61.192959115,57.4852647656,0.796346065,46.1557622965,68.0725131019,61.5533770461,STANDBY,0,0,176.6141732283
2024-03-18 23:00:00,RIG_001,23,18,0,40.0,66.6383808583,56.5774645857,0.8944339646,48.2005224059,65.7552874385,61.0602864863,STANDBY,0,0,176.660490968
2024-03-19 00:00:00,RIG_001,0,19,1,38.2644650435,67.6005134953,60.941546455,0.7139981471,51.2870274744,70.776628741,61.1858084229,STANDBY,0,0,176.7068087077
2024-03-19 01:00:00,RIG_001,1,19,1,38.2644650435,68.0343364797,65.0066016502,0.8436427306000001,48.9199920621,73.3087199265,71.0760329643,STANDBY,0,0,176.7531264474
2024-03-19 02:00:00,RIG_001,2,19,1,38.2644650435,58.2520249538,59.0569047735,0.7504122915,44.4494290467,64.0905827753,65.9997227212,STANDBY,0,0,176.7994441871
2024-03-19 03:00:00,RIG_001,3,19,1,38.2644650435,60.0237033789,59.9143412519,0.8036264678,43.2250543388,71.8245610062,66.3949531345,STANDBY,0,0,176.8457619268
2024-03-19 04:00:00,RIG_001,4,19,1,40.6559941088,55.0510985127,58.9860585402,0.7977806098,42.6341949227,61.8348170784,67.1022397185,STANDBY,0,0,176.8920796665
2024-03-19 05:00:00,RIG_001,5,19,1,48.7310717994,67.5209644929,67.0642552497,0.8324042642,45.6948354773,76.608261781,72.6688440671,STANDBY,0,0,176.9383974062
2024-03-19 06:00:00,RIG_001,6,19,1,57.3966975653,85.0471464177,81.4378056154,0.8754672372000001,52.5722538615,74.2803626339,87.8738491574,HIGH_PRODUCTION,0,0,176.9847151459
2024-03-19 07:00:00,RIG_001,7,19,1,66.0623233312,96.9733757969,91.7863343979,0.8841870765000001,54.7573388404,79.5288637295,97.2546066133,HIGH_PRODUCTION,0,0,177.0310328856
2024-03-19 08:00:00,RIG_001,8,19,1,74.1374010218,90.8057426713,85.251672028,1.0353221939,50.0541365261,71.5656220839,92.3143241867,HIGH_PRODUCTION,0,0,177.0773506253
2024-03-19 09:00:00,RIG_001,9,19,1,81.0716274372,100.9563398112,95.0,1.0447367931,54.3672820146,80.100493744,95.2683110916,HIGH_PRODUCTION,0,0,177.123668365
2024-03-19 10:00:00,RIG_001,10,19,1,86.3924465065,109.1143990524,95.0,0.9179198506,59.03369487,83.4197662489,97.3192570961,HIGH_PRODUCTION,0,0,177.1699861047
2024-03-19 11:00:00,RIG_001,11,19,1,89.7372532031,113.998987989,95.0,1.0699680169,59.2030717072,83.9412100844,104.7606989711,HIGH_PRODUCTION,0,0,177.2163038444
2024-03-19 12:00:00,RIG_001,12,19,1,90.8781044784,109.6979635314,95.0,0.9581711024,58.5617801149,81.2201458283,92.6186925337,HIGH_PRODUCTION,0,0,177.2626215841
2024-03-19 13:00:00,RIG_001,13,19,1,89.7372532031,114.7323827391,95.0,0.9998922792,59.4489391049,81.5800212661,99.5794662105,HIGH_PRODUCTION,0,0,177.3089393238
2024-03-19 14:00:00,RIG_001,14,19,1,86.3924465065,106.9050217457,95.0,0.9669723955,59.9791169056,85.4630863823,103.5168248788,HIGH_PRODUCTION,0,0,177.3552570635
2024-03-19 15:00:00,RIG_001,15,19,1,81.0716274372,103.8880857183,95.0,0.9282831243,56.4441075572,81.2588471205,99.7202180034,HIGH_PRODUCTION,0,0,177.4015748031
2024-03-19 16:00:00,RIG_001,16,19,1,74.1374010218,99.7644895583,92.3825795677,0.9982776560000001,54.1690767938,84.5516039971,96.1675463533,HIGH_PRODUCTION,0,0,177.4478925428
2024-03-19 17:00:00,RIG_001,17,19,1,66.0623233312,88.9970496377,85.8312844687,0.9232623166,50.4177523272,75.1196678269,91.2195494991,HIGH_PRODUCTION,0,0,177.4942102825
2024-03-19 18:00:00,RIG_001,18,19,1,57.3966975653,78.1243307311,77.7951416886,0.8607075331,50.0303015992,72.1329151392,81.7357811486,HIGH_PRODUCTION,0,0,177.5405280222
2024-03-19 19:00:00,RIG_001,19,19,1,48.7310717994,71.0995330591,70.9788521552,0.79841651,42.8934752352,73.7766426515,76.0714006334,HIGH_PRODUCTION,0,0,177.5868457619
2024-03-19 20:00:00,RIG_001,20,19,1,40.6559941088,63.137637253,61.8431917124,0.7952658151,45.4158313096,64.0723662899,64.7930486028,HIGH_PRODUCTION,0,0,177.6331635016
2024-03-19 21:00:00,RIG_001,21,19,1,38.2644650435,59.3448154954,60.3627585904,0.7466833657,44.424524154,64.1630545682,68.6887818502,HIGH_PRODUCTION,0,0,177.6794812413
2024-03-19 22:00:00,RIG_001,22,19,1,38.2644650435,59.9078379924,61.9408914426,0.8312378873,42.2480177909,71.2648063118,71.2106862058,STANDBY,0,0,177.725798981
2024-03-19 23:00:00,RIG_001,23,19,1,38.2644650435,69.2020018192,64.6910660102,0.7988611927,45.4439687775,67.2447987581,69.2908950439,STANDBY,0,0,177.7721167207
2024-03-20 00:00:00,RIG_001,0,20,2,36.8726740701,62.6631011816,61.5218350871,0.8259850158,47.2850903557,63.3417773086,62.362366825,STANDBY,0,0,177.8184344604
2024-03-20 01:00:00,RIG_001,1,20,2,36.8726740701,58.3880500127,56.8313994573,0.8951282515000001,45.0584360013,73.121996568,60.2598699463,STANDBY,0,0,177.8647522001
2024-03-20 02:00:00,RIG_001,2,20,2,36.8726740701,63.3571712864,62.5859000204,0.9016807723,46.042869489,64.8256984423,67.0339340401,STANDBY,0,0,177.9110699398
2024-03-20 03:00:00,RIG_001,3,20,2,36.8726740701,58.210249476,59.8278311125,0.8248464544,45.1652574369,68.0154330378,66.3444477432,STANDBY,0,0,177.9573876795
2024-03-20 04:00:00,RIG_001,4,20,2,39.1772161995,68.056459903,64.9320544824,0.8518299651000001,47.1993701517,70.6241935491,66.9080148129,STANDBY,0,0,178.0037054192
2024-03-20 05:00:00,RIG_001,5,20,2,46.9585795986,71.8273587362,71.6629048905,0.9616758963,50.4425648098,63.116322671,74.3554179346,STANDBY,0,0,178.0500231589
2024-03-20 06:00:00,RIG_001,6,20,2,55.3090111052,77.8000162227,74.6966164067,0.9118232183,49.6968624191,72.5380537973,81.2286448203,HIGH_PRODUCTION,0,0,178.0963408986
2024-03-20 07:00:00,RIG_001,7,20,2,63.6594426117,88.9324907393,84.1642862546,0.9029777838,49.3166964572,78.0249869702,91.9810127507,HIGH_PRODUCTION,0,0,178.1426586383
2024-03-20 08:00:00,RIG_001,8,20,2,71.4408060109,86.6278364099,86.3553584605,0.8413385089000001,54.9172190322,77.0512790675,89.490576325,HIGH_PRODUCTION,0,0,178.188976378
2024-03-20 09:00:00,RIG_001,9,20,2,78.1228142462,95.537335722,93.5737442295,0.9592468445000001,54.6250144652,81.371762768,94.5740930676,HIGH_PRODUCTION,0,0,178.2352941176
2024-03-20 10:00:00,RIG_001,10,20,2,83.2500994991,100.3357809484,94.7512068692,0.9955999789000001,53.9054377755,78.9382603398,109.603561473,HIGH_PRODUCTION,0,0,178.2816118573
2024-03-20 11:00:00,RIG_001,11,20,2,86.4732457528,110.2502153689,95.0,0.9524797883,55.0557504056,85.2125779369,102.3499127113,HIGH_PRODUCTION,0,0,178.327929597
2024-03-20 12:00:00,RIG_001,12,20,2,87.5726009166,119.3043777172,95.0,1.0259702603,60.6179228712,83.7233261109,99.1989887147,HIGH_PRODUCTION,0,0,178.3742473367
2024-03-20 13:00:00,RIG_001,13,20,2,86.4732457528,120.7058959479,95.0,0.9976212834,59.942129977,81.9803665351,102.6070938266,HIGH_PRODUCTION,0,0,178.4205650764
2024-03-20 14:00:00,RIG_001,14,20,2,83.2500994991,109.5234521314,95.0,0.9732362677,60.5291566049,78.9638505124,99.6266301109,HIGH_PRODUCTION,0,0,178.4668828161
2024-03-20 15:00:00,RIG_001,15,20,2,78.1228142462,103.717081407,95.0,0.8408129436,55.2374557904,76.7287930565,102.6014706673,HIGH_PRODUCTION,0,0,178.5132005558
2024-03-20 16:00:00,RIG_001,16,20,2,71.4408060109,85.5325097872,84.4276184446,0.8997465324,49.7083658674,78.6885108398,89.9057980379,HIGH_PRODUCTION,0,0,178.5595182955
2024-03-20 17:00:00,RIG_001,17,20,2,63.6594426117,84.0500137211,82.7268415076,0.9550418504,52.8040958667,70.6712835891,88.0006572021,HIGH_PRODUCTION,0,0,178.6058360352
2024-03-20 18:00:00,RIG_001,18,20,2,55.3090111052,74.4809801146,73.9623547464,0.8464814277,50.4708088141,73.1664105563,78.6216091418,HIGH_PRODUCTION,0,0,178.6521537749
2024-03-20 19:00:00,RIG_001,19,20,2,46.9585795986,66.9721770373,64.0978401401,0.8583367356,47.0803469945,69.293880529,64.7556961397,HIGH_PRODUCTION,0,0,178.6984715146
2024-03-20 20:00:00,RIG_001,20,20,2,39.1772161995,61.4612801974,62.1000742419,0.8015654623,46.7180341447,68.1304383389,72.91435894,HIGH_PRODUCTION,0,0,178.7447892543
2024-03-20 21:00:00,RIG_001,21,20,2,36.8726740701,57.6439519335,58.3182786884,0.8461183676,44.3356137419,71.3840074656,60.4936769276,HIGH_PRODUCTION,0,0,178.791106994
2024-03-20 22:00:00,RIG_001,22,20,2,36.8726740701,50.114853431,54.4080308779,0.7948680994,42.9964435598,63.7191739277,55.327960149,STANDBY,0,0,178.8374247337
2024-03-20 23:00:00,RIG_001,23,20,2,36.8726740701,63.7578514244,59.1309048951,0.7998464471000001,48.2694446212,70.962160112,63.4923252469,STANDBY,0,0,178.8837424734
2024-03-21 00:00:00,RIG_001,0,21,3,36.1002883513,53.9208204221,57.7098416,0.8841102755,44.7308417736,66.2889361808,59.8254261594,STANDBY,0,0,178.9300602131
2024-03-21 01:00:00,RIG_001,1,21,3,36.1002883513,60.4877175323,54.7419428077,0.8838152651000001,44.7833805064,67.6902585428,59.5868044361,STANDBY,0,0,178.9763779528
2024-03-21 02:00:00,RIG_001,2,21,3,36.1002883513,69.6688442214,67.4954382982,0.8348519772,50.1219361472,77.8005606396,74.5587298439,STANDBY,0,0,179.0226956925
2024-03-21 03:00:00,RIG_001,3,21,3,36.1002883513,54.7084555757,56.7195811542,0.8452908359,38.9474031483,62.0885114356,64.7054898557,STANDBY,0,0,179.0690134321
2024-03-21 04:00:00,RIG_001,4,21,3,38.3565563732,48.9171566028,57.0694637064,0.8300833946,46.3334357735,68.5425424872,64.5136558712,STANDBY,0,0,179.1153311718
2024-03-21 05:00:00,RIG_001,5,21,3,45.9749206378,67.7638850326,68.7473816269,0.8920533125000001,43.5290530684,72.2983852063,72.8304854625,STANDBY,0,0,179.1616489115
2024-03-21 06:00:00,RIG_001,6,21,3,54.1504325269,82.8811638671,82.0078093923,0.8207625634,49.4661053172,73.4257741762,87.1565848753,HIGH_PRODUCTION,0,0,179.2079666512
2024-03-21 07:00:00,RIG_001,7,21,3,62.325944416,95.3505625133,88.5061659397,0.9933991522000001,53.7558055579,83.4931243063,94.7298030924,HIGH_PRODUCTION,0,0,179.2542843909
2024-03-21 08:00:00,RIG_001,8,21,3,69.9443086806,87.0363891954,84.0245926669,0.889826628,51.4661359574,70.5665864215,83.7512303951,HIGH_PRODUCTION,0,0,179.3006021306
2024-03-21 09:00:00,RIG_001,9,21,3,76.4863463859,102.2166186501,95.0,0.9461461388,57.5669767426,79.0996856231,101.7117541004,HIGH_PRODUCTION,0,0,179.3469198703
2024-03-21 10:00:00,RIG_001,10,21,3,81.5062284735,102.4333999987,95.0,1.096767238,53.4926767624,77.1045733868,95.6281021372,HIGH_PRODUCTION,0,0,179.39323761
2024-03-21 11:00:00,RIG_001,11,21,3,84.661858275,107.3927879735,95.0,0.9950302544,57.3697306283,83.4540867867,106.1210397967,HIGH_PRODUCTION,0,0,179.4395553497
2024-03-21 12:00:00,RIG_001,12,21,3,85.7381848343,122.2275207003,95.0,1.0053099307,59.4004559786,83.3290639065,98.7864547461,HIGH_PRODUCTION,0,0,179.4858730894
2024-03-21 13:00:00,RIG_001,13,21,3,84.661858275,100.4215734249,95.0,0.849128765,55.6956753149,81.4256638677,99.4453744684,HIGH_PRODUCTION,0,0,179.5321908291
2024-03-21 14:00:00,RIG_001,14,21,3,81.5062284735,106.0564412338,95.0,1.0459715647,56.3845657889,81.2576231227,97.6908787023,HIGH_PRODUCTION,0,0,179.5785085688
2024-03-21 15:00:00,RIG_001,15,21,3,76.4863463859,102.11327435850001,95.0,0.8975786448,55.714189895,79.1959204796,98.1100899044,HIGH_PRODUCTION,0,0,179.6248263085
2024-03-21 16:00:00,RIG_001,16,21,3,69.9443086806,98.66865008,92.9368513367,0.9045185813000001,53.5673128551,80.7665367621,104.7591320442,HIGH_PRODUCTION,0,0,179.6711440482
2024-03-21 17:00:00,RIG_001,17,21,3,62.325944416,86.1182176191,83.886040863,0.9006568851000001,50.5094265046,75.0296004139,91.7071499289,HIGH_PRODUCTION,0,0,179.7174617879
2024-03-21 18:00:00,RIG_001,18,21,3,54.1504325269,78.9999903211,74.3995504698,0.9668756787,50.3245426083,70.4340925671,74.7519431343,HIGH_PRODUCTION,0,0,179.7637795276
2024-03-21 19:00:00,RIG_001,19,21,3,45.9749206378,67.3329305583,66.7715318885,0.8999011801000001,48.7206636511,78.6039981364,76.2841705906,HIGH_PRODUCTION,0,0,179.8100972673
2024-03-21 20:00:00,RIG_001,20,21,3,38.3565563732,63.025391498,66.5173806836,0.840609959,44.5597892061,67.4461159003,75.0971075091,HIGH_PRODUCTION,0,0,179.8564150069
2024-03-21 21:00:00,RIG_001,21,21,3,36.1002883513,57.7144750533,60.7442131597,0.8481689593,42.6910836742,60.6615152755,64.9005757728,HIGH_PRODUCTION,0,0,179.9027327466
2024-03-21 22:00:00,RIG_001,22,21,3,36.1002883513,62.545243541,60.4736637397,0.8174126479,46.8632312166,66.2372769931,66.3937545658,STANDBY,0,0,179.9490504863
2024-03-21 23:00:00,RIG_001,23,21,3,36.1002883513,57.5962800725,57.3166083502,0.8397529976,44.334062232,63.4770539566,62.2717761119,STANDBY,0,0,179.995368226
2024-03-22 00:00:00,RIG_001,0,22,4,36.1002883513,61.3655376396,58.2308375725,0.847930194,47.0023806779,70.88809814,69.1485772858,STANDBY,0,0,180.0416859657
2024-03-22 01:00:00,RIG_001,1,22,4,36.1002883513,59.3406692626,60.5901617189,0.8868125174,43.0235728889,68.7671587576,63.2012911519,STANDBY,0,0,180.0880037054
2024-03-22 02:00:00,RIG_001,2,22,4,36.1002883513,65.1241822458,61.7456009616,0.9042687386,42.7221677106,70.7333930791,67.183632791,STANDBY,0,0,180.1343214451
2024-03-22 03:00:00,RIG_001,3,22,4,36.1002883513,59.243910035,60.3531759558,0.8631531560000001,43.7449693451,66.663105613,64.0687399628,STANDBY,0,0,180.1806391848
2024-03-22 04:00:00,RIG_001,4,22,4,38.3565563732,52.8989319948,60.0314194852,0.8014872458000001,41.6920277802,65.0316288573,60.7322982713,STANDBY,0,0,180.2269569245
2024-03-22 05:00:00,RIG_001,5,22,4,45.9749206378,75.6990137649,71.7941129284,0.9252812547,48.7671766411,71.5969108187,83.3690276936,STANDBY,0,0,180.2732746642
2024-03-22 06:00:00,RIG_001,6,22,4,54.1504325269,73.0432043071,76.9435009533,0.8758095592,46.9871106482,71.6693817397,78.398801216,HIGH_PRODUCTION,0,0,180.3195924039
2024-03-22 07:00:00,RIG_001,7,22,4,62.325944416,82.4854936683,78.5009257423,0.8548244031000001,52.1034073197,77.2516484066,84.1613133048,HIGH_PRODUCTION,0,0,180.3659101436
2024-03-22 08:00:00,RIG_001,8,22,4,69.9443086806,90.4013308168,91.5000827523,0.9126885144,52.0240321794,78.1286254826,91.2779809332,HIGH_PRODUCTION,0,0,180.4122278833
2024-03-22 09:00:00,RIG_001,9,22,4,76.4863463859,106.8008131191,95.0,0.986462971,57.0011522773,83.5405824246,98.8027883823,HIGH_PRODUCTION,0,0,180.458545623
2024-03-22 10:00:00,RIG_001,10,22,4,81.5062284735,94.277081332,93.0090545338,0.9903614866,53.8845394499,79.7818011243,99.2749609981,HIGH_PRODUCTION,0,0,180.5048633627
2024-03-22 11:00:00,RIG_001,11,22,4,84.661858275,123.8067725326,95.0,1.0244486334,61.341603318,89.7953590719,97.5257980615,HIGH_PRODUCTION,0,0,180.5511811024
2024-03-22 12:00:00,RIG_001,12,22,4,85.7381848343,114.4815881299,95.0,0.9453748242000001,58.5721388116,85.2089265636,101.7604055522,HIGH_PRODUCTION,0,0,180.5974988421
2024-03-22 13:00:00,RIG_001,13,22,4,84.661858275,109.2481197569,95.0,0.9931567098,58.33323132,83.8509801451,99.1928767243,HIGH_PRODUCTION,0,0,180.6438165818
2024-03-22 14:00:00,RIG_001,14,22,4,81.5062284735,104.7087730426,95.0,0.9825596584,54.585882993,84.9790506364,103.4802475372,HIGH_PRODUCTION,0,0,180.6901343214
2024-03-22 15:00:00,RIG_001,15,22,4,76.4863463859,101.3980789933,95.0,0.9764319267,58.1483556016,78.424285944,104.08528274,HIGH_PRODUCTION,0,0,180.7364520611
2024-03-22 16:00:00,RIG_001,16,22,4,69.9443086806,96.0408307166,93.5400816589,0.9972471472000001,53.5371329124,76.2450214751,96.7798473767,HIGH_PRODUCTION,0,0,180.7827698008
2024-03-22 17:00:00,RIG_001,17,22,4,62.325944416,89.0498799008,85.9156870041,0.9814121519000001,49.6393716994,73.1571991727,91.1458855823,HIGH_PRODUCTION,0,0,180.8290875405
2024-03-22 18:00:00,RIG_001,18,22,4,54.1504325269,80.4332600729,78.8753093505,0.8750908577000001,50.4844617322,74.6787217127,84.42567203,HIGH_PRODUCTION,0,0,180.8754052802
2024-03-22 19:00:00,RIG_001,19,22,4,45.9749206378,69.934576921,67.6991550141,0.8426834499,45.7812832654,65.4191763526,74.5572029004,HIGH_PRODUCTION,0,0,180.9217230199
2024-03-22 20:00:00,RIG_001,20,22,4,38.3565563732,60.8885648096,60.7716307065,0.7945279219,46.5528102714,69.6530317311,65.8147766953,HIGH_PRODUCTION,0,0,180.9680407596
2024-03-22 21:00:00,RIG_001,21,22,4,36.1002883513,58.8695701318,63.2623378663,0.8756069279,49.136603685,67.3332917561,68.8329707443,HIGH_PRODUCTION,0,0,181.0143584993
2024-03-22 22:00:00,RIG_001,22,22,4,36.1002883513,58.6583428093,56.7964003858,0.9126587388,43.0914415192,71.0014219423,61.0661809614,STANDBY,0,0,181.060676239
2024-03-22 23:00:00,RIG_001,23,22,4,36.1002883513,65.3086823564,64.7702193076,0.8445999266,46.9919152555,67.5768527755,70.1159389085,STANDBY,0,0,181.1069939787
2024-03-23 00:00:00,RIG_001,0,23,5,36.8726740701,63.4127793902,59.5615452363,0.8427800568,42.3421836701,68.4138789608,68.4553658169,STANDBY,0,0,181.1533117184
2024-03-23 01:00:00,RIG_001,1,23,5,36.8726740701,45.7500002664,49.7271694218,0.8753876465,42.3453105255,67.0916100798,56.6654191454,STANDBY,0,0,181.1996294581
2024-03-23 02:00:00,RIG_001,2,23,5,36.8726740701,63.7383949833,63.4555640802,0.8814768664,44.1631711462,73.2709254353,70.5593309985,STANDBY,0,0,181.2459471978
2024-03-23 03:00:00,RIG_001,3,23,5,36.8726740701,61.4395197352,63.7506424355,0.8712994042000001,44.1102106969,66.3913988233,70.9198534079,STANDBY,0,0,181.2922649375
2024-03-23 04:00:00,RIG_001,4,23,5,39.1772161995,62.6837847697,63.3886457413,0.7938598597000001,43.4683732128,69.3504791287,67.9272194076,STANDBY,0,0,181.3385826772
2024-03-23 05:00:00,RIG_001,5,23,5,46.9585795986,68.6230473466,68.3267899401,0.9053451472,48.6200642888,71.470171137,74.2832710708,STANDBY,0,0,181.3849004169
2024-03-23 06:00:00,RIG_001,6,23,5,55.3090111052,84.5435823795,80.6143085306,0.8728988027000001,53.1505043098,76.4840349307,82.3587874956,HIGH_PRODUCTION,0,0,181.4312181566
2024-03-23 07:00:00,RIG_001,7,23,5,63.6594426117,92.0180302577,87.9572855719,0.8852632251,53.0512779937,76.8176820994,96.7637085408,HIGH_PRODUCTION,0,0,181.4775358962
2024-03-23 08:00:00,RIG_001,8,23,5,71.4408060109,91.204320668,90.5051997746,0.9223697977,51.0722267563,81.2054463948,87.1563184775,HIGH_PRODUCTION,0,0,181.5238536359
2024-03-23 09:00:00,RIG_001,9,23,5,78.1228142462,103.7929263391,95.0,0.9483698283,59.127277657,75.4687674509,99.738554823,HIGH_PRODUCTION,0,0,181.5701713756
2024-03-23 10:00:00,RIG_001,10,23,5,83.2500994991,102.0336141446,95.0,0.9614868142,54.0075832806,79.346693539,103.4226879315,HIGH_PRODUCTION,0,0,181.6164891153
2024-03-23 11:00:00,RIG_001,11,23,5,86.4732457528,103.223900908,95.0,0.9042738484,51.4819106271,82.3109624707,95.9083961991,HIGH_PRODUCTION,0,0,181.662806855
2024-03-23 12:00:00,RIG_001,12,23,5,87.5726009166,108.0947084337,95.0,1.039061439,57.9404551283,83.800086966,101.1993397529,HIGH_PRODUCTION,0,0,181.7091245947
2024-03-23 13:00:00,RIG_001,13,23,5,86.4732457528,114.4478544157,95.0,1.0667496473,56.4024142567,88.3926334166,97.9577006603,HIGH_PRODUCTION,0,0,181.7554423344
2024-03-23 14:00:00,RIG_001,14,23,5,83.2500994991,111.685313688,95.0,0.9048958577,59.898546009,87.100270286,98.8935902044,HIGH_PRODUCTION,0,0,181.8017600741
2024-03-23 15:00:00,RIG_001,15,23,5,78.1228142462,104.3647779697,93.0142607576,1.0294095354,55.3289190991,80.452808515,100.8520836395,HIGH_PRODUCTION,0,0,181.8480778138
2024-03-23 16:00:00,RIG_001,16,23,5,71.4408060109,98.749769229,94.0266129959,0.9233004584000001,55.8948687883,83.5245444993,99.6207837735,HIGH_PRODUCTION,0,0,181.8943955535
2024-03-23 17:00:00,RIG_001,17,23,5,63.6594426117,89.9307659922,85.8393634936,0.9804039280000001,55.2856921911,74.8371045663,84.7362958899,HIGH_PRODUCTION,0,0,181.9407132932
2024-03-23 18:00:00,RIG_001,18,23,5,55.3090111052,75.7989827349,74.4498242911,0.8919227477,46.5320279545,75.5323569688,76.5205476719,HIGH_PRODUCTION,0,0,181.9870310329
2024-03-23 19:00:00,RIG_001,19,23,5,46.9585795986,72.8225195888,72.1100198008,0.8880397321,47.0737556354,77.2783233119,80.0360270055,HIGH_PRODUCTION,0,0,182.0333487726
2024-03-23 20:00:00,RIG_001,20,23,5,39.1772161995,66.8905387534,66.0135157936,0.8597353998,46.571292543,73.7119939466,72.3603439482,HIGH_PRODUCTION,0,0,182.0796665123
2024-03-23 21:00:00,RIG_001,21,23,5,36.8726740701,64.3623533079,65.2161182365,0.9221974571,49.165690965,69.6260171429,75.4605249541,HIGH_PRODUCTION,0,0,182.125984252
2024-03-23 22:00:00,RIG_001,22,23,5,36.8726740701,66.5424111771,63.1694652125,0.8063370409,45.3188373584,68.9673870378,73.2174079946,STANDBY,0,0,182.1723019917
2024-03-23 23:00:00,RIG_001,23,23,5,36.8726740701,64.1463112167,59.2665335496,0.8917054295,44.8475704123,64.6581194762,63.2397981591,STANDBY,0,0,182.2186197314
2024-03-24 00:00:00,RIG_001,0,24,6,38.2644650435,63.7836687961,62.2505337556,0.9154772645,46.9021983501,70.0667195526,74.7602471708,STANDBY,0,0,182.2649374711
2024-03-24 01:00:00,RIG_001,1,24,6,38.2644650435,67.3841266109,62.268807206299996,0.9072144047,45.6915742013,66.8695862994,67.3422462159,STANDBY,0,0,182.3112552107
2024-03-24 02:00:00,RIG_001,2,24,6,38.2644650435,61.907716784,61.2695002075,0.9713883879,45.7819809618,66.1929110444,63.3814946043,STANDBY,0,0,182.3575729504
2024-03-24 03:00:00,RIG_001,3,24,6,38.2644650435,57.6378974851,57.9710628292,0.8160819171,41.3063995293,63.7191318433,61.0701432314,STANDBY,0,0,182.4038906901
2024-03-24 04:00:00,RIG_001,4,24,6,40.6559941088,63.6304126477,62.8785938176,0.9085573128000001,50.336263047,67.7079467963,61.1084185017,STANDBY,0,0,182.4502084298
2024-03-24 05:00:00,RIG_001,5,24,6,48.7310717994,68.8032595949,69.3797398565,0.8710913517000001,44.5053964381,70.557069635,79.2007968813,STANDBY,0,0,182.4965261695
2024-03-24 06:00:00,RIG_001,6,24,6,57.3966975653,77.824454871,76.7203302097,0.9653150441,48.8126083098,74.1681802048,86.5046161768,HIGH_PRODUCTION,0,0,182.5428439092
2024-03-24 07:00:00,RIG_001,7,24,6,66.0623233312,89.1503263192,86.5204022231,0.9374231758,52.2226195081,74.9435779895,88.4738799066,HIGH_PRODUCTION,0,0,182.5891616489
2024-03-24 08:00:00,RIG_001,8,24,6,74.1374010218,93.9928454193,89.858415745,0.9331266647,57.3235876235,81.405704745,94.1747628798,HIGH_PRODUCTION,0,0,182.6354793886
2024-03-24 09:00:00,RIG_001,9,24,6,81.0716274372,103.3563114524,93.9979215534,1.0460997331,53.1893863012,80.3822776618,99.2847441858,HIGH_PRODUCTION,0,0,182.6817971283
2024-03-24 10:00:00,RIG_001,10,24,6,86.3924465065,100.7558124961,95.0,0.9486017999999999,59.156361395,77.863576449,97.1189408436,HIGH_PRODUCTION,0,0,182.728114868
2024-03-24 11:00:00,RIG_001,11,24,6,89.7372532031,114.6421087253,95.0,0.9443877687000001,60.1748808235,85.0715094193,94.7346939062,HIGH_PRODUCTION,0,0,182.7744326077
2024-03-24 12:00:00,RIG_001,12,24,6,90.8781044784,114.7294665015,95.0,0.9896290567,59.5165572742,90.3094984511,99.3689271887,HIGH_PRODUCTION,0,0,182.8207503474
2024-03-24 13:00:00,RIG_001,13,24,6,89.7372532031,109.504092355,95.0,1.0309321967,55.4067557147,83.8567094061,99.0367617116,HIGH_PRODUCTION,0,0,182.8670680871
2024-03-24 14:00:00,RIG_001,14,24,6,86.3924465065,113.5479048168,95.0,1.0818991953000001,59.5292586883,82.9758045629,98.834766277,HIGH_PRODUCTION,0,0,182.9133858268
2024-03-24 15:00:00,RIG_001,15,24,6,81.0716274372,109.6256557545,95.0,1.0062722503,55.9594406938,78.305312658,100.6681481878,HIGH_PRODUCTION,0,0,182.9597035665
2024-03-24 16:00:00,RIG_001,16,24,6,74.1374010218,89.9727269901,84.8980297576,1.0078521196,55.0265042539,76.3335811341,94.1865887332,HIGH_PRODUCTION,0,0,183.0060213062
2024-03-24 17:00:00,RIG_001,17,24,6,66.0623233312,86.1287723895,83.4265535554,0.8626869273000001,49.5900690391,76.5434160921,87.5172753964,HIGH_PRODUCTION,0,0,183.0523390459
2024-03-24 18:00:00,RIG_001,18,24,6,57.3966975653,77.4380064284,75.4944559545,0.8825454732,49.1331846182,72.0686592547,81.0057849507,HIGH_PRODUCTION,0,0,183.0986567855
2024-03-24 19:00:00,RIG_001,19,24,6,48.7310717994,67.9255245668,66.7522697397,0.8619277159000001,45.8708349657,65.3815034553,73.932881311,HIGH_PRODUCTION,0,0,183.1449745252
2024-03-24 20:00:00,RIG_001,20,24,6,40.6559941088,68.7042842523,66.8718136396,0.8731500504,45.2010251382,68.0595891072,73.5342424191,HIGH_PRODUCTION,0,0,183.1912922649
2024-03-24 21:00:00,RIG_001,21,24,6,38.2644650435,61.2031979445,62.0480758117,0.8607647533,46.78343912,72.724574766,65.2048052384,HIGH_PRODUCTION,0,0,183.2376100046
2024-03-24 22:00:00,RIG_001,22,24,6,38.2644650435,60.8567020928,59.5672409023,0.8902513651,46.285093018,72.559013639,64.8563722716,STANDBY,0,0,183.2839277443
2024-03-24 23:00:00,RIG_001,23,24,6,38.2644650435,52.1669121383,54.186702818,0.8075813764,45.4597484324,62.9901561339,60.8293222785,STANDBY,0,0,183.330245484
2024-03-25 00:00:00,RIG_001,0,25,0,40.0,67.1257537035,65.9022676192,0.8818349484,43.2216882095,72.1559964727,67.5172136066,STANDBY,0,0,183.3765632237
2024-03-25 01:00:00,RIG_001,1,25,0,40.0,57.7593192392,56.2424272101,0.8447133371000001,46.5681712145,63.7920774174,65.0330442425,STANDBY,0,0,183.4228809634
2024-03-25 02:00:00,RIG_001,2,25,0,40.0,64.2622220257,62.1858272545,0.8203689657000001,51.0764533171,73.4916154537,71.4805939701,STANDBY,0,0,183.4691987031
2024-03-25 03:00:00,RIG_001,3,25,0,40.0,65.3563912252,62.5385537604,0.864447905,45.4358156279,70.3426249112,65.3702129941,STANDBY,0,0,183.5155164428
2024-03-25 04:00:00,RIG_001,4,25,0,42.5,73.2797471755,68.2751288655,0.8869036018,52.1102340181,74.8328486485,73.8561389206,STANDBY,0,0,183.5618341825
2024-03-25 05:00:00,RIG_001,5,25,0,50.9413334214,68.3806332831,67.7880123022,0.8713204793,46.5688357767,65.3689099434,74.7148470722,STANDBY,0,0,183.6081519222
2024-03-25 06:00:00,RIG_001,6,25,0,60.0,68.8927887391,70.3781561004,0.8828842177,44.4783777097,72.7007479275,73.7413136314,HIGH_PRODUCTION,0,0,183.6544696619
2024-03-25 07:00:00,RIG_001,7,25,0,69.0586665786,93.9752114815,89.1746308448,0.9605124611,52.8825379856,78.1695412534,95.6194723819,HIGH_PRODUCTION,0,0,183.7007874016
2024-03-25 08:00:00,RIG_001,8,25,0,77.5,110.5068007477,95.0,0.9848940639,59.7231081223,85.7078274367,100.4897668789,HIGH_PRODUCTION,0,0,183.7471051413
2024-03-25 09:00:00,RIG_001,9,25,0,84.7487373415,114.9546616073,95.0,1.083673413,57.0623124372,87.2310018765,95.5962454671,HIGH_PRODUCTION,0,0,183.793422881
2024-03-25 10:00:00,RIG_001,10,25,0,90.3108891325,115.3773263709,95.0,0.9630169101,57.6436542747,84.8105519797,101.3774839479,HIGH_PRODUCTION,0,0,183.8397406207
2024-03-25 11:00:00,RIG_001,11,25,0,93.8074039201,115.3743108149,95.0,0.9856186605,60.0306565683,82.8098043272,96.6995727512,HIGH_PRODUCTION,0,0,183.8860583604
2024-03-25 12:00:00,RIG_001,12,25,0,95.0,123.0676484671,95.0,1.183930631,60.7730323503,89.2593830867,102.817608555,HIGH_PRODUCTION,0,0,183.9323761
2024-03-25 13:00:00,RIG_001,13,25,0,93.8074039201,112.9786560665,95.0,0.9629511758,59.4139099216,83.7131333217,97.9863667746,HIGH_PRODUCTION,0,0,183.9786938397
2024-03-25 14:00:00,RIG_001,14,25,0,90.3108891325,116.7386087851,95.0,0.9586281389,59.6603112778,82.4032277749,99.516143699,HIGH_PRODUCTION,0,0,184.0250115794
2024-03-25 15:00:00,RIG_001,15,25,0,84.7487373415,111.3289666042,95.0,1.0469960543,58.7914922901,80.6382332869,104.1168367403,HIGH_PRODUCTION,0,0,184.0713293191
2024-03-25 16:00:00,RIG_001,16,25,0,77.5,106.8608756653,93.3426656588,0.8931972225,55.8506165447,77.6267694506,99.8318105983,HIGH_PRODUCTION,0,0,184.1176470588
2024-03-25 17:00:00,RIG_001,17,25,0,69.0586665786,106.9237405619,95.0,0.9856633854,57.1943970245,80.5462486899,96.7615782413,HIGH_PRODUCTION,0,0,184.1639647985
2024-03-25 18:00:00,RIG_001,18,25,0,60.0,86.0358012856,83.8160811464,1.0422397803,49.65420431,79.1188165239,85.771331434,HIGH_PRODUCTION,0,0,184.2102825382
2024-03-25 19:00:00,RIG_001,19,25,0,50.9413334214,72.4771844035,68.2844622181,0.8172111582,50.6961633459,72.2766447202,71.4865538522,HIGH_PRODUCTION,0,0,184.2566002779
2024-03-25 20:00:00,RIG_001,20,25,0,42.5,66.4597452106,59.860582447,0.7774926834,45.346386869,68.3486204454,66.0445146971,HIGH_PRODUCTION,0,0,184.3029180176
2024-03-25 21:00:00,RIG_001,21,25,0,40.0,55.2491849081,58.6350155078,0.7681854377,46.0699912021,68.989323287,64.7099149526,HIGH_PRODUCTION,0,0,184.3492357573
2024-03-25 22:00:00,RIG_001,22,25,0,40.0,60.627946438,59.93587908,0.9043840317,44.6897726875,65.6909540662,62.406572166,STANDBY,0,0,184.395553497
2024-03-25 23:00:00,RIG_001,23,25,0,40.0,62.0620475639,57.3294051144,0.9201924636000001,45.9195099125,68.9046650922,58.8277766576,STANDBY,0,0,184.4418712367
2024-03-26 00:00:00,RIG_001,0,26,1,38.2644650435,59.7764413618,55.8947856156,0.8316526401000001,43.9541812387,67.3940412904,61.7395358309,STANDBY,0,0,184.4881889764
2024-03-26 01:00:00,RIG_001,1,26,1,38.2644650435,63.1656053726,58.232469174,0.9017954632,43.7594104808,71.2870734885,62.6868889766,STANDBY,0,0,184.5345067161
2024-03-26 02:00:00,RIG_001,2,26,1,38.2644650435,58.2986790115,58.2720748115,0.9227321012,41.0851489777,62.7579185907,69.7437224739,STANDBY,0,0,184.5808244558
2024-03-26 03:00:00,RIG_001,3,26,1,38.2644650435,68.0228796709,63.9042430007,0.9719445285,44.8950716006,67.8562706638,69.0140539704,STANDBY,0,0,184.6271421955
2024-03-26 04:00:00,RIG_001,4,26,1,40.6559941088,64.8172383851,65.878470869,0.8608287908000001,45.5564918898,64.5304345382,76.3212293521,STANDBY,0,0,184.6734599352
2024-03-26 05:00:00,RIG_001,5,26,1,48.7310717994,72.8517268064,65.9312303972,0.7823607052,48.6366900592,71.0767278765,67.4200796029,STANDBY,0,0,184.7197776748
2024-03-26 06:00:00,RIG_001,6,26,1,57.3966975653,79.9313282564,76.2450932236,0.8778144203,52.0035906907,77.6136809878,76.5254544049,HIGH_PRODUCTION,0,0,184.7660954145
2024-03-26 07:00:00,RIG_001,7,26,1,66.0623233312,91.0193286851,84.4300416501,0.9309674289000001,51.8633172517,75.7894569766,86.0697862525,HIGH_PRODUCTION,0,0,184.8124131542
2024-03-26 08:00:00,RIG_001,8,26,1,74.1374010218,102.4508919407,94.9578538077,0.9738406596,53.8488014567,79.2032157676,103.5252431521,HIGH_PRODUCTION,0,0,184.8587308939
2024-03-26 09:00:00,RIG_001,9,26,1,81.0716274372,100.9309236152,95.0,0.9730199953,52.3473013318,82.8944503571,105.2683047691,HIGH_PRODUCTION,0,0,184.9050486336
2024-03-26 10:00:00,RIG_001,10,26,1,86.3924465065,107.3037589786,95.0,1.0576614723,57.7860669804,85.3967763689,97.6534616381,HIGH_PRODUCTION,0,0,184.9513663733
2024-03-26 11:00:00,RIG_001,11,26,1,89.7372532031,112.4274656377,95.0,1.0809945547,60.8732554401,83.4625264895,98.6183019107,HIGH_PRODUCTION,0,0,184.997684113
2024-03-26 12:00:00,RIG_001,12,26,1,90.8781044784,108.3645401004,95.0,0.9966859450000001,59.623795561,84.5635065923,96.4930572694,HIGH_PRODUCTION,0,0,185.0440018527
2024-03-26 13:00:00,RIG_001,13,26,1,89.7372532031,109.8637018049,95.0,1.0648766276,58.8857909475,79.7282469188,94.5650804586,HIGH_PRODUCTION,0,0,185.0903195924
2024-03-26 14:00:00,RIG_001,14,26,1,86.3924465065,108.2410277,95.0,1.0231527008,58.3373435595,86.6062313118,102.1552350933,HIGH_PRODUCTION,0,0,185.1366373321
2024-03-26 15:00:00,RIG_001,15,26,1,81.0716274372,109.680206563,95.0,1.0129977386,60.8152992002,89.3501808507,100.6690609089,HIGH_PRODUCTION,0,0,185.1829550718
2024-03-26 16:00:00,RIG_001,16,26,1,74.1374010218,99.69378855,94.4651903387,1.0253256648,55.5876100603,81.4717839386,99.4966542868,HIGH_PRODUCTION,0,0,185.2292728115
2024-03-26 17:00:00,RIG_001,17,26,1,66.0623233312,91.2808014322,83.231307635,0.9585573689,54.1124597101,71.1312455656,84.0311380235,HIGH_PRODUCTION,0,0,185.2755905512
2024-03-26 18:00:00,RIG_001,18,26,1,57.3966975653,85.9086635812,76.7612857401,1.0419041828,50.8355981716,74.0979082872,86.6811557856,HIGH_PRODUCTION,0,0,185.3219082909
2024-03-26 19:00:00,RIG_001,19,26,1,48.7310717994,72.3086367234,73.0041784248,0.826478256,45.3530724391,73.531066982,76.4941082106,HIGH_PRODUCTION,0,0,185.3682260306
2024-03-26 20:00:00,RIG_001,20,26,1,40.6559941088,66.8796898854,66.1166933439,0.8565386998000001,45.3522246704,68.7994579741,72.7175726184,HIGH_PRODUCTION,0,0,185.4145437703
2024-03-26 21:00:00,RIG_001,21,26,1,38.2644650435,62.0266754668,63.9161764102,0.8615975276000001,45.4883507896,72.4245983028,64.5524921945,HIGH_PRODUCTION,0,0,185.46086151
2024-03-26 22:00:00,RIG_001,22,26,1,38.2644650435,63.8765436394,58.6509171755,0.8956309824,46.0907066549,70.9274348851,63.0793416066,STANDBY,0,0,185.5071792497
2024-03-26 23:00:00,RIG_001,23,26,1,38.2644650435,59.6428862653,59.098129428,0.9245406711,48.763293276,65.7734393773,64.9722527967,STANDBY,0,0,185.5534969893
2024-03-27 00:00:00,RIG_001,0,27,2,36.8726740701,48.9918102192,55.1327218126,0.8281547612,42.41050689,64.7943374981,61.1139474668,STANDBY,0,0,185.599814729
2024-03-27 01:00:00,RIG_001,1,27,2,36.8726740701,60.5214478606,59.4248733228,0.793037391,47.4880488532,65.4749346963,64.8888189525,STANDBY,0,0,185.6461324687
2024-03-27 02:00:00,RIG_001,2,27,2,36.8726740701,68.313532013,64.6130789887,0.9298360917,46.2082285201,69.9463049687,71.0966464648,STANDBY,0,0,185.6924502084
2024-03-27 03:00:00,RIG_001,3,27,2,36.8726740701,65.8378160046,63.8629475149,0.9182164581000001,45.8361022296,68.0875650801,65.4713861468,STANDBY,0,0,185.7387679481
2024-03-27 04:00:00,RIG_001,4,27,2,39.1772161995,68.3452162067,63.8653668098,0.7910830584,44.4282887772,74.0278502627,69.4574846261,STANDBY,0,0,185.7850856878
2024-03-27 05:00:00,RIG_001,5,27,2,46.9585795986,77.4871934529,77.1329095823,0.9155969874000001,47.8871423375,79.5941942064,82.4741826328,STANDBY,0,0,185.8314034275
2024-03-27 06:00:00,RIG_001,6,27,2,55.3090111052,80.1072069662,76.8426089001,0.844325414,51.0807645243,69.7385970901,82.5376269527,HIGH_PRODUCTION,0,0,185.8777211672
2024-03-27 07:00:00,RIG_001,7,27,2,63.6594426117,89.0078767159,86.4842449031,0.9174872309000001,52.2670895398,70.9327141561,91.7012805551,HIGH_PRODUCTION,0,0,185.9240389069
2024-03-27 08:00:00,RIG_001,8,27,2,71.4408060109,92.7213497618,86.5067412439,0.9169050295000001,55.0662146802,77.080887663,87.6871029222,HIGH_PRODUCTION,0,0,185.9703566466
2024-03-27 09:00:00,RIG_001,9,27,2,78.1228142462,100.9182008551,93.8488554335,1.027284535,55.5920581105,75.72021316,94.8954561772,HIGH_PRODUCTION,0,0,186.0166743863
2024-03-27 10:00:00,RIG_001,10,27,2,83.2500994991,110.7116537979,95.0,1.0222284386,56.9730059862,83.3521309504,93.3571954423,HIGH_PRODUCTION,0,0,186.062992126
2024-03-27 11:00:00,RIG_001,11,27,2,86.4732457528,116.8823141496,95.0,0.9708046319,63.517172265,87.3115025863,102.4526035295,HIGH_PRODUCTION,0,0,186.1093098657
2024-03-27 12:00:00,RIG_001,12,27,2,87.5726009166,111.27196341,95.0,1.0624416988,57.6301837151,87.8640147148,102.4829725292,HIGH_PRODUCTION,0,0,186.1556276054
2024-03-27 13:00:00,RIG_001,13,27,2,86.4732457528,108.6258409614,95.0,0.9389950131,59.4824621798,83.1919359646,102.5306508737,HIGH_PRODUCTION,0,0,186.2019453451
2024-03-27 14:00:00,RIG_001,14,27,2,83.2500994991,107.6632284872,95.0,1.0244884273,56.1133887087,81.7195028716,100.9203698874,HIGH_PRODUCTION,0,0,186.2482630848
2024-03-27 15:00:00,RIG_001,15,27,2,78.1228142462,105.5462848456,95.0,0.9611166444,57.8057701702,75.728730704,93.6006423468,HIGH_PRODUCTION,0,0,186.2945808245
2024-03-27 16:00:00,RIG_001,16,27,2,71.4408060109,88.6459164459,86.007765232,0.9330174895000001,54.0175104298,76.6723303813,87.9276337567,HIGH_PRODUCTION,0,0,186.3408985642
2024-03-27 17:00:00,RIG_001,17,27,2,63.6594426117,76.6098700227,79.4338520015,0.9405920127,49.5694514468,73.1968227885,84.9450982543,HIGH_PRODUCTION,0,0,186.3872163038
2024-03-27 18:00:00,RIG_001,18,27,2,55.3090111052,76.9946066953,76.2471857523,0.9427904262000001,44.5396858284,75.0152524512,81.6537397607,HIGH_PRODUCTION,0,0,186.4335340435
2024-03-27 19:00:00,RIG_001,19,27,2,46.9585795986,65.3002449676,64.0233581639,0.9486685957000001,46.3615661636,67.4646091857,68.3551135244,HIGH_PRODUCTION,0,0,186.4798517832
2024-03-27 20:00:00,RIG_001,20,27,2,39.1772161995,61.0886903708,62.9818037532,0.8652580642000001,47.7330926882,67.0214493105,69.0885553619,HIGH_PRODUCTION,0,0,186.5261695229
2024-03-27 21:00:00,RIG_001,21,27,2,36.8726740701,60.592895296500004,65.0913292127,0.8833911781,46.2031854902,63.743861823,70.1262843358,HIGH_PRODUCTION,0,0,186.5724872626
2024-03-27 22:00:00,RIG_001,22,27,2,36.8726740701,59.0725025064,59.5012711906,0.8418058614,45.6598033771,60.8478723313,64.8635825873,STANDBY,0,0,186.6188050023
2024-03-27 23:00:00,RIG_001,23,27,2,36.8726740701,68.6080298849,63.3223758146,0.9015840748,43.7074936033,67.2569176931,66.4051798161,STANDBY,0,0,186.665122742
2024-03-28 00:00:00,RIG_001,0,28,3,36.1002883513,62.2250824581,61.4857362788,0.8954953117000001,44.1153604732,63.9565472947,69.4317692371,STANDBY,0,0,186.7114404817
2024-03-28 01:00:00,RIG_001,1,28,3,36.1002883513,62.1006780941,59.9543371765,0.8684175748,46.3478847858,69.6403403145,63.6620223505,STANDBY,0,0,186.7577582214
2024-03-28 02:00:00,RIG_001,2,28,3,36.1002883513,63.7162896772,61.7206390366,0.7881776487000001,46.7498389729,67.5604847332,62.7286917875,STANDBY,0,0,186.8040759611
2024-03-28 03:00:00,RIG_001,3,28,3,36.1002883513,54.918036029,55.1107170236,0.8687292277,46.1588425675,64.8606994185,57.7977199852,STANDBY,0,0,186.8503937008
2024-03-28 04:00:00,RIG_001,4,28,3,38.3565563732,68.070976238,67.3102817944,0.9100278483,46.7280105492,67.4680537329,71.2648832203,STANDBY,0,0,186.8967114405
2024-03-28 05:00:00,RIG_001,5,28,3,45.9749206378,70.1219077937,72.0734791482,0.8641291663,48.3421251218,61.3388760406,80.0554875133,STANDBY,0,0,186.9430291802
2024-03-28 06:00:00,RIG_001,6,28,3,54.1504325269,82.0355918627,77.5492308134,0.8698448115,50.5416464495,79.135609805,82.4224268181,HIGH_PRODUCTION,0,0,186.9893469199
2024-03-28 07:00:00,RIG_001,7,28,3,62.325944416,81.5063621613,83.8233613001,1.0064557026,48.4027050673,71.4510970801,88.2649166432,HIGH_PRODUCTION,0,0,187.0356646596
2024-03-28 08:00:00,RIG_001,8,28,3,69.9443086806,86.722166422,85.8498878049,0.9730667044,47.1689589433,74.779389717,87.1038975306,HIGH_PRODUCTION,0,0,187.0819823993
2024-03-28 09:00:00,RIG_001,9,28,3,76.4863463859,105.1293939084,95.0,0.9924473307,57.1443678614,77.1741416767,102.3564477695,HIGH_PRODUCTION,0,0,187.128300139
2024-03-28 10:00:00,RIG_001,10,28,3,81.5062284735,107.9488229974,95.0,0.9556932963,57.3351001662,85.3004379295,98.0441435379,HIGH_PRODUCTION,0,0,187.1746178786
2024-03-28 11:00:00,RIG_001,11,28,3,84.661858275,104.7190950575,95.0,0.9619502862,54.9434236802,81.8460153284,99.6999164232,HIGH_PRODUCTION,0,0,187.2209356183
2024-03-28 12:00:00,RIG_001,12,28,3,85.7381848343,105.9643116432,95.0,1.0720914682,53.2527317978,79.3101976372,104.4405492306,HIGH_PRODUCTION,0,0,187.267253358
2024-03-28 13:00:00,RIG_001,13,28,3,84.661858275,114.8704220733,95.0,1.0407486477,59.9770845471,83.284437788,101.5262899931,HIGH_PRODUCTION,0,0,187.3135710977
2024-03-28 14:00:00,RIG_001,14,28,3,81.5062284735,100.1475065464,95.0,0.9623527216000001,54.5050364882,85.0787917303,95.1152378569,HIGH_PRODUCTION,0,0,187.3598888374
2024-03-28 15:00:00,RIG_001,15,28,3,76.4863463859,109.2949963503,95.0,1.0429942769,58.4374985323,82.5695906094,94.6914692909,HIGH_PRODUCTION,0,0,187.4062065771
2024-03-28 16:00:00,RIG_001,16,28,3,69.9443086806,90.0434378664,88.607856835,0.9192205015,56.2389565274,76.4678307471,93.4149254847,HIGH_PRODUCTION,0,0,187.4525243168
2024-03-28 17:00:00,RIG_001,17,28,3,62.325944416,90.1270845641,82.1557395384,1.0354187734,48.2489093804,74.2139809108,83.5175176938,HIGH_PRODUCTION,0,0,187.4988420565
2024-03-28 18:00:00,RIG_001,18,28,3,54.1504325269,77.1234683292,74.0315935173,0.9891910709,47.8816654649,67.4532970473,80.9772337602,HIGH_PRODUCTION,0,0,187.5451597962
2024-03-28 19:00:00,RIG_001,19,28,3,45.9749206378,73.6139336351,73.9566277898,0.8878790075,47.9847321822,71.6040640698,79.0834169847,HIGH_PRODUCTION,0,0,187.5914775359
2024-03-28 20:00:00,RIG_001,20,28,3,38.3565563732,60.2660098656,61.8953327415,0.8399156983,47.9761548147,69.0562582966,67.3914870486,HIGH_PRODUCTION,0,0,187.6377952756
2024-03-28 21:00:00,RIG_001,21,28,3,36.1002883513,59.9232949848,59.2496601358,0.7395996771000001,41.7080177078,71.2757418884,62.1294305909,HIGH_PRODUCTION,0,0,187.6841130153
2024-03-28 22:00:00,RIG_001,22,28,3,36.1002883513,60.9488030531,56.923930571,0.7996890936000001,49.1089228146,61.5391513124,67.1480815369,STANDBY,0,0,187.730430755
2024-03-28 23:00:00,RIG_001,23,28,3,36.1002883513,55.7402175581,53.557251282,0.7913541579000001,44.2067661927,63.3467762864,67.085032466,STANDBY,0,0,187.7767484947
2024-03-29 00:00:00,RIG_001,0,29,4,36.1002883513,64.4703701259,56.6386247956,0.8914628924,45.925591208,67.5988877661,60.8028706244,STANDBY,0,0,187.8230662344
2024-03-29 01:00:00,RIG_001,1,29,4,36.1002883513,58.2071282274,56.9943088887,0.8497872354,44.1556625304,67.4516959225,63.053426634,STANDBY,0,0,187.8693839741
2024-03-29 02:00:00,RIG_001,2,29,4,36.1002883513,59.637144144,57.657208095,0.8033074649,44.0367599716,67.4560421686,62.9494601242,STANDBY,0,0,187.9157017138
2024-03-29 03:00:00,RIG_001,3,29,4,36.1002883513,55.8153445086,55.8991766737,0.8452359092,46.0500696457,66.3795372955,60.1201160834,STANDBY,0,0,187.9620194535
2024-03-29 04:00:00,RIG_001,4,29,4,38.3565563732,50.2386387706,56.006936412,0.8680161225,40.4226181845,66.2958798069,58.5107250088,STANDBY,0,0,188.0083371931
2024-03-29 05:00:00,RIG_001,5,29,4,45.9749206378,69.7204801771,70.4896770071,0.9277720278,48.1209484076,68.2062647208,72.2347730447,STANDBY,0,0,188.0546549328
2024-03-29 06:00:00,RIG_001,6,29,4,54.1504325269,90.9211556483,88.7390892534,0.8701838436,51.9619255806,80.0787710212,90.3322974568,HIGH_PRODUCTION,0,0,188.1009726725
2024-03-29 07:00:00,RIG_001,7,29,4,62.325944416,90.9635595298,83.6249212395,0.9590666662,51.2166229854,78.589425184,89.8406413162,HIGH_PRODUCTION,0,0,188.1472904122
2024-03-29 08:00:00,RIG_001,8,29,4,69.9443086806,94.5695481171,93.0604909569,0.9073160381,58.8143373806,77.4113676427,96.5014675223,HIGH_PRODUCTION,0,0,188.1936081519
2024-03-29 09:00:00,RIG_001,9,29,4,76.4863463859,99.900381236,95.0,1.0377472821,55.8131967785,84.7728383465,92.2651214496,HIGH_PRODUCTION,0,0,188.2399258916
2024-03-29 10:00:00,RIG_001,10,29,4,81.5062284735,106.3539945947,95.0,1.0514142791,57.815029738,86.5754464851,101.3345746618,HIGH_PRODUCTION,0,0,188.2862436313
2024-03-29 11:00:00,RIG_001,11,29,4,84.661858275,112.1398381689,95.0,0.9848483987000001,60.3105131036,86.4406375163,99.8852161526,HIGH_PRODUCTION,0,0,188.332561371
2024-03-29 12:00:00,RIG_001,12,29,4,85.7381848343,104.5834527367,95.0,0.9689636145,53.3031632935,72.3193655093,104.0400190042,HIGH_PRODUCTION,0,0,188.3788791107
2024-03-29 13:00:00,RIG_001,13,29,4,84.661858275,114.9897463883,95.0,1.015606674,62.2520204153,89.2337591946,101.1193671913,HIGH_PRODUCTION,0,0,188.4251968504
2024-03-29 14:00:00,RIG_001,14,29,4,81.5062284735,109.8463623517,95.0,0.9107854757,52.4436762309,85.3381842729,95.5639792111,HIGH_PRODUCTION,0,0,188.4715145901
2024-03-29 15:00:00,RIG_001,15,29,4,76.4863463859,104.8474499763,95.0,1.0254120879,54.674329674,87.473460906,93.3109700778,HIGH_PRODUCTION,0,0,188.5178323298
2024-03-29 16:00:00,RIG_001,16,29,4,69.9443086806,96.9138099975,93.1655027449,0.971355803,53.310389153,82.7865367744,96.0070855919,HIGH_PRODUCTION,0,0,188.5641500695
2024-03-29 17:00:00,RIG_001,17,29,4,62.325944416,87.2080979883,83.5347925139,1.0045749193,52.965471227,80.897457429,86.6594702518,HIGH_PRODUCTION,0,0,188.6104678092
2024-03-29 18:00:00,RIG_001,18,29,4,54.1504325269,82.3057566515,76.415340661,0.8866239513,51.0138756952,77.327691546,84.244818264,HIGH_PRODUCTION,0,0,188.6567855489
2024-03-29 19:00:00,RIG_001,19,29,4,45.9749206378,73.7319569122,71.7516853654,0.8850521365,48.0993597466,76.1656666696,76.7250725685,HIGH_PRODUCTION,0,0,188.7031032886
2024-03-29 20:00:00,RIG_001,20,29,4,38.3565563732,61.3912660852,65.2479759608,0.8038452195,45.323821832,74.3997510478,73.6490414551,HIGH_PRODUCTION,0,0,188.7494210283
2024-03-29 21:00:00,RIG_001,21,29,4,36.1002883513,58.0441404144,56.115294286,0.8191008481000001,42.5549890565,68.0629063394,57.1407951188,HIGH_PRODUCTION,0,0,188.7957387679
2024-03-29 22:00:00,RIG_001,22,29,4,36.1002883513,61.4283784161,57.818645083,0.8205542615,42.3626298151,63.7118218926,65.7144382362,STANDBY,0,0,188.8420565076
2024-03-29 23:00:00,RIG_001,23,29,4,36.1002883513,68.6711453582,63.7278160771,0.9513656170000001,48.6208095842,69.6789609074,70.8907835374,STANDBY,0,0,188.8883742473
2024-03-30 00:00:00,RIG_001,0,30,5,36.8726740701,55.5150275097,53.3397069361,0.827370758,45.2661691025,67.8243450511,52.2850046018,STANDBY,0,0,188.934691987
2024-03-30 01:00:00,RIG_001,1,30,5,36.8726740701,54.3798842202,53.3154770276,0.8652724758,46.7639598054,66.5386280192,62.2833305513,STANDBY,0,0,188.9810097267
2024-03-30 02:00:00,RIG_001,2,30,5,36.8726740701,62.5482624161,59.7535570559,0.8647159269,44.0570314104,65.0247928263,65.0339325312,STANDBY,0,0,189.0273274664
2024-03-30 03:00:00,RIG_001,3,30,5,36.8726740701,61.9858443801,58.8034175702,0.8187788507,46.8820915156,63.7025504385,64.9795510818,STANDBY,0,0,189.0736452061
2024-03-30 04:00:00,RIG_001,4,30,5,39.1772161995,64.909603983,62.9975186974,0.8827936426,45.659987539,67.249393189,65.4028303601,STANDBY,0,0,189.1199629458
2024-03-30 05:00:00,RIG_001,5,30,5,46.9585795986,73.0509727108,73.1668870992,0.9457732075,50.6436931481,74.3385104812,81.992628138,STANDBY,0,0,189.1662806855
2024-03-30 06:00:00,RIG_001,6,30,5,55.3090111052,79.0725746156,74.8288052049,0.8736801479,51.8120692073,78.4627916971,76.2712482172,HIGH_PRODUCTION,0,0,189.2125984252
2024-03-30 07:00:00,RIG_001,7,30,5,63.6594426117,95.9952822493,86.4719774414,1.0254771509,54.4212393608,81.5482875161,93.9682534965,HIGH_PRODUCTION,0,0,189.2589161649
2024-03-30 08:00:00,RIG_001,8,30,5,71.4408060109,88.329756224,85.7378037753,0.9197241582000001,51.4033787427,79.6712087285,93.199626203,HIGH_PRODUCTION,0,0,189.3052339046
2024-03-30 09:00:00,RIG_001,9,30,5,78.1228142462,98.8807468888,95.0,0.9698992509000001,56.6420510794,79.4217773471,97.0774977155,HIGH_PRODUCTION,0,0,189.3515516443
2024-03-30 10:00:00,RIG_001,10,30,5,83.2500994991,107.6411911258,95.0,1.0470492071,58.204106828,77.0661099646,105.9501207983,HIGH_PRODUCTION,0,0,189.397869384
2024-03-30 11:00:00,RIG_001,11,30,5,86.4732457528,103.1716147854,95.0,0.9741197850000001,54.4240228922,79.585822693,100.6945854407,HIGH_PRODUCTION,0,0,189.4441871237
2024-03-30 12:00:00,RIG_001,12,30,5,87.5726009166,111.6145896437,95.0,1.0346845314,55.248050064,82.7080836575,101.9616778308,HIGH_PRODUCTION,0,0,189.4905048634
2024-03-30 13:00:00,RIG_001,13,30,5,86.4732457528,119.7088049917,95.0,1.0415391639,59.3501354466,84.421484037,95.418637614,HIGH_PRODUCTION,0,0,189.5368226031
2024-03-30 14:00:00,RIG_001,14,30,5,83.2500994991,108.2896880118,95.0,1.0296700257,60.1032496336,82.6509909997,106.353190009,HIGH_PRODUCTION,0,0,189.5831403428
2024-03-30 15:00:00,RIG_001,15,30,5,78.1228142462,104.218422507,95.0,0.8921361446,58.3475799442,82.5897860318,96.3263291793,HIGH_PRODUCTION,0,0,189.6294580824
2024-03-30 16:00:00,RIG_001,16,30,5,71.4408060109,90.0890335781,87.2348031987,0.8774861133,50.2976034552,79.5857556382,95.309462497,HIGH_PRODUCTION,0,0,189.6757758221
2024-03-30 17:00:00,RIG_001,17,30,5,63.6594426117,85.5336346256,85.4025821598,0.9862876284000001,49.0478938246,74.8257307946,87.418267006,HIGH_PRODUCTION,0,0,189.7220935618
2024-03-30 18:00:00,RIG_001,18,30,5,55.3090111052,78.3959759186,74.7825933533,0.9861206432,52.148361679,67.8075145586,77.9256269447,HIGH_PRODUCTION,0,0,189.7684113015
2024-03-30 19:00:00,RIG_001,19,30,5,46.9585795986,70.3398984908,72.3892047202,0.8647542765,45.3137028132,69.6533363894,79.7554668518,HIGH_PRODUCTION,0,0,189.8147290412
2024-03-30 20:00:00,RIG_001,20,30,5,39.1772161995,70.5622772115,68.6463536581,0.8989296011000001,48.6591599502,71.2998143544,76.7290117991,HIGH_PRODUCTION,0,0,189.8610467809
2024-03-30 21:00:00,RIG_001,21,30,5,36.8726740701,64.6449190716,62.4569920137,0.9083001779000001,44.9290873372,73.0618994879,63.6431392664,HIGH_PRODUCTION,0,0,189.9073645206
2024-03-30 22:00:00,RIG_001,22,30,5,36.8726740701,56.3061216443,56.8157224856,0.9033939741,47.3106202601,65.1884129667,65.0871389927,STANDBY,0,0,189.9536822603
2024-03-30 23:00:00,RIG_001,23,30,5,36.8726740701,63.1028829821,59.9197936473,0.7879247854,44.2348711472,70.4684957798,68.0547351327,STANDBY,0,0,190.0
